Id,IndicatorCode,SpatialDimension,SpatialDimensionValueCode,ParentLocationCode,ParentLocation,TimeDimension,TimeDim,DisaggregatingDimension1,DisaggregatingDimension1ValueCode,DisaggregatingDimension2,DisaggregatingDimension2ValueCode,DisaggregatingDimension3,DisaggregatingDimension3ValueCode,DataSourceDimension,DataSourceDimensionValueCode,Value,NumericValue,Low,High,Comments,Date,TimeDimensionValue,TimeDimensionBegin,TimeDimensionEnd,,
9418354,MALARIA_EST_MORTALITY,COUNTRY,ECU,AMR,Americas,YEAR,2010,,,,,,,,,0 [0-0],0,0,0,,2025-12-19T14:27:58Z,2010,01/01/2010,31/12/2010,,
9419800,MALARIA_EST_MORTALITY,COUNTRY,COD,AFR,Africa,YEAR,2015,,,,,,,,,74.59 [57.80-95.82],74.58826919,57.79794915,95.82386151,,2025-12-19T14:27:58Z,2015,01/01/2015,31/12/2015,,
9438674,MALARIA_EST_MORTALITY,COUNTRY,CPV,AFR,Africa,YEAR,2008,,,,,,,,,1.53 [1.53-1.53],1.534307107,1.534307107,1.534307107,,2025-12-19T14:27:58Z,2008,01/01/2008,31/12/2008,,
9442569,MALARIA_EST_MORTALITY,COUNTRY,CHN,WPR,Western Pacific,YEAR,2013,,,,,,,,,0 [0-0],0,0,0,,2025-12-19T14:27:58Z,2013,01/01/2013,31/12/2013,,
9456613,MALARIA_EST_MORTALITY,COUNTRY,COG,AFR,Africa,YEAR,2019,,,,,,,,,39.70 [34.52-48.48],39.70330415,34.52229002,48.48076108,,2025-12-19T14:27:58Z,2019,01/01/2019,31/12/2019,,
9461430,MALARIA_EST_MORTALITY,COUNTRY,MDG,AFR,Africa,YEAR,2005,,,,,,,,,8.55 [0.36-22.42],8.549191726,0.360130787,22.41788052,,2025-12-19T14:27:58Z,2005,01/01/2005,31/12/2005,,
9472906,MALARIA_EST_MORTALITY,COUNTRY,KGZ,EUR,Europe,YEAR,2013,,,,,,,,,0 [0-0],0,0,0,,2025-12-19T14:27:58Z,2013,01/01/2013,31/12/2013,,
9485898,MALARIA_EST_MORTALITY,COUNTRY,SSD,AFR,Africa,YEAR,2016,,,,,,,,,68.24 [44.22-104.44],68.24497128,44.21934346,104.4403829,,2025-12-19T14:27:58Z,2016,01/01/2016,31/12/2016,,
9488566,MALARIA_EST_MORTALITY,COUNTRY,NPL,SEAR,South-East Asia,YEAR,2004,,,,,,,,,0.09 [0.09-0.09],0.092646354,0.092646354,0.092646354,,2025-12-19T14:27:58Z,2004,01/01/2004,31/12/2004,,
9492321,MALARIA_EST_MORTALITY,COUNTRY,TCD,AFR,Africa,YEAR,2022,,,,,,,,,75.58 [57.66-102.70],75.58114786,57.66103082,102.6997744,,2025-12-19T14:27:58Z,2022,01/01/2022,31/12/2022,,
9501800,MALARIA_EST_MORTALITY,COUNTRY,THA,SEAR,South-East Asia,YEAR,2007,,,,,,,,,0.76 [0.76-0.76],0.761779108,0.761779108,0.761779108,,2025-12-19T14:27:58Z,2007,01/01/2007,31/12/2007,,
9511237,MALARIA_EST_MORTALITY,COUNTRY,VNM,WPR,Western Pacific,YEAR,2016,,,,,,,,,0.01 [0-0.02],0.010104356,0.004330438,0.017321753,,2025-12-19T14:27:58Z,2016,01/01/2016,31/12/2016,,
9517128,MALARIA_EST_MORTALITY,COUNTRY,KEN,AFR,Africa,YEAR,2012,,,,,,,,,23.25 [22.70-23.83],23.24765211,22.70308788,23.83322955,,2025-12-19T14:27:58Z,2012,01/01/2012,31/12/2012,,
9537337,MALARIA_EST_MORTALITY,COUNTRY,MRT,AFR,Africa,YEAR,2000,,,,,,,,,26.52 [25.45-27.78],26.51676468,25.44538025,27.77946776,,2025-12-19T14:27:58Z,2000,01/01/2000,31/12/2000,,
9552271,MALARIA_EST_MORTALITY,COUNTRY,MDG,AFR,Africa,YEAR,2014,,,,,,,,,12.31 [5.14-21.99],12.30801635,5.136416271,21.99149358,,2025-12-19T14:27:58Z,2014,01/01/2014,31/12/2014,,
9569019,MALARIA_EST_MORTALITY,COUNTRY,SOM,EMR,Eastern Mediterranean,YEAR,2004,,,,,,,,,30.90 [13.20-55.26],30.90166927,13.19862138,55.25776778,,2025-12-19T14:27:58Z,2004,01/01/2004,31/12/2004,,
9571237,MALARIA_EST_MORTALITY,COUNTRY,LKA,SEAR,South-East Asia,YEAR,2007,,,,,,,,,0.02 [0.02-0.02],0.021216625,0.021216625,0.021216625,,2025-12-19T14:27:58Z,2007,01/01/2007,31/12/2007,,
9582115,MALARIA_EST_MORTALITY,COUNTRY,BOL,AMR,Americas,YEAR,2012,,,,,,,,,0.08 [0.02-0.15],0.083845033,0.020961258,0.146728807,,2025-12-19T14:27:58Z,2012,01/01/2012,31/12/2012,,
9583038,MALARIA_EST_MORTALITY,COUNTRY,TUR,EUR,Europe,YEAR,2008,,,,,,,,,0 [0-0],0,0,0,,2025-12-19T14:27:58Z,2008,01/01/2008,31/12/2008,,
9586803,MALARIA_EST_MORTALITY,COUNTRY,CHN,WPR,Western Pacific,YEAR,2010,,,,,,,,,0 [0-0],0.003361344,0.003361344,0.003361344,,2025-12-19T14:27:58Z,2010,01/01/2010,31/12/2010,,
9587410,MALARIA_EST_MORTALITY,COUNTRY,MWI,AFR,Africa,YEAR,2019,,,,,,,,,36.22 [32.26-41.83],36.22458655,32.26153689,41.82751883,,2025-12-19T14:27:58Z,2019,01/01/2019,31/12/2019,,
9596992,MALARIA_EST_MORTALITY,COUNTRY,MEX,AMR,Americas,YEAR,2017,,,,,,,,,0 [0-0],0,0,0,,2025-12-19T14:27:58Z,2017,01/01/2017,31/12/2017,,
9601564,MALARIA_EST_MORTALITY,COUNTRY,GMB,AFR,Africa,YEAR,2009,,,,,,,,,27.89 [26.88-29.02],27.89322772,26.87795698,29.01536906,,2025-12-19T14:27:58Z,2009,01/01/2009,31/12/2009,,
9602887,MALARIA_EST_MORTALITY,COUNTRY,NPL,SEAR,South-East Asia,YEAR,2019,,,,,,,,,0 [0-0],0,0,0,,2025-12-19T14:27:58Z,2019,01/01/2019,31/12/2019,,
9607334,MALARIA_EST_MORTALITY,COUNTRY,PHL,WPR,Western Pacific,YEAR,2003,,,,,,,,,0.52 [0.23-0.90],0.522599915,0.22571436,0.898790515,,2025-12-19T14:27:58Z,2003,01/01/2003,31/12/2003,,
9608055,MALARIA_EST_MORTALITY,COUNTRY,MYS,WPR,Western Pacific,YEAR,2008,,,,,,,,,1.81 [1.81-1.81],1.813562181,1.813562181,1.813562181,,2025-12-19T14:27:58Z,2008,01/01/2008,31/12/2008,,
9609149,MALARIA_EST_MORTALITY,COUNTRY,SLE,AFR,Africa,YEAR,2000,,,,,,,,,312.57 [293.49-332.19],312.5726923,293.4926918,332.1946708,,2025-12-19T14:27:58Z,2000,01/01/2000,31/12/2000,,
9627467,MALARIA_EST_MORTALITY,COUNTRY,MMR,SEAR,South-East Asia,YEAR,2009,,,,,,,,,7.13 [3.18-12.94],7.132855207,3.184251392,12.93543528,,2025-12-19T14:27:58Z,2009,01/01/2009,31/12/2009,,
9631035,MALARIA_EST_MORTALITY,COUNTRY,TKM,EUR,Europe,YEAR,2005,,,,,,,,,0 [0-0],0,0,0,,2025-12-19T14:27:58Z,2005,01/01/2005,31/12/2005,,
9632720,MALARIA_EST_MORTALITY,COUNTRY,KOR,WPR,Western Pacific,YEAR,2015,,,,,,,,,0 [0-0],0,0,0,,2025-12-19T14:27:58Z,2015,01/01/2015,31/12/2015,,
9645044,MALARIA_EST_MORTALITY,COUNTRY,TJK,EUR,Europe,YEAR,2000,,,,,,,,,0 [0-0],0,0,0,,2025-12-19T14:27:58Z,2000,01/01/2000,31/12/2000,,
9652781,MALARIA_EST_MORTALITY,COUNTRY,NGA,AFR,Africa,YEAR,2020,,,,,,,,,93.58 [71.90-125.65],93.57970739,71.89690222,125.6541349,,2025-12-19T14:27:58Z,2020,01/01/2020,31/12/2020,,
9656843,MALARIA_EST_MORTALITY,COUNTRY,ZWE,AFR,Africa,YEAR,2001,,,,,,,,,26.25 [4.75-76.46],26.2543813,4.752043015,76.46363137,,2025-12-19T14:27:58Z,2001,01/01/2001,31/12/2001,,
9659175,MALARIA_EST_MORTALITY,COUNTRY,RWA,AFR,Africa,YEAR,2017,,,,,,,,,25.46 [24.29-27.06],25.46291364,24.29098038,27.06100445,,2025-12-19T14:27:58Z,2017,01/01/2017,31/12/2017,,
9678557,MALARIA_EST_MORTALITY,COUNTRY,MRT,AFR,Africa,YEAR,2012,,,,,,,,,18.49 [17.96-19.09],18.48559588,17.9605939,19.0934929,,2025-12-19T14:27:58Z,2012,01/01/2012,31/12/2012,,
9696399,MALARIA_EST_MORTALITY,COUNTRY,MDG,AFR,Africa,YEAR,2022,,,,,,,,,29.97 [11.53-55.87],29.96656072,11.53175417,55.87230914,,2025-12-19T14:27:58Z,2022,01/01/2022,31/12/2022,,
9697923,MALARIA_EST_MORTALITY,COUNTRY,GUY,AMR,Americas,YEAR,2015,,,,,,,,,2.90 [1.32-4.88],2.899387307,1.317903321,4.876242289,,2025-12-19T14:27:58Z,2015,01/01/2015,31/12/2015,,
9702624,MALARIA_EST_MORTALITY,COUNTRY,MEX,AMR,Americas,YEAR,2003,,,,,,,,,0 [0-0],0,0,0,,2025-12-19T14:27:58Z,2003,01/01/2003,31/12/2003,,
9710312,MALARIA_EST_MORTALITY,COUNTRY,PAK,EMR,Eastern Mediterranean,YEAR,2017,,,,,,,,,0.29 [0.14-0.53],0.292023517,0.143039132,0.525289259,,2025-12-19T14:27:58Z,2017,01/01/2017,31/12/2017,,
9713206,MALARIA_EST_MORTALITY,COUNTRY,ETH,AFR,Africa,YEAR,2014,,,,,,,,,32.39 [7.06-79.43],32.39303224,7.064896625,79.42524845,,2025-12-19T14:27:58Z,2014,01/01/2014,31/12/2014,,
9713387,MALARIA_EST_MORTALITY,COUNTRY,COM,AFR,Africa,YEAR,2016,,,,,,,,,0.40 [0.13-0.67],0.404453846,0.134817949,0.674089743,,2025-12-19T14:27:58Z,2016,01/01/2016,31/12/2016,,
9721744,MALARIA_EST_MORTALITY,COUNTRY,GUF,AMR,Americas,YEAR,2016,,,,,,,,,0 [0-0],0,0,0,,2025-12-19T14:27:58Z,2016,01/01/2016,31/12/2016,,
9722352,MALARIA_EST_MORTALITY,GLOBAL,GLOBAL,,,YEAR,2019,,,,,,,,,13.73 [12.76-15.71],13.73279297,12.75816613,15.70538172,,2025-12-19T14:27:58Z,2019,01/01/2019,31/12/2019,,
9745191,MALARIA_EST_MORTALITY,COUNTRY,BGD,SEAR,South-East Asia,YEAR,2021,,,,,,,,,0.09 [0.04-0.15],0.088551223,0.044275612,0.149430189,,2025-12-19T14:27:58Z,2021,01/01/2021,31/12/2021,,
9746397,MALARIA_EST_MORTALITY,COUNTRY,BFA,AFR,Africa,YEAR,2007,,,,,,,,,225.06 [208.43-243.31],225.056097,208.4254334,243.30626,,2025-12-19T14:27:58Z,2007,01/01/2007,31/12/2007,,
9746400,MALARIA_EST_MORTALITY,GLOBAL,GLOBAL,,,YEAR,2000,,,,,,,,,28.62 [27.60-29.95],28.62332602,27.60334845,29.94885484,,2025-12-19T14:27:58Z,2000,01/01/2000,31/12/2000,,
9748515,MALARIA_EST_MORTALITY,COUNTRY,HND,AMR,Americas,YEAR,2008,,,,,,,,,0.08 [0.03-0.14],0.082669668,0.027556556,0.13778278,,2025-12-19T14:27:58Z,2008,01/01/2008,31/12/2008,,
9765720,MALARIA_EST_MORTALITY,COUNTRY,COG,AFR,Africa,YEAR,2023,,,,,,,,,36.29 [31.83-45.56],36.29373666,31.82939679,45.56125498,,2025-12-19T14:27:58Z,2023,01/01/2023,31/12/2023,,
9773630,MALARIA_EST_MORTALITY,COUNTRY,PRY,AMR,Americas,YEAR,2021,,,,,,,,,0 [0-0],0,0,0,,2025-12-19T14:27:58Z,2021,01/01/2021,31/12/2021,,
9784185,MALARIA_EST_MORTALITY,COUNTRY,HND,AMR,Americas,YEAR,2004,,,,,,,,,0.18 [0.06-0.30],0.181503878,0.060501293,0.302506463,,2025-12-19T14:27:58Z,2004,01/01/2004,31/12/2004,,
9784943,MALARIA_EST_MORTALITY,GLOBAL,GLOBAL,,,YEAR,2017,,,,,,,,,14.31 [13.45-15.89],14.31461991,13.45182677,15.8870274,,2025-12-19T14:27:58Z,2017,01/01/2017,31/12/2017,,
9789675,MALARIA_EST_MORTALITY,GLOBAL,GLOBAL,,,YEAR,2004,,,,,,,,,24.86 [23.76-26.63],24.85978094,23.75868963,26.63414565,,2025-12-19T14:27:58Z,2004,01/01/2004,31/12/2004,,
9797169,MALARIA_EST_MORTALITY,COUNTRY,KGZ,EUR,Europe,YEAR,2015,,,,,,,,,0 [0-0],0,0,0,,2025-12-19T14:27:58Z,2015,01/01/2015,31/12/2015,,
9801862,MALARIA_EST_MORTALITY,COUNTRY,COL,AMR,Americas,YEAR,2016,,,,,,,,,0.34 [0.34-0.34],0.342785648,0.342785648,0.342785648,,2025-12-19T14:27:58Z,2016,01/01/2016,31/12/2016,,
9803395,MALARIA_EST_MORTALITY,COUNTRY,TCD,AFR,Africa,YEAR,2021,,,,,,,,,78.27 [60.71-103.35],78.26778494,60.70984985,103.3459719,,2025-12-19T14:27:58Z,2021,01/01/2021,31/12/2021,,
9824655,MALARIA_EST_MORTALITY,COUNTRY,CIV,AFR,Africa,YEAR,2011,,,,,,,,,115.29 [106.89-124.43],115.2902322,106.8922464,124.4278185,,2025-12-19T14:27:58Z,2011,01/01/2011,31/12/2011,,
9844309,MALARIA_EST_MORTALITY,COUNTRY,THA,SEAR,South-East Asia,YEAR,2012,,,,,,,,,0.28 [0.28-0.28],0.280809487,0.280809487,0.280809487,,2025-12-19T14:27:58Z,2012,01/01/2012,31/12/2012,,
9846461,MALARIA_EST_MORTALITY,COUNTRY,VUT,WPR,Western Pacific,YEAR,2007,,,,,,,,,16.27 [6.33-74.13],16.26927457,6.326940111,74.12688226,,2025-12-19T14:27:58Z,2007,01/01/2007,31/12/2007,,
9863258,MALARIA_EST_MORTALITY,COUNTRY,DOM,AMR,Americas,YEAR,2012,,,,,,,,,0.14 [0.14-0.14],0.144222544,0.144222544,0.144222544,,2025-12-19T14:27:58Z,2012,01/01/2012,31/12/2012,,
9863496,MALARIA_EST_MORTALITY,COUNTRY,VUT,WPR,Western Pacific,YEAR,2003,,,,,,,,,33.87 [14.45-62.27],33.87365128,14.44611599,62.26774132,,2025-12-19T14:27:58Z,2003,01/01/2003,31/12/2003,,
9868952,MALARIA_EST_MORTALITY,COUNTRY,GHA,AFR,Africa,YEAR,2024,,,,,,,,,33.80 [31.84-36.62],33.79574294,31.83800072,36.61624241,,2025-12-19T14:27:58Z,2024,01/01/2024,31/12/2024,,
9869896,MALARIA_EST_MORTALITY,COUNTRY,SDN,EMR,Eastern Mediterranean,YEAR,2012,,,,,,,,,8.27 [3.60-13.97],8.273935683,3.602005765,13.97238883,,2025-12-19T14:27:58Z,2012,01/01/2012,31/12/2012,,
9870630,MALARIA_EST_MORTALITY,COUNTRY,GUF,AMR,Americas,YEAR,2012,,,,,,,,,1.47 [1.47-1.47],1.47080453,1.47080453,1.47080453,,2025-12-19T14:27:58Z,2012,01/01/2012,31/12/2012,,
9882767,MALARIA_EST_MORTALITY,COUNTRY,TKM,EUR,Europe,YEAR,2017,,,,,,,,,0 [0-0],0,0,0,,2025-12-19T14:27:58Z,2017,01/01/2017,31/12/2017,,
9896674,MALARIA_EST_MORTALITY,COUNTRY,SSD,AFR,Africa,YEAR,2011,,,,,,,,,66.46 [51.43-85.13],66.45536123,51.42830427,85.12764591,,2025-12-19T14:27:58Z,2011,01/01/2011,31/12/2011,,
9907671,MALARIA_EST_MORTALITY,COUNTRY,TGO,AFR,Africa,YEAR,2005,,,,,,,,,116.76 [109.59-124.40],116.7567294,109.5877567,124.4047742,,2025-12-19T14:27:58Z,2005,01/01/2005,31/12/2005,,
9925633,MALARIA_EST_MORTALITY,COUNTRY,PER,AMR,Americas,YEAR,2021,,,,,,,,,0.13 [0.07-0.22],0.130545255,0.069112194,0.222694847,,2025-12-19T14:27:58Z,2021,01/01/2021,31/12/2021,,
9925714,MALARIA_EST_MORTALITY,COUNTRY,SLB,WPR,Western Pacific,YEAR,2015,,,,,,,,,9.00 [4.42-14.38],9.004454836,4.423240972,14.37553316,,2025-12-19T14:27:58Z,2015,01/01/2015,31/12/2015,,
9928444,MALARIA_EST_MORTALITY,COUNTRY,BDI,AFR,Africa,YEAR,2009,,,,,,,,,52.25 [48.97-55.93],52.24838491,48.97378025,55.92533007,,2025-12-19T14:27:58Z,2009,01/01/2009,31/12/2009,,
9934386,MALARIA_EST_MORTALITY,COUNTRY,IRN,EMR,Eastern Mediterranean,YEAR,2007,,,,,,,,,0.39 [0.39-0.39],0.393859468,0.393859468,0.393859468,,2025-12-19T14:27:58Z,2007,01/01/2007,31/12/2007,,
9952466,MALARIA_EST_MORTALITY,COUNTRY,GTM,AMR,Americas,YEAR,2015,,,,,,,,,0.02 [0-0.03],0.01658734,0,0.033174681,,2025-12-19T14:27:58Z,2015,01/01/2015,31/12/2015,,
9954264,MALARIA_EST_MORTALITY,COUNTRY,TGO,AFR,Africa,YEAR,2021,,,,,,,,,39.94 [33.62-48.42],39.93972773,33.621006,48.42128821,,2025-12-19T14:27:58Z,2021,01/01/2021,31/12/2021,,
9959079,MALARIA_EST_MORTALITY,COUNTRY,GMB,AFR,Africa,YEAR,2008,,,,,,,,,28.22 [27.23-29.38],28.22011913,27.22993951,29.37532868,,2025-12-19T14:27:58Z,2008,01/01/2008,31/12/2008,,
9959553,MALARIA_EST_MORTALITY,COUNTRY,SDN,EMR,Eastern Mediterranean,YEAR,2004,,,,,,,,,13.89 [5.85-25.08],13.89223559,5.851429266,25.08186683,,2025-12-19T14:27:58Z,2004,01/01/2004,31/12/2004,,
9964381,MALARIA_EST_MORTALITY,COUNTRY,AFG,EMR,Eastern Mediterranean,YEAR,2018,,,,,,,,,1.03 [0.44-1.74],1.029310353,0.444154467,1.741367514,,2025-12-19T14:27:58Z,2018,01/01/2018,31/12/2018,,
9966714,MALARIA_EST_MORTALITY,COUNTRY,CIV,AFR,Africa,YEAR,2021,,,,,,,,,37.95 [32.62-44.30],37.94905596,32.6183742,44.30201403,,2025-12-19T14:27:58Z,2021,01/01/2021,31/12/2021,,
9969630,MALARIA_EST_MORTALITY,COUNTRY,MDG,AFR,Africa,YEAR,2000,,,,,,,,,13.56 [0.84-34.63],13.55627379,0.841590914,34.62753063,,2025-12-19T14:27:58Z,2000,01/01/2000,31/12/2000,,
9973065,MALARIA_EST_MORTALITY,COUNTRY,MMR,SEAR,South-East Asia,YEAR,2006,,,,,,,,,4.90 [2.09-9.25],4.902391606,2.092103424,9.245127531,,2025-12-19T14:27:58Z,2006,01/01/2006,31/12/2006,,
9995474,MALARIA_EST_MORTALITY,COUNTRY,SLV,AMR,Americas,YEAR,2009,,,,,,,,,0 [0-0],0,0,0,,2025-12-19T14:27:58Z,2009,01/01/2009,31/12/2009,,
9995693,MALARIA_EST_MORTALITY,REGION,AMR,,,YEAR,2014,,,,,,,,,0.25 [0.18-0.32],0.245154849,0.182457201,0.317715049,,2025-12-19T14:27:58Z,2014,01/01/2014,31/12/2014,,
9996941,MALARIA_EST_MORTALITY,COUNTRY,BFA,AFR,Africa,YEAR,2010,,,,,,,,,234.56 [213.05-257.74],234.5625116,213.0496663,257.7442905,,2025-12-19T14:27:58Z,2010,01/01/2010,31/12/2010,,
10002395,MALARIA_EST_MORTALITY,COUNTRY,DOM,AMR,Americas,YEAR,2004,,,,,,,,,0.32 [0.32-0.32],0.319032947,0.319032947,0.319032947,,2025-12-19T14:27:58Z,2004,01/01/2004,31/12/2004,,
10012987,MALARIA_EST_MORTALITY,COUNTRY,BLZ,AMR,Americas,YEAR,2004,,,,,,,,,0.53 [0.53-0.53],0.533432907,0.533432907,0.533432907,,2025-12-19T14:27:58Z,2004,01/01/2004,31/12/2004,,
10018814,MALARIA_EST_MORTALITY,COUNTRY,TKM,EUR,Europe,YEAR,2007,,,,,,,,,0 [0-0],0,0,0,,2025-12-19T14:27:58Z,2007,01/01/2007,31/12/2007,,
10025150,MALARIA_EST_MORTALITY,COUNTRY,SYR,EMR,Eastern Mediterranean,YEAR,2021,,,,,,,,,0 [0-0],0,0,0,,2025-12-19T14:27:58Z,2021,01/01/2021,31/12/2021,,
10025184,MALARIA_EST_MORTALITY,COUNTRY,UGA,AFR,Africa,YEAR,2001,,,,,,,,,187.27 [177.55-197.61],187.2690884,177.5542595,197.6066525,,2025-12-19T14:27:58Z,2001,01/01/2001,31/12/2001,,
10044283,MALARIA_EST_MORTALITY,COUNTRY,PRY,AMR,Americas,YEAR,2006,,,,,,,,,0 [0-0],0,0,0,,2025-12-19T14:27:58Z,2006,01/01/2006,31/12/2006,,
10046778,MALARIA_EST_MORTALITY,COUNTRY,TUR,EUR,Europe,YEAR,2016,,,,,,,,,0 [0-0],0,0,0,,2025-12-19T14:27:58Z,2016,01/01/2016,31/12/2016,,
10050133,MALARIA_EST_MORTALITY,COUNTRY,STP,AFR,Africa,YEAR,2002,,,,,,,,,214.11 [214.11-214.11],214.1127661,214.1127661,214.1127661,,2025-12-19T14:27:58Z,2002,01/01/2002,31/12/2002,,
10051516,MALARIA_EST_MORTALITY,COUNTRY,MYT,AFR,Africa,YEAR,2023,,,,,,,,,0 [0-0],0,0,0,,2025-12-19T14:27:58Z,2023,01/01/2023,31/12/2023,,
10066223,MALARIA_EST_MORTALITY,COUNTRY,BDI,AFR,Africa,YEAR,2017,,,,,,,,,51.37 [44.01-62.01],51.36979456,44.00890537,62.00701813,,2025-12-19T14:27:58Z,2017,01/01/2017,31/12/2017,,
10072008,MALARIA_EST_MORTALITY,COUNTRY,LBR,AFR,Africa,YEAR,2022,,,,,,,,,71.58 [54.44-100.05],71.57620633,54.43588235,100.0503602,,2025-12-19T14:27:58Z,2022,01/01/2022,31/12/2022,,
10082065,MALARIA_EST_MORTALITY,COUNTRY,AZE,EUR,Europe,YEAR,2021,,,,,,,,,0 [0-0],0,0,0,,2025-12-19T14:27:58Z,2021,01/01/2021,31/12/2021,,
10083306,MALARIA_EST_MORTALITY,COUNTRY,LKA,SEAR,South-East Asia,YEAR,2000,,,,,,,,,1.74 [1.74-1.74],1.73524959,1.73524959,1.73524959,,2025-12-19T14:27:58Z,2000,01/01/2000,31/12/2000,,
10083936,MALARIA_EST_MORTALITY,COUNTRY,GUY,AMR,Americas,YEAR,2013,,,,,,,,,12.00 [5.60-21.20],11.99966401,5.599843204,21.19940642,,2025-12-19T14:27:58Z,2013,01/01/2013,31/12/2013,,
10088824,MALARIA_EST_MORTALITY,COUNTRY,SLV,AMR,Americas,YEAR,2006,,,,,,,,,0 [0-0],0,0,0,,2025-12-19T14:27:58Z,2006,01/01/2006,31/12/2006,,
10090959,MALARIA_EST_MORTALITY,COUNTRY,PHL,WPR,Western Pacific,YEAR,2022,,,,,,,,,0.03 [0.01-0.05],0.025701755,0.010583075,0.046867906,,2025-12-19T14:27:58Z,2022,01/01/2022,31/12/2022,,
10100898,MALARIA_EST_MORTALITY,COUNTRY,ZWE,AFR,Africa,YEAR,2005,,,,,,,,,26.26 [4.86-74.98],26.25691635,4.8627687,74.9774334,,2025-12-19T14:27:58Z,2005,01/01/2005,31/12/2005,,
10101305,MALARIA_EST_MORTALITY,COUNTRY,ARM,EUR,Europe,YEAR,2011,,,,,,,,,0 [0-0],0,0,0,,2025-12-19T14:27:58Z,2011,01/01/2011,31/12/2011,,
10102614,MALARIA_EST_MORTALITY,COUNTRY,COD,AFR,Africa,YEAR,2003,,,,,,,,,186.92 [170.19-205.55],186.9168268,170.1922545,205.5496502,,2025-12-19T14:27:58Z,2003,01/01/2003,31/12/2003,,
10103578,MALARIA_EST_MORTALITY,COUNTRY,BTN,SEAR,South-East Asia,YEAR,2013,,,,,,,,,0 [0-0],0,0,0,,2025-12-19T14:27:58Z,2013,01/01/2013,31/12/2013,,
10104325,MALARIA_EST_MORTALITY,COUNTRY,COD,AFR,Africa,YEAR,2020,,,,,,,,,78.16 [52.26-119.40],78.15918488,52.25646009,119.3957989,,2025-12-19T14:27:58Z,2020,01/01/2020,31/12/2020,,
10104608,MALARIA_EST_MORTALITY,COUNTRY,GIN,AFR,Africa,YEAR,2001,,,,,,,,,143.69 [135.62-152.46],143.6891976,135.6212441,152.4597305,,2025-12-19T14:27:58Z,2001,01/01/2001,31/12/2001,,
10127779,MALARIA_EST_MORTALITY,COUNTRY,ARM,EUR,Europe,YEAR,2019,,,,,,,,,0 [0-0],0,0,0,,2025-12-19T14:27:58Z,2019,01/01/2019,31/12/2019,,
10129797,MALARIA_EST_MORTALITY,COUNTRY,PHL,WPR,Western Pacific,YEAR,2017,,,,,,,,,0.06 [0.02-0.11],0.057369428,0.023903928,0.105177285,,2025-12-19T14:27:58Z,2017,01/01/2017,31/12/2017,,
10141233,MALARIA_EST_MORTALITY,COUNTRY,SWZ,AFR,Africa,YEAR,2007,,,,,,,,,5.57 [5.57-5.57],5.566524884,5.566524884,5.566524884,,2025-12-19T14:27:58Z,2007,01/01/2007,31/12/2007,,
10166341,MALARIA_EST_MORTALITY,COUNTRY,GHA,AFR,Africa,YEAR,2023,,,,,,,,,33.93 [31.94-36.80],33.92929199,31.94041514,36.80310066,,2025-12-19T14:27:58Z,2023,01/01/2023,31/12/2023,,
10171589,MALARIA_EST_MORTALITY,COUNTRY,COG,AFR,Africa,YEAR,2002,,,,,,,,,70.85 [66.73-75.56],70.84938686,66.7309305,75.56472094,,2025-12-19T14:27:58Z,2002,01/01/2002,31/12/2002,,
10178378,MALARIA_EST_MORTALITY,COUNTRY,BEN,AFR,Africa,YEAR,2011,,,,,,,,,84.32 [78.54-90.66],84.32056557,78.5446415,90.66120262,,2025-12-19T14:27:58Z,2011,01/01/2011,31/12/2011,,
10186655,MALARIA_EST_MORTALITY,COUNTRY,UZB,EUR,Europe,YEAR,2009,,,,,,,,,0 [0-0],0,0,0,,2025-12-19T14:27:58Z,2009,01/01/2009,31/12/2009,,
10187257,MALARIA_EST_MORTALITY,COUNTRY,SUR,AMR,Americas,YEAR,2021,,,,,,,,,0 [0-0],0,0,0,,2025-12-19T14:27:58Z,2021,01/01/2021,31/12/2021,,
10190214,MALARIA_EST_MORTALITY,COUNTRY,SLE,AFR,Africa,YEAR,2009,,,,,,,,,240.14 [224.19-256.67],240.1395326,224.1874773,256.6695609,,2025-12-19T14:27:58Z,2009,01/01/2009,31/12/2009,,
10191428,MALARIA_EST_MORTALITY,COUNTRY,NGA,AFR,Africa,YEAR,2003,,,,,,,,,149.98 [141.11-159.12],149.9774305,141.1101086,159.1223162,,2025-12-19T14:27:58Z,2003,01/01/2003,31/12/2003,,
10210662,MALARIA_EST_MORTALITY,COUNTRY,SWZ,AFR,Africa,YEAR,2009,,,,,,,,,4.20 [4.20-4.20],4.201110386,4.201110386,4.201110386,,2025-12-19T14:27:58Z,2009,01/01/2009,31/12/2009,,
10211201,MALARIA_EST_MORTALITY,COUNTRY,TLS,SEAR,South-East Asia,YEAR,2017,,,,,,,,,0 [0-0],0,0,0,,2025-12-19T14:27:58Z,2017,01/01/2017,31/12/2017,,
10212357,MALARIA_EST_MORTALITY,COUNTRY,HND,AMR,Americas,YEAR,2021,,,,,,,,,0 [0-0],0,0,0,,2025-12-19T14:27:58Z,2021,01/01/2021,31/12/2021,,
10215644,MALARIA_EST_MORTALITY,COUNTRY,GEO,EUR,Europe,YEAR,2024,,,,,,,,,0 [0-0],0,0,0,,2025-12-19T14:27:58Z,2024,01/01/2024,31/12/2024,,
10219203,MALARIA_EST_MORTALITY,COUNTRY,MYS,WPR,Western Pacific,YEAR,2004,,,,,,,,,3.46 [3.46-3.46],3.464420402,3.464420402,3.464420402,,2025-12-19T14:27:58Z,2004,01/01/2004,31/12/2004,,
10220162,MALARIA_EST_MORTALITY,COUNTRY,LAO,WPR,Western Pacific,YEAR,2002,,,,,,,,,6.68 [6.68-6.68],6.67911837,6.67911837,6.67911837,,2025-12-19T14:27:58Z,2002,01/01/2002,31/12/2002,,
10227083,MALARIA_EST_MORTALITY,COUNTRY,EGY,EMR,Eastern Mediterranean,YEAR,2013,,,,,,,,,0 [0-0],0,0,0,,2025-12-19T14:27:58Z,2013,01/01/2013,31/12/2013,,
21760,MALARIA_EST_MORTALITY,COUNTRY,ECU,AMR,Americas,YEAR,2003,,,,,,,,,0.61 [0.61-0.61],0.607013513,0.607013513,0.607013513,,2025-12-19T14:27:58Z,2003,01/01/2003,31/12/2003,,
28436,MALARIA_EST_MORTALITY,COUNTRY,CIV,AFR,Africa,YEAR,2000,,,,,,,,,169.66 [159.06-181.37],169.6592644,159.0597979,181.3717879,,2025-12-19T14:27:58Z,2000,01/01/2000,31/12/2000,,
34830,MALARIA_EST_MORTALITY,COUNTRY,AZE,EUR,Europe,YEAR,2023,,,,,,,,,0 [0-0],0,0,0,,2025-12-19T14:27:58Z,2023,01/01/2023,31/12/2023,,
40235,MALARIA_EST_MORTALITY,COUNTRY,SWZ,AFR,Africa,YEAR,2008,,,,,,,,,3.25 [3.25-3.25],3.252402713,3.252402713,3.252402713,,2025-12-19T14:27:58Z,2008,01/01/2008,31/12/2008,,
46185,MALARIA_EST_MORTALITY,COUNTRY,ARG,AMR,Americas,YEAR,2013,,,,,,,,,0 [0-0],0,0,0,,2025-12-19T14:27:58Z,2013,01/01/2013,31/12/2013,,
51704,MALARIA_EST_MORTALITY,COUNTRY,DZA,AFR,Africa,YEAR,2013,,,,,,,,,0 [0-0],0,0,0,,2025-12-19T14:27:58Z,2013,01/01/2013,31/12/2013,,
58470,MALARIA_EST_MORTALITY,COUNTRY,GNB,AFR,Africa,YEAR,2004,,,,,,,,,64.24 [60.39-68.76],64.24306553,60.38996356,68.76305053,,2025-12-19T14:27:58Z,2004,01/01/2004,31/12/2004,,
59317,MALARIA_EST_MORTALITY,COUNTRY,SOM,EMR,Eastern Mediterranean,YEAR,2008,,,,,,,,,15.36 [6.57-26.67],15.36471829,6.567731142,26.67433416,,2025-12-19T14:27:58Z,2008,01/01/2008,31/12/2008,,
60165,MALARIA_EST_MORTALITY,COUNTRY,DZA,AFR,Africa,YEAR,2007,,,,,,,,,0 [0-0],0,0,0,,2025-12-19T14:27:58Z,2007,01/01/2007,31/12/2007,,
80150,MALARIA_EST_MORTALITY,COUNTRY,SLE,AFR,Africa,YEAR,2005,,,,,,,,,203.06 [190.58-216.06],203.0640644,190.5770422,216.0600191,,2025-12-19T14:27:58Z,2005,01/01/2005,31/12/2005,,
104733,MALARIA_EST_MORTALITY,COUNTRY,GNB,AFR,Africa,YEAR,2014,,,,,,,,,48.88 [43.31-55.77],48.87652904,43.30540881,55.76863655,,2025-12-19T14:27:58Z,2014,01/01/2014,31/12/2014,,
111233,MALARIA_EST_MORTALITY,REGION,WPR,,,YEAR,2003,,,,,,,,,0.75 [0.47-1.16],0.749884922,0.466338515,1.159310837,,2025-12-19T14:27:58Z,2003,01/01/2003,31/12/2003,,
111686,MALARIA_EST_MORTALITY,COUNTRY,COM,AFR,Africa,YEAR,2002,,,,,,,,,15.92 [5.55-32.03],15.92348141,5.546381165,32.02587834,,2025-12-19T14:27:58Z,2002,01/01/2002,31/12/2002,,
112217,MALARIA_EST_MORTALITY,COUNTRY,ZAF,AFR,Africa,YEAR,2023,,,,,,,,,1.01 [1.01-1.01],1.012459901,1.012459901,1.012459901,,2025-12-19T14:27:58Z,2023,01/01/2023,31/12/2023,,
117030,MALARIA_EST_MORTALITY,COUNTRY,COD,AFR,Africa,YEAR,2007,,,,,,,,,182.65 [161.82-205.42],182.6458161,161.8174418,205.4158015,,2025-12-19T14:27:58Z,2007,01/01/2007,31/12/2007,,
128599,MALARIA_EST_MORTALITY,COUNTRY,NAM,AFR,Africa,YEAR,2019,,,,,,,,,0.29 [0.29-0.29],0.285194146,0.285194146,0.285194146,,2025-12-19T14:27:58Z,2019,01/01/2019,31/12/2019,,
148633,MALARIA_EST_MORTALITY,COUNTRY,VEN,AMR,Americas,YEAR,2014,,,,,,,,,0.73 [0.38-1.11],0.727174697,0.376808707,1.110594083,,2025-12-19T14:27:58Z,2014,01/01/2014,31/12/2014,,
162514,MALARIA_EST_MORTALITY,COUNTRY,KEN,AFR,Africa,YEAR,2003,,,,,,,,,37.66 [36.25-39.14],37.65575903,36.25317709,39.1385734,,2025-12-19T14:27:58Z,2003,01/01/2003,31/12/2003,,
179301,MALARIA_EST_MORTALITY,COUNTRY,GIN,AFR,Africa,YEAR,2015,,,,,,,,,102.76 [94.16-112.49],102.7613501,94.16086587,112.4918948,,2025-12-19T14:27:58Z,2015,01/01/2015,31/12/2015,,
185512,MALARIA_EST_MORTALITY,COUNTRY,IND,SEAR,South-East Asia,YEAR,2014,,,,,,,,,1.14 [0.55-1.86],1.14435604,0.54735727,1.856071772,,2025-12-19T14:27:58Z,2014,01/01/2014,31/12/2014,,
185722,MALARIA_EST_MORTALITY,COUNTRY,AFG,EMR,Eastern Mediterranean,YEAR,2015,,,,,,,,,0.67 [0.28-1.21],0.666136412,0.283299394,1.205936608,,2025-12-19T14:27:58Z,2015,01/01/2015,31/12/2015,,
188508,MALARIA_EST_MORTALITY,COUNTRY,NGA,AFR,Africa,YEAR,2000,,,,,,,,,178.99 [168.99-189.44],178.9915619,168.9870118,189.4360464,,2025-12-19T14:27:58Z,2000,01/01/2000,31/12/2000,,
198017,MALARIA_EST_MORTALITY,COUNTRY,IRQ,EMR,Eastern Mediterranean,YEAR,2006,,,,,,,,,0 [0-0],0,0,0,,2025-12-19T14:27:58Z,2006,01/01/2006,31/12/2006,,
200124,MALARIA_EST_MORTALITY,COUNTRY,PHL,WPR,Western Pacific,YEAR,2015,,,,,,,,,0.10 [0.04-0.18],0.103072171,0.042537721,0.183239415,,2025-12-19T14:27:58Z,2015,01/01/2015,31/12/2015,,
204168,MALARIA_EST_MORTALITY,COUNTRY,TZA,AFR,Africa,YEAR,2023,,,,,,,,,38.34 [36.03-41.27],38.33821347,36.03247916,41.27441175,,2025-12-19T14:27:58Z,2023,01/01/2023,31/12/2023,,
210876,MALARIA_EST_MORTALITY,COUNTRY,MEX,AMR,Americas,YEAR,2023,,,,,,,,,0 [0-0],0,0,0,,2025-12-19T14:27:58Z,2023,01/01/2023,31/12/2023,,
223704,MALARIA_EST_MORTALITY,COUNTRY,LBR,AFR,Africa,YEAR,2017,,,,,,,,,90.39 [79.42-104.37],90.39118782,79.41968156,104.3736714,,2025-12-19T14:27:58Z,2017,01/01/2017,31/12/2017,,
232132,MALARIA_EST_MORTALITY,COUNTRY,ARE,EMR,Eastern Mediterranean,YEAR,2023,,,,,,,,,0 [0-0],0,0,0,,2025-12-19T14:27:58Z,2023,01/01/2023,31/12/2023,,
243588,MALARIA_EST_MORTALITY,COUNTRY,CHN,WPR,Western Pacific,YEAR,2014,,,,,,,,,0 [0-0],0,0,0,,2025-12-19T14:27:58Z,2014,01/01/2014,31/12/2014,,
250885,MALARIA_EST_MORTALITY,COUNTRY,EGY,EMR,Eastern Mediterranean,YEAR,2011,,,,,,,,,0 [0-0],0,0,0,,2025-12-19T14:27:58Z,2011,01/01/2011,31/12/2011,,
264046,MALARIA_EST_MORTALITY,COUNTRY,ERI,AFR,Africa,YEAR,2008,,,,,,,,,1.31 [0.53-2.49],1.313767897,0.532608607,2.485506832,,2025-12-19T14:27:58Z,2008,01/01/2008,31/12/2008,,
268373,MALARIA_EST_MORTALITY,COUNTRY,PHL,WPR,Western Pacific,YEAR,2006,,,,,,,,,0.39 [0.17-0.69],0.390761911,0.169394326,0.694901724,,2025-12-19T14:27:58Z,2006,01/01/2006,31/12/2006,,
270409,MALARIA_EST_MORTALITY,COUNTRY,SYR,EMR,Eastern Mediterranean,YEAR,2011,,,,,,,,,0 [0-0],0,0,0,,2025-12-19T14:27:58Z,2011,01/01/2011,31/12/2011,,
270809,MALARIA_EST_MORTALITY,COUNTRY,GUY,AMR,Americas,YEAR,2006,,,,,,,,,5.27 [2.50-8.17],5.270328315,2.50340595,8.169008888,,2025-12-19T14:27:58Z,2006,01/01/2006,31/12/2006,,
302612,MALARIA_EST_MORTALITY,COUNTRY,PAK,EMR,Eastern Mediterranean,YEAR,2011,,,,,,,,,0.91 [0.34-2.03],0.905619867,0.341467116,2.030430695,,2025-12-19T14:27:58Z,2011,01/01/2011,31/12/2011,,
313845,MALARIA_EST_MORTALITY,COUNTRY,SOM,EMR,Eastern Mediterranean,YEAR,2015,,,,,,,,,14.13 [5.68-26.31],14.13055137,5.678113282,26.30556771,,2025-12-19T14:27:58Z,2015,01/01/2015,31/12/2015,,
314944,MALARIA_EST_MORTALITY,COUNTRY,BOL,AMR,Americas,YEAR,2013,,,,,,,,,0.12 [0.06-0.23],0.123803797,0.061901899,0.226973629,,2025-12-19T14:27:58Z,2013,01/01/2013,31/12/2013,,
318562,MALARIA_EST_MORTALITY,COUNTRY,THA,SEAR,South-East Asia,YEAR,2023,,,,,,,,,0.04 [0.04-0.04],0.036747807,0.036747807,0.036747807,,2025-12-19T14:27:58Z,2023,01/01/2023,31/12/2023,,
326901,MALARIA_EST_MORTALITY,COUNTRY,NGA,AFR,Africa,YEAR,2005,,,,,,,,,144.68 [135.79-153.95],144.6751994,135.7879638,153.9492684,,2025-12-19T14:27:58Z,2005,01/01/2005,31/12/2005,,
331106,MALARIA_EST_MORTALITY,COUNTRY,KHM,WPR,Western Pacific,YEAR,2001,,,,,,,,,10.04 [4.36-17.62],10.03879929,4.364212524,17.62370072,,2025-12-19T14:27:58Z,2001,01/01/2001,31/12/2001,,
336545,MALARIA_EST_MORTALITY,COUNTRY,GNQ,AFR,Africa,YEAR,2007,,,,,,,,,56.75 [52.31-61.97],56.75434634,52.31438047,61.96648019,,2025-12-19T14:27:58Z,2007,01/01/2007,31/12/2007,,
338654,MALARIA_EST_MORTALITY,COUNTRY,BGD,SEAR,South-East Asia,YEAR,2001,,,,,,,,,3.19 [3.19-3.19],3.187824302,3.187824302,3.187824302,,2025-12-19T14:27:58Z,2001,01/01/2001,31/12/2001,,
363174,MALARIA_EST_MORTALITY,COUNTRY,IND,SEAR,South-East Asia,YEAR,2015,,,,,,,,,1.18 [0.57-1.88],1.178171347,0.568294415,1.880488797,,2025-12-19T14:27:58Z,2015,01/01/2015,31/12/2015,,
365014,MALARIA_EST_MORTALITY,COUNTRY,COM,AFR,Africa,YEAR,2013,,,,,,,,,19.39 [9.05-29.88],19.39120243,9.049227799,29.87681559,,2025-12-19T14:27:58Z,2013,01/01/2013,31/12/2013,,
371439,MALARIA_EST_MORTALITY,COUNTRY,ZAF,AFR,Africa,YEAR,2017,,,,,,,,,5.22 [5.22-5.22],5.222506539,5.222506539,5.222506539,,2025-12-19T14:27:58Z,2017,01/01/2017,31/12/2017,,
371791,MALARIA_EST_MORTALITY,COUNTRY,BFA,AFR,Africa,YEAR,2000,,,,,,,,,374.79 [351.23-399.43],374.7920955,351.2283925,399.4287054,,2025-12-19T14:27:58Z,2000,01/01/2000,31/12/2000,,
377613,MALARIA_EST_MORTALITY,COUNTRY,MYS,WPR,Western Pacific,YEAR,2019,,,,,,,,,0 [0-0],0,0,0,,2025-12-19T14:27:58Z,2019,01/01/2019,31/12/2019,,
377933,MALARIA_EST_MORTALITY,REGION,AFR,,,YEAR,2020,,,,,,,,,59.42 [55.02-70.68],59.41814007,55.01936794,70.68485701,,2025-12-19T14:27:58Z,2020,01/01/2020,31/12/2020,,
390734,MALARIA_EST_MORTALITY,COUNTRY,NGA,AFR,Africa,YEAR,2008,,,,,,,,,140.18 [130.57-150.20],140.1757545,130.5656631,150.2014683,,2025-12-19T14:27:58Z,2008,01/01/2008,31/12/2008,,
394667,MALARIA_EST_MORTALITY,COUNTRY,BLZ,AMR,Americas,YEAR,2016,,,,,,,,,0 [0-0],0,0,0,,2025-12-19T14:27:58Z,2016,01/01/2016,31/12/2016,,
402899,MALARIA_EST_MORTALITY,COUNTRY,GNB,AFR,Africa,YEAR,2021,,,,,,,,,49.88 [39.63-66.20],49.88243385,39.63394939,66.20229537,,2025-12-19T14:27:58Z,2021,01/01/2021,31/12/2021,,
407537,MALARIA_EST_MORTALITY,COUNTRY,AGO,AFR,Africa,YEAR,2001,,,,,,,,,140.67 [126.42-158.07],140.6742032,126.4151091,158.0681483,,2025-12-19T14:27:58Z,2001,01/01/2001,31/12/2001,,
408822,MALARIA_EST_MORTALITY,COUNTRY,AZE,EUR,Europe,YEAR,2016,,,,,,,,,0 [0-0],0,0,0,,2025-12-19T14:27:58Z,2016,01/01/2016,31/12/2016,,
414956,MALARIA_EST_MORTALITY,COUNTRY,GAB,AFR,Africa,YEAR,2019,,,,,,,,,18.52 [16.10-22.31],18.52092755,16.09556799,22.31330795,,2025-12-19T14:27:58Z,2019,01/01/2019,31/12/2019,,
418817,MALARIA_EST_MORTALITY,REGION,WPR,,,YEAR,2021,,,,,,,,,0.32 [0.18-0.51],0.324837422,0.178751586,0.514509523,,2025-12-19T14:27:58Z,2021,01/01/2021,31/12/2021,,
431970,MALARIA_EST_MORTALITY,COUNTRY,GNB,AFR,Africa,YEAR,2024,,,,,,,,,40.75 [34.89-50.74],40.74768597,34.88765086,50.74154429,,2025-12-19T14:27:58Z,2024,01/01/2024,31/12/2024,,
439748,MALARIA_EST_MORTALITY,COUNTRY,ARM,EUR,Europe,YEAR,2015,,,,,,,,,0 [0-0],0,0,0,,2025-12-19T14:27:58Z,2015,01/01/2015,31/12/2015,,
441101,MALARIA_EST_MORTALITY,COUNTRY,GNQ,AFR,Africa,YEAR,2012,,,,,,,,,50.48 [44.84-57.52],50.48384865,44.84017185,57.51911699,,2025-12-19T14:27:58Z,2012,01/01/2012,31/12/2012,,
452416,MALARIA_EST_MORTALITY,COUNTRY,KEN,AFR,Africa,YEAR,2013,,,,,,,,,22.89 [22.36-23.46],22.8889414,22.36434295,23.45577446,,2025-12-19T14:27:58Z,2013,01/01/2013,31/12/2013,,
463597,MALARIA_EST_MORTALITY,COUNTRY,SLE,AFR,Africa,YEAR,2013,,,,,,,,,170.67 [157.40-184.93],170.6719237,157.4008747,184.9256135,,2025-12-19T14:27:58Z,2013,01/01/2013,31/12/2013,,
464868,MALARIA_EST_MORTALITY,COUNTRY,LBR,AFR,Africa,YEAR,2007,,,,,,,,,86.04 [80.89-91.60],86.0440948,80.89289622,91.60411867,,2025-12-19T14:27:58Z,2007,01/01/2007,31/12/2007,,
472247,MALARIA_EST_MORTALITY,COUNTRY,TZA,AFR,Africa,YEAR,2006,,,,,,,,,62.82 [60.39-65.40],62.81687942,60.39473678,65.40287652,,2025-12-19T14:27:58Z,2006,01/01/2006,31/12/2006,,
479354,MALARIA_EST_MORTALITY,COUNTRY,BLZ,AMR,Americas,YEAR,2003,,,,,,,,,0 [0-0],0,0,0,,2025-12-19T14:27:58Z,2003,01/01/2003,31/12/2003,,
484679,MALARIA_EST_MORTALITY,COUNTRY,GMB,AFR,Africa,YEAR,2022,,,,,,,,,23.74 [22.30-25.64],23.74386964,22.30254848,25.64034486,,2025-12-19T14:27:58Z,2022,01/01/2022,31/12/2022,,
496066,MALARIA_EST_MORTALITY,COUNTRY,GIN,AFR,Africa,YEAR,2002,,,,,,,,,149.09 [140.49-158.37],149.088115,140.4877644,158.3686541,,2025-12-19T14:27:58Z,2002,01/01/2002,31/12/2002,,
497020,MALARIA_EST_MORTALITY,COUNTRY,SUR,AMR,Americas,YEAR,2004,,,,,,,,,9.22 [9.22-9.22],9.22193239,9.22193239,9.22193239,,2025-12-19T14:27:58Z,2004,01/01/2004,31/12/2004,,
497425,MALARIA_EST_MORTALITY,COUNTRY,TJK,EUR,Europe,YEAR,2010,,,,,,,,,0 [0-0],0,0,0,,2025-12-19T14:27:58Z,2010,01/01/2010,31/12/2010,,
502573,MALARIA_EST_MORTALITY,COUNTRY,SLV,AMR,Americas,YEAR,2021,,,,,,,,,0 [0-0],0,0,0,,2025-12-19T14:27:58Z,2021,01/01/2021,31/12/2021,,
510114,MALARIA_EST_MORTALITY,COUNTRY,GUY,AMR,Americas,YEAR,2004,,,,,,,,,6.69 [3.28-10.89],6.689243958,3.279041156,10.88641664,,2025-12-19T14:27:58Z,2004,01/01/2004,31/12/2004,,
510758,MALARIA_EST_MORTALITY,COUNTRY,MAR,EMR,Eastern Mediterranean,YEAR,2009,,,,,,,,,0 [0-0],0,0,0,,2025-12-19T14:27:58Z,2009,01/01/2009,31/12/2009,,
520894,MALARIA_EST_MORTALITY,COUNTRY,UZB,EUR,Europe,YEAR,2018,,,,,,,,,0 [0-0],0,0,0,,2025-12-19T14:27:58Z,2018,01/01/2018,31/12/2018,,
521107,MALARIA_EST_MORTALITY,COUNTRY,MLI,AFR,Africa,YEAR,2005,,,,,,,,,154.79 [145.76-164.25],154.7939022,145.7605032,164.2485028,,2025-12-19T14:27:58Z,2005,01/01/2005,31/12/2005,,
521583,MALARIA_EST_MORTALITY,COUNTRY,CPV,AFR,Africa,YEAR,2018,,,,,,,,,0 [0-0],0,0,0,,2025-12-19T14:27:58Z,2018,01/01/2018,31/12/2018,,
526636,MALARIA_EST_MORTALITY,COUNTRY,SLB,WPR,Western Pacific,YEAR,2008,,,,,,,,,36.13 [16.08-66.31],36.13247515,16.08093674,66.30904781,,2025-12-19T14:27:58Z,2008,01/01/2008,31/12/2008,,
539451,MALARIA_EST_MORTALITY,COUNTRY,MMR,SEAR,South-East Asia,YEAR,2000,,,,,,,,,6.96 [3.06-12.82],6.961552489,3.061359813,12.82330893,,2025-12-19T14:27:58Z,2000,01/01/2000,31/12/2000,,
545982,MALARIA_EST_MORTALITY,COUNTRY,IDN,WPR,Western Pacific,YEAR,2010,,,,,,,,,1.30 [0.65-2.00],1.302854512,0.654451957,1.996718934,,2025-12-19T14:27:58Z,2010,01/01/2010,31/12/2010,,
554994,MALARIA_EST_MORTALITY,COUNTRY,NGA,AFR,Africa,YEAR,2022,,,,,,,,,84.11 [62.99-117.06],84.1099024,62.9891155,117.063949,,2025-12-19T14:27:58Z,2022,01/01/2022,31/12/2022,,
561643,MALARIA_EST_MORTALITY,COUNTRY,GHA,AFR,Africa,YEAR,2012,,,,,,,,,61.99 [59.49-64.81],61.9915982,59.49293244,64.80820795,,2025-12-19T14:27:58Z,2012,01/01/2012,31/12/2012,,
566005,MALARIA_EST_MORTALITY,COUNTRY,SOM,EMR,Eastern Mediterranean,YEAR,2000,,,,,,,,,34.08 [12.72-66.59],34.07735945,12.71621785,66.59397132,,2025-12-19T14:27:58Z,2000,01/01/2000,31/12/2000,,
567801,MALARIA_EST_MORTALITY,COUNTRY,NER,AFR,Africa,YEAR,2010,,,,,,,,,158.72 [146.69-172.34],158.7241736,146.6931145,172.3444685,,2025-12-19T14:27:58Z,2010,01/01/2010,31/12/2010,,
568129,MALARIA_EST_MORTALITY,COUNTRY,MDG,AFR,Africa,YEAR,2020,,,,,,,,,35.51 [14.11-65.05],35.50859176,14.1120835,65.04598261,,2025-12-19T14:27:58Z,2020,01/01/2020,31/12/2020,,
568472,MALARIA_EST_MORTALITY,COUNTRY,ZWE,AFR,Africa,YEAR,2007,,,,,,,,,42.91 [13.58-91.40],42.90704663,13.57830486,91.39989447,,2025-12-19T14:27:58Z,2007,01/01/2007,31/12/2007,,
572588,MALARIA_EST_MORTALITY,COUNTRY,KAZ,EUR,Europe,YEAR,2010,,,,,,,,,0 [0-0],0,0,0,,2025-12-19T14:27:58Z,2010,01/01/2010,31/12/2010,,
578442,MALARIA_EST_MORTALITY,COUNTRY,MLI,AFR,Africa,YEAR,2006,,,,,,,,,147.70 [138.95-156.90],147.6968885,138.9478689,156.9033732,,2025-12-19T14:27:58Z,2006,01/01/2006,31/12/2006,,
587544,MALARIA_EST_MORTALITY,REGION,AFR,,,YEAR,2022,,,,,,,,,54.10 [50.08-65.91],54.10014693,50.07880395,65.90732,,2025-12-19T14:27:58Z,2022,01/01/2022,31/12/2022,,
591163,MALARIA_EST_MORTALITY,COUNTRY,GNB,AFR,Africa,YEAR,2018,,,,,,,,,43.80 [38.08-51.76],43.80472664,38.08201889,51.76449289,,2025-12-19T14:27:58Z,2018,01/01/2018,31/12/2018,,
597104,MALARIA_EST_MORTALITY,COUNTRY,NAM,AFR,Africa,YEAR,2013,,,,,,,,,1.17 [1.17-1.17],1.174544598,1.174544598,1.174544598,,2025-12-19T14:27:58Z,2013,01/01/2013,31/12/2013,,
600122,MALARIA_EST_MORTALITY,COUNTRY,CPV,AFR,Africa,YEAR,2006,,,,,,,,,6.27 [6.27-6.27],6.270133005,6.270133005,6.270133005,,2025-12-19T14:27:58Z,2006,01/01/2006,31/12/2006,,
604517,MALARIA_EST_MORTALITY,COUNTRY,TLS,SEAR,South-East Asia,YEAR,2019,,,,,,,,,0 [0-0],0,0,0,,2025-12-19T14:27:58Z,2019,01/01/2019,31/12/2019,,
606169,MALARIA_EST_MORTALITY,COUNTRY,ARG,AMR,Americas,YEAR,2019,,,,,,,,,0 [0-0],0,0,0,,2025-12-19T14:27:58Z,2019,01/01/2019,31/12/2019,,
606187,MALARIA_EST_MORTALITY,COUNTRY,TGO,AFR,Africa,YEAR,2006,,,,,,,,,107.38 [100.72-114.51],107.3757526,100.7209182,114.5130624,,2025-12-19T14:27:58Z,2006,01/01/2006,31/12/2006,,
606400,MALARIA_EST_MORTALITY,COUNTRY,CAF,AFR,Africa,YEAR,2009,,,,,,,,,162.20 [146.12-179.80],162.1975136,146.1229363,179.7950385,,2025-12-19T14:27:58Z,2009,01/01/2009,31/12/2009,,
606437,MALARIA_EST_MORTALITY,COUNTRY,KGZ,EUR,Europe,YEAR,2007,,,,,,,,,0 [0-0],0,0,0,,2025-12-19T14:27:58Z,2007,01/01/2007,31/12/2007,,
610150,MALARIA_EST_MORTALITY,COUNTRY,GIN,AFR,Africa,YEAR,2010,,,,,,,,,133.26 [124.13-143.01],133.261691,124.1332555,143.0059832,,2025-12-19T14:27:58Z,2010,01/01/2010,31/12/2010,,
611561,MALARIA_EST_MORTALITY,COUNTRY,DJI,EMR,Eastern Mediterranean,YEAR,2004,,,,,,,,,0.65 [0.16-1.45],0.645654904,0.161413726,1.452723534,,2025-12-19T14:27:58Z,2004,01/01/2004,31/12/2004,,
616753,MALARIA_EST_MORTALITY,COUNTRY,NIC,AMR,Americas,YEAR,2018,,,,,,,,,0.05 [0.05-0.05],0.053266383,0.053266383,0.053266383,,2025-12-19T14:27:58Z,2018,01/01/2018,31/12/2018,,
624683,MALARIA_EST_MORTALITY,COUNTRY,RWA,AFR,Africa,YEAR,2008,,,,,,,,,30.67 [29.81-31.58],30.67031623,29.81354651,31.57808416,,2025-12-19T14:27:58Z,2008,01/01/2008,31/12/2008,,
629370,MALARIA_EST_MORTALITY,COUNTRY,GNQ,AFR,Africa,YEAR,2020,,,,,,,,,46.02 [38.16-60.12],46.02474383,38.15975596,60.12346283,,2025-12-19T14:27:58Z,2020,01/01/2020,31/12/2020,,
636722,MALARIA_EST_MORTALITY,COUNTRY,PNG,WPR,Western Pacific,YEAR,2018,,,,,,,,,27.37 [11.37-50.04],27.36703861,11.36833809,50.04011384,,2025-12-19T14:27:58Z,2018,01/01/2018,31/12/2018,,
641531,MALARIA_EST_MORTALITY,COUNTRY,SLB,WPR,Western Pacific,YEAR,2009,,,,,,,,,27.68 [12.28-50.88],27.68252433,12.28168333,50.88125952,,2025-12-19T14:27:58Z,2009,01/01/2009,31/12/2009,,
655371,MALARIA_EST_MORTALITY,COUNTRY,PAK,EMR,Eastern Mediterranean,YEAR,2016,,,,,,,,,0.39 [0.18-0.76],0.389981139,0.182052806,0.763790074,,2025-12-19T14:27:58Z,2016,01/01/2016,31/12/2016,,
655719,MALARIA_EST_MORTALITY,COUNTRY,SOM,EMR,Eastern Mediterranean,YEAR,2001,,,,,,,,,36.10 [13.52-70.39],36.10374004,13.52341085,70.39250886,,2025-12-19T14:27:58Z,2001,01/01/2001,31/12/2001,,
662332,MALARIA_EST_MORTALITY,COUNTRY,BWA,AFR,Africa,YEAR,2005,,,,,,,,,0.90 [0.90-0.90],0.901786439,0.901786439,0.901786439,,2025-12-19T14:27:58Z,2005,01/01/2005,31/12/2005,,
667470,MALARIA_EST_MORTALITY,COUNTRY,AZE,EUR,Europe,YEAR,2010,,,,,,,,,0 [0-0],0,0,0,,2025-12-19T14:27:58Z,2010,01/01/2010,31/12/2010,,
667756,MALARIA_EST_MORTALITY,COUNTRY,KEN,AFR,Africa,YEAR,2021,,,,,,,,,21.93 [20.81-23.29],21.9263117,20.8082934,23.28677085,,2025-12-19T14:27:58Z,2021,01/01/2021,31/12/2021,,
668048,MALARIA_EST_MORTALITY,COUNTRY,MLI,AFR,Africa,YEAR,2024,,,,,,,,,58.17 [45.91-74.97],58.16918822,45.90939554,74.9676401,,2025-12-19T14:27:58Z,2024,01/01/2024,31/12/2024,,
671967,MALARIA_EST_MORTALITY,COUNTRY,GMB,AFR,Africa,YEAR,2000,,,,,,,,,31.34 [30.31-32.51],31.33839696,30.30752864,32.50671439,,2025-12-19T14:27:58Z,2000,01/01/2000,31/12/2000,,
672979,MALARIA_EST_MORTALITY,COUNTRY,HTI,AMR,Americas,YEAR,2008,,,,,,,,,2.69 [1.00-5.37],2.68937675,0.998240279,5.367303098,,2025-12-19T14:27:58Z,2008,01/01/2008,31/12/2008,,
673192,MALARIA_EST_MORTALITY,COUNTRY,PRK,SEAR,South-East Asia,YEAR,2008,,,,,,,,,0 [0-0],0,0,0,,2025-12-19T14:27:58Z,2008,01/01/2008,31/12/2008,,
681033,MALARIA_EST_MORTALITY,COUNTRY,TJK,EUR,Europe,YEAR,2024,,,,,,,,,0 [0-0],0,0,0,,2025-12-19T14:27:58Z,2024,01/01/2024,31/12/2024,,
682261,MALARIA_EST_MORTALITY,COUNTRY,CPV,AFR,Africa,YEAR,2007,,,,,,,,,1.55 [1.55-1.55],1.550279438,1.550279438,1.550279438,,2025-12-19T14:27:58Z,2007,01/01/2007,31/12/2007,,
687458,MALARIA_EST_MORTALITY,COUNTRY,BTN,SEAR,South-East Asia,YEAR,2010,,,,,,,,,0.39 [0.39-0.39],0.385202819,0.385202819,0.385202819,,2025-12-19T14:27:58Z,2010,01/01/2010,31/12/2010,,
687676,MALARIA_EST_MORTALITY,COUNTRY,DOM,AMR,Americas,YEAR,2019,,,,,,,,,0.07 [0.07-0.07],0.066659367,0.066659367,0.066659367,,2025-12-19T14:27:58Z,2019,01/01/2019,31/12/2019,,
688651,MALARIA_EST_MORTALITY,COUNTRY,SSD,AFR,Africa,YEAR,2014,,,,,,,,,62.16 [43.88-87.04],62.16248547,43.88022613,87.04016316,,2025-12-19T14:27:58Z,2014,01/01/2014,31/12/2014,,
694619,MALARIA_EST_MORTALITY,COUNTRY,UGA,AFR,Africa,YEAR,2002,,,,,,,,,183.42 [174.03-193.69],183.418472,174.0344897,193.6915043,,2025-12-19T14:27:58Z,2002,01/01/2002,31/12/2002,,
705127,MALARIA_EST_MORTALITY,COUNTRY,ZWE,AFR,Africa,YEAR,2003,,,,,,,,,26.26 [4.81-74.08],26.25606295,4.806344146,74.07708485,,2025-12-19T14:27:58Z,2003,01/01/2003,31/12/2003,,
706589,MALARIA_EST_MORTALITY,REGION,EUR,,,YEAR,2007,,,,,,,,,0 [0-0],0,0,0,,2025-12-19T14:27:58Z,2007,01/01/2007,31/12/2007,,
716107,MALARIA_EST_MORTALITY,COUNTRY,KEN,AFR,Africa,YEAR,2006,,,,,,,,,25.91 [25.21-26.66],25.91317453,25.20593427,26.6637705,,2025-12-19T14:27:58Z,2006,01/01/2006,31/12/2006,,
719059,MALARIA_EST_MORTALITY,COUNTRY,CPV,AFR,Africa,YEAR,2004,,,,,,,,,3.21 [3.21-3.21],3.209345614,3.209345614,3.209345614,,2025-12-19T14:27:58Z,2004,01/01/2004,31/12/2004,,
719393,MALARIA_EST_MORTALITY,COUNTRY,PNG,WPR,Western Pacific,YEAR,2004,,,,,,,,,55.58 [15.69-120.54],55.5780217,15.69166508,120.5436248,,2025-12-19T14:27:58Z,2004,01/01/2004,31/12/2004,,
720175,MALARIA_EST_MORTALITY,COUNTRY,ERI,AFR,Africa,YEAR,2003,,,,,,,,,4.49 [1.44-9.58],4.490952535,1.443520458,9.584374372,,2025-12-19T14:27:58Z,2003,01/01/2003,31/12/2003,,
724784,MALARIA_EST_MORTALITY,COUNTRY,SWZ,AFR,Africa,YEAR,2018,,,,,,,,,0.61 [0.61-0.61],0.611060189,0.611060189,0.611060189,,2025-12-19T14:27:58Z,2018,01/01/2018,31/12/2018,,
732460,MALARIA_EST_MORTALITY,COUNTRY,GNQ,AFR,Africa,YEAR,2009,,,,,,,,,49.13 [45.17-53.89],49.1338616,45.1714534,53.88875143,,2025-12-19T14:27:58Z,2009,01/01/2009,31/12/2009,,
735962,MALARIA_EST_MORTALITY,COUNTRY,DZA,AFR,Africa,YEAR,2011,,,,,,,,,0 [0-0],0,0,0,,2025-12-19T14:27:58Z,2011,01/01/2011,31/12/2011,,
736161,MALARIA_EST_MORTALITY,COUNTRY,CRI,AMR,Americas,YEAR,2004,,,,,,,,,0 [0-0],0,0,0,,2025-12-19T14:27:58Z,2004,01/01/2004,31/12/2004,,
736689,MALARIA_EST_MORTALITY,COUNTRY,ECU,AMR,Americas,YEAR,2002,,,,,,,,,0.86 [0.86-0.86],0.8595713,0.8595713,0.8595713,,2025-12-19T14:27:58Z,2002,01/01/2002,31/12/2002,,
737141,MALARIA_EST_MORTALITY,COUNTRY,PAK,EMR,Eastern Mediterranean,YEAR,2005,,,,,,,,,0.54 [0.17-1.40],0.535104083,0.173923321,1.396720213,,2025-12-19T14:27:58Z,2005,01/01/2005,31/12/2005,,
737425,MALARIA_EST_MORTALITY,COUNTRY,BLZ,AMR,Americas,YEAR,2002,,,,,,,,,0 [0-0],0,0,0,,2025-12-19T14:27:58Z,2002,01/01/2002,31/12/2002,,
737437,MALARIA_EST_MORTALITY,COUNTRY,CPV,AFR,Africa,YEAR,2021,,,,,,,,,0 [0-0],0,0,0,,2025-12-19T14:27:58Z,2021,01/01/2021,31/12/2021,,
742839,MALARIA_EST_MORTALITY,COUNTRY,TGO,AFR,Africa,YEAR,2009,,,,,,,,,64.93 [60.99-69.26],64.92807773,60.99026766,69.26272138,,2025-12-19T14:27:58Z,2009,01/01/2009,31/12/2009,,
749364,MALARIA_EST_MORTALITY,COUNTRY,MYT,AFR,Africa,YEAR,2014,,,,,,,,,0 [0-0],0,0,0,,2025-12-19T14:27:58Z,2014,01/01/2014,31/12/2014,,
755481,MALARIA_EST_MORTALITY,COUNTRY,GTM,AMR,Americas,YEAR,2024,,,,,,,,,0 [0-0],0,0,0,,2025-12-19T14:27:58Z,2024,01/01/2024,31/12/2024,,
770002,MALARIA_EST_MORTALITY,COUNTRY,CIV,AFR,Africa,YEAR,2006,,,,,,,,,138.60 [129.57-148.54],138.5957776,129.5724756,148.5389308,,2025-12-19T14:27:58Z,2006,01/01/2006,31/12/2006,,
776229,MALARIA_EST_MORTALITY,COUNTRY,BEN,AFR,Africa,YEAR,2018,,,,,,,,,86.53 [77.49-96.69],86.52749535,77.49096428,96.69437512,,2025-12-19T14:27:58Z,2018,01/01/2018,31/12/2018,,
788659,MALARIA_EST_MORTALITY,COUNTRY,MEX,AMR,Americas,YEAR,2010,,,,,,,,,0 [0-0],0,0,0,,2025-12-19T14:27:58Z,2010,01/01/2010,31/12/2010,,
793137,MALARIA_EST_MORTALITY,COUNTRY,BLZ,AMR,Americas,YEAR,2009,,,,,,,,,0 [0-0],0,0,0,,2025-12-19T14:27:58Z,2009,01/01/2009,31/12/2009,,
795663,MALARIA_EST_MORTALITY,COUNTRY,SUR,AMR,Americas,YEAR,2022,,,,,,,,,0 [0-0],0,0,0,,2025-12-19T14:27:58Z,2022,01/01/2022,31/12/2022,,
799116,MALARIA_EST_MORTALITY,COUNTRY,COD,AFR,Africa,YEAR,2023,,,,,,,,,63.77 [40.77-103.99],63.77178518,40.77323913,103.9893466,,2025-12-19T14:27:58Z,2023,01/01/2023,31/12/2023,,
806609,MALARIA_EST_MORTALITY,COUNTRY,NIC,AMR,Americas,YEAR,2021,,,,,,,,,0 [0-0],0,0,0,,2025-12-19T14:27:58Z,2021,01/01/2021,31/12/2021,,
806775,MALARIA_EST_MORTALITY,COUNTRY,CAF,AFR,Africa,YEAR,2007,,,,,,,,,145.56 [132.05-160.15],145.5598205,132.0474728,160.1471732,,2025-12-19T14:27:58Z,2007,01/01/2007,31/12/2007,,
807137,MALARIA_EST_MORTALITY,COUNTRY,ZMB,AFR,Africa,YEAR,2000,,,,,,,,,146.21 [138.53-154.69],146.2122132,138.5257652,154.6872709,,2025-12-19T14:27:58Z,2000,01/01/2000,31/12/2000,,
807993,MALARIA_EST_MORTALITY,COUNTRY,NIC,AMR,Americas,YEAR,2003,,,,,,,,,0.15 [0.15-0.15],0.152650215,0.152650215,0.152650215,,2025-12-19T14:27:58Z,2003,01/01/2003,31/12/2003,,
818073,MALARIA_EST_MORTALITY,COUNTRY,SLB,WPR,Western Pacific,YEAR,2011,,,,,,,,,19.73 [8.77-35.80],19.72909036,8.768484605,35.80464547,,2025-12-19T14:27:58Z,2011,01/01/2011,31/12/2011,,
825839,MALARIA_EST_MORTALITY,COUNTRY,CHN,WPR,Western Pacific,YEAR,2022,,,,,,,,,0 [0-0],0,0,0,,2025-12-19T14:27:58Z,2022,01/01/2022,31/12/2022,,
831119,MALARIA_EST_MORTALITY,COUNTRY,SLB,WPR,Western Pacific,YEAR,2018,,,,,,,,,15.81 [7.98-24.79],15.8117631,7.977105707,24.78600702,,2025-12-19T14:27:58Z,2018,01/01/2018,31/12/2018,,
833085,MALARIA_EST_MORTALITY,COUNTRY,LBR,AFR,Africa,YEAR,2009,,,,,,,,,80.47 [75.50-85.92],80.47117101,75.50037065,85.92383466,,2025-12-19T14:27:58Z,2009,01/01/2009,31/12/2009,,
844170,MALARIA_EST_MORTALITY,COUNTRY,ARG,AMR,Americas,YEAR,2016,,,,,,,,,0 [0-0],0,0,0,,2025-12-19T14:27:58Z,2016,01/01/2016,31/12/2016,,
852942,MALARIA_EST_MORTALITY,COUNTRY,CAF,AFR,Africa,YEAR,2002,,,,,,,,,129.33 [118.62-142.16],129.3285176,118.6197869,142.1590249,,2025-12-19T14:27:58Z,2002,01/01/2002,31/12/2002,,
865394,MALARIA_EST_MORTALITY,COUNTRY,PER,AMR,Americas,YEAR,2007,,,,,,,,,0.38 [0.20-0.61],0.383732696,0.196328356,0.606833101,,2025-12-19T14:27:58Z,2007,01/01/2007,31/12/2007,,
868854,MALARIA_EST_MORTALITY,COUNTRY,COD,AFR,Africa,YEAR,2017,,,,,,,,,78.77 [57.60-107.42],78.77161615,57.59530651,107.421193,,2025-12-19T14:27:58Z,2017,01/01/2017,31/12/2017,,
869050,MALARIA_EST_MORTALITY,COUNTRY,COG,AFR,Africa,YEAR,2012,,,,,,,,,40.38 [37.51-43.37],40.37591368,37.50698773,43.37140989,,2025-12-19T14:27:58Z,2012,01/01/2012,31/12/2012,,
871383,MALARIA_EST_MORTALITY,COUNTRY,SWZ,AFR,Africa,YEAR,2019,,,,,,,,,0.91 [0.91-0.91],0.908089259,0.908089259,0.908089259,,2025-12-19T14:27:58Z,2019,01/01/2019,31/12/2019,,
881979,MALARIA_EST_MORTALITY,COUNTRY,TGO,AFR,Africa,YEAR,2018,,,,,,,,,43.08 [38.35-48.48],43.08143408,38.3470775,48.48174875,,2025-12-19T14:27:58Z,2018,01/01/2018,31/12/2018,,
891409,MALARIA_EST_MORTALITY,COUNTRY,ETH,AFR,Africa,YEAR,2000,,,,,,,,,48.43 [19.41-90.32],48.42951482,19.41461806,90.31744565,,2025-12-19T14:27:58Z,2000,01/01/2000,31/12/2000,,
900923,MALARIA_EST_MORTALITY,COUNTRY,SUR,AMR,Americas,YEAR,2012,,,,,,,,,0 [0-0],0,0,0,,2025-12-19T14:27:58Z,2012,01/01/2012,31/12/2012,,
901575,MALARIA_EST_MORTALITY,REGION,EMR,,,YEAR,2014,,,,,,,,,1.60 [1.01-2.31],1.598467964,1.006252518,2.307218021,,2025-12-19T14:27:58Z,2014,01/01/2014,31/12/2014,,
904091,MALARIA_EST_MORTALITY,COUNTRY,ARG,AMR,Americas,YEAR,2017,,,,,,,,,0 [0-0],0,0,0,,2025-12-19T14:27:58Z,2017,01/01/2017,31/12/2017,,
910237,MALARIA_EST_MORTALITY,COUNTRY,SOM,EMR,Eastern Mediterranean,YEAR,2019,,,,,,,,,14.50 [5.98-26.46],14.49693846,5.975932462,26.46143518,,2025-12-19T14:27:58Z,2019,01/01/2019,31/12/2019,,
915199,MALARIA_EST_MORTALITY,COUNTRY,BDI,AFR,Africa,YEAR,2014,,,,,,,,,48.60 [43.80-54.59],48.60281941,43.79716818,54.59367941,,2025-12-19T14:27:58Z,2014,01/01/2014,31/12/2014,,
921045,MALARIA_EST_MORTALITY,REGION,WPR,,,YEAR,2018,,,,,,,,,0.38 [0.22-0.60],0.383191575,0.216924741,0.601963725,,2025-12-19T14:27:58Z,2018,01/01/2018,31/12/2018,,
921114,MALARIA_EST_MORTALITY,COUNTRY,MOZ,AFR,Africa,YEAR,2010,,,,,,,,,103.69 [95.08-113.52],103.6947533,95.08120596,113.5211671,,2025-12-19T14:27:58Z,2010,01/01/2010,31/12/2010,,
945536,MALARIA_EST_MORTALITY,COUNTRY,IRQ,EMR,Eastern Mediterranean,YEAR,2018,,,,,,,,,0 [0-0],0,0,0,,2025-12-19T14:27:58Z,2018,01/01/2018,31/12/2018,,
953247,MALARIA_EST_MORTALITY,COUNTRY,MAR,EMR,Eastern Mediterranean,YEAR,2013,,,,,,,,,0 [0-0],0,0,0,,2025-12-19T14:27:58Z,2013,01/01/2013,31/12/2013,,
954218,MALARIA_EST_MORTALITY,COUNTRY,GUF,AMR,Americas,YEAR,2022,,,,,,,,,0 [0-0],0,0,0,,2025-12-19T14:27:58Z,2022,01/01/2022,31/12/2022,,
965153,MALARIA_EST_MORTALITY,COUNTRY,MDG,AFR,Africa,YEAR,2010,,,,,,,,,11.00 [4.24-22.47],11.00375327,4.237414204,22.47193164,,2025-12-19T14:27:58Z,2010,01/01/2010,31/12/2010,,
967415,MALARIA_EST_MORTALITY,COUNTRY,VNM,WPR,Western Pacific,YEAR,2008,,,,,,,,,0.04 [0.04-0.04],0.039825648,0.039825648,0.039825648,,2025-12-19T14:27:58Z,2008,01/01/2008,31/12/2008,,
977849,MALARIA_EST_MORTALITY,COUNTRY,BDI,AFR,Africa,YEAR,2008,,,,,,,,,58.02 [54.31-62.22],58.0203458,54.30516256,62.21756231,,2025-12-19T14:27:58Z,2008,01/01/2008,31/12/2008,,
978115,MALARIA_EST_MORTALITY,COUNTRY,YEM,EMR,Eastern Mediterranean,YEAR,2006,,,,,,,,,19.98 [6.23-100.31],19.97586926,6.229673134,100.3081312,,2025-12-19T14:27:58Z,2006,01/01/2006,31/12/2006,,
989033,MALARIA_EST_MORTALITY,REGION,WPR,,,YEAR,2007,,,,,,,,,0.60 [0.35-0.96],0.5963465,0.345479325,0.959652859,,2025-12-19T14:27:58Z,2007,01/01/2007,31/12/2007,,
989851,MALARIA_EST_MORTALITY,COUNTRY,SUR,AMR,Americas,YEAR,2000,,,,,,,,,34.09 [34.09-34.09],34.09090909,34.09090909,34.09090909,,2025-12-19T14:27:58Z,2000,01/01/2000,31/12/2000,,
999198,MALARIA_EST_MORTALITY,COUNTRY,BOL,AMR,Americas,YEAR,2014,,,,,,,,,0.08 [0.02-0.16],0.081270832,0.020317708,0.162541664,,2025-12-19T14:27:58Z,2014,01/01/2014,31/12/2014,,
1003188,MALARIA_EST_MORTALITY,COUNTRY,BOL,AMR,Americas,YEAR,2015,,,,,,,,,0.06 [0.02-0.12],0.060035529,0.020011843,0.120071058,,2025-12-19T14:27:58Z,2015,01/01/2015,31/12/2015,,
1011246,MALARIA_EST_MORTALITY,COUNTRY,ETH,AFR,Africa,YEAR,2010,,,,,,,,,30.71 [7.76-94.41],30.71328648,7.757464085,94.41489061,,2025-12-19T14:27:58Z,2010,01/01/2010,31/12/2010,,
1011328,MALARIA_EST_MORTALITY,COUNTRY,KHM,WPR,Western Pacific,YEAR,2008,,,,,,,,,4.97 [2.22-8.80],4.971272149,2.220568243,8.802252496,,2025-12-19T14:27:58Z,2008,01/01/2008,31/12/2008,,
1017789,MALARIA_EST_MORTALITY,COUNTRY,KGZ,EUR,Europe,YEAR,2018,,,,,,,,,0 [0-0],0,0,0,,2025-12-19T14:27:58Z,2018,01/01/2018,31/12/2018,,
1028002,MALARIA_EST_MORTALITY,COUNTRY,DZA,AFR,Africa,YEAR,2005,,,,,,,,,0 [0-0],0,0,0,,2025-12-19T14:27:58Z,2005,01/01/2005,31/12/2005,,
1028541,MALARIA_EST_MORTALITY,COUNTRY,PNG,WPR,Western Pacific,YEAR,2017,,,,,,,,,27.35 [11.23-49.69],27.34587874,11.23223798,49.69105694,,2025-12-19T14:27:58Z,2017,01/01/2017,31/12/2017,,
1049736,MALARIA_EST_MORTALITY,COUNTRY,SSD,AFR,Africa,YEAR,2008,,,,,,,,,83.43 [69.21-100.29],83.43495719,69.21347611,100.2878092,,2025-12-19T14:27:58Z,2008,01/01/2008,31/12/2008,,
1059500,MALARIA_EST_MORTALITY,COUNTRY,LBR,AFR,Africa,YEAR,2020,,,,,,,,,89.87 [65.48-127.99],89.87344894,65.48207065,127.9939287,,2025-12-19T14:27:58Z,2020,01/01/2020,31/12/2020,,
1059852,MALARIA_EST_MORTALITY,COUNTRY,COM,AFR,Africa,YEAR,2008,,,,,,,,,14.14 [4.77-28.44],14.14254092,4.767148625,28.4439868,,2025-12-19T14:27:58Z,2008,01/01/2008,31/12/2008,,
1061875,MALARIA_EST_MORTALITY,COUNTRY,TKM,EUR,Europe,YEAR,2008,,,,,,,,,0 [0-0],0,0,0,,2025-12-19T14:27:58Z,2008,01/01/2008,31/12/2008,,
1065916,MALARIA_EST_MORTALITY,COUNTRY,BDI,AFR,Africa,YEAR,2000,,,,,,,,,182.42 [168.29-197.88],182.4211426,168.2948252,197.8766321,,2025-12-19T14:27:58Z,2000,01/01/2000,31/12/2000,,
1067772,MALARIA_EST_MORTALITY,COUNTRY,IDN,WPR,Western Pacific,YEAR,2013,,,,,,,,,0.96 [0.48-1.46],0.956019709,0.478781784,1.459434829,,2025-12-19T14:27:58Z,2013,01/01/2013,31/12/2013,,
1068146,MALARIA_EST_MORTALITY,COUNTRY,BLZ,AMR,Americas,YEAR,2011,,,,,,,,,0 [0-0],0,0,0,,2025-12-19T14:27:58Z,2011,01/01/2011,31/12/2011,,
1072614,MALARIA_EST_MORTALITY,COUNTRY,TLS,SEAR,South-East Asia,YEAR,2011,,,,,,,,,6.23 [2.78-10.25],6.225099602,2.77735213,10.24747165,,2025-12-19T14:27:58Z,2011,01/01/2011,31/12/2011,,
1078456,MALARIA_EST_MORTALITY,COUNTRY,DZA,AFR,Africa,YEAR,2015,,,,,,,,,0 [0-0],0,0,0,,2025-12-19T14:27:58Z,2015,01/01/2015,31/12/2015,,
1091161,MALARIA_EST_MORTALITY,COUNTRY,KOR,WPR,Western Pacific,YEAR,2010,,,,,,,,,0.03 [0.03-0.03],0.029292415,0.029292415,0.029292415,,2025-12-19T14:27:58Z,2010,01/01/2010,31/12/2010,,
1097134,MALARIA_EST_MORTALITY,COUNTRY,YEM,EMR,Eastern Mediterranean,YEAR,2001,,,,,,,,,22.61 [6.96-110.52],22.61419998,6.959205105,110.5222935,,2025-12-19T14:27:58Z,2001,01/01/2001,31/12/2001,,
1097848,MALARIA_EST_MORTALITY,COUNTRY,TZA,AFR,Africa,YEAR,2015,,,,,,,,,44.68 [43.13-46.52],44.681988,43.13069028,46.52163103,,2025-12-19T14:27:58Z,2015,01/01/2015,31/12/2015,,
1098185,MALARIA_EST_MORTALITY,COUNTRY,TUR,EUR,Europe,YEAR,2005,,,,,,,,,0 [0-0],0,0,0,,2025-12-19T14:27:58Z,2005,01/01/2005,31/12/2005,,
1122225,MALARIA_EST_MORTALITY,COUNTRY,VNM,WPR,Western Pacific,YEAR,2009,,,,,,,,,0.07 [0.03-0.12],0.073760107,0.034526008,0.117702299,,2025-12-19T14:27:58Z,2009,01/01/2009,31/12/2009,,
1123820,MALARIA_EST_MORTALITY,COUNTRY,ARM,EUR,Europe,YEAR,2005,,,,,,,,,0 [0-0],0,0,0,,2025-12-19T14:27:58Z,2005,01/01/2005,31/12/2005,,
1123917,MALARIA_EST_MORTALITY,COUNTRY,HND,AMR,Americas,YEAR,2015,,,,,,,,,0.05 [0.01-0.07],0.047806003,0.011951501,0.071709005,,2025-12-19T14:27:58Z,2015,01/01/2015,31/12/2015,,
1130866,MALARIA_EST_MORTALITY,COUNTRY,SUR,AMR,Americas,YEAR,2001,,,,,,,,,32.00 [32.00-32.00],32.00489814,32.00489814,32.00489814,,2025-12-19T14:27:58Z,2001,01/01/2001,31/12/2001,,
1135407,MALARIA_EST_MORTALITY,COUNTRY,COM,AFR,Africa,YEAR,2024,,,,,,,,,16.04 [7.38-24.58],16.03917713,7.384944867,24.57801963,,2025-12-19T14:27:58Z,2024,01/01/2024,31/12/2024,,
1144414,MALARIA_EST_MORTALITY,COUNTRY,UGA,AFR,Africa,YEAR,2020,,,,,,,,,41.64 [32.03-56.88],41.64459298,32.03084174,56.87723766,,2025-12-19T14:27:58Z,2020,01/01/2020,31/12/2020,,
1148519,MALARIA_EST_MORTALITY,COUNTRY,COG,AFR,Africa,YEAR,2006,,,,,,,,,53.03 [50.22-56.13],53.03057349,50.21617451,56.13162423,,2025-12-19T14:27:58Z,2006,01/01/2006,31/12/2006,,
1160009,MALARIA_EST_MORTALITY,COUNTRY,SEN,AFR,Africa,YEAR,2014,,,,,,,,,9.63 [4.04-16.98],9.631078806,4.041802698,16.97998764,,2025-12-19T14:27:58Z,2014,01/01/2014,31/12/2014,,
1163323,MALARIA_EST_MORTALITY,COUNTRY,SWZ,AFR,Africa,YEAR,2012,,,,,,,,,0.95 [0.95-0.95],0.953346405,0.953346405,0.953346405,,2025-12-19T14:27:58Z,2012,01/01/2012,31/12/2012,,
1168977,MALARIA_EST_MORTALITY,COUNTRY,GMB,AFR,Africa,YEAR,2016,,,,,,,,,26.93 [25.70-28.42],26.92916841,25.70312497,28.41793544,,2025-12-19T14:27:58Z,2016,01/01/2016,31/12/2016,,
1174882,MALARIA_EST_MORTALITY,COUNTRY,SLE,AFR,Africa,YEAR,2004,,,,,,,,,220.31 [206.92-234.20],220.3066779,206.9191122,234.198378,,2025-12-19T14:27:58Z,2004,01/01/2004,31/12/2004,,
1179705,MALARIA_EST_MORTALITY,REGION,SEAR,,,YEAR,2009,,,,,,,,,2.26 [1.21-3.65],2.2626725,1.208433243,3.654102031,,2025-12-19T14:27:58Z,2009,01/01/2009,31/12/2009,,
1179850,MALARIA_EST_MORTALITY,COUNTRY,BFA,AFR,Africa,YEAR,2021,,,,,,,,,76.08 [56.09-106.86],76.07554052,56.08917346,106.864357,,2025-12-19T14:27:58Z,2021,01/01/2021,31/12/2021,,
1217082,MALARIA_EST_MORTALITY,COUNTRY,MMR,SEAR,South-East Asia,YEAR,2003,,,,,,,,,6.96 [3.07-12.91],6.96283379,3.069389791,12.91241663,,2025-12-19T14:27:58Z,2003,01/01/2003,31/12/2003,,
1224270,MALARIA_EST_MORTALITY,COUNTRY,DJI,EMR,Eastern Mediterranean,YEAR,2005,,,,,,,,,0.64 [0.16-1.43],0.635619817,0.158904954,1.430144588,,2025-12-19T14:27:58Z,2005,01/01/2005,31/12/2005,,
1224634,MALARIA_EST_MORTALITY,COUNTRY,PRK,SEAR,South-East Asia,YEAR,2015,,,,,,,,,0 [0-0],0,0,0,,2025-12-19T14:27:58Z,2015,01/01/2015,31/12/2015,,
1225034,MALARIA_EST_MORTALITY,COUNTRY,ERI,AFR,Africa,YEAR,2023,,,,,,,,,13.23 [5.33-24.58],13.226183,5.330814499,24.57937712,,2025-12-19T14:27:58Z,2023,01/01/2023,31/12/2023,,
1226127,MALARIA_EST_MORTALITY,COUNTRY,DOM,AMR,Americas,YEAR,2023,,,,,,,,,0 [0-0],0,0,0,,2025-12-19T14:27:58Z,2023,01/01/2023,31/12/2023,,
1230288,MALARIA_EST_MORTALITY,COUNTRY,ARE,EMR,Eastern Mediterranean,YEAR,2021,,,,,,,,,0 [0-0],0,0,0,,2025-12-19T14:27:58Z,2021,01/01/2021,31/12/2021,,
1233122,MALARIA_EST_MORTALITY,COUNTRY,BTN,SEAR,South-East Asia,YEAR,2008,,,,,,,,,0.39 [0.39-0.39],0.393778303,0.393778303,0.393778303,,2025-12-19T14:27:58Z,2008,01/01/2008,31/12/2008,,
1239923,MALARIA_EST_MORTALITY,COUNTRY,GAB,AFR,Africa,YEAR,2001,,,,,,,,,26.50 [24.66-28.71],26.49688299,24.66424555,28.7113199,,2025-12-19T14:27:58Z,2001,01/01/2001,31/12/2001,,
1243501,MALARIA_EST_MORTALITY,COUNTRY,KAZ,EUR,Europe,YEAR,2012,,,,,,,,,0 [0-0],0,0,0,,2025-12-19T14:27:58Z,2012,01/01/2012,31/12/2012,,
1244701,MALARIA_EST_MORTALITY,COUNTRY,LBR,AFR,Africa,YEAR,2013,,,,,,,,,66.01 [61.43-71.45],66.01438223,61.42849665,71.45033441,,2025-12-19T14:27:58Z,2013,01/01/2013,31/12/2013,,
1249449,MALARIA_EST_MORTALITY,COUNTRY,SSD,AFR,Africa,YEAR,2012,,,,,,,,,61.74 [46.61-80.94],61.74090574,46.60550527,80.93929663,,2025-12-19T14:27:58Z,2012,01/01/2012,31/12/2012,,
1257173,MALARIA_EST_MORTALITY,COUNTRY,STP,AFR,Africa,YEAR,2004,,,,,,,,,107.16 [107.16-107.16],107.1621065,107.1621065,107.1621065,,2025-12-19T14:27:58Z,2004,01/01/2004,31/12/2004,,
1271284,MALARIA_EST_MORTALITY,COUNTRY,GIN,AFR,Africa,YEAR,2024,,,,,,,,,69.44 [57.48-85.64],69.4351019,57.47948886,85.64001441,,2025-12-19T14:27:58Z,2024,01/01/2024,31/12/2024,,
1271565,MALARIA_EST_MORTALITY,COUNTRY,COD,AFR,Africa,YEAR,2018,,,,,,,,,86.14 [61.43-121.48],86.1432875,61.42612195,121.4826911,,2025-12-19T14:27:58Z,2018,01/01/2018,31/12/2018,,
1274305,MALARIA_EST_MORTALITY,COUNTRY,CAF,AFR,Africa,YEAR,2023,,,,,,,,,98.05 [75.73-127.28],98.05101292,75.73091868,127.2799966,,2025-12-19T14:27:58Z,2023,01/01/2023,31/12/2023,,
1281138,MALARIA_EST_MORTALITY,GLOBAL,GLOBAL,,,YEAR,2022,,,,,,,,,13.94 [12.90-16.81],13.93516386,12.90440519,16.80848931,,2025-12-19T14:27:58Z,2022,01/01/2022,31/12/2022,,
1281165,MALARIA_EST_MORTALITY,COUNTRY,HND,AMR,Americas,YEAR,2007,,,,,,,,,0.10 [0.04-0.18],0.098636561,0.042272812,0.183182185,,2025-12-19T14:27:58Z,2007,01/01/2007,31/12/2007,,
1293069,MALARIA_EST_MORTALITY,COUNTRY,MYT,AFR,Africa,YEAR,2011,,,,,,,,,0 [0-0],0,0,0,,2025-12-19T14:27:58Z,2011,01/01/2011,31/12/2011,,
1302250,MALARIA_EST_MORTALITY,COUNTRY,TCD,AFR,Africa,YEAR,2012,,,,,,,,,95.65 [86.72-105.12],95.6503724,86.71902462,105.1176393,,2025-12-19T14:27:58Z,2012,01/01/2012,31/12/2012,,
1313011,MALARIA_EST_MORTALITY,COUNTRY,TZA,AFR,Africa,YEAR,2017,,,,,,,,,41.61 [40.11-43.39],41.60969898,40.10573395,43.39217604,,2025-12-19T14:27:58Z,2017,01/01/2017,31/12/2017,,
1315181,MALARIA_EST_MORTALITY,COUNTRY,PAN,AMR,Americas,YEAR,2023,,,,,,,,,0 [0-0],0,0,0,,2025-12-19T14:27:58Z,2023,01/01/2023,31/12/2023,,
1318923,MALARIA_EST_MORTALITY,COUNTRY,KAZ,EUR,Europe,YEAR,2019,,,,,,,,,0 [0-0],0,0,0,,2025-12-19T14:27:58Z,2019,01/01/2019,31/12/2019,,
1320684,MALARIA_EST_MORTALITY,COUNTRY,MMR,SEAR,South-East Asia,YEAR,2004,,,,,,,,,6.96 [3.04-12.93],6.961952624,3.043263354,12.93143074,,2025-12-19T14:27:58Z,2004,01/01/2004,31/12/2004,,
1320874,MALARIA_EST_MORTALITY,COUNTRY,CMR,AFR,Africa,YEAR,2007,,,,,,,,,93.50 [87.25-100.31],93.49638358,87.24704009,100.3052871,,2025-12-19T14:27:58Z,2007,01/01/2007,31/12/2007,,
1325154,MALARIA_EST_MORTALITY,COUNTRY,EGY,EMR,Eastern Mediterranean,YEAR,2004,,,,,,,,,0 [0-0],0,0,0,,2025-12-19T14:27:58Z,2004,01/01/2004,31/12/2004,,
1329172,MALARIA_EST_MORTALITY,COUNTRY,VNM,WPR,Western Pacific,YEAR,2014,,,,,,,,,0.04 [0.02-0.07],0.042920462,0.020720223,0.065120701,,2025-12-19T14:27:58Z,2014,01/01/2014,31/12/2014,,
1334018,MALARIA_EST_MORTALITY,COUNTRY,SWZ,AFR,Africa,YEAR,2005,,,,,,,,,5.63 [5.63-5.63],5.626791471,5.626791471,5.626791471,,2025-12-19T14:27:58Z,2005,01/01/2005,31/12/2005,,
1336040,MALARIA_EST_MORTALITY,COUNTRY,GNQ,AFR,Africa,YEAR,2021,,,,,,,,,45.20 [37.41-59.87],45.2016334,37.41216953,59.87084273,,2025-12-19T14:27:58Z,2021,01/01/2021,31/12/2021,,
1336245,MALARIA_EST_MORTALITY,COUNTRY,VEN,AMR,Americas,YEAR,2023,,,,,,,,,0.83 [0.43-1.27],0.833897097,0.431082398,1.27204642,,2025-12-19T14:27:58Z,2023,01/01/2023,31/12/2023,,
1342585,MALARIA_EST_MORTALITY,COUNTRY,DJI,EMR,Eastern Mediterranean,YEAR,2018,,,,,,,,,5.35 [2.61-8.09],5.349423071,2.612508942,8.0863372,,2025-12-19T14:27:58Z,2018,01/01/2018,31/12/2018,,
1365128,MALARIA_EST_MORTALITY,COUNTRY,ZMB,AFR,Africa,YEAR,2016,,,,,,,,,46.88 [44.28-49.80],46.88306542,44.28173518,49.79773771,,2025-12-19T14:27:58Z,2016,01/01/2016,31/12/2016,,
1365154,MALARIA_EST_MORTALITY,COUNTRY,PAK,EMR,Eastern Mediterranean,YEAR,2003,,,,,,,,,0.60 [0.19-1.63],0.603209898,0.192954125,1.630751482,,2025-12-19T14:27:58Z,2003,01/01/2003,31/12/2003,,
1370803,MALARIA_EST_MORTALITY,COUNTRY,DOM,AMR,Americas,YEAR,2016,,,,,,,,,0.02 [0.02-0.02],0.017205965,0.017205965,0.017205965,,2025-12-19T14:27:58Z,2016,01/01/2016,31/12/2016,,
1372224,MALARIA_EST_MORTALITY,COUNTRY,ARG,AMR,Americas,YEAR,2003,,,,,,,,,0.52 [0.52-0.52],0.520505307,0.520505307,0.520505307,,2025-12-19T14:27:58Z,2003,01/01/2003,31/12/2003,,
1372458,MALARIA_EST_MORTALITY,COUNTRY,COL,AMR,Americas,YEAR,2002,,,,,,,,,1.81 [1.81-1.81],1.814621819,1.814621819,1.814621819,,2025-12-19T14:27:58Z,2002,01/01/2002,31/12/2002,,
1377200,MALARIA_EST_MORTALITY,COUNTRY,SEN,AFR,Africa,YEAR,2002,,,,,,,,,31.94 [31.22-32.70],31.94087184,31.22428034,32.69568155,,2025-12-19T14:27:58Z,2002,01/01/2002,31/12/2002,,
1379418,MALARIA_EST_MORTALITY,COUNTRY,RWA,AFR,Africa,YEAR,2021,,,,,,,,,24.43 [22.82-27.26],24.43232105,22.82228126,27.26266654,,2025-12-19T14:27:58Z,2021,01/01/2021,31/12/2021,,
1379783,MALARIA_EST_MORTALITY,COUNTRY,TJK,EUR,Europe,YEAR,2004,,,,,,,,,0 [0-0],0,0,0,,2025-12-19T14:27:58Z,2004,01/01/2004,31/12/2004,,
1379863,MALARIA_EST_MORTALITY,COUNTRY,COG,AFR,Africa,YEAR,2004,,,,,,,,,65.18 [61.51-69.36],65.17921198,61.50516862,69.35808573,,2025-12-19T14:27:58Z,2004,01/01/2004,31/12/2004,,
1380889,MALARIA_EST_MORTALITY,COUNTRY,PHL,WPR,Western Pacific,YEAR,2010,,,,,,,,,0.20 [0.08-0.36],0.202100591,0.084059538,0.363065663,,2025-12-19T14:27:58Z,2010,01/01/2010,31/12/2010,,
1386428,MALARIA_EST_MORTALITY,COUNTRY,IDN,WPR,Western Pacific,YEAR,2008,,,,,,,,,0.72 [0.34-1.21],0.717444639,0.343523986,1.209620822,,2025-12-19T14:27:58Z,2008,01/01/2008,31/12/2008,,
1393768,MALARIA_EST_MORTALITY,COUNTRY,PRK,SEAR,South-East Asia,YEAR,2001,,,,,,,,,0 [0-0],0,0,0,,2025-12-19T14:27:58Z,2001,01/01/2001,31/12/2001,,
1399846,MALARIA_EST_MORTALITY,COUNTRY,PRY,AMR,Americas,YEAR,2017,,,,,,,,,0 [0-0],0,0,0,,2025-12-19T14:27:58Z,2017,01/01/2017,31/12/2017,,
1403562,MALARIA_EST_MORTALITY,COUNTRY,NIC,AMR,Americas,YEAR,2012,,,,,,,,,0.04 [0.04-0.04],0.038512404,0.038512404,0.038512404,,2025-12-19T14:27:58Z,2012,01/01/2012,31/12/2012,,
1404321,MALARIA_EST_MORTALITY,COUNTRY,GIN,AFR,Africa,YEAR,2013,,,,,,,,,118.55 [109.40-128.56],118.5503088,109.4005892,128.5575703,,2025-12-19T14:27:58Z,2013,01/01/2013,31/12/2013,,
1411073,MALARIA_EST_MORTALITY,COUNTRY,TCD,AFR,Africa,YEAR,2020,,,,,,,,,82.66 [63.42-109.02],82.65991894,63.41809624,109.0217825,,2025-12-19T14:27:58Z,2020,01/01/2020,31/12/2020,,
1411614,MALARIA_EST_MORTALITY,COUNTRY,ZAF,AFR,Africa,YEAR,2011,,,,,,,,,1.02 [1.02-1.02],1.018960208,1.018960208,1.018960208,,2025-12-19T14:27:58Z,2011,01/01/2011,31/12/2011,,
1414035,MALARIA_EST_MORTALITY,COUNTRY,AGO,AFR,Africa,YEAR,2019,,,,,,,,,47.11 [32.96-70.39],47.11259382,32.9598199,70.3864252,,2025-12-19T14:27:58Z,2019,01/01/2019,31/12/2019,,
1423596,MALARIA_EST_MORTALITY,REGION,EUR,,,YEAR,2002,,,,,,,,,0 [0-0],0,0,0,,2025-12-19T14:27:58Z,2002,01/01/2002,31/12/2002,,
1423718,MALARIA_EST_MORTALITY,COUNTRY,MMR,SEAR,South-East Asia,YEAR,2018,,,,,,,,,0.36 [0.18-0.59],0.360106126,0.175661525,0.586270339,,2025-12-19T14:27:58Z,2018,01/01/2018,31/12/2018,,
1437547,MALARIA_EST_MORTALITY,REGION,EUR,,,YEAR,2015,,,,,,,,,0 [0-0],0,0,0,,2025-12-19T14:27:58Z,2015,01/01/2015,31/12/2015,,
1437741,MALARIA_EST_MORTALITY,COUNTRY,KEN,AFR,Africa,YEAR,2001,,,,,,,,,43.05 [41.35-44.91],43.05299601,41.34833394,44.90630209,,2025-12-19T14:27:58Z,2001,01/01/2001,31/12/2001,,
1450833,MALARIA_EST_MORTALITY,COUNTRY,BGD,SEAR,South-East Asia,YEAR,2023,,,,,,,,,0.17 [0.08-0.27],0.167757614,0.081173039,0.270576797,,2025-12-19T14:27:58Z,2023,01/01/2023,31/12/2023,,
1457987,MALARIA_EST_MORTALITY,COUNTRY,LKA,SEAR,South-East Asia,YEAR,2009,,,,,,,,,0 [0-0],0,0,0,,2025-12-19T14:27:58Z,2009,01/01/2009,31/12/2009,,
1463150,MALARIA_EST_MORTALITY,COUNTRY,KEN,AFR,Africa,YEAR,2014,,,,,,,,,22.57 [22.05-23.13],22.56824108,22.05142771,23.12631266,,2025-12-19T14:27:58Z,2014,01/01/2014,31/12/2014,,
1463395,MALARIA_EST_MORTALITY,COUNTRY,GEO,EUR,Europe,YEAR,2008,,,,,,,,,0 [0-0],0,0,0,,2025-12-19T14:27:58Z,2008,01/01/2008,31/12/2008,,
1476612,MALARIA_EST_MORTALITY,COUNTRY,KEN,AFR,Africa,YEAR,2015,,,,,,,,,22.13 [21.64-22.67],22.13490395,21.6379676,22.6679425,,2025-12-19T14:27:58Z,2015,01/01/2015,31/12/2015,,
1477519,MALARIA_EST_MORTALITY,COUNTRY,TLS,SEAR,South-East Asia,YEAR,2018,,,,,,,,,0 [0-0],0,0,0,,2025-12-19T14:27:58Z,2018,01/01/2018,31/12/2018,,
1481385,MALARIA_EST_MORTALITY,COUNTRY,ARG,AMR,Americas,YEAR,2010,,,,,,,,,0 [0-0],0,0,0,,2025-12-19T14:27:58Z,2010,01/01/2010,31/12/2010,,
1481685,MALARIA_EST_MORTALITY,COUNTRY,SLE,AFR,Africa,YEAR,2006,,,,,,,,,193.10 [181.01-205.57],193.1027763,181.0127397,205.5661817,,2025-12-19T14:27:58Z,2006,01/01/2006,31/12/2006,,
1501348,MALARIA_EST_MORTALITY,REGION,EMR,,,YEAR,2001,,,,,,,,,4.07 [2.55-7.48],4.068024655,2.551541884,7.478001787,,2025-12-19T14:27:58Z,2001,01/01/2001,31/12/2001,,
1505702,MALARIA_EST_MORTALITY,COUNTRY,CAF,AFR,Africa,YEAR,2006,,,,,,,,,168.22 [153.01-184.67],168.2208362,153.0069474,184.6688546,,2025-12-19T14:27:58Z,2006,01/01/2006,31/12/2006,,
1507775,MALARIA_EST_MORTALITY,COUNTRY,GTM,AMR,Americas,YEAR,2016,,,,,,,,,0.02 [0-0.02],0.016284507,0,0.024426761,,2025-12-19T14:27:58Z,2016,01/01/2016,31/12/2016,,
1508243,MALARIA_EST_MORTALITY,COUNTRY,NER,AFR,Africa,YEAR,2013,,,,,,,,,169.87 [155.05-186.77],169.8659463,155.0490451,186.772222,,2025-12-19T14:27:58Z,2013,01/01/2013,31/12/2013,,
1515091,MALARIA_EST_MORTALITY,COUNTRY,KAZ,EUR,Europe,YEAR,2015,,,,,,,,,0 [0-0],0,0,0,,2025-12-19T14:27:58Z,2015,01/01/2015,31/12/2015,,
1521473,MALARIA_EST_MORTALITY,REGION,SEAR,,,YEAR,2006,,,,,,,,,2.39 [1.27-3.86],2.389649893,1.273267125,3.863464909,,2025-12-19T14:27:58Z,2006,01/01/2006,31/12/2006,,
1528039,MALARIA_EST_MORTALITY,COUNTRY,SSD,AFR,Africa,YEAR,2010,,,,,,,,,70.13 [55.54-87.62],70.13167414,55.54074599,87.6158545,,2025-12-19T14:27:58Z,2010,01/01/2010,31/12/2010,,
1555909,MALARIA_EST_MORTALITY,COUNTRY,ZWE,AFR,Africa,YEAR,2021,,,,,,,,,7.04 [2.63-13.47],7.042282394,2.628797195,13.47359052,,2025-12-19T14:27:58Z,2021,01/01/2021,31/12/2021,,
1559673,MALARIA_EST_MORTALITY,COUNTRY,VEN,AMR,Americas,YEAR,2015,,,,,,,,,0.98 [0.51-1.50],0.981226777,0.510074386,1.504547724,,2025-12-19T14:27:58Z,2015,01/01/2015,31/12/2015,,
1564849,MALARIA_EST_MORTALITY,COUNTRY,SLE,AFR,Africa,YEAR,2014,,,,,,,,,154.66 [141.82-168.68],154.6597522,141.8183391,168.6787462,,2025-12-19T14:27:58Z,2014,01/01/2014,31/12/2014,,
1576694,MALARIA_EST_MORTALITY,COUNTRY,BLZ,AMR,Americas,YEAR,2019,,,,,,,,,0 [0-0],0,0,0,,2025-12-19T14:27:58Z,2019,01/01/2019,31/12/2019,,
1581482,MALARIA_EST_MORTALITY,COUNTRY,BDI,AFR,Africa,YEAR,2001,,,,,,,,,178.95 [164.90-194.46],178.9470432,164.8985999,194.4571937,,2025-12-19T14:27:58Z,2001,01/01/2001,31/12/2001,,
1582001,MALARIA_EST_MORTALITY,COUNTRY,BDI,AFR,Africa,YEAR,2007,,,,,,,,,68.11 [63.44-73.35],68.10935822,63.44131262,73.35325196,,2025-12-19T14:27:58Z,2007,01/01/2007,31/12/2007,,
1589752,MALARIA_EST_MORTALITY,COUNTRY,OMN,EMR,Eastern Mediterranean,YEAR,2024,,,,,,,,,0 [0-0],0,0,0,,2025-12-19T14:27:58Z,2024,01/01/2024,31/12/2024,,
1620502,MALARIA_EST_MORTALITY,COUNTRY,IRN,EMR,Eastern Mediterranean,YEAR,2009,,,,,,,,,0 [0-0],0,0,0,,2025-12-19T14:27:58Z,2009,01/01/2009,31/12/2009,,
1621969,MALARIA_EST_MORTALITY,COUNTRY,MLI,AFR,Africa,YEAR,2007,,,,,,,,,140.78 [132.22-149.73],140.7754651,132.2193422,149.7325833,,2025-12-19T14:27:58Z,2007,01/01/2007,31/12/2007,,
1627028,MALARIA_EST_MORTALITY,COUNTRY,ZAF,AFR,Africa,YEAR,2018,,,,,,,,,1.18 [1.18-1.18],1.177213246,1.177213246,1.177213246,,2025-12-19T14:27:58Z,2018,01/01/2018,31/12/2018,,
1634242,MALARIA_EST_MORTALITY,COUNTRY,COD,AFR,Africa,YEAR,2000,,,,,,,,,184.54 [168.81-203.02],184.5431052,168.8146307,203.0236495,,2025-12-19T14:27:58Z,2000,01/01/2000,31/12/2000,,
1638460,MALARIA_EST_MORTALITY,COUNTRY,SWZ,AFR,Africa,YEAR,2006,,,,,,,,,8.89 [8.89-8.89],8.892050507,8.892050507,8.892050507,,2025-12-19T14:27:58Z,2006,01/01/2006,31/12/2006,,
1645977,MALARIA_EST_MORTALITY,COUNTRY,NAM,AFR,Africa,YEAR,2022,,,,,,,,,1.22 [1.22-1.22],1.220751556,1.220751556,1.220751556,,2025-12-19T14:27:58Z,2022,01/01/2022,31/12/2022,,
1648230,MALARIA_EST_MORTALITY,COUNTRY,GEO,EUR,Europe,YEAR,2018,,,,,,,,,0 [0-0],0,0,0,,2025-12-19T14:27:58Z,2018,01/01/2018,31/12/2018,,
1652844,MALARIA_EST_MORTALITY,REGION,WPR,,,YEAR,2009,,,,,,,,,0.68 [0.39-1.10],0.680418487,0.386818805,1.101492608,,2025-12-19T14:27:58Z,2009,01/01/2009,31/12/2009,,
1660382,MALARIA_EST_MORTALITY,COUNTRY,MWI,AFR,Africa,YEAR,2018,,,,,,,,,37.35 [33.59-42.43],37.35411131,33.58672169,42.42749155,,2025-12-19T14:27:58Z,2018,01/01/2018,31/12/2018,,
1670208,MALARIA_EST_MORTALITY,COUNTRY,CPV,AFR,Africa,YEAR,2017,,,,,,,,,1.50 [1.50-1.50],1.499790029,1.499790029,1.499790029,,2025-12-19T14:27:58Z,2017,01/01/2017,31/12/2017,,
1671280,MALARIA_EST_MORTALITY,COUNTRY,IRQ,EMR,Eastern Mediterranean,YEAR,2015,,,,,,,,,0 [0-0],0,0,0,,2025-12-19T14:27:58Z,2015,01/01/2015,31/12/2015,,
1673365,MALARIA_EST_MORTALITY,COUNTRY,SAU,EMR,Eastern Mediterranean,YEAR,2008,,,,,,,,,0 [0-0],0,0,0,,2025-12-19T14:27:58Z,2008,01/01/2008,31/12/2008,,
1701778,MALARIA_EST_MORTALITY,COUNTRY,EGY,EMR,Eastern Mediterranean,YEAR,2018,,,,,,,,,0 [0-0],0,0,0,,2025-12-19T14:27:58Z,2018,01/01/2018,31/12/2018,,
1701993,MALARIA_EST_MORTALITY,COUNTRY,ETH,AFR,Africa,YEAR,2012,,,,,,,,,30.57 [11.06-68.42],30.57112933,11.05699338,68.41581574,,2025-12-19T14:27:58Z,2012,01/01/2012,31/12/2012,,
1703571,MALARIA_EST_MORTALITY,COUNTRY,PAK,EMR,Eastern Mediterranean,YEAR,2001,,,,,,,,,0.73 [0.23-1.90],0.730613106,0.227358624,1.902531856,,2025-12-19T14:27:58Z,2001,01/01/2001,31/12/2001,,
1708670,MALARIA_EST_MORTALITY,COUNTRY,OMN,EMR,Eastern Mediterranean,YEAR,2019,,,,,,,,,0 [0-0],0,0,0,,2025-12-19T14:27:58Z,2019,01/01/2019,31/12/2019,,
1708810,MALARIA_EST_MORTALITY,COUNTRY,PER,AMR,Americas,YEAR,2012,,,,,,,,,0.21 [0.09-0.33],0.20678601,0.094776921,0.327411183,,2025-12-19T14:27:58Z,2012,01/01/2012,31/12/2012,,
1710632,MALARIA_EST_MORTALITY,COUNTRY,SSD,AFR,Africa,YEAR,2001,,,,,,,,,181.03 [157.93-206.17],181.0287282,157.9325061,206.1698458,,2025-12-19T14:27:58Z,2001,01/01/2001,31/12/2001,,
1714168,MALARIA_EST_MORTALITY,COUNTRY,SYR,EMR,Eastern Mediterranean,YEAR,2005,,,,,,,,,0 [0-0],0,0,0,,2025-12-19T14:27:58Z,2005,01/01/2005,31/12/2005,,
1716659,MALARIA_EST_MORTALITY,COUNTRY,BFA,AFR,Africa,YEAR,2017,,,,,,,,,86.12 [69.67-107.51],86.12470832,69.67272259,107.513006,,2025-12-19T14:27:58Z,2017,01/01/2017,31/12/2017,,
1728382,MALARIA_EST_MORTALITY,COUNTRY,NIC,AMR,Americas,YEAR,2009,,,,,,,,,0 [0-0],0,0,0,,2025-12-19T14:27:58Z,2009,01/01/2009,31/12/2009,,
1735503,MALARIA_EST_MORTALITY,COUNTRY,SLV,AMR,Americas,YEAR,2015,,,,,,,,,0 [0-0],0,0,0,,2025-12-19T14:27:58Z,2015,01/01/2015,31/12/2015,,
1735803,MALARIA_EST_MORTALITY,COUNTRY,NPL,SEAR,South-East Asia,YEAR,2010,,,,,,,,,0.08 [0.08-0.08],0.075562002,0.075562002,0.075562002,,2025-12-19T14:27:58Z,2010,01/01/2010,31/12/2010,,
1745901,MALARIA_EST_MORTALITY,COUNTRY,NER,AFR,Africa,YEAR,2001,,,,,,,,,186.62 [174.83-199.83],186.6173875,174.8311145,199.8299673,,2025-12-19T14:27:58Z,2001,01/01/2001,31/12/2001,,
1746431,MALARIA_EST_MORTALITY,COUNTRY,BOL,AMR,Americas,YEAR,2001,,,,,,,,,0.23 [0.10-0.43],0.226651553,0.100734024,0.4281196,,2025-12-19T14:27:58Z,2001,01/01/2001,31/12/2001,,
1746468,MALARIA_EST_MORTALITY,COUNTRY,KOR,WPR,Western Pacific,YEAR,2020,,,,,,,,,0 [0-0],0,0,0,,2025-12-19T14:27:58Z,2020,01/01/2020,31/12/2020,,
1758873,MALARIA_EST_MORTALITY,REGION,SEAR,,,YEAR,2005,,,,,,,,,3.10 [1.65-5.00],3.101759201,1.654556798,5.000671291,,2025-12-19T14:27:58Z,2005,01/01/2005,31/12/2005,,
1758991,MALARIA_EST_MORTALITY,COUNTRY,CRI,AMR,Americas,YEAR,2024,,,,,,,,,0 [0-0],0,0,0,,2025-12-19T14:27:58Z,2024,01/01/2024,31/12/2024,,
1761400,MALARIA_EST_MORTALITY,COUNTRY,NIC,AMR,Americas,YEAR,2015,,,,,,,,,0.02 [0.02-0.02],0.018479213,0.018479213,0.018479213,,2025-12-19T14:27:58Z,2015,01/01/2015,31/12/2015,,
1768323,MALARIA_EST_MORTALITY,REGION,AMR,,,YEAR,2005,,,,,,,,,0.54 [0.43-0.71],0.541150712,0.425020559,0.711020685,,2025-12-19T14:27:58Z,2005,01/01/2005,31/12/2005,,
1768547,MALARIA_EST_MORTALITY,COUNTRY,COD,AFR,Africa,YEAR,2010,,,,,,,,,124.15 [105.37-145.45],124.1529018,105.3669049,145.4457524,,2025-12-19T14:27:58Z,2010,01/01/2010,31/12/2010,,
1768616,MALARIA_EST_MORTALITY,COUNTRY,SAU,EMR,Eastern Mediterranean,YEAR,2011,,,,,,,,,0 [0-0],0,0,0,,2025-12-19T14:27:58Z,2011,01/01/2011,31/12/2011,,
1771340,MALARIA_EST_MORTALITY,COUNTRY,IRQ,EMR,Eastern Mediterranean,YEAR,2023,,,,,,,,,0 [0-0],0,0,0,,2025-12-19T14:27:58Z,2023,01/01/2023,31/12/2023,,
1781192,MALARIA_EST_MORTALITY,COUNTRY,LKA,SEAR,South-East Asia,YEAR,2020,,,,,,,,,0 [0-0],0,0,0,,2025-12-19T14:27:58Z,2020,01/01/2020,31/12/2020,,
1784492,MALARIA_EST_MORTALITY,COUNTRY,ZAF,AFR,Africa,YEAR,2007,,,,,,,,,0.73 [0.73-0.73],0.732258852,0.732258852,0.732258852,,2025-12-19T14:27:58Z,2007,01/01/2007,31/12/2007,,
1792776,MALARIA_EST_MORTALITY,COUNTRY,SLE,AFR,Africa,YEAR,2012,,,,,,,,,194.87 [180.55-210.18],194.8686323,180.5503825,210.179085,,2025-12-19T14:27:58Z,2012,01/01/2012,31/12/2012,,
1793386,MALARIA_EST_MORTALITY,COUNTRY,MRT,AFR,Africa,YEAR,2015,,,,,,,,,18.94 [18.26-19.69],18.93615616,18.25536226,19.69259382,,2025-12-19T14:27:58Z,2015,01/01/2015,31/12/2015,,
1803052,MALARIA_EST_MORTALITY,COUNTRY,GIN,AFR,Africa,YEAR,2022,,,,,,,,,73.16 [61.79-88.31],73.16186246,61.78523909,88.3093491,,2025-12-19T14:27:58Z,2022,01/01/2022,31/12/2022,,
1805199,MALARIA_EST_MORTALITY,COUNTRY,MEX,AMR,Americas,YEAR,2008,,,,,,,,,0 [0-0],0,0,0,,2025-12-19T14:27:58Z,2008,01/01/2008,31/12/2008,,
1810475,MALARIA_EST_MORTALITY,COUNTRY,PHL,WPR,Western Pacific,YEAR,2019,,,,,,,,,0.05 [0.02-0.09],0.048204369,0.018659756,0.087078859,,2025-12-19T14:27:58Z,2019,01/01/2019,31/12/2019,,
1811340,MALARIA_EST_MORTALITY,COUNTRY,MEX,AMR,Americas,YEAR,2016,,,,,,,,,0 [0-0],0,0,0,,2025-12-19T14:27:58Z,2016,01/01/2016,31/12/2016,,
1817203,MALARIA_EST_MORTALITY,COUNTRY,CIV,AFR,Africa,YEAR,2015,,,,,,,,,38.29 [35.45-41.39],38.29069574,35.44671937,41.39223417,,2025-12-19T14:27:58Z,2015,01/01/2015,31/12/2015,,
1819655,MALARIA_EST_MORTALITY,COUNTRY,VNM,WPR,Western Pacific,YEAR,2024,,,,,,,,,0 [0-0],0,0,0,,2025-12-19T14:27:58Z,2024,01/01/2024,31/12/2024,,
1825080,MALARIA_EST_MORTALITY,COUNTRY,ERI,AFR,Africa,YEAR,2012,,,,,,,,,2.80 [1.15-5.17],2.798825679,1.151634448,5.169595665,,2025-12-19T14:27:58Z,2012,01/01/2012,31/12/2012,,
1825911,MALARIA_EST_MORTALITY,REGION,AFR,,,YEAR,2017,,,,,,,,,58.91 [55.19-65.44],58.91465302,55.19137194,65.44264248,,2025-12-19T14:27:58Z,2017,01/01/2017,31/12/2017,,
1831713,MALARIA_EST_MORTALITY,COUNTRY,UZB,EUR,Europe,YEAR,2004,,,,,,,,,0 [0-0],0,0,0,,2025-12-19T14:27:58Z,2004,01/01/2004,31/12/2004,,
1835045,MALARIA_EST_MORTALITY,REGION,EUR,,,YEAR,2001,,,,,,,,,0 [0-0],0,0,0,,2025-12-19T14:27:58Z,2001,01/01/2001,31/12/2001,,
1836830,MALARIA_EST_MORTALITY,COUNTRY,GTM,AMR,Americas,YEAR,2012,,,,,,,,,0.02 [0-0.03],0.017556989,0,0.026335483,,2025-12-19T14:27:58Z,2012,01/01/2012,31/12/2012,,
1838265,MALARIA_EST_MORTALITY,COUNTRY,DJI,EMR,Eastern Mediterranean,YEAR,2011,,,,,,,,,0.70 [0.28-1.41],0.702897766,0.281159107,1.405795533,,2025-12-19T14:27:58Z,2011,01/01/2011,31/12/2011,,
1841625,MALARIA_EST_MORTALITY,COUNTRY,BRA,AMR,Americas,YEAR,2010,,,,,,,,,0.19 [0.19-0.19],0.193278531,0.193278531,0.193278531,,2025-12-19T14:27:58Z,2010,01/01/2010,31/12/2010,,
1867944,MALARIA_EST_MORTALITY,COUNTRY,BGD,SEAR,South-East Asia,YEAR,2018,,,,,,,,,0.15 [0.07-0.24],0.147535083,0.068093115,0.238325904,,2025-12-19T14:27:58Z,2018,01/01/2018,31/12/2018,,
1886501,MALARIA_EST_MORTALITY,COUNTRY,GUY,AMR,Americas,YEAR,2020,,,,,,,,,3.10 [1.61-4.83],3.09604808,1.606848954,4.829835005,,2025-12-19T14:27:58Z,2020,01/01/2020,31/12/2020,,
1901846,MALARIA_EST_MORTALITY,COUNTRY,GAB,AFR,Africa,YEAR,2007,,,,,,,,,16.90 [16.13-17.80],16.89973956,16.12864879,17.79934547,,2025-12-19T14:27:58Z,2007,01/01/2007,31/12/2007,,
1907890,MALARIA_EST_MORTALITY,COUNTRY,IDN,WPR,Western Pacific,YEAR,2001,,,,,,,,,0.72 [0.34-1.21],0.717487476,0.340943476,1.212711298,,2025-12-19T14:27:58Z,2001,01/01/2001,31/12/2001,,
1926080,MALARIA_EST_MORTALITY,COUNTRY,NAM,AFR,Africa,YEAR,2009,,,,,,,,,4.12 [4.12-4.12],4.123883898,4.123883898,4.123883898,,2025-12-19T14:27:58Z,2009,01/01/2009,31/12/2009,,
1931500,MALARIA_EST_MORTALITY,COUNTRY,GMB,AFR,Africa,YEAR,2020,,,,,,,,,24.25 [22.98-25.84],24.24740622,22.97541114,25.83740007,,2025-12-19T14:27:58Z,2020,01/01/2020,31/12/2020,,
1932351,MALARIA_EST_MORTALITY,COUNTRY,MDG,AFR,Africa,YEAR,2003,,,,,,,,,16.14 [0.38-42.92],16.14112288,0.381670878,42.91770744,,2025-12-19T14:27:58Z,2003,01/01/2003,31/12/2003,,
1932426,MALARIA_EST_MORTALITY,COUNTRY,TGO,AFR,Africa,YEAR,2024,,,,,,,,,36.64 [30.47-45.11],36.63598429,30.46693014,45.10687335,,2025-12-19T14:27:58Z,2024,01/01/2024,31/12/2024,,
1936588,MALARIA_EST_MORTALITY,COUNTRY,IDN,WPR,Western Pacific,YEAR,2000,,,,,,,,,0.72 [0.34-1.21],0.717334253,0.34199489,1.21437747,,2025-12-19T14:27:58Z,2000,01/01/2000,31/12/2000,,
1937456,MALARIA_EST_MORTALITY,COUNTRY,GMB,AFR,Africa,YEAR,2010,,,,,,,,,29.22 [28.03-30.52],29.22202458,28.02822962,30.51962781,,2025-12-19T14:27:58Z,2010,01/01/2010,31/12/2010,,
1939639,MALARIA_EST_MORTALITY,COUNTRY,SSD,AFR,Africa,YEAR,2017,,,,,,,,,76.25 [46.21-123.95],76.25385838,46.21214831,123.9480979,,2025-12-19T14:27:58Z,2017,01/01/2017,31/12/2017,,
1944950,MALARIA_EST_MORTALITY,GLOBAL,GLOBAL,,,YEAR,2006,,,,,,,,,22.97 [22.02-24.39],22.97280585,22.02238574,24.38716392,,2025-12-19T14:27:58Z,2006,01/01/2006,31/12/2006,,
1945257,MALARIA_EST_MORTALITY,COUNTRY,BWA,AFR,Africa,YEAR,2020,,,,,,,,,0.70 [0.70-0.70],0.701289097,0.701289097,0.701289097,,2025-12-19T14:27:58Z,2020,01/01/2020,31/12/2020,,
1946440,MALARIA_EST_MORTALITY,COUNTRY,HTI,AMR,Americas,YEAR,2010,,,,,,,,,2.48 [0.96-5.00],2.477605076,0.959072933,5.00116573,,2025-12-19T14:27:58Z,2010,01/01/2010,31/12/2010,,
1946695,MALARIA_EST_MORTALITY,COUNTRY,VNM,WPR,Western Pacific,YEAR,2005,,,,,,,,,0.13 [0.06-0.22],0.132192807,0.063586414,0.220879121,,2025-12-19T14:27:58Z,2005,01/01/2005,31/12/2005,,
1949445,MALARIA_EST_MORTALITY,COUNTRY,GEO,EUR,Europe,YEAR,2009,,,,,,,,,0 [0-0],0,0,0,,2025-12-19T14:27:58Z,2009,01/01/2009,31/12/2009,,
1950138,MALARIA_EST_MORTALITY,COUNTRY,NPL,SEAR,South-East Asia,YEAR,2011,,,,,,,,,0.03 [0.03-0.03],0.025074952,0.025074952,0.025074952,,2025-12-19T14:27:58Z,2011,01/01/2011,31/12/2011,,
1951609,MALARIA_EST_MORTALITY,COUNTRY,LBR,AFR,Africa,YEAR,2011,,,,,,,,,71.76 [67.16-76.99],71.75722038,67.1613469,76.99272573,,2025-12-19T14:27:58Z,2011,01/01/2011,31/12/2011,,
1955664,MALARIA_EST_MORTALITY,COUNTRY,ARM,EUR,Europe,YEAR,2009,,,,,,,,,0 [0-0],0,0,0,,2025-12-19T14:27:58Z,2009,01/01/2009,31/12/2009,,
1956604,MALARIA_EST_MORTALITY,COUNTRY,IDN,WPR,Western Pacific,YEAR,2006,,,,,,,,,0.84 [0.43-1.27],0.83649762,0.428721059,1.272495823,,2025-12-19T14:27:58Z,2006,01/01/2006,31/12/2006,,
1970982,MALARIA_EST_MORTALITY,COUNTRY,VEN,AMR,Americas,YEAR,2004,,,,,,,,,0.27 [0.27-0.27],0.26574705,0.26574705,0.26574705,,2025-12-19T14:27:58Z,2004,01/01/2004,31/12/2004,,
1975785,MALARIA_EST_MORTALITY,COUNTRY,BOL,AMR,Americas,YEAR,2002,,,,,,,,,0.22 [0.07-0.37],0.22289233,0.074297443,0.371487217,,2025-12-19T14:27:58Z,2002,01/01/2002,31/12/2002,,
1976142,MALARIA_EST_MORTALITY,COUNTRY,GEO,EUR,Europe,YEAR,2011,,,,,,,,,0 [0-0],0,0,0,,2025-12-19T14:27:58Z,2011,01/01/2011,31/12/2011,,
1978186,MALARIA_EST_MORTALITY,COUNTRY,MDG,AFR,Africa,YEAR,2006,,,,,,,,,8.35 [0.32-21.48],8.34730929,0.324237469,21.47937026,,2025-12-19T14:27:58Z,2006,01/01/2006,31/12/2006,,
1983499,MALARIA_EST_MORTALITY,COUNTRY,IND,SEAR,South-East Asia,YEAR,2024,,,,,,,,,0.25 [0.12-0.42],0.253069434,0.119490669,0.424202937,,2025-12-19T14:27:58Z,2024,01/01/2024,31/12/2024,,
1988893,MALARIA_EST_MORTALITY,COUNTRY,UZB,EUR,Europe,YEAR,2013,,,,,,,,,0 [0-0],0,0,0,,2025-12-19T14:27:58Z,2013,01/01/2013,31/12/2013,,
1990343,MALARIA_EST_MORTALITY,COUNTRY,AGO,AFR,Africa,YEAR,2024,,,,,,,,,43.25 [30.12-67.36],43.24833792,30.11678582,67.35522807,,2025-12-19T14:27:58Z,2024,01/01/2024,31/12/2024,,
1994288,MALARIA_EST_MORTALITY,COUNTRY,NGA,AFR,Africa,YEAR,2007,,,,,,,,,151.15 [141.20-161.52],151.1457819,141.2029866,161.5191975,,2025-12-19T14:27:58Z,2007,01/01/2007,31/12/2007,,
2001927,MALARIA_EST_MORTALITY,COUNTRY,GAB,AFR,Africa,YEAR,2000,,,,,,,,,28.38 [26.26-30.81],28.37942507,26.26272762,30.80970733,,2025-12-19T14:27:58Z,2000,01/01/2000,31/12/2000,,
2003491,MALARIA_EST_MORTALITY,COUNTRY,PAN,AMR,Americas,YEAR,2019,,,,,,,,,0 [0-0],0,0,0,,2025-12-19T14:27:58Z,2019,01/01/2019,31/12/2019,,
2006332,MALARIA_EST_MORTALITY,COUNTRY,CIV,AFR,Africa,YEAR,2003,,,,,,,,,180.92 [169.38-193.44],180.9151343,169.3754614,193.4428839,,2025-12-19T14:27:58Z,2003,01/01/2003,31/12/2003,,
2009592,MALARIA_EST_MORTALITY,COUNTRY,BFA,AFR,Africa,YEAR,2012,,,,,,,,,182.62 [162.21-204.93],182.6198223,162.2148523,204.9291687,,2025-12-19T14:27:58Z,2012,01/01/2012,31/12/2012,,
2019518,MALARIA_EST_MORTALITY,COUNTRY,MEX,AMR,Americas,YEAR,2024,,,,,,,,,0.04 [0.04-0.04],0.036045739,0.036045739,0.036045739,,2025-12-19T14:27:58Z,2024,01/01/2024,31/12/2024,,
2020628,MALARIA_EST_MORTALITY,COUNTRY,ARM,EUR,Europe,YEAR,2002,,,,,,,,,0 [0-0],0,0,0,,2025-12-19T14:27:58Z,2002,01/01/2002,31/12/2002,,
2025474,MALARIA_EST_MORTALITY,COUNTRY,ARE,EMR,Eastern Mediterranean,YEAR,2015,,,,,,,,,0 [0-0],0,0,0,,2025-12-19T14:27:58Z,2015,01/01/2015,31/12/2015,,
2028181,MALARIA_EST_MORTALITY,COUNTRY,MMR,SEAR,South-East Asia,YEAR,2008,,,,,,,,,7.64 [3.48-13.66],7.644610932,3.479448342,13.65985001,,2025-12-19T14:27:58Z,2008,01/01/2008,31/12/2008,,
2047262,MALARIA_EST_MORTALITY,COUNTRY,GTM,AMR,Americas,YEAR,2007,,,,,,,,,0.06 [0.02-0.11],0.058217395,0.019405798,0.106731891,,2025-12-19T14:27:58Z,2007,01/01/2007,31/12/2007,,
2052960,MALARIA_EST_MORTALITY,COUNTRY,MYS,WPR,Western Pacific,YEAR,2018,,,,,,,,,0 [0-0],0,0,0,,2025-12-19T14:27:58Z,2018,01/01/2018,31/12/2018,,
2059658,MALARIA_EST_MORTALITY,COUNTRY,GHA,AFR,Africa,YEAR,2021,,,,,,,,,34.97 [32.91-37.88],34.97376045,32.91033011,37.87678553,,2025-12-19T14:27:58Z,2021,01/01/2021,31/12/2021,,
2065613,MALARIA_EST_MORTALITY,COUNTRY,BDI,AFR,Africa,YEAR,2002,,,,,,,,,158.31 [145.76-171.99],158.3058475,145.7621277,171.9925699,,2025-12-19T14:27:58Z,2002,01/01/2002,31/12/2002,,
2070239,MALARIA_EST_MORTALITY,COUNTRY,EGY,EMR,Eastern Mediterranean,YEAR,2020,,,,,,,,,0 [0-0],0,0,0,,2025-12-19T14:27:58Z,2020,01/01/2020,31/12/2020,,
2070250,MALARIA_EST_MORTALITY,COUNTRY,NER,AFR,Africa,YEAR,2017,,,,,,,,,149.18 [133.75-167.47],149.1828068,133.754973,167.4656081,,2025-12-19T14:27:58Z,2017,01/01/2017,31/12/2017,,
2073208,MALARIA_EST_MORTALITY,COUNTRY,ERI,AFR,Africa,YEAR,2010,,,,,,,,,5.47 [2.21-10.12],5.466547783,2.206991341,10.11820646,,2025-12-19T14:27:58Z,2010,01/01/2010,31/12/2010,,
2076572,MALARIA_EST_MORTALITY,COUNTRY,KEN,AFR,Africa,YEAR,2019,,,,,,,,,21.25 [20.79-21.80],21.2546858,20.78596168,21.80348362,,2025-12-19T14:27:58Z,2019,01/01/2019,31/12/2019,,
2076648,MALARIA_EST_MORTALITY,COUNTRY,GEO,EUR,Europe,YEAR,2012,,,,,,,,,0 [0-0],0,0,0,,2025-12-19T14:27:58Z,2012,01/01/2012,31/12/2012,,
2082838,MALARIA_EST_MORTALITY,COUNTRY,MYS,WPR,Western Pacific,YEAR,2016,,,,,,,,,0.16 [0.16-0.16],0.157283772,0.157283772,0.157283772,,2025-12-19T14:27:58Z,2016,01/01/2016,31/12/2016,,
2083830,MALARIA_EST_MORTALITY,COUNTRY,ERI,AFR,Africa,YEAR,2009,,,,,,,,,1.42 [0.55-2.56],1.419724123,0.554038682,2.562428906,,2025-12-19T14:27:58Z,2009,01/01/2009,31/12/2009,,
2088877,MALARIA_EST_MORTALITY,COUNTRY,SYR,EMR,Eastern Mediterranean,YEAR,2018,,,,,,,,,0 [0-0],0,0,0,,2025-12-19T14:27:58Z,2018,01/01/2018,31/12/2018,,
2097505,MALARIA_EST_MORTALITY,COUNTRY,BRA,AMR,Americas,YEAR,2011,,,,,,,,,0.18 [0.18-0.18],0.176576827,0.176576827,0.176576827,,2025-12-19T14:27:58Z,2011,01/01/2011,31/12/2011,,
2101307,MALARIA_EST_MORTALITY,COUNTRY,YEM,EMR,Eastern Mediterranean,YEAR,2013,,,,,,,,,9.47 [4.02-17.84],9.466261338,4.022896056,17.84080197,,2025-12-19T14:27:58Z,2013,01/01/2013,31/12/2013,,
2110324,MALARIA_EST_MORTALITY,COUNTRY,IND,SEAR,South-East Asia,YEAR,2012,,,,,,,,,1.18 [0.57-1.93],1.180036595,0.574316839,1.926866514,,2025-12-19T14:27:58Z,2012,01/01/2012,31/12/2012,,
2111248,MALARIA_EST_MORTALITY,COUNTRY,MEX,AMR,Americas,YEAR,2012,,,,,,,,,0 [0-0],0,0,0,,2025-12-19T14:27:58Z,2012,01/01/2012,31/12/2012,,
2115172,MALARIA_EST_MORTALITY,COUNTRY,GTM,AMR,Americas,YEAR,2014,,,,,,,,,0.02 [0-0.03],0.016894108,0,0.025341162,,2025-12-19T14:27:58Z,2014,01/01/2014,31/12/2014,,
2121069,MALARIA_EST_MORTALITY,COUNTRY,KGZ,EUR,Europe,YEAR,2020,,,,,,,,,0 [0-0],0,0,0,,2025-12-19T14:27:58Z,2020,01/01/2020,31/12/2020,,
2129857,MALARIA_EST_MORTALITY,COUNTRY,AFG,EMR,Eastern Mediterranean,YEAR,2009,,,,,,,,,0.66 [0.25-1.32],0.65547536,0.249929454,1.31566637,,2025-12-19T14:27:58Z,2009,01/01/2009,31/12/2009,,
2133435,MALARIA_EST_MORTALITY,COUNTRY,TKM,EUR,Europe,YEAR,2011,,,,,,,,,0 [0-0],0,0,0,,2025-12-19T14:27:58Z,2011,01/01/2011,31/12/2011,,
2147320,MALARIA_EST_MORTALITY,COUNTRY,MWI,AFR,Africa,YEAR,2004,,,,,,,,,95.14 [90.64-99.89],95.13839064,90.64265571,99.89011048,,2025-12-19T14:27:58Z,2004,01/01/2004,31/12/2004,,
2152909,MALARIA_EST_MORTALITY,COUNTRY,LKA,SEAR,South-East Asia,YEAR,2014,,,,,,,,,0 [0-0],0,0,0,,2025-12-19T14:27:58Z,2014,01/01/2014,31/12/2014,,
2154947,MALARIA_EST_MORTALITY,COUNTRY,GEO,EUR,Europe,YEAR,2023,,,,,,,,,0 [0-0],0,0,0,,2025-12-19T14:27:58Z,2023,01/01/2023,31/12/2023,,
2166520,MALARIA_EST_MORTALITY,COUNTRY,DOM,AMR,Americas,YEAR,2010,,,,,,,,,0.28 [0.28-0.28],0.277307997,0.277307997,0.277307997,,2025-12-19T14:27:58Z,2010,01/01/2010,31/12/2010,,
2177967,MALARIA_EST_MORTALITY,COUNTRY,DZA,AFR,Africa,YEAR,2017,,,,,,,,,0 [0-0],0,0,0,,2025-12-19T14:27:58Z,2017,01/01/2017,31/12/2017,,
2192198,MALARIA_EST_MORTALITY,COUNTRY,MLI,AFR,Africa,YEAR,2018,,,,,,,,,79.67 [69.87-91.74],79.67408715,69.86586312,91.7424831,,2025-12-19T14:27:58Z,2018,01/01/2018,31/12/2018,,
2199325,MALARIA_EST_MORTALITY,COUNTRY,SYR,EMR,Eastern Mediterranean,YEAR,2006,,,,,,,,,0 [0-0],0,0,0,,2025-12-19T14:27:58Z,2006,01/01/2006,31/12/2006,,
2215214,MALARIA_EST_MORTALITY,COUNTRY,CIV,AFR,Africa,YEAR,2017,,,,,,,,,38.52 [35.27-42.04],38.52114273,35.27426451,42.03734725,,2025-12-19T14:27:58Z,2017,01/01/2017,31/12/2017,,
2221336,MALARIA_EST_MORTALITY,COUNTRY,PRY,AMR,Americas,YEAR,2005,,,,,,,,,0 [0-0],0,0,0,,2025-12-19T14:27:58Z,2005,01/01/2005,31/12/2005,,
2248714,MALARIA_EST_MORTALITY,COUNTRY,ARE,EMR,Eastern Mediterranean,YEAR,2018,,,,,,,,,0 [0-0],0,0,0,,2025-12-19T14:27:58Z,2018,01/01/2018,31/12/2018,,
2249335,MALARIA_EST_MORTALITY,COUNTRY,GTM,AMR,Americas,YEAR,2023,,,,,,,,,0 [0-0],0,0,0,,2025-12-19T14:27:58Z,2023,01/01/2023,31/12/2023,,
2253223,MALARIA_EST_MORTALITY,COUNTRY,THA,SEAR,South-East Asia,YEAR,2000,,,,,,,,,5.23 [5.23-5.23],5.227342565,5.227342565,5.227342565,,2025-12-19T14:27:58Z,2000,01/01/2000,31/12/2000,,
2256564,MALARIA_EST_MORTALITY,COUNTRY,SLE,AFR,Africa,YEAR,2010,,,,,,,,,229.72 [214.02-246.08],229.7229151,214.0223703,246.0823364,,2025-12-19T14:27:58Z,2010,01/01/2010,31/12/2010,,
2256771,MALARIA_EST_MORTALITY,COUNTRY,UGA,AFR,Africa,YEAR,2000,,,,,,,,,175.23 [166.39-184.56],175.2322381,166.3906267,184.5613465,,2025-12-19T14:27:58Z,2000,01/01/2000,31/12/2000,,
2256912,MALARIA_EST_MORTALITY,COUNTRY,ERI,AFR,Africa,YEAR,2018,,,,,,,,,6.14 [2.51-11.34],6.138889237,2.505669076,11.33893559,,2025-12-19T14:27:58Z,2018,01/01/2018,31/12/2018,,
2260375,MALARIA_EST_MORTALITY,COUNTRY,HTI,AMR,Americas,YEAR,2012,,,,,,,,,1.86 [0.71-3.65],1.856270426,0.711385073,3.645848501,,2025-12-19T14:27:58Z,2012,01/01/2012,31/12/2012,,
2260861,MALARIA_EST_MORTALITY,COUNTRY,IDN,WPR,Western Pacific,YEAR,2020,,,,,,,,,0.35 [0.17-0.54],0.35442042,0.17429916,0.544002596,,2025-12-19T14:27:58Z,2020,01/01/2020,31/12/2020,,
2265950,MALARIA_EST_MORTALITY,COUNTRY,SLB,WPR,Western Pacific,YEAR,2006,,,,,,,,,112.81 [42.94-229.31],112.805824,42.94429365,229.3101996,,2025-12-19T14:27:58Z,2006,01/01/2006,31/12/2006,,
2273275,MALARIA_EST_MORTALITY,COUNTRY,PER,AMR,Americas,YEAR,2003,,,,,,,,,0.88 [0.45-1.38],0.876989485,0.452341945,1.375488772,,2025-12-19T14:27:58Z,2003,01/01/2003,31/12/2003,,
2281022,MALARIA_EST_MORTALITY,COUNTRY,PER,AMR,Americas,YEAR,2000,,,,,,,,,1.36 [0.64-2.39],1.359273114,0.641347174,2.393086469,,2025-12-19T14:27:58Z,2000,01/01/2000,31/12/2000,,
2284870,MALARIA_EST_MORTALITY,COUNTRY,ARG,AMR,Americas,YEAR,2008,,,,,,,,,0 [0-0],0,0,0,,2025-12-19T14:27:58Z,2008,01/01/2008,31/12/2008,,
2299337,MALARIA_EST_MORTALITY,COUNTRY,BGD,SEAR,South-East Asia,YEAR,2019,,,,,,,,,0.26 [0.12-0.44],0.264450191,0.123785196,0.438874786,,2025-12-19T14:27:58Z,2019,01/01/2019,31/12/2019,,
2299520,MALARIA_EST_MORTALITY,COUNTRY,BRA,AMR,Americas,YEAR,2024,,,,,,,,,0.13 [0.13-0.13],0.125477191,0.125477191,0.125477191,,2025-12-19T14:27:58Z,2024,01/01/2024,31/12/2024,,
2324750,MALARIA_EST_MORTALITY,COUNTRY,GHA,AFR,Africa,YEAR,2003,,,,,,,,,78.59 [75.79-81.65],78.59431776,75.79106721,81.65112866,,2025-12-19T14:27:58Z,2003,01/01/2003,31/12/2003,,
2337124,MALARIA_EST_MORTALITY,COUNTRY,CRI,AMR,Americas,YEAR,2006,,,,,,,,,0 [0-0],0,0,0,,2025-12-19T14:27:58Z,2006,01/01/2006,31/12/2006,,
2350702,MALARIA_EST_MORTALITY,COUNTRY,DOM,AMR,Americas,YEAR,2006,,,,,,,,,0.19 [0.19-0.19],0.194351749,0.194351749,0.194351749,,2025-12-19T14:27:58Z,2006,01/01/2006,31/12/2006,,
2352146,MALARIA_EST_MORTALITY,COUNTRY,COG,AFR,Africa,YEAR,2015,,,,,,,,,39.59 [35.57-44.86],39.58741207,35.56589597,44.86442586,,2025-12-19T14:27:58Z,2015,01/01/2015,31/12/2015,,
2368324,MALARIA_EST_MORTALITY,COUNTRY,PAN,AMR,Americas,YEAR,2005,,,,,,,,,0.05 [0.05-0.05],0.045050585,0.045050585,0.045050585,,2025-12-19T14:27:58Z,2005,01/01/2005,31/12/2005,,
2368880,MALARIA_EST_MORTALITY,COUNTRY,COM,AFR,Africa,YEAR,2007,,,,,,,,,14.43 [5.02-28.85],14.42636556,5.024913847,28.85273112,,2025-12-19T14:27:58Z,2007,01/01/2007,31/12/2007,,
2369700,MALARIA_EST_MORTALITY,COUNTRY,GHA,AFR,Africa,YEAR,2019,,,,,,,,,35.56 [33.99-37.50],35.56102101,33.99346971,37.49974607,,2025-12-19T14:27:58Z,2019,01/01/2019,31/12/2019,,
2371234,MALARIA_EST_MORTALITY,REGION,SEAR,,,YEAR,2012,,,,,,,,,1.37 [0.77-2.08],1.366117059,0.771404274,2.080131031,,2025-12-19T14:27:58Z,2012,01/01/2012,31/12/2012,,
2374920,MALARIA_EST_MORTALITY,COUNTRY,BWA,AFR,Africa,YEAR,2006,,,,,,,,,3.22 [3.22-3.22],3.218626837,3.218626837,3.218626837,,2025-12-19T14:27:58Z,2006,01/01/2006,31/12/2006,,
2375784,MALARIA_EST_MORTALITY,COUNTRY,SEN,AFR,Africa,YEAR,2017,,,,,,,,,13.32 [5.43-24.03],13.32471642,5.428109504,24.02600814,,2025-12-19T14:27:58Z,2017,01/01/2017,31/12/2017,,
2380573,MALARIA_EST_MORTALITY,COUNTRY,MYS,WPR,Western Pacific,YEAR,2011,,,,,,,,,0.94 [0.94-0.94],0.943007216,0.943007216,0.943007216,,2025-12-19T14:27:58Z,2011,01/01/2011,31/12/2011,,
2382700,MALARIA_EST_MORTALITY,COUNTRY,UGA,AFR,Africa,YEAR,2022,,,,,,,,,37.07 [29.42-49.89],37.06825642,29.42126408,49.88515879,,2025-12-19T14:27:58Z,2022,01/01/2022,31/12/2022,,
2382946,MALARIA_EST_MORTALITY,COUNTRY,MOZ,AFR,Africa,YEAR,2004,,,,,,,,,165.33 [153.32-178.80],165.3250128,153.3191538,178.7975825,,2025-12-19T14:27:58Z,2004,01/01/2004,31/12/2004,,
2389353,MALARIA_EST_MORTALITY,COUNTRY,CAF,AFR,Africa,YEAR,2004,,,,,,,,,146.46 [133.94-160.77],146.464461,133.9430732,160.7746184,,2025-12-19T14:27:58Z,2004,01/01/2004,31/12/2004,,
2392892,MALARIA_EST_MORTALITY,COUNTRY,ZWE,AFR,Africa,YEAR,2024,,,,,,,,,2.91 [1.08-5.60],2.908762429,1.076471135,5.596122994,,2025-12-19T14:27:58Z,2024,01/01/2024,31/12/2024,,
2393034,MALARIA_EST_MORTALITY,COUNTRY,OMN,EMR,Eastern Mediterranean,YEAR,2008,,,,,,,,,0 [0-0],0,0,0,,2025-12-19T14:27:58Z,2008,01/01/2008,31/12/2008,,
2399906,MALARIA_EST_MORTALITY,COUNTRY,NIC,AMR,Americas,YEAR,2022,,,,,,,,,0 [0-0],0,0,0,,2025-12-19T14:27:58Z,2022,01/01/2022,31/12/2022,,
2405954,MALARIA_EST_MORTALITY,COUNTRY,PRK,SEAR,South-East Asia,YEAR,2013,,,,,,,,,0 [0-0],0,0,0,,2025-12-19T14:27:58Z,2013,01/01/2013,31/12/2013,,
2420579,MALARIA_EST_MORTALITY,COUNTRY,BFA,AFR,Africa,YEAR,2001,,,,,,,,,372.63 [348.66-397.72],372.6311206,348.6620294,397.7228225,,2025-12-19T14:27:58Z,2001,01/01/2001,31/12/2001,,
2424902,MALARIA_EST_MORTALITY,COUNTRY,AGO,AFR,Africa,YEAR,2010,,,,,,,,,52.31 [42.82-64.62],52.30775505,42.8206694,64.6152096,,2025-12-19T14:27:58Z,2010,01/01/2010,31/12/2010,,
2427449,MALARIA_EST_MORTALITY,COUNTRY,DOM,AMR,Americas,YEAR,2021,,,,,,,,,0.02 [0.02-0.02],0.016321116,0.016321116,0.016321116,,2025-12-19T14:27:58Z,2021,01/01/2021,31/12/2021,,
2437166,MALARIA_EST_MORTALITY,REGION,SEAR,,,YEAR,2016,,,,,,,,,1.08 [0.53-1.75],1.078861378,0.529364978,1.752008799,,2025-12-19T14:27:58Z,2016,01/01/2016,31/12/2016,,
2438668,MALARIA_EST_MORTALITY,COUNTRY,MYS,WPR,Western Pacific,YEAR,2006,,,,,,,,,1.99 [1.99-1.99],1.987288922,1.987288922,1.987288922,,2025-12-19T14:27:58Z,2006,01/01/2006,31/12/2006,,
2440994,MALARIA_EST_MORTALITY,COUNTRY,PHL,WPR,Western Pacific,YEAR,2004,,,,,,,,,0.46 [0.20-0.82],0.464678547,0.195444196,0.821663354,,2025-12-19T14:27:58Z,2004,01/01/2004,31/12/2004,,
2446119,MALARIA_EST_MORTALITY,COUNTRY,ERI,AFR,Africa,YEAR,2016,,,,,,,,,6.34 [2.27-12.55],6.33661237,2.27141951,12.54601245,,2025-12-19T14:27:58Z,2016,01/01/2016,31/12/2016,,
2456076,MALARIA_EST_MORTALITY,COUNTRY,ETH,AFR,Africa,YEAR,2023,,,,,,,,,21.22 [7.73-41.12],21.21691891,7.727057428,41.1164508,,2025-12-19T14:27:58Z,2023,01/01/2023,31/12/2023,,
2464753,MALARIA_EST_MORTALITY,COUNTRY,LBR,AFR,Africa,YEAR,2006,,,,,,,,,95.62 [89.98-101.81],95.62316338,89.97973522,101.8108816,,2025-12-19T14:27:58Z,2006,01/01/2006,31/12/2006,,
2471386,MALARIA_EST_MORTALITY,COUNTRY,YEM,EMR,Eastern Mediterranean,YEAR,2012,,,,,,,,,12.00 [4.98-23.12],12.00477634,4.97772013,23.12449412,,2025-12-19T14:27:58Z,2012,01/01/2012,31/12/2012,,
2472478,MALARIA_EST_MORTALITY,COUNTRY,SDN,EMR,Eastern Mediterranean,YEAR,2023,,,,,,,,,24.98 [9.46-49.35],24.97862329,9.463850836,49.35396288,,2025-12-19T14:27:58Z,2023,01/01/2023,31/12/2023,,
2475309,MALARIA_EST_MORTALITY,COUNTRY,ARG,AMR,Americas,YEAR,2022,,,,,,,,,0 [0-0],0,0,0,,2025-12-19T14:27:58Z,2022,01/01/2022,31/12/2022,,
2478793,MALARIA_EST_MORTALITY,COUNTRY,ZWE,AFR,Africa,YEAR,2012,,,,,,,,,13.93 [5.72-25.33],13.93308461,5.716608595,25.32976882,,2025-12-19T14:27:58Z,2012,01/01/2012,31/12/2012,,
2478802,MALARIA_EST_MORTALITY,COUNTRY,GNQ,AFR,Africa,YEAR,2011,,,,,,,,,49.44 [44.53-55.48],49.44296142,44.53087568,55.48241111,,2025-12-19T14:27:58Z,2011,01/01/2011,31/12/2011,,
2481735,MALARIA_EST_MORTALITY,COUNTRY,KOR,WPR,Western Pacific,YEAR,2007,,,,,,,,,0.03 [0.03-0.03],0.029651875,0.029651875,0.029651875,,2025-12-19T14:27:58Z,2007,01/01/2007,31/12/2007,,
2482113,MALARIA_EST_MORTALITY,COUNTRY,HND,AMR,Americas,YEAR,2017,,,,,,,,,0.01 [0.01-0.01],0.011514192,0.011514192,0.011514192,,2025-12-19T14:27:58Z,2017,01/01/2017,31/12/2017,,
2489549,MALARIA_EST_MORTALITY,COUNTRY,NAM,AFR,Africa,YEAR,2001,,,,,,,,,117.23 [117.23-117.23],117.2295562,117.2295562,117.2295562,,2025-12-19T14:27:58Z,2001,01/01/2001,31/12/2001,,
2490585,MALARIA_EST_MORTALITY,COUNTRY,LKA,SEAR,South-East Asia,YEAR,2008,,,,,,,,,0 [0-0],0,0,0,,2025-12-19T14:27:58Z,2008,01/01/2008,31/12/2008,,
2494923,MALARIA_EST_MORTALITY,COUNTRY,SLE,AFR,Africa,YEAR,2020,,,,,,,,,118.70 [81.91-165.37],118.6973922,81.90777243,165.3700358,,2025-12-19T14:27:58Z,2020,01/01/2020,31/12/2020,,
2496861,MALARIA_EST_MORTALITY,COUNTRY,BTN,SEAR,South-East Asia,YEAR,2024,,,,,,,,,0 [0-0],0,0,0,,2025-12-19T14:27:58Z,2024,01/01/2024,31/12/2024,,
2522457,MALARIA_EST_MORTALITY,COUNTRY,SUR,AMR,Americas,YEAR,2019,,,,,,,,,0 [0-0],0,0,0,,2025-12-19T14:27:58Z,2019,01/01/2019,31/12/2019,,
2525969,MALARIA_EST_MORTALITY,COUNTRY,TKM,EUR,Europe,YEAR,2013,,,,,,,,,0 [0-0],0,0,0,,2025-12-19T14:27:58Z,2013,01/01/2013,31/12/2013,,
2529202,MALARIA_EST_MORTALITY,COUNTRY,IDN,WPR,Western Pacific,YEAR,2002,,,,,,,,,0.72 [0.34-1.22],0.71728164,0.342656201,1.222046644,,2025-12-19T14:27:58Z,2002,01/01/2002,31/12/2002,,
2532727,MALARIA_EST_MORTALITY,COUNTRY,ARM,EUR,Europe,YEAR,2020,,,,,,,,,0 [0-0],0,0,0,,2025-12-19T14:27:58Z,2020,01/01/2020,31/12/2020,,
2534488,MALARIA_EST_MORTALITY,COUNTRY,TKM,EUR,Europe,YEAR,2018,,,,,,,,,0 [0-0],0,0,0,,2025-12-19T14:27:58Z,2018,01/01/2018,31/12/2018,,
2547282,MALARIA_EST_MORTALITY,COUNTRY,MYS,WPR,Western Pacific,YEAR,2021,,,,,,,,,0 [0-0],0,0,0,,2025-12-19T14:27:58Z,2021,01/01/2021,31/12/2021,,
2547858,MALARIA_EST_MORTALITY,COUNTRY,TLS,SEAR,South-East Asia,YEAR,2013,,,,,,,,,0.28 [0.28-0.28],0.275289214,0.275289214,0.275289214,,2025-12-19T14:27:58Z,2013,01/01/2013,31/12/2013,,
2566968,MALARIA_EST_MORTALITY,COUNTRY,IRQ,EMR,Eastern Mediterranean,YEAR,2007,,,,,,,,,0 [0-0],0,0,0,,2025-12-19T14:27:58Z,2007,01/01/2007,31/12/2007,,
2573176,MALARIA_EST_MORTALITY,REGION,EUR,,,YEAR,2022,,,,,,,,,0 [0-0],0,0,0,,2025-12-19T14:27:58Z,2022,01/01/2022,31/12/2022,,
2573249,MALARIA_EST_MORTALITY,COUNTRY,LAO,WPR,Western Pacific,YEAR,2003,,,,,,,,,6.31 [6.31-6.31],6.307243718,6.307243718,6.307243718,,2025-12-19T14:27:58Z,2003,01/01/2003,31/12/2003,,
2585057,MALARIA_EST_MORTALITY,COUNTRY,ZWE,AFR,Africa,YEAR,2010,,,,,,,,,26.72 [9.66-53.32],26.71786863,9.660268514,53.32282811,,2025-12-19T14:27:58Z,2010,01/01/2010,31/12/2010,,
2589904,MALARIA_EST_MORTALITY,COUNTRY,VUT,WPR,Western Pacific,YEAR,2013,,,,,,,,,0 [0-0],0,0,0,,2025-12-19T14:27:58Z,2013,01/01/2013,31/12/2013,,
2611589,MALARIA_EST_MORTALITY,COUNTRY,BGD,SEAR,South-East Asia,YEAR,2014,,,,,,,,,0.94 [0.43-1.49],0.939853985,0.434682468,1.486144115,,2025-12-19T14:27:58Z,2014,01/01/2014,31/12/2014,,
2620556,MALARIA_EST_MORTALITY,COUNTRY,ETH,AFR,Africa,YEAR,2024,,,,,,,,,24.90 [9.36-48.30],24.89959955,9.362739404,48.29748376,,2025-12-19T14:27:58Z,2024,01/01/2024,31/12/2024,,
2620778,MALARIA_EST_MORTALITY,COUNTRY,ARG,AMR,Americas,YEAR,2020,,,,,,,,,0 [0-0],0,0,0,,2025-12-19T14:27:58Z,2020,01/01/2020,31/12/2020,,
2623967,MALARIA_EST_MORTALITY,COUNTRY,IRN,EMR,Eastern Mediterranean,YEAR,2013,,,,,,,,,0 [0-0],0,0,0,,2025-12-19T14:27:58Z,2013,01/01/2013,31/12/2013,,
2626757,MALARIA_EST_MORTALITY,COUNTRY,EGY,EMR,Eastern Mediterranean,YEAR,2019,,,,,,,,,0 [0-0],0,0,0,,2025-12-19T14:27:58Z,2019,01/01/2019,31/12/2019,,
2634587,MALARIA_EST_MORTALITY,COUNTRY,MDG,AFR,Africa,YEAR,2015,,,,,,,,,26.44 [11.13-47.19],26.44464076,11.13366964,47.18661508,,2025-12-19T14:27:58Z,2015,01/01/2015,31/12/2015,,
2634822,MALARIA_EST_MORTALITY,COUNTRY,BLZ,AMR,Americas,YEAR,2000,,,,,,,,,0 [0-0],0,0,0,,2025-12-19T14:27:58Z,2000,01/01/2000,31/12/2000,,
2636412,MALARIA_EST_MORTALITY,COUNTRY,RWA,AFR,Africa,YEAR,2003,,,,,,,,,51.47 [49.48-53.54],51.4739064,49.48249509,53.53519179,,2025-12-19T14:27:58Z,2003,01/01/2003,31/12/2003,,
2640690,MALARIA_EST_MORTALITY,COUNTRY,KGZ,EUR,Europe,YEAR,2004,,,,,,,,,0 [0-0],0,0,0,,2025-12-19T14:27:58Z,2004,01/01/2004,31/12/2004,,
2646129,MALARIA_EST_MORTALITY,COUNTRY,BGD,SEAR,South-East Asia,YEAR,2011,,,,,,,,,0.94 [0.42-1.50],0.93641161,0.422895566,1.504299942,,2025-12-19T14:27:58Z,2011,01/01/2011,31/12/2011,,
2648451,MALARIA_EST_MORTALITY,COUNTRY,SSD,AFR,Africa,YEAR,2006,,,,,,,,,101.12 [86.85-117.77],101.1217164,86.85485385,117.7705683,,2025-12-19T14:27:58Z,2006,01/01/2006,31/12/2006,,
2660517,MALARIA_EST_MORTALITY,COUNTRY,SUR,AMR,Americas,YEAR,2015,,,,,,,,,0 [0-0],0,0,0,,2025-12-19T14:27:58Z,2015,01/01/2015,31/12/2015,,
2661315,MALARIA_EST_MORTALITY,COUNTRY,TKM,EUR,Europe,YEAR,2006,,,,,,,,,0 [0-0],0,0,0,,2025-12-19T14:27:58Z,2006,01/01/2006,31/12/2006,,
2668582,MALARIA_EST_MORTALITY,COUNTRY,ETH,AFR,Africa,YEAR,2011,,,,,,,,,26.28 [8.52-69.92],26.28272792,8.523533816,69.92092874,,2025-12-19T14:27:58Z,2011,01/01/2011,31/12/2011,,
2672513,MALARIA_EST_MORTALITY,COUNTRY,ZWE,AFR,Africa,YEAR,2000,,,,,,,,,26.26 [4.92-75.10],26.2597947,4.922777088,75.09831404,,2025-12-19T14:27:58Z,2000,01/01/2000,31/12/2000,,
2678018,MALARIA_EST_MORTALITY,COUNTRY,LKA,SEAR,South-East Asia,YEAR,2022,,,,,,,,,0 [0-0],0,0,0,,2025-12-19T14:27:58Z,2022,01/01/2022,31/12/2022,,
2686074,MALARIA_EST_MORTALITY,COUNTRY,PNG,WPR,Western Pacific,YEAR,2011,,,,,,,,,25.85 [7.24-55.70],25.85456856,7.239788145,55.70438049,,2025-12-19T14:27:58Z,2011,01/01/2011,31/12/2011,,
2691675,MALARIA_EST_MORTALITY,COUNTRY,AGO,AFR,Africa,YEAR,2017,,,,,,,,,45.80 [32.99-65.86],45.80477508,32.99165906,65.86441555,,2025-12-19T14:27:58Z,2017,01/01/2017,31/12/2017,,
2691833,MALARIA_EST_MORTALITY,COUNTRY,ARG,AMR,Americas,YEAR,2012,,,,,,,,,0 [0-0],0,0,0,,2025-12-19T14:27:58Z,2012,01/01/2012,31/12/2012,,
2699187,MALARIA_EST_MORTALITY,COUNTRY,PRY,AMR,Americas,YEAR,2004,,,,,,,,,0 [0-0],0,0,0,,2025-12-19T14:27:58Z,2004,01/01/2004,31/12/2004,,
2703859,MALARIA_EST_MORTALITY,REGION,EMR,,,YEAR,2020,,,,,,,,,2.43 [1.37-4.03],2.434281415,1.372604498,4.031462233,,2025-12-19T14:27:58Z,2020,01/01/2020,31/12/2020,,
2704005,MALARIA_EST_MORTALITY,COUNTRY,ZMB,AFR,Africa,YEAR,2014,,,,,,,,,50.56 [48.18-53.25],50.56206813,48.18400894,53.24839426,,2025-12-19T14:27:58Z,2014,01/01/2014,31/12/2014,,
2709457,MALARIA_EST_MORTALITY,COUNTRY,GEO,EUR,Europe,YEAR,2020,,,,,,,,,0 [0-0],0,0,0,,2025-12-19T14:27:58Z,2020,01/01/2020,31/12/2020,,
2718068,MALARIA_EST_MORTALITY,COUNTRY,CPV,AFR,Africa,YEAR,2009,,,,,,,,,1.52 [1.52-1.52],1.519803034,1.519803034,1.519803034,,2025-12-19T14:27:58Z,2009,01/01/2009,31/12/2009,,
2725300,MALARIA_EST_MORTALITY,COUNTRY,COG,AFR,Africa,YEAR,2005,,,,,,,,,59.63 [56.30-63.33],59.62569456,56.29812631,63.33201042,,2025-12-19T14:27:58Z,2005,01/01/2005,31/12/2005,,
2731650,MALARIA_EST_MORTALITY,COUNTRY,MMR,SEAR,South-East Asia,YEAR,2019,,,,,,,,,0.21 [0.10-0.34],0.211498746,0.104659173,0.340142314,,2025-12-19T14:27:58Z,2019,01/01/2019,31/12/2019,,
2740833,MALARIA_EST_MORTALITY,COUNTRY,OMN,EMR,Eastern Mediterranean,YEAR,2015,,,,,,,,,0 [0-0],0,0,0,,2025-12-19T14:27:58Z,2015,01/01/2015,31/12/2015,,
2752623,MALARIA_EST_MORTALITY,COUNTRY,SUR,AMR,Americas,YEAR,2008,,,,,,,,,0 [0-0],0,0,0,,2025-12-19T14:27:58Z,2008,01/01/2008,31/12/2008,,
2757286,MALARIA_EST_MORTALITY,COUNTRY,PER,AMR,Americas,YEAR,2011,,,,,,,,,0.17 [0.08-0.26],0.165081422,0.078196463,0.260654876,,2025-12-19T14:27:58Z,2011,01/01/2011,31/12/2011,,
2767285,MALARIA_EST_MORTALITY,COUNTRY,ZMB,AFR,Africa,YEAR,2024,,,,,,,,,40.73 [36.29-48.05],40.73196495,36.28907497,48.04619573,,2025-12-19T14:27:58Z,2024,01/01/2024,31/12/2024,,
2770063,MALARIA_EST_MORTALITY,COUNTRY,NAM,AFR,Africa,YEAR,2004,,,,,,,,,76.87 [76.87-76.87],76.87182904,76.87182904,76.87182904,,2025-12-19T14:27:58Z,2004,01/01/2004,31/12/2004,,
2776160,MALARIA_EST_MORTALITY,COUNTRY,SEN,AFR,Africa,YEAR,2019,,,,,,,,,10.52 [4.26-19.11],10.51799859,4.256120359,19.10988869,,2025-12-19T14:27:58Z,2019,01/01/2019,31/12/2019,,
2776956,MALARIA_EST_MORTALITY,COUNTRY,ARM,EUR,Europe,YEAR,2018,,,,,,,,,0 [0-0],0,0,0,,2025-12-19T14:27:58Z,2018,01/01/2018,31/12/2018,,
2785140,MALARIA_EST_MORTALITY,COUNTRY,LKA,SEAR,South-East Asia,YEAR,2003,,,,,,,,,0.09 [0.09-0.09],0.087167828,0.087167828,0.087167828,,2025-12-19T14:27:58Z,2003,01/01/2003,31/12/2003,,
2790466,MALARIA_EST_MORTALITY,COUNTRY,VUT,WPR,Western Pacific,YEAR,2004,,,,,,,,,22.36 [9.72-37.92],22.36146827,9.72237751,37.91727229,,2025-12-19T14:27:58Z,2004,01/01/2004,31/12/2004,,
2792024,MALARIA_EST_MORTALITY,COUNTRY,CPV,AFR,Africa,YEAR,2019,,,,,,,,,0 [0-0],0,0,0,,2025-12-19T14:27:58Z,2019,01/01/2019,31/12/2019,,
2817487,MALARIA_EST_MORTALITY,COUNTRY,GUF,AMR,Americas,YEAR,2011,,,,,,,,,1.51 [1.51-1.51],1.509194769,1.509194769,1.509194769,,2025-12-19T14:27:58Z,2011,01/01/2011,31/12/2011,,
2827059,MALARIA_EST_MORTALITY,COUNTRY,ARM,EUR,Europe,YEAR,2013,,,,,,,,,0 [0-0],0,0,0,,2025-12-19T14:27:58Z,2013,01/01/2013,31/12/2013,,
2829634,MALARIA_EST_MORTALITY,COUNTRY,YEM,EMR,Eastern Mediterranean,YEAR,2019,,,,,,,,,9.80 [4.00-18.72],9.801263562,3.995618946,18.71797968,,2025-12-19T14:27:58Z,2019,01/01/2019,31/12/2019,,
2830527,MALARIA_EST_MORTALITY,COUNTRY,PNG,WPR,Western Pacific,YEAR,2016,,,,,,,,,28.66 [11.92-51.94],28.6552231,11.91708018,51.94484494,,2025-12-19T14:27:58Z,2016,01/01/2016,31/12/2016,,
2835948,MALARIA_EST_MORTALITY,COUNTRY,IRQ,EMR,Eastern Mediterranean,YEAR,2021,,,,,,,,,0 [0-0],0,0,0,,2025-12-19T14:27:58Z,2021,01/01/2021,31/12/2021,,
2836107,MALARIA_EST_MORTALITY,COUNTRY,PHL,WPR,Western Pacific,YEAR,2007,,,,,,,,,0.41 [0.17-0.73],0.412419565,0.172156791,0.732139319,,2025-12-19T14:27:58Z,2007,01/01/2007,31/12/2007,,
2842957,MALARIA_EST_MORTALITY,COUNTRY,MRT,AFR,Africa,YEAR,2019,,,,,,,,,15.40 [4.03-38.59],15.39939495,4.028911469,38.58913788,,2025-12-19T14:27:58Z,2019,01/01/2019,31/12/2019,,
2846820,MALARIA_EST_MORTALITY,COUNTRY,SEN,AFR,Africa,YEAR,2000,,,,,,,,,43.74 [42.43-45.20],43.73882704,42.4346877,45.20347583,,2025-12-19T14:27:58Z,2000,01/01/2000,31/12/2000,,
2864992,MALARIA_EST_MORTALITY,COUNTRY,CAF,AFR,Africa,YEAR,2015,,,,,,,,,93.64 [81.89-107.19],93.64226279,81.89053684,107.1869087,,2025-12-19T14:27:58Z,2015,01/01/2015,31/12/2015,,
2865960,MALARIA_EST_MORTALITY,REGION,AFR,,,YEAR,2016,,,,,,,,,60.36 [56.65-66.53],60.36207414,56.65270943,66.52576469,,2025-12-19T14:27:58Z,2016,01/01/2016,31/12/2016,,
2866180,MALARIA_EST_MORTALITY,COUNTRY,IND,SEAR,South-East Asia,YEAR,2023,,,,,,,,,0.23 [0.11-0.38],0.228468138,0.1085019,0.380511078,,2025-12-19T14:27:58Z,2023,01/01/2023,31/12/2023,,
2878904,MALARIA_EST_MORTALITY,COUNTRY,KHM,WPR,Western Pacific,YEAR,2023,,,,,,,,,0 [0-0],0,0,0,,2025-12-19T14:27:58Z,2023,01/01/2023,31/12/2023,,
2879704,MALARIA_EST_MORTALITY,COUNTRY,MOZ,AFR,Africa,YEAR,2000,,,,,,,,,234.62 [218.35-252.01],234.621161,218.3494752,252.0128351,,2025-12-19T14:27:58Z,2000,01/01/2000,31/12/2000,,
2890499,MALARIA_EST_MORTALITY,COUNTRY,CAF,AFR,Africa,YEAR,2020,,,,,,,,,80.63 [66.59-98.14],80.63059371,66.58539283,98.13735968,,2025-12-19T14:27:58Z,2020,01/01/2020,31/12/2020,,
2892374,MALARIA_EST_MORTALITY,COUNTRY,SWZ,AFR,Africa,YEAR,2013,,,,,,,,,1.26 [1.26-1.26],1.26423449,1.26423449,1.26423449,,2025-12-19T14:27:58Z,2013,01/01/2013,31/12/2013,,
2893551,MALARIA_EST_MORTALITY,COUNTRY,VUT,WPR,Western Pacific,YEAR,2012,,,,,,,,,0 [0-0],0,0,0,,2025-12-19T14:27:58Z,2012,01/01/2012,31/12/2012,,
2902567,MALARIA_EST_MORTALITY,COUNTRY,VNM,WPR,Western Pacific,YEAR,2001,,,,,,,,,0.66 [0.31-1.13],0.661300146,0.308026647,1.129431039,,2025-12-19T14:27:58Z,2001,01/01/2001,31/12/2001,,
2909908,MALARIA_EST_MORTALITY,COUNTRY,BGD,SEAR,South-East Asia,YEAR,2007,,,,,,,,,1.65 [0.66-3.05],1.64902244,0.664625014,3.047399739,,2025-12-19T14:27:58Z,2007,01/01/2007,31/12/2007,,
2918137,MALARIA_EST_MORTALITY,COUNTRY,BWA,AFR,Africa,YEAR,2017,,,,,,,,,1.13 [1.13-1.13],1.13121645,1.13121645,1.13121645,,2025-12-19T14:27:58Z,2017,01/01/2017,31/12/2017,,
2922118,MALARIA_EST_MORTALITY,COUNTRY,TZA,AFR,Africa,YEAR,2000,,,,,,,,,129.25 [123.49-135.41],129.2464146,123.4875353,135.4081674,,2025-12-19T14:27:58Z,2000,01/01/2000,31/12/2000,,
2924408,MALARIA_EST_MORTALITY,COUNTRY,VNM,WPR,Western Pacific,YEAR,2021,,,,,,,,,0 [0-0],0,0,0,,2025-12-19T14:27:58Z,2021,01/01/2021,31/12/2021,,
2924844,MALARIA_EST_MORTALITY,COUNTRY,TZA,AFR,Africa,YEAR,2021,,,,,,,,,40.04 [37.49-43.15],40.03634418,37.49298986,43.15111765,,2025-12-19T14:27:58Z,2021,01/01/2021,31/12/2021,,
2929073,MALARIA_EST_MORTALITY,COUNTRY,NAM,AFR,Africa,YEAR,2016,,,,,,,,,3.36 [3.36-3.36],3.357221254,3.357221254,3.357221254,,2025-12-19T14:27:58Z,2016,01/01/2016,31/12/2016,,
2929102,MALARIA_EST_MORTALITY,GLOBAL,GLOBAL,,,YEAR,2010,,,,,,,,,19.28 [18.35-20.71],19.27871669,18.35328942,20.70638413,,2025-12-19T14:27:58Z,2010,01/01/2010,31/12/2010,,
2934158,MALARIA_EST_MORTALITY,COUNTRY,RWA,AFR,Africa,YEAR,2020,,,,,,,,,24.38 [22.94-26.85],24.38420133,22.93768092,26.84864353,,2025-12-19T14:27:58Z,2020,01/01/2020,31/12/2020,,
2943493,MALARIA_EST_MORTALITY,GLOBAL,GLOBAL,,,YEAR,2015,,,,,,,,,14.85 [13.95-16.31],14.85250899,13.9545309,16.30947624,,2025-12-19T14:27:58Z,2015,01/01/2015,31/12/2015,,
2943640,MALARIA_EST_MORTALITY,COUNTRY,IRN,EMR,Eastern Mediterranean,YEAR,2021,,,,,,,,,0 [0-0],0,0,0,,2025-12-19T14:27:58Z,2021,01/01/2021,31/12/2021,,
2955290,MALARIA_EST_MORTALITY,REGION,AMR,,,YEAR,2023,,,,,,,,,0.22 [0.17-0.27],0.215233,0.165962795,0.271634419,,2025-12-19T14:27:58Z,2023,01/01/2023,31/12/2023,,
2978886,MALARIA_EST_MORTALITY,COUNTRY,TJK,EUR,Europe,YEAR,2014,,,,,,,,,0 [0-0],0,0,0,,2025-12-19T14:27:58Z,2014,01/01/2014,31/12/2014,,
2984891,MALARIA_EST_MORTALITY,COUNTRY,SOM,EMR,Eastern Mediterranean,YEAR,2017,,,,,,,,,14.05 [5.19-28.31],14.05143213,5.188839918,28.3118592,,2025-12-19T14:27:58Z,2017,01/01/2017,31/12/2017,,
2992912,MALARIA_EST_MORTALITY,COUNTRY,TCD,AFR,Africa,YEAR,2017,,,,,,,,,86.37 [73.25-101.32],86.36596297,73.24765597,101.3225803,,2025-12-19T14:27:58Z,2017,01/01/2017,31/12/2017,,
2994541,MALARIA_EST_MORTALITY,COUNTRY,BRA,AMR,Americas,YEAR,2007,,,,,,,,,0.24 [0.24-0.24],0.242971336,0.242971336,0.242971336,,2025-12-19T14:27:58Z,2007,01/01/2007,31/12/2007,,
3005981,MALARIA_EST_MORTALITY,REGION,SEAR,,,YEAR,2000,,,,,,,,,3.39 [1.84-5.30],3.394465772,1.844387873,5.29769102,,2025-12-19T14:27:58Z,2000,01/01/2000,31/12/2000,,
3010164,MALARIA_EST_MORTALITY,COUNTRY,COM,AFR,Africa,YEAR,2010,,,,,,,,,14.05 [6.41-21.53],14.04931922,6.413819643,21.5321088,,2025-12-19T14:27:58Z,2010,01/01/2010,31/12/2010,,
3012993,MALARIA_EST_MORTALITY,COUNTRY,HTI,AMR,Americas,YEAR,2022,,,,,,,,,0.65 [0.25-1.21],0.651906276,0.252978555,1.206513108,,2025-12-19T14:27:58Z,2022,01/01/2022,31/12/2022,,
3017201,MALARIA_EST_MORTALITY,COUNTRY,PNG,WPR,Western Pacific,YEAR,2013,,,,,,,,,41.58 [15.18-81.48],41.57685147,15.17549057,81.47954815,,2025-12-19T14:27:58Z,2013,01/01/2013,31/12/2013,,
3019524,MALARIA_EST_MORTALITY,COUNTRY,SSD,AFR,Africa,YEAR,2022,,,,,,,,,60.79 [33.44-121.58],60.79205515,33.43517666,121.5843371,,2025-12-19T14:27:58Z,2022,01/01/2022,31/12/2022,,
3023105,MALARIA_EST_MORTALITY,COUNTRY,NGA,AFR,Africa,YEAR,2002,,,,,,,,,172.52 [162.53-182.92],172.5215931,162.531407,182.9163023,,2025-12-19T14:27:58Z,2002,01/01/2002,31/12/2002,,
3023358,MALARIA_EST_MORTALITY,COUNTRY,HTI,AMR,Americas,YEAR,2023,,,,,,,,,0.58 [0.23-1.07],0.577084883,0.230833953,1.067607033,,2025-12-19T14:27:58Z,2023,01/01/2023,31/12/2023,,
3024231,MALARIA_EST_MORTALITY,COUNTRY,YEM,EMR,Eastern Mediterranean,YEAR,2020,,,,,,,,,9.25 [3.69-18.06],9.252783951,3.693374263,18.05851483,,2025-12-19T14:27:58Z,2020,01/01/2020,31/12/2020,,
3025160,MALARIA_EST_MORTALITY,COUNTRY,PAK,EMR,Eastern Mediterranean,YEAR,2018,,,,,,,,,0.23 [0.11-0.39],0.229049313,0.114300538,0.38503593,,2025-12-19T14:27:58Z,2018,01/01/2018,31/12/2018,,
3031679,MALARIA_EST_MORTALITY,COUNTRY,TLS,SEAR,South-East Asia,YEAR,2010,,,,,,,,,19.02 [8.33-32.94],19.01679261,8.332099856,32.93630061,,2025-12-19T14:27:58Z,2010,01/01/2010,31/12/2010,,
3032371,MALARIA_EST_MORTALITY,COUNTRY,MDG,AFR,Africa,YEAR,2002,,,,,,,,,12.66 [0.33-34.18],12.65533339,0.330485969,34.18264808,,2025-12-19T14:27:58Z,2002,01/01/2002,31/12/2002,,
3032791,MALARIA_EST_MORTALITY,COUNTRY,HTI,AMR,Americas,YEAR,2015,,,,,,,,,0.87 [0.34-1.60],0.872185102,0.340364918,1.595726463,,2025-12-19T14:27:58Z,2015,01/01/2015,31/12/2015,,
3037666,MALARIA_EST_MORTALITY,COUNTRY,SLB,WPR,Western Pacific,YEAR,2022,,,,,,,,,26.77 [13.71-42.03],26.76995299,13.70828511,42.03011943,,2025-12-19T14:27:58Z,2022,01/01/2022,31/12/2022,,
3043815,MALARIA_EST_MORTALITY,COUNTRY,HTI,AMR,Americas,YEAR,2003,,,,,,,,,2.48 [0.92-5.00],2.478827744,0.919977307,4.995987877,,2025-12-19T14:27:58Z,2003,01/01/2003,31/12/2003,,
3049679,MALARIA_EST_MORTALITY,COUNTRY,HTI,AMR,Americas,YEAR,2006,,,,,,,,,2.51 [0.94-5.09],2.513887101,0.935117424,5.088496113,,2025-12-19T14:27:58Z,2006,01/01/2006,31/12/2006,,
3050662,MALARIA_EST_MORTALITY,COUNTRY,LAO,WPR,Western Pacific,YEAR,2013,,,,,,,,,3.63 [1.60-6.28],3.633571996,1.598771678,6.278812409,,2025-12-19T14:27:58Z,2013,01/01/2013,31/12/2013,,
3050720,MALARIA_EST_MORTALITY,COUNTRY,MAR,EMR,Eastern Mediterranean,YEAR,2014,,,,,,,,,0 [0-0],0,0,0,,2025-12-19T14:27:58Z,2014,01/01/2014,31/12/2014,,
3054287,MALARIA_EST_MORTALITY,COUNTRY,MRT,AFR,Africa,YEAR,2001,,,,,,,,,24.60 [23.71-25.68],24.60094394,23.70500668,25.6835348,,2025-12-19T14:27:58Z,2001,01/01/2001,31/12/2001,,
3054483,MALARIA_EST_MORTALITY,COUNTRY,MYS,WPR,Western Pacific,YEAR,2000,,,,,,,,,3.81 [3.81-3.81],3.80968138,3.80968138,3.80968138,,2025-12-19T14:27:58Z,2000,01/01/2000,31/12/2000,,
3061036,MALARIA_EST_MORTALITY,COUNTRY,NAM,AFR,Africa,YEAR,2017,,,,,,,,,2.86 [2.86-2.86],2.864589354,2.864589354,2.864589354,,2025-12-19T14:27:58Z,2017,01/01/2017,31/12/2017,,
3073306,MALARIA_EST_MORTALITY,COUNTRY,TZA,AFR,Africa,YEAR,2004,,,,,,,,,78.65 [75.37-82.04],78.64933381,75.37450864,82.04479766,,2025-12-19T14:27:58Z,2004,01/01/2004,31/12/2004,,
3074454,MALARIA_EST_MORTALITY,COUNTRY,GEO,EUR,Europe,YEAR,2016,,,,,,,,,0 [0-0],0,0,0,,2025-12-19T14:27:58Z,2016,01/01/2016,31/12/2016,,
3076614,MALARIA_EST_MORTALITY,COUNTRY,GMB,AFR,Africa,YEAR,2014,,,,,,,,,28.60 [27.26-30.12],28.59745866,27.25767465,30.12204046,,2025-12-19T14:27:58Z,2014,01/01/2014,31/12/2014,,
3079755,MALARIA_EST_MORTALITY,COUNTRY,SDN,EMR,Eastern Mediterranean,YEAR,2021,,,,,,,,,18.01 [6.72-36.56],18.01238623,6.721461935,36.55746725,,2025-12-19T14:27:58Z,2021,01/01/2021,31/12/2021,,
3082644,MALARIA_EST_MORTALITY,COUNTRY,SLV,AMR,Americas,YEAR,2023,,,,,,,,,0 [0-0],0,0,0,,2025-12-19T14:27:58Z,2023,01/01/2023,31/12/2023,,
3092463,MALARIA_EST_MORTALITY,COUNTRY,TUR,EUR,Europe,YEAR,2011,,,,,,,,,0 [0-0],0,0,0,,2025-12-19T14:27:58Z,2011,01/01/2011,31/12/2011,,
3099180,MALARIA_EST_MORTALITY,COUNTRY,PAN,AMR,Americas,YEAR,2022,,,,,,,,,0 [0-0],0,0,0,,2025-12-19T14:27:58Z,2022,01/01/2022,31/12/2022,,
3105020,MALARIA_EST_MORTALITY,COUNTRY,KOR,WPR,Western Pacific,YEAR,2022,,,,,,,,,0 [0-0],0,0,0,,2025-12-19T14:27:58Z,2022,01/01/2022,31/12/2022,,
3107500,MALARIA_EST_MORTALITY,COUNTRY,IRN,EMR,Eastern Mediterranean,YEAR,2012,,,,,,,,,0 [0-0],0,0,0,,2025-12-19T14:27:58Z,2012,01/01/2012,31/12/2012,,
3111200,MALARIA_EST_MORTALITY,COUNTRY,BFA,AFR,Africa,YEAR,2023,,,,,,,,,70.12 [49.10-104.53],70.12141523,49.09715095,104.530679,,2025-12-19T14:27:58Z,2023,01/01/2023,31/12/2023,,
3125019,MALARIA_EST_MORTALITY,COUNTRY,MAR,EMR,Eastern Mediterranean,YEAR,2001,,,,,,,,,0 [0-0],0,0,0,,2025-12-19T14:27:58Z,2001,01/01/2001,31/12/2001,,
3143320,MALARIA_EST_MORTALITY,COUNTRY,KGZ,EUR,Europe,YEAR,2019,,,,,,,,,0 [0-0],0,0,0,,2025-12-19T14:27:58Z,2019,01/01/2019,31/12/2019,,
3144111,MALARIA_EST_MORTALITY,COUNTRY,TZA,AFR,Africa,YEAR,2014,,,,,,,,,45.67 [44.10-47.50],45.67092336,44.09798149,47.49807806,,2025-12-19T14:27:58Z,2014,01/01/2014,31/12/2014,,
3157336,MALARIA_EST_MORTALITY,COUNTRY,COM,AFR,Africa,YEAR,2005,,,,,,,,,15.52 [15.52-15.52],15.52278897,15.52278897,15.52278897,,2025-12-19T14:27:58Z,2005,01/01/2005,31/12/2005,,
3163713,MALARIA_EST_MORTALITY,COUNTRY,CRI,AMR,Americas,YEAR,2017,,,,,,,,,0 [0-0],0,0,0,,2025-12-19T14:27:58Z,2017,01/01/2017,31/12/2017,,
3176100,MALARIA_EST_MORTALITY,COUNTRY,ZWE,AFR,Africa,YEAR,2002,,,,,,,,,26.26 [4.63-74.35],26.25511864,4.633256231,74.3548322,,2025-12-19T14:27:58Z,2002,01/01/2002,31/12/2002,,
3176437,MALARIA_EST_MORTALITY,COUNTRY,ECU,AMR,Americas,YEAR,2023,,,,,,,,,0 [0-0],0,0,0,,2025-12-19T14:27:58Z,2023,01/01/2023,31/12/2023,,
3177407,MALARIA_EST_MORTALITY,REGION,SEAR,,,YEAR,2020,,,,,,,,,0.42 [0.18-0.74],0.422150927,0.182821268,0.743684737,,2025-12-19T14:27:58Z,2020,01/01/2020,31/12/2020,,
3181288,MALARIA_EST_MORTALITY,COUNTRY,VNM,WPR,Western Pacific,YEAR,2011,,,,,,,,,0.06 [0.03-0.09],0.055214577,0.02607355,0.085889341,,2025-12-19T14:27:58Z,2011,01/01/2011,31/12/2011,,
3183866,MALARIA_EST_MORTALITY,COUNTRY,IRN,EMR,Eastern Mediterranean,YEAR,2011,,,,,,,,,0 [0-0],0,0,0,,2025-12-19T14:27:58Z,2011,01/01/2011,31/12/2011,,
3213730,MALARIA_EST_MORTALITY,COUNTRY,ZWE,AFR,Africa,YEAR,2020,,,,,,,,,24.14 [9.06-46.12],24.13651041,9.06243766,46.12253217,,2025-12-19T14:27:58Z,2020,01/01/2020,31/12/2020,,
3218473,MALARIA_EST_MORTALITY,COUNTRY,MYT,AFR,Africa,YEAR,2020,,,,,,,,,0 [0-0],0,0,0,,2025-12-19T14:27:58Z,2020,01/01/2020,31/12/2020,,
3220039,MALARIA_EST_MORTALITY,REGION,AFR,,,YEAR,2023,,,,,,,,,52.24 [47.84-63.85],52.23601599,47.8357889,63.85335789,,2025-12-19T14:27:58Z,2023,01/01/2023,31/12/2023,,
3221295,MALARIA_EST_MORTALITY,COUNTRY,GHA,AFR,Africa,YEAR,2018,,,,,,,,,36.24 [34.79-38.00],36.23980272,34.78733832,37.99916142,,2025-12-19T14:27:58Z,2018,01/01/2018,31/12/2018,,
3221702,MALARIA_EST_MORTALITY,COUNTRY,MLI,AFR,Africa,YEAR,2010,,,,,,,,,124.83 [116.49-133.94],124.8338214,116.486324,133.9400113,,2025-12-19T14:27:58Z,2010,01/01/2010,31/12/2010,,
3228239,MALARIA_EST_MORTALITY,COUNTRY,NAM,AFR,Africa,YEAR,2008,,,,,,,,,9.35 [9.35-9.35],9.354709666,9.354709666,9.354709666,,2025-12-19T14:27:58Z,2008,01/01/2008,31/12/2008,,
3237414,MALARIA_EST_MORTALITY,COUNTRY,KEN,AFR,Africa,YEAR,2023,,,,,,,,,20.74 [20.03-21.58],20.74124864,20.02927339,21.58333105,,2025-12-19T14:27:58Z,2023,01/01/2023,31/12/2023,,
3237802,MALARIA_EST_MORTALITY,COUNTRY,BTN,SEAR,South-East Asia,YEAR,2019,,,,,,,,,0 [0-0],0,0,0,,2025-12-19T14:27:58Z,2019,01/01/2019,31/12/2019,,
3238183,MALARIA_EST_MORTALITY,COUNTRY,SSD,AFR,Africa,YEAR,2005,,,,,,,,,108.81 [94.37-125.08],108.8121792,94.37239852,125.0832824,,2025-12-19T14:27:58Z,2005,01/01/2005,31/12/2005,,
3239638,MALARIA_EST_MORTALITY,COUNTRY,PHL,WPR,Western Pacific,YEAR,2008,,,,,,,,,0.27 [0.11-0.49],0.26765159,0.111521496,0.490694581,,2025-12-19T14:27:58Z,2008,01/01/2008,31/12/2008,,
3243793,MALARIA_EST_MORTALITY,COUNTRY,SLV,AMR,Americas,YEAR,2016,,,,,,,,,0 [0-0],0,0,0,,2025-12-19T14:27:58Z,2016,01/01/2016,31/12/2016,,
3247117,MALARIA_EST_MORTALITY,COUNTRY,MWI,AFR,Africa,YEAR,2012,,,,,,,,,59.49 [56.49-62.83],59.48600653,56.48783541,62.82791701,,2025-12-19T14:27:58Z,2012,01/01/2012,31/12/2012,,
3250060,MALARIA_EST_MORTALITY,COUNTRY,HTI,AMR,Americas,YEAR,2001,,,,,,,,,2.48 [0.91-5.00],2.475284876,0.913340409,5.003517022,,2025-12-19T14:27:58Z,2001,01/01/2001,31/12/2001,,
3253139,MALARIA_EST_MORTALITY,COUNTRY,SLV,AMR,Americas,YEAR,2012,,,,,,,,,0 [0-0],0,0,0,,2025-12-19T14:27:58Z,2012,01/01/2012,31/12/2012,,
3275676,MALARIA_EST_MORTALITY,COUNTRY,DZA,AFR,Africa,YEAR,2018,,,,,,,,,0 [0-0],0,0,0,,2025-12-19T14:27:58Z,2018,01/01/2018,31/12/2018,,
3276532,MALARIA_EST_MORTALITY,COUNTRY,PHL,WPR,Western Pacific,YEAR,2001,,,,,,,,,0.93 [0.93-0.93],0.929212408,0.929212408,0.929212408,,2025-12-19T14:27:58Z,2001,01/01/2001,31/12/2001,,
3282771,MALARIA_EST_MORTALITY,COUNTRY,GTM,AMR,Americas,YEAR,2002,,,,,,,,,0.22 [0.10-0.35],0.216322834,0.097345275,0.346116535,,2025-12-19T14:27:58Z,2002,01/01/2002,31/12/2002,,
3287825,MALARIA_EST_MORTALITY,COUNTRY,MEX,AMR,Americas,YEAR,2000,,,,,,,,,0 [0-0],0,0,0,,2025-12-19T14:27:58Z,2000,01/01/2000,31/12/2000,,
3295355,MALARIA_EST_MORTALITY,COUNTRY,LAO,WPR,Western Pacific,YEAR,2022,,,,,,,,,0.08 [0-0.10],0.076273326,0,0.101697768,,2025-12-19T14:27:58Z,2022,01/01/2022,31/12/2022,,
3297033,MALARIA_EST_MORTALITY,COUNTRY,GAB,AFR,Africa,YEAR,2016,,,,,,,,,18.90 [16.85-21.71],18.90200761,16.85468689,21.71112209,,2025-12-19T14:27:58Z,2016,01/01/2016,31/12/2016,,
3308733,MALARIA_EST_MORTALITY,COUNTRY,BOL,AMR,Americas,YEAR,2020,,,,,,,,,0.11 [0.04-0.21],0.111925681,0.03730856,0.205197082,,2025-12-19T14:27:58Z,2020,01/01/2020,31/12/2020,,
3326355,MALARIA_EST_MORTALITY,REGION,EMR,,,YEAR,2003,,,,,,,,,3.40 [2.18-6.64],3.404907579,2.176746002,6.638667701,,2025-12-19T14:27:58Z,2003,01/01/2003,31/12/2003,,
3329583,MALARIA_EST_MORTALITY,COUNTRY,DOM,AMR,Americas,YEAR,2000,,,,,,,,,0.13 [0.13-0.13],0.126894348,0.126894348,0.126894348,,2025-12-19T14:27:58Z,2000,01/01/2000,31/12/2000,,
3332544,MALARIA_EST_MORTALITY,COUNTRY,NPL,SEAR,South-East Asia,YEAR,2012,,,,,,,,,0.16 [0.06-0.39],0.162570352,0.062527059,0.387667763,,2025-12-19T14:27:58Z,2012,01/01/2012,31/12/2012,,
3333227,MALARIA_EST_MORTALITY,COUNTRY,LBR,AFR,Africa,YEAR,2018,,,,,,,,,90.64 [78.14-107.04],90.64202951,78.14335921,107.0433427,,2025-12-19T14:27:58Z,2018,01/01/2018,31/12/2018,,
3334465,MALARIA_EST_MORTALITY,COUNTRY,PHL,WPR,Western Pacific,YEAR,2023,,,,,,,,,0.05 [0.02-0.09],0.04948915,0.020995397,0.091479945,,2025-12-19T14:27:58Z,2023,01/01/2023,31/12/2023,,
3334986,MALARIA_EST_MORTALITY,COUNTRY,RWA,AFR,Africa,YEAR,2022,,,,,,,,,24.25 [22.61-27.31],24.25458006,22.60635278,27.30929461,,2025-12-19T14:27:58Z,2022,01/01/2022,31/12/2022,,
3344882,MALARIA_EST_MORTALITY,COUNTRY,MOZ,AFR,Africa,YEAR,2014,,,,,,,,,89.95 [76.60-107.89],89.95103433,76.60001221,107.8893769,,2025-12-19T14:27:58Z,2014,01/01/2014,31/12/2014,,
3371306,MALARIA_EST_MORTALITY,COUNTRY,GUY,AMR,Americas,YEAR,2009,,,,,,,,,3.59 [1.73-5.98],3.589976785,1.728507341,5.983294641,,2025-12-19T14:27:58Z,2009,01/01/2009,31/12/2009,,
3372800,MALARIA_EST_MORTALITY,COUNTRY,GMB,AFR,Africa,YEAR,2004,,,,,,,,,29.05 [28.06-30.10],29.05056464,28.06370894,30.09909882,,2025-12-19T14:27:58Z,2004,01/01/2004,31/12/2004,,
3373256,MALARIA_EST_MORTALITY,COUNTRY,IRQ,EMR,Eastern Mediterranean,YEAR,2011,,,,,,,,,0 [0-0],0,0,0,,2025-12-19T14:27:58Z,2011,01/01/2011,31/12/2011,,
3384469,MALARIA_EST_MORTALITY,COUNTRY,COL,AMR,Americas,YEAR,2019,,,,,,,,,0.03 [0.03-0.03],0.027151464,0.027151464,0.027151464,,2025-12-19T14:27:58Z,2019,01/01/2019,31/12/2019,,
3384627,MALARIA_EST_MORTALITY,COUNTRY,AGO,AFR,Africa,YEAR,2016,,,,,,,,,44.41 [32.83-61.97],44.41273656,32.82716657,61.97094754,,2025-12-19T14:27:58Z,2016,01/01/2016,31/12/2016,,
3386237,MALARIA_EST_MORTALITY,COUNTRY,GHA,AFR,Africa,YEAR,2004,,,,,,,,,71.40 [68.89-74.12],71.40473392,68.89425048,74.11642186,,2025-12-19T14:27:58Z,2004,01/01/2004,31/12/2004,,
3386968,MALARIA_EST_MORTALITY,COUNTRY,BTN,SEAR,South-East Asia,YEAR,2016,,,,,,,,,0 [0-0],0,0,0,,2025-12-19T14:27:58Z,2016,01/01/2016,31/12/2016,,
3390751,MALARIA_EST_MORTALITY,COUNTRY,SYR,EMR,Eastern Mediterranean,YEAR,2012,,,,,,,,,0 [0-0],0,0,0,,2025-12-19T14:27:58Z,2012,01/01/2012,31/12/2012,,
3397839,MALARIA_EST_MORTALITY,COUNTRY,OMN,EMR,Eastern Mediterranean,YEAR,2004,,,,,,,,,0 [0-0],0,0,0,,2025-12-19T14:27:58Z,2004,01/01/2004,31/12/2004,,
3402403,MALARIA_EST_MORTALITY,COUNTRY,GNQ,AFR,Africa,YEAR,2004,,,,,,,,,61.12 [57.01-66.01],61.11681535,57.0053205,66.00616057,,2025-12-19T14:27:58Z,2004,01/01/2004,31/12/2004,,
3411607,MALARIA_EST_MORTALITY,COUNTRY,KOR,WPR,Western Pacific,YEAR,2003,,,,,,,,,0 [0-0],0,0,0,,2025-12-19T14:27:58Z,2003,01/01/2003,31/12/2003,,
3428640,MALARIA_EST_MORTALITY,COUNTRY,TCD,AFR,Africa,YEAR,2015,,,,,,,,,89.03 [78.23-100.74],89.0301382,78.22752025,100.7439035,,2025-12-19T14:27:58Z,2015,01/01/2015,31/12/2015,,
3436355,MALARIA_EST_MORTALITY,COUNTRY,IND,SEAR,South-East Asia,YEAR,2002,,,,,,,,,2.81 [1.36-4.61],2.809678428,1.363300025,4.611795699,,2025-12-19T14:27:58Z,2002,01/01/2002,31/12/2002,,
3441729,MALARIA_EST_MORTALITY,COUNTRY,BWA,AFR,Africa,YEAR,2011,,,,,,,,,0.58 [0.58-0.58],0.581940495,0.581940495,0.581940495,,2025-12-19T14:27:58Z,2011,01/01/2011,31/12/2011,,
3453660,MALARIA_EST_MORTALITY,COUNTRY,ECU,AMR,Americas,YEAR,2019,,,,,,,,,0 [0-0],0,0,0,,2025-12-19T14:27:58Z,2019,01/01/2019,31/12/2019,,
3454739,MALARIA_EST_MORTALITY,COUNTRY,LBR,AFR,Africa,YEAR,2024,,,,,,,,,63.48 [51.15-83.93],63.47971081,51.15078578,83.93289858,,2025-12-19T14:27:58Z,2024,01/01/2024,31/12/2024,,
3466559,MALARIA_EST_MORTALITY,COUNTRY,TLS,SEAR,South-East Asia,YEAR,2024,,,,,,,,,0 [0-0],0,0,0,,2025-12-19T14:27:58Z,2024,01/01/2024,31/12/2024,,
3467180,MALARIA_EST_MORTALITY,COUNTRY,CRI,AMR,Americas,YEAR,2001,,,,,,,,,0 [0-0],0,0,0,,2025-12-19T14:27:58Z,2001,01/01/2001,31/12/2001,,
3468987,MALARIA_EST_MORTALITY,COUNTRY,NGA,AFR,Africa,YEAR,2001,,,,,,,,,174.33 [164.40-184.65],174.3334959,164.3960308,184.6536347,,2025-12-19T14:27:58Z,2001,01/01/2001,31/12/2001,,
3473402,MALARIA_EST_MORTALITY,COUNTRY,SWZ,AFR,Africa,YEAR,2000,,,,,,,,,28.46 [28.46-28.46],28.4641369,28.4641369,28.4641369,,2025-12-19T14:27:58Z,2000,01/01/2000,31/12/2000,,
3479295,MALARIA_EST_MORTALITY,COUNTRY,BRA,AMR,Americas,YEAR,2020,,,,,,,,,0.12 [0.12-0.12],0.120401856,0.120401856,0.120401856,,2025-12-19T14:27:58Z,2020,01/01/2020,31/12/2020,,
3485886,MALARIA_EST_MORTALITY,COUNTRY,KHM,WPR,Western Pacific,YEAR,2024,,,,,,,,,0 [0-0],0,0,0,,2025-12-19T14:27:58Z,2024,01/01/2024,31/12/2024,,
3487449,MALARIA_EST_MORTALITY,COUNTRY,GAB,AFR,Africa,YEAR,2017,,,,,,,,,18.82 [16.60-21.88],18.82331123,16.59789513,21.88325838,,2025-12-19T14:27:58Z,2017,01/01/2017,31/12/2017,,
3490360,MALARIA_EST_MORTALITY,COUNTRY,GNQ,AFR,Africa,YEAR,2010,,,,,,,,,50.63 [46.00-56.43],50.6271629,46.00175765,56.42994403,,2025-12-19T14:27:58Z,2010,01/01/2010,31/12/2010,,
3491191,MALARIA_EST_MORTALITY,COUNTRY,PHL,WPR,Western Pacific,YEAR,2020,,,,,,,,,0.05 [0.02-0.09],0.050729869,0.019984494,0.093773394,,2025-12-19T14:27:58Z,2020,01/01/2020,31/12/2020,,
3492032,MALARIA_EST_MORTALITY,COUNTRY,PNG,WPR,Western Pacific,YEAR,2014,,,,,,,,,36.86 [14.42-70.96],36.86304627,14.41905916,70.9587243,,2025-12-19T14:27:58Z,2014,01/01/2014,31/12/2014,,
3497954,MALARIA_EST_MORTALITY,COUNTRY,ARM,EUR,Europe,YEAR,2023,,,,,,,,,0 [0-0],0,0,0,,2025-12-19T14:27:58Z,2023,01/01/2023,31/12/2023,,
3506143,MALARIA_EST_MORTALITY,COUNTRY,DZA,AFR,Africa,YEAR,2023,,,,,,,,,0 [0-0],0,0,0,,2025-12-19T14:27:58Z,2023,01/01/2023,31/12/2023,,
3512008,MALARIA_EST_MORTALITY,COUNTRY,BWA,AFR,Africa,YEAR,2010,,,,,,,,,0.59 [0.59-0.59],0.593510996,0.593510996,0.593510996,,2025-12-19T14:27:58Z,2010,01/01/2010,31/12/2010,,
3523632,MALARIA_EST_MORTALITY,COUNTRY,ETH,AFR,Africa,YEAR,2006,,,,,,,,,27.25 [6.58-86.50],27.25117233,6.579960014,86.50302005,,2025-12-19T14:27:58Z,2006,01/01/2006,31/12/2006,,
3524422,MALARIA_EST_MORTALITY,COUNTRY,ZAF,AFR,Africa,YEAR,2003,,,,,,,,,2.93 [2.93-2.93],2.927814527,2.927814527,2.927814527,,2025-12-19T14:27:58Z,2003,01/01/2003,31/12/2003,,
3531659,MALARIA_EST_MORTALITY,COUNTRY,BRA,AMR,Americas,YEAR,2003,,,,,,,,,0.28 [0.28-0.28],0.283638388,0.283638388,0.283638388,,2025-12-19T14:27:58Z,2003,01/01/2003,31/12/2003,,
3541176,MALARIA_EST_MORTALITY,COUNTRY,IND,SEAR,South-East Asia,YEAR,2020,,,,,,,,,0.45 [0.19-0.80],0.448189625,0.189223539,0.801308723,,2025-12-19T14:27:58Z,2020,01/01/2020,31/12/2020,,
3542891,MALARIA_EST_MORTALITY,REGION,AMR,,,YEAR,2016,,,,,,,,,0.36 [0.26-0.47],0.364136839,0.260884427,0.474978303,,2025-12-19T14:27:58Z,2016,01/01/2016,31/12/2016,,
3543306,MALARIA_EST_MORTALITY,COUNTRY,GAB,AFR,Africa,YEAR,2020,,,,,,,,,18.39 [15.76-22.78],18.38505188,15.75861589,22.77679729,,2025-12-19T14:27:58Z,2020,01/01/2020,31/12/2020,,
3543317,MALARIA_EST_MORTALITY,COUNTRY,VUT,WPR,Western Pacific,YEAR,2019,,,,,,,,,0 [0-0],0,0,0,,2025-12-19T14:27:58Z,2019,01/01/2019,31/12/2019,,
3548671,MALARIA_EST_MORTALITY,COUNTRY,RWA,AFR,Africa,YEAR,2018,,,,,,,,,25.17 [23.85-27.05],25.1681695,23.85490835,27.04997663,,2025-12-19T14:27:58Z,2018,01/01/2018,31/12/2018,,
3550348,MALARIA_EST_MORTALITY,COUNTRY,PAN,AMR,Americas,YEAR,2015,,,,,,,,,0 [0-0],0,0,0,,2025-12-19T14:27:58Z,2015,01/01/2015,31/12/2015,,
3550613,MALARIA_EST_MORTALITY,GLOBAL,GLOBAL,,,YEAR,2009,,,,,,,,,20.26 [19.34-21.56],20.25645476,19.34293733,21.56003003,,2025-12-19T14:27:58Z,2009,01/01/2009,31/12/2009,,
3554867,MALARIA_EST_MORTALITY,COUNTRY,ARE,EMR,Eastern Mediterranean,YEAR,2017,,,,,,,,,0 [0-0],0,0,0,,2025-12-19T14:27:58Z,2017,01/01/2017,31/12/2017,,
3559691,MALARIA_EST_MORTALITY,COUNTRY,KOR,WPR,Western Pacific,YEAR,2005,,,,,,,,,0 [0-0],0,0,0,,2025-12-19T14:27:58Z,2005,01/01/2005,31/12/2005,,
3563387,MALARIA_EST_MORTALITY,COUNTRY,PHL,WPR,Western Pacific,YEAR,2000,,,,,,,,,1.16 [1.16-1.16],1.159834448,1.159834448,1.159834448,,2025-12-19T14:27:58Z,2000,01/01/2000,31/12/2000,,
3569689,MALARIA_EST_MORTALITY,COUNTRY,SDN,EMR,Eastern Mediterranean,YEAR,2002,,,,,,,,,16.77 [6.91-30.16],16.76775044,6.911009159,30.15552131,,2025-12-19T14:27:58Z,2002,01/01/2002,31/12/2002,,
3580859,MALARIA_EST_MORTALITY,COUNTRY,IDN,WPR,Western Pacific,YEAR,2024,,,,,,,,,0.40 [0.20-0.61],0.401428026,0.198588702,0.610960756,,2025-12-19T14:27:58Z,2024,01/01/2024,31/12/2024,,
3587354,MALARIA_EST_MORTALITY,REGION,AFR,,,YEAR,2009,,,,,,,,,90.66 [86.91-96.47],90.66420241,86.91496338,96.46967076,,2025-12-19T14:27:58Z,2009,01/01/2009,31/12/2009,,
3591566,MALARIA_EST_MORTALITY,COUNTRY,PER,AMR,Americas,YEAR,2015,,,,,,,,,0.59 [0.29-0.93],0.585160693,0.292580346,0.92789767,,2025-12-19T14:27:58Z,2015,01/01/2015,31/12/2015,,
3598546,MALARIA_EST_MORTALITY,COUNTRY,ZAF,AFR,Africa,YEAR,2004,,,,,,,,,1.80 [1.80-1.80],1.796232891,1.796232891,1.796232891,,2025-12-19T14:27:58Z,2004,01/01/2004,31/12/2004,,
3604648,MALARIA_EST_MORTALITY,COUNTRY,SSD,AFR,Africa,YEAR,2019,,,,,,,,,75.75 [42.47-136.13],75.75274978,42.47133177,136.1266168,,2025-12-19T14:27:58Z,2019,01/01/2019,31/12/2019,,
3606479,MALARIA_EST_MORTALITY,COUNTRY,GUF,AMR,Americas,YEAR,2017,,,,,,,,,0 [0-0],0,0,0,,2025-12-19T14:27:58Z,2017,01/01/2017,31/12/2017,,
3629614,MALARIA_EST_MORTALITY,COUNTRY,COD,AFR,Africa,YEAR,2005,,,,,,,,,191.46 [172.80-211.63],191.4634008,172.8024652,211.6333778,,2025-12-19T14:27:58Z,2005,01/01/2005,31/12/2005,,
3631044,MALARIA_EST_MORTALITY,COUNTRY,GTM,AMR,Americas,YEAR,2008,,,,,,,,,0.03 [0.01-0.05],0.02851727,0.009505757,0.047528784,,2025-12-19T14:27:58Z,2008,01/01/2008,31/12/2008,,
3631306,MALARIA_EST_MORTALITY,COUNTRY,IRN,EMR,Eastern Mediterranean,YEAR,2003,,,,,,,,,0.71 [0.71-0.71],0.712114782,0.712114782,0.712114782,,2025-12-19T14:27:58Z,2003,01/01/2003,31/12/2003,,
3632120,MALARIA_EST_MORTALITY,COUNTRY,GUF,AMR,Americas,YEAR,2002,,,,,,,,,2.05 [2.05-2.05],2.045638188,2.045638188,2.045638188,,2025-12-19T14:27:58Z,2002,01/01/2002,31/12/2002,,
3635361,MALARIA_EST_MORTALITY,COUNTRY,MLI,AFR,Africa,YEAR,2009,,,,,,,,,125.97 [117.90-134.72],125.9690462,117.8967652,134.7215756,,2025-12-19T14:27:58Z,2009,01/01/2009,31/12/2009,,
3635853,MALARIA_EST_MORTALITY,COUNTRY,DOM,AMR,Americas,YEAR,2022,,,,,,,,,0 [0-0],0,0,0,,2025-12-19T14:27:58Z,2022,01/01/2022,31/12/2022,,
3638450,MALARIA_EST_MORTALITY,COUNTRY,NIC,AMR,Americas,YEAR,2006,,,,,,,,,0.02 [0.02-0.02],0.020970551,0.020970551,0.020970551,,2025-12-19T14:27:58Z,2006,01/01/2006,31/12/2006,,
3638453,MALARIA_EST_MORTALITY,COUNTRY,BWA,AFR,Africa,YEAR,2016,,,,,,,,,0.20 [0.20-0.20],0.202482298,0.202482298,0.202482298,,2025-12-19T14:27:58Z,2016,01/01/2016,31/12/2016,,
3648149,MALARIA_EST_MORTALITY,COUNTRY,VNM,WPR,Western Pacific,YEAR,2006,,,,,,,,,0.15 [0.07-0.25],0.151923396,0.071007674,0.24935253,,2025-12-19T14:27:58Z,2006,01/01/2006,31/12/2006,,
3649913,MALARIA_EST_MORTALITY,COUNTRY,THA,SEAR,South-East Asia,YEAR,2002,,,,,,,,,2.96 [2.96-2.96],2.96018154,2.96018154,2.96018154,,2025-12-19T14:27:58Z,2002,01/01/2002,31/12/2002,,
3655178,MALARIA_EST_MORTALITY,COUNTRY,ZWE,AFR,Africa,YEAR,2019,,,,,,,,,16.66 [6.15-31.65],16.65684415,6.153593733,31.65174605,,2025-12-19T14:27:58Z,2019,01/01/2019,31/12/2019,,
3656270,MALARIA_EST_MORTALITY,COUNTRY,MWI,AFR,Africa,YEAR,2010,,,,,,,,,75.40 [71.29-80.02],75.39896737,71.2912783,80.01908479,,2025-12-19T14:27:58Z,2010,01/01/2010,31/12/2010,,
3656959,MALARIA_EST_MORTALITY,COUNTRY,ETH,AFR,Africa,YEAR,2013,,,,,,,,,38.99 [13.82-76.78],38.98661978,13.82451166,76.78218092,,2025-12-19T14:27:58Z,2013,01/01/2013,31/12/2013,,
3658189,MALARIA_EST_MORTALITY,COUNTRY,COL,AMR,Americas,YEAR,2024,,,,,,,,,0.22 [0.22-0.22],0.222060668,0.222060668,0.222060668,,2025-12-19T14:27:58Z,2024,01/01/2024,31/12/2024,,
3661557,MALARIA_EST_MORTALITY,COUNTRY,UGA,AFR,Africa,YEAR,2007,,,,,,,,,88.84 [84.34-93.59],88.83963845,84.34437433,93.59128101,,2025-12-19T14:27:58Z,2007,01/01/2007,31/12/2007,,
3680079,MALARIA_EST_MORTALITY,COUNTRY,IRN,EMR,Eastern Mediterranean,YEAR,2014,,,,,,,,,0 [0-0],0,0,0,,2025-12-19T14:27:58Z,2014,01/01/2014,31/12/2014,,
3682599,MALARIA_EST_MORTALITY,COUNTRY,KEN,AFR,Africa,YEAR,2008,,,,,,,,,23.72 [23.16-24.32],23.7231973,23.16461432,24.32258998,,2025-12-19T14:27:58Z,2008,01/01/2008,31/12/2008,,
3682602,MALARIA_EST_MORTALITY,COUNTRY,SUR,AMR,Americas,YEAR,2009,,,,,,,,,0 [0-0],0,0,0,,2025-12-19T14:27:58Z,2009,01/01/2009,31/12/2009,,
3688719,MALARIA_EST_MORTALITY,COUNTRY,SWZ,AFR,Africa,YEAR,2017,,,,,,,,,6.17 [6.17-6.17],6.167243304,6.167243304,6.167243304,,2025-12-19T14:27:58Z,2017,01/01/2017,31/12/2017,,
3689268,MALARIA_EST_MORTALITY,COUNTRY,ZMB,AFR,Africa,YEAR,2020,,,,,,,,,44.89 [38.83-54.20],44.89124655,38.82599631,54.20437008,,2025-12-19T14:27:58Z,2020,01/01/2020,31/12/2020,,
3693591,MALARIA_EST_MORTALITY,COUNTRY,BFA,AFR,Africa,YEAR,2018,,,,,,,,,81.24 [64.34-104.37],81.23968113,64.33965996,104.3728565,,2025-12-19T14:27:58Z,2018,01/01/2018,31/12/2018,,
3695042,MALARIA_EST_MORTALITY,COUNTRY,SEN,AFR,Africa,YEAR,2024,,,,,,,,,9.42 [4.15-16.01],9.415206499,4.150906195,16.01476901,,2025-12-19T14:27:58Z,2024,01/01/2024,31/12/2024,,
3699021,MALARIA_EST_MORTALITY,COUNTRY,GNQ,AFR,Africa,YEAR,2023,,,,,,,,,40.97 [34.80-52.72],40.97320288,34.80286585,52.71849353,,2025-12-19T14:27:58Z,2023,01/01/2023,31/12/2023,,
3699862,MALARIA_EST_MORTALITY,REGION,WPR,,,YEAR,2012,,,,,,,,,0.65 [0.36-1.06],0.645654109,0.360431366,1.057162662,,2025-12-19T14:27:58Z,2012,01/01/2012,31/12/2012,,
3700788,MALARIA_EST_MORTALITY,COUNTRY,VEN,AMR,Americas,YEAR,2009,,,,,,,,,0.25 [0.13-0.39],0.253179709,0.126589854,0.386802333,,2025-12-19T14:27:58Z,2009,01/01/2009,31/12/2009,,
3701066,MALARIA_EST_MORTALITY,COUNTRY,TLS,SEAR,South-East Asia,YEAR,2002,,,,,,,,,24.07 [10.40-41.97],24.06706851,10.40084368,41.96921834,,2025-12-19T14:27:58Z,2002,01/01/2002,31/12/2002,,
3701566,MALARIA_EST_MORTALITY,COUNTRY,MLI,AFR,Africa,YEAR,2022,,,,,,,,,61.88 [50.01-77.73],61.87848465,50.01161549,77.72853475,,2025-12-19T14:27:58Z,2022,01/01/2022,31/12/2022,,
3713372,MALARIA_EST_MORTALITY,COUNTRY,GHA,AFR,Africa,YEAR,2002,,,,,,,,,86.51 [83.39-90.01],86.505207,83.38885837,90.00748117,,2025-12-19T14:27:58Z,2002,01/01/2002,31/12/2002,,
3713871,MALARIA_EST_MORTALITY,COUNTRY,THA,SEAR,South-East Asia,YEAR,2010,,,,,,,,,0.61 [0.61-0.61],0.614739848,0.614739848,0.614739848,,2025-12-19T14:27:58Z,2010,01/01/2010,31/12/2010,,
3718672,MALARIA_EST_MORTALITY,COUNTRY,BFA,AFR,Africa,YEAR,2019,,,,,,,,,77.68 [60.18-102.54],77.67883449,60.18499613,102.5381606,,2025-12-19T14:27:58Z,2019,01/01/2019,31/12/2019,,
3720230,MALARIA_EST_MORTALITY,COUNTRY,NAM,AFR,Africa,YEAR,2023,,,,,,,,,0.98 [0.98-0.98],0.977909451,0.977909451,0.977909451,,2025-12-19T14:27:58Z,2023,01/01/2023,31/12/2023,,
3725507,MALARIA_EST_MORTALITY,COUNTRY,ZMB,AFR,Africa,YEAR,2012,,,,,,,,,46.80 [45.10-48.77],46.79612186,45.09951937,48.76747303,,2025-12-19T14:27:58Z,2012,01/01/2012,31/12/2012,,
3725871,MALARIA_EST_MORTALITY,COUNTRY,BTN,SEAR,South-East Asia,YEAR,2007,,,,,,,,,0.40 [0.40-0.40],0.398252468,0.398252468,0.398252468,,2025-12-19T14:27:58Z,2007,01/01/2007,31/12/2007,,
3739081,MALARIA_EST_MORTALITY,COUNTRY,ETH,AFR,Africa,YEAR,2017,,,,,,,,,16.15 [4.68-37.58],16.15325461,4.677249565,37.57663258,,2025-12-19T14:27:58Z,2017,01/01/2017,31/12/2017,,
3746061,MALARIA_EST_MORTALITY,COUNTRY,PER,AMR,Americas,YEAR,2009,,,,,,,,,0.27 [0.13-0.42],0.273139521,0.132164284,0.42292571,,2025-12-19T14:27:58Z,2009,01/01/2009,31/12/2009,,
3749648,MALARIA_EST_MORTALITY,COUNTRY,DOM,AMR,Americas,YEAR,2005,,,,,,,,,0.31 [0.31-0.31],0.314878005,0.314878005,0.314878005,,2025-12-19T14:27:58Z,2005,01/01/2005,31/12/2005,,
3763728,MALARIA_EST_MORTALITY,COUNTRY,TGO,AFR,Africa,YEAR,2014,,,,,,,,,68.56 [62.67-75.20],68.55850491,62.67020857,75.19622078,,2025-12-19T14:27:58Z,2014,01/01/2014,31/12/2014,,
3770367,MALARIA_EST_MORTALITY,COUNTRY,MLI,AFR,Africa,YEAR,2013,,,,,,,,,135.25 [124.33-147.41],135.2492595,124.326911,147.4146194,,2025-12-19T14:27:58Z,2013,01/01/2013,31/12/2013,,
3775995,MALARIA_EST_MORTALITY,COUNTRY,BOL,AMR,Americas,YEAR,2003,,,,,,,,,0.29 [0.12-0.51],0.29225303,0.121772096,0.511442802,,2025-12-19T14:27:58Z,2003,01/01/2003,31/12/2003,,
3782748,MALARIA_EST_MORTALITY,COUNTRY,GMB,AFR,Africa,YEAR,2006,,,,,,,,,28.16 [27.23-29.21],28.15875005,27.22595502,29.20814447,,2025-12-19T14:27:58Z,2006,01/01/2006,31/12/2006,,
3783596,MALARIA_EST_MORTALITY,COUNTRY,MLI,AFR,Africa,YEAR,2001,,,,,,,,,191.80 [181.30-203.20],191.8040375,181.302162,203.2041549,,2025-12-19T14:27:58Z,2001,01/01/2001,31/12/2001,,
3790416,MALARIA_EST_MORTALITY,COUNTRY,IRN,EMR,Eastern Mediterranean,YEAR,2019,,,,,,,,,0 [0-0],0,0,0,,2025-12-19T14:27:58Z,2019,01/01/2019,31/12/2019,,
3803122,MALARIA_EST_MORTALITY,COUNTRY,GEO,EUR,Europe,YEAR,2000,,,,,,,,,0 [0-0],0,0,0,,2025-12-19T14:27:58Z,2000,01/01/2000,31/12/2000,,
3809415,MALARIA_EST_MORTALITY,REGION,WPR,,,YEAR,2017,,,,,,,,,0.43 [0.26-0.65],0.426624802,0.259441942,0.645030061,,2025-12-19T14:27:58Z,2017,01/01/2017,31/12/2017,,
3813910,MALARIA_EST_MORTALITY,COUNTRY,SDN,EMR,Eastern Mediterranean,YEAR,2018,,,,,,,,,15.19 [6.29-27.16],15.19310298,6.28733332,27.1600455,,2025-12-19T14:27:58Z,2018,01/01/2018,31/12/2018,,
3815124,MALARIA_EST_MORTALITY,COUNTRY,CAF,AFR,Africa,YEAR,2022,,,,,,,,,100.06 [78.58-127.97],100.0580812,78.57923409,127.9707746,,2025-12-19T14:27:58Z,2022,01/01/2022,31/12/2022,,
3819493,MALARIA_EST_MORTALITY,COUNTRY,GUY,AMR,Americas,YEAR,2017,,,,,,,,,4.42 [1.95-7.55],4.424329649,1.951910139,7.547385872,,2025-12-19T14:27:58Z,2017,01/01/2017,31/12/2017,,
3820656,MALARIA_EST_MORTALITY,COUNTRY,SAU,EMR,Eastern Mediterranean,YEAR,2002,,,,,,,,,0 [0-0],0,0,0,,2025-12-19T14:27:58Z,2002,01/01/2002,31/12/2002,,
3825128,MALARIA_EST_MORTALITY,COUNTRY,NGA,AFR,Africa,YEAR,2009,,,,,,,,,134.83 [125.03-145.20],134.8335222,125.0315614,145.1971017,,2025-12-19T14:27:58Z,2009,01/01/2009,31/12/2009,,
3825357,MALARIA_EST_MORTALITY,COUNTRY,THA,SEAR,South-East Asia,YEAR,2001,,,,,,,,,3.51 [3.51-3.51],3.510387103,3.510387103,3.510387103,,2025-12-19T14:27:58Z,2001,01/01/2001,31/12/2001,,
3828807,MALARIA_EST_MORTALITY,COUNTRY,GTM,AMR,Americas,YEAR,2006,,,,,,,,,0.15 [0.06-0.25],0.148641992,0.059456797,0.247736653,,2025-12-19T14:27:58Z,2006,01/01/2006,31/12/2006,,
3834214,MALARIA_EST_MORTALITY,COUNTRY,CPV,AFR,Africa,YEAR,2022,,,,,,,,,0 [0-0],0,0,0,,2025-12-19T14:27:58Z,2022,01/01/2022,31/12/2022,,
3839363,MALARIA_EST_MORTALITY,COUNTRY,SLB,WPR,Western Pacific,YEAR,2001,,,,,,,,,117.18 [45.21-233.91],117.1752884,45.20582143,233.9063902,,2025-12-19T14:27:58Z,2001,01/01/2001,31/12/2001,,
3839432,MALARIA_EST_MORTALITY,COUNTRY,AZE,EUR,Europe,YEAR,2007,,,,,,,,,0 [0-0],0,0,0,,2025-12-19T14:27:58Z,2007,01/01/2007,31/12/2007,,
3850529,MALARIA_EST_MORTALITY,COUNTRY,MMR,SEAR,South-East Asia,YEAR,2020,,,,,,,,,0.17 [0.08-0.26],0.16670066,0.082267858,0.264123123,,2025-12-19T14:27:58Z,2020,01/01/2020,31/12/2020,,
3850687,MALARIA_EST_MORTALITY,COUNTRY,BTN,SEAR,South-East Asia,YEAR,2005,,,,,,,,,1.02 [1.02-1.02],1.020866511,1.020866511,1.020866511,,2025-12-19T14:27:58Z,2005,01/01/2005,31/12/2005,,
3853671,MALARIA_EST_MORTALITY,COUNTRY,GUF,AMR,Americas,YEAR,2009,,,,,,,,,0.78 [0.78-0.78],0.783435049,0.783435049,0.783435049,,2025-12-19T14:27:58Z,2009,01/01/2009,31/12/2009,,
3859794,MALARIA_EST_MORTALITY,COUNTRY,SWZ,AFR,Africa,YEAR,2020,,,,,,,,,0.60 [0.60-0.60],0.598866944,0.598866944,0.598866944,,2025-12-19T14:27:58Z,2020,01/01/2020,31/12/2020,,
3866479,MALARIA_EST_MORTALITY,COUNTRY,BRA,AMR,Americas,YEAR,2019,,,,,,,,,0.09 [0.09-0.09],0.0878579,0.0878579,0.0878579,,2025-12-19T14:27:58Z,2019,01/01/2019,31/12/2019,,
3877073,MALARIA_EST_MORTALITY,COUNTRY,NAM,AFR,Africa,YEAR,2005,,,,,,,,,84.88 [84.88-84.88],84.88290004,84.88290004,84.88290004,,2025-12-19T14:27:58Z,2005,01/01/2005,31/12/2005,,
3878294,MALARIA_EST_MORTALITY,COUNTRY,PAK,EMR,Eastern Mediterranean,YEAR,2024,,,,,,,,,1.23 [0.63-2.03],1.22942909,0.629085547,2.032221592,,2025-12-19T14:27:58Z,2024,01/01/2024,31/12/2024,,
3889932,MALARIA_EST_MORTALITY,COUNTRY,CIV,AFR,Africa,YEAR,2008,,,,,,,,,141.66 [131.99-152.20],141.6630079,131.9949654,152.2047659,,2025-12-19T14:27:58Z,2008,01/01/2008,31/12/2008,,
3892205,MALARIA_EST_MORTALITY,COUNTRY,IND,SEAR,South-East Asia,YEAR,2016,,,,,,,,,1.14 [0.53-1.87],1.135308924,0.53454958,1.865376187,,2025-12-19T14:27:58Z,2016,01/01/2016,31/12/2016,,
3896085,MALARIA_EST_MORTALITY,COUNTRY,BTN,SEAR,South-East Asia,YEAR,2015,,,,,,,,,0 [0-0],0,0,0,,2025-12-19T14:27:58Z,2015,01/01/2015,31/12/2015,,
3909318,MALARIA_EST_MORTALITY,COUNTRY,MWI,AFR,Africa,YEAR,2023,,,,,,,,,34.95 [30.15-43.60],34.94992201,30.15473206,43.60223103,,2025-12-19T14:27:58Z,2023,01/01/2023,31/12/2023,,
3909489,MALARIA_EST_MORTALITY,COUNTRY,NIC,AMR,Americas,YEAR,2023,,,,,,,,,0 [0-0],0,0,0,,2025-12-19T14:27:58Z,2023,01/01/2023,31/12/2023,,
3922481,MALARIA_EST_MORTALITY,COUNTRY,CAF,AFR,Africa,YEAR,2021,,,,,,,,,99.90 [80.61-124.88],99.90023669,80.61266407,124.8801862,,2025-12-19T14:27:58Z,2021,01/01/2021,31/12/2021,,
3923693,MALARIA_EST_MORTALITY,COUNTRY,KHM,WPR,Western Pacific,YEAR,2020,,,,,,,,,0.05 [0.03-0.08],0.050427546,0.025213773,0.08404591,,2025-12-19T14:27:58Z,2020,01/01/2020,31/12/2020,,
3926475,MALARIA_EST_MORTALITY,COUNTRY,KHM,WPR,Western Pacific,YEAR,2009,,,,,,,,,8.40 [3.87-14.16],8.398715479,3.869513697,14.15867862,,2025-12-19T14:27:58Z,2009,01/01/2009,31/12/2009,,
3935307,MALARIA_EST_MORTALITY,COUNTRY,MDG,AFR,Africa,YEAR,2001,,,,,,,,,16.13 [1.73-40.50],16.12757493,1.731644785,40.50387311,,2025-12-19T14:27:58Z,2001,01/01/2001,31/12/2001,,
3936312,MALARIA_EST_MORTALITY,COUNTRY,IRQ,EMR,Eastern Mediterranean,YEAR,2022,,,,,,,,,0 [0-0],0,0,0,,2025-12-19T14:27:58Z,2022,01/01/2022,31/12/2022,,
3953402,MALARIA_EST_MORTALITY,REGION,AFR,,,YEAR,2008,,,,,,,,,92.32 [88.87-96.98],92.32355569,88.87428156,96.98100972,,2025-12-19T14:27:58Z,2008,01/01/2008,31/12/2008,,
3961007,MALARIA_EST_MORTALITY,COUNTRY,SSD,AFR,Africa,YEAR,2007,,,,,,,,,90.30 [76.64-106.59],90.29910999,76.63801691,106.5946721,,2025-12-19T14:27:58Z,2007,01/01/2007,31/12/2007,,
3965299,MALARIA_EST_MORTALITY,COUNTRY,COL,AMR,Americas,YEAR,2004,,,,,,,,,1.37 [1.37-1.37],1.369975912,1.369975912,1.369975912,,2025-12-19T14:27:58Z,2004,01/01/2004,31/12/2004,,
3967468,MALARIA_EST_MORTALITY,COUNTRY,ARG,AMR,Americas,YEAR,2001,,,,,,,,,0 [0-0],0,0,0,,2025-12-19T14:27:58Z,2001,01/01/2001,31/12/2001,,
3967584,MALARIA_EST_MORTALITY,COUNTRY,GNB,AFR,Africa,YEAR,2015,,,,,,,,,46.91 [41.37-53.79],46.90851608,41.36681788,53.79365627,,2025-12-19T14:27:58Z,2015,01/01/2015,31/12/2015,,
3968111,MALARIA_EST_MORTALITY,COUNTRY,CMR,AFR,Africa,YEAR,2016,,,,,,,,,51.68 [47.71-55.94],51.67526564,47.70582073,55.93890142,,2025-12-19T14:27:58Z,2016,01/01/2016,31/12/2016,,
3971206,MALARIA_EST_MORTALITY,COUNTRY,MYT,AFR,Africa,YEAR,2008,,,,,,,,,0 [0-0],0,0,0,,2025-12-19T14:27:58Z,2008,01/01/2008,31/12/2008,,
3979332,MALARIA_EST_MORTALITY,REGION,SEAR,,,YEAR,2015,,,,,,,,,1.14 [0.57-1.79],1.136762,0.570575687,1.789620728,,2025-12-19T14:27:58Z,2015,01/01/2015,31/12/2015,,
3979633,MALARIA_EST_MORTALITY,COUNTRY,VUT,WPR,Western Pacific,YEAR,2006,,,,,,,,,13.89 [6.02-26.40],13.89384179,6.020664774,26.39829939,,2025-12-19T14:27:58Z,2006,01/01/2006,31/12/2006,,
3984762,MALARIA_EST_MORTALITY,COUNTRY,MAR,EMR,Eastern Mediterranean,YEAR,2022,,,,,,,,,0 [0-0],0,0,0,,2025-12-19T14:27:58Z,2022,01/01/2022,31/12/2022,,
3990545,MALARIA_EST_MORTALITY,REGION,SEAR,,,YEAR,2018,,,,,,,,,0.47 [0.23-0.77],0.469285324,0.227213153,0.774847342,,2025-12-19T14:27:58Z,2018,01/01/2018,31/12/2018,,
3997536,MALARIA_EST_MORTALITY,COUNTRY,AZE,EUR,Europe,YEAR,2001,,,,,,,,,0 [0-0],0,0,0,,2025-12-19T14:27:58Z,2001,01/01/2001,31/12/2001,,
3997893,MALARIA_EST_MORTALITY,COUNTRY,SLE,AFR,Africa,YEAR,2016,,,,,,,,,131.57 [118.72-145.53],131.5693054,118.7177045,145.5311958,,2025-12-19T14:27:58Z,2016,01/01/2016,31/12/2016,,
3998622,MALARIA_EST_MORTALITY,COUNTRY,SLB,WPR,Western Pacific,YEAR,2020,,,,,,,,,16.82 [8.68-25.91],16.82375623,8.683229022,25.91401161,,2025-12-19T14:27:58Z,2020,01/01/2020,31/12/2020,,
3999766,MALARIA_EST_MORTALITY,REGION,EUR,,,YEAR,2020,,,,,,,,,0 [0-0],0,0,0,,2025-12-19T14:27:58Z,2020,01/01/2020,31/12/2020,,
4009957,MALARIA_EST_MORTALITY,COUNTRY,MOZ,AFR,Africa,YEAR,2007,,,,,,,,,117.23 [108.49-126.82],117.2323746,108.4902104,126.8247976,,2025-12-19T14:27:58Z,2007,01/01/2007,31/12/2007,,
4024006,MALARIA_EST_MORTALITY,COUNTRY,PAN,AMR,Americas,YEAR,2016,,,,,,,,,0 [0-0],0,0,0,,2025-12-19T14:27:58Z,2016,01/01/2016,31/12/2016,,
4025298,MALARIA_EST_MORTALITY,REGION,AMR,,,YEAR,2009,,,,,,,,,0.35 [0.24-0.51],0.345104801,0.238803539,0.512042698,,2025-12-19T14:27:58Z,2009,01/01/2009,31/12/2009,,
4027987,MALARIA_EST_MORTALITY,COUNTRY,SLV,AMR,Americas,YEAR,2018,,,,,,,,,0 [0-0],0,0,0,,2025-12-19T14:27:58Z,2018,01/01/2018,31/12/2018,,
4029193,MALARIA_EST_MORTALITY,COUNTRY,TKM,EUR,Europe,YEAR,2010,,,,,,,,,0 [0-0],0,0,0,,2025-12-19T14:27:58Z,2010,01/01/2010,31/12/2010,,
4030279,MALARIA_EST_MORTALITY,COUNTRY,BLZ,AMR,Americas,YEAR,2005,,,,,,,,,0 [0-0],0,0,0,,2025-12-19T14:27:58Z,2005,01/01/2005,31/12/2005,,
4030966,MALARIA_EST_MORTALITY,COUNTRY,SLV,AMR,Americas,YEAR,2005,,,,,,,,,0 [0-0],0,0,0,,2025-12-19T14:27:58Z,2005,01/01/2005,31/12/2005,,
4031697,MALARIA_EST_MORTALITY,COUNTRY,BOL,AMR,Americas,YEAR,2021,,,,,,,,,0.07 [0.02-0.17],0.073860412,0.018465103,0.166185928,,2025-12-19T14:27:58Z,2021,01/01/2021,31/12/2021,,
4036741,MALARIA_EST_MORTALITY,COUNTRY,KHM,WPR,Western Pacific,YEAR,2006,,,,,,,,,9.24 [4.22-15.84],9.244938937,4.215362347,15.84110496,,2025-12-19T14:27:58Z,2006,01/01/2006,31/12/2006,,
4037881,MALARIA_EST_MORTALITY,COUNTRY,BLZ,AMR,Americas,YEAR,2013,,,,,,,,,0 [0-0],0,0,0,,2025-12-19T14:27:58Z,2013,01/01/2013,31/12/2013,,
4041028,MALARIA_EST_MORTALITY,COUNTRY,LAO,WPR,Western Pacific,YEAR,2008,,,,,,,,,3.25 [1.28-6.00],3.25047843,1.281438612,6.000883255,,2025-12-19T14:27:58Z,2008,01/01/2008,31/12/2008,,
4050614,MALARIA_EST_MORTALITY,COUNTRY,LAO,WPR,Western Pacific,YEAR,2024,,,,,,,,,0 [0-0],0,0,0,,2025-12-19T14:27:58Z,2024,01/01/2024,31/12/2024,,
4056387,MALARIA_EST_MORTALITY,COUNTRY,DJI,EMR,Eastern Mediterranean,YEAR,2003,,,,,,,,,0.66 [0.16-1.31],0.655659241,0.16391481,1.311318482,,2025-12-19T14:27:58Z,2003,01/01/2003,31/12/2003,,
4063445,MALARIA_EST_MORTALITY,COUNTRY,PER,AMR,Americas,YEAR,2002,,,,,,,,,1.01 [0.50-1.59],1.007677006,0.503838503,1.58615825,,2025-12-19T14:27:58Z,2002,01/01/2002,31/12/2002,,
4065834,MALARIA_EST_MORTALITY,COUNTRY,SDN,EMR,Eastern Mediterranean,YEAR,2020,,,,,,,,,16.83 [6.14-33.31],16.8329332,6.142332196,33.30568737,,2025-12-19T14:27:58Z,2020,01/01/2020,31/12/2020,,
4067456,MALARIA_EST_MORTALITY,COUNTRY,TJK,EUR,Europe,YEAR,2017,,,,,,,,,0 [0-0],0,0,0,,2025-12-19T14:27:58Z,2017,01/01/2017,31/12/2017,,
4073316,MALARIA_EST_MORTALITY,COUNTRY,TJK,EUR,Europe,YEAR,2012,,,,,,,,,0 [0-0],0,0,0,,2025-12-19T14:27:58Z,2012,01/01/2012,31/12/2012,,
4074415,MALARIA_EST_MORTALITY,COUNTRY,BEN,AFR,Africa,YEAR,2006,,,,,,,,,167.11 [156.89-178.14],167.106817,156.8919858,178.1383746,,2025-12-19T14:27:58Z,2006,01/01/2006,31/12/2006,,
4074431,MALARIA_EST_MORTALITY,COUNTRY,PNG,WPR,Western Pacific,YEAR,2006,,,,,,,,,43.33 [12.06-93.38],43.3331555,12.06333399,93.38376518,,2025-12-19T14:27:58Z,2006,01/01/2006,31/12/2006,,
4075721,MALARIA_EST_MORTALITY,COUNTRY,ETH,AFR,Africa,YEAR,2016,,,,,,,,,21.32 [5.34-53.90],21.3219675,5.343789682,53.89980618,,2025-12-19T14:27:58Z,2016,01/01/2016,31/12/2016,,
4079210,MALARIA_EST_MORTALITY,COUNTRY,MYS,WPR,Western Pacific,YEAR,2014,,,,,,,,,0.33 [0.33-0.33],0.325774019,0.325774019,0.325774019,,2025-12-19T14:27:58Z,2014,01/01/2014,31/12/2014,,
4080322,MALARIA_EST_MORTALITY,COUNTRY,IRN,EMR,Eastern Mediterranean,YEAR,2022,,,,,,,,,0 [0-0],0,0,0,,2025-12-19T14:27:58Z,2022,01/01/2022,31/12/2022,,
4092794,MALARIA_EST_MORTALITY,COUNTRY,SEN,AFR,Africa,YEAR,2008,,,,,,,,,13.35 [5.36-24.97],13.35385074,5.361459027,24.97311179,,2025-12-19T14:27:58Z,2008,01/01/2008,31/12/2008,,
4104832,MALARIA_EST_MORTALITY,COUNTRY,CMR,AFR,Africa,YEAR,2003,,,,,,,,,123.48 [115.53-132.00],123.4813129,115.5295928,131.9959852,,2025-12-19T14:27:58Z,2003,01/01/2003,31/12/2003,,
4112170,MALARIA_EST_MORTALITY,COUNTRY,MYT,AFR,Africa,YEAR,2024,,,,,,,,,0 [0-0],0,0,0,,2025-12-19T14:27:58Z,2024,01/01/2024,31/12/2024,,
4113978,MALARIA_EST_MORTALITY,COUNTRY,COG,AFR,Africa,YEAR,2016,,,,,,,,,39.66 [35.29-45.90],39.65506413,35.289369,45.89724226,,2025-12-19T14:27:58Z,2016,01/01/2016,31/12/2016,,
4116736,MALARIA_EST_MORTALITY,COUNTRY,MOZ,AFR,Africa,YEAR,2020,,,,,,,,,72.42 [45.18-121.42],72.42472052,45.17977183,121.4215301,,2025-12-19T14:27:58Z,2020,01/01/2020,31/12/2020,,
4118163,MALARIA_EST_MORTALITY,COUNTRY,ERI,AFR,Africa,YEAR,2002,,,,,,,,,3.59 [3.59-3.59],3.593848335,3.593848335,3.593848335,,2025-12-19T14:27:58Z,2002,01/01/2002,31/12/2002,,
4131627,MALARIA_EST_MORTALITY,COUNTRY,MYT,AFR,Africa,YEAR,2004,,,,,,,,,2.60 [0-5.19],2.596930428,0,5.193860856,,2025-12-19T14:27:58Z,2004,01/01/2004,31/12/2004,,
4142679,MALARIA_EST_MORTALITY,COUNTRY,DOM,AMR,Americas,YEAR,2001,,,,,,,,,0.35 [0.35-0.35],0.353922902,0.353922902,0.353922902,,2025-12-19T14:27:58Z,2001,01/01/2001,31/12/2001,,
4148325,MALARIA_EST_MORTALITY,COUNTRY,AGO,AFR,Africa,YEAR,2009,,,,,,,,,58.68 [48.70-71.27],58.67558864,48.69556341,71.27442245,,2025-12-19T14:27:58Z,2009,01/01/2009,31/12/2009,,
4150171,MALARIA_EST_MORTALITY,COUNTRY,STP,AFR,Africa,YEAR,2003,,,,,,,,,125.48 [125.48-125.48],125.4762245,125.4762245,125.4762245,,2025-12-19T14:27:58Z,2003,01/01/2003,31/12/2003,,
4151092,MALARIA_EST_MORTALITY,COUNTRY,BLZ,AMR,Americas,YEAR,2018,,,,,,,,,0 [0-0],0,0,0,,2025-12-19T14:27:58Z,2018,01/01/2018,31/12/2018,,
4156321,MALARIA_EST_MORTALITY,COUNTRY,BEN,AFR,Africa,YEAR,2012,,,,,,,,,79.31 [73.63-85.53],79.30632834,73.63173261,85.52888406,,2025-12-19T14:27:58Z,2012,01/01/2012,31/12/2012,,
4160869,MALARIA_EST_MORTALITY,COUNTRY,PER,AMR,Americas,YEAR,2001,,,,,,,,,0.84 [0.42-1.36],0.840366604,0.415462141,1.35969428,,2025-12-19T14:27:58Z,2001,01/01/2001,31/12/2001,,
4162466,MALARIA_EST_MORTALITY,COUNTRY,PAN,AMR,Americas,YEAR,2008,,,,,,,,,0.04 [0.04-0.04],0.042636032,0.042636032,0.042636032,,2025-12-19T14:27:58Z,2008,01/01/2008,31/12/2008,,
4168950,MALARIA_EST_MORTALITY,COUNTRY,ECU,AMR,Americas,YEAR,2006,,,,,,,,,0.11 [0.11-0.11],0.11274508,0.11274508,0.11274508,,2025-12-19T14:27:58Z,2006,01/01/2006,31/12/2006,,
4175548,MALARIA_EST_MORTALITY,COUNTRY,GMB,AFR,Africa,YEAR,2017,,,,,,,,,25.36 [24.21-26.64],25.36089103,24.20812326,26.64174411,,2025-12-19T14:27:58Z,2017,01/01/2017,31/12/2017,,
4179874,MALARIA_EST_MORTALITY,COUNTRY,GTM,AMR,Americas,YEAR,2017,,,,,,,,,0.01 [0-0.02],0.007995504,0,0.023986512,,2025-12-19T14:27:58Z,2017,01/01/2017,31/12/2017,,
4180890,MALARIA_EST_MORTALITY,COUNTRY,NER,AFR,Africa,YEAR,2005,,,,,,,,,152.90 [143.12-163.16],152.8984295,143.1210137,163.1556293,,2025-12-19T14:27:58Z,2005,01/01/2005,31/12/2005,,
4202187,MALARIA_EST_MORTALITY,COUNTRY,SLB,WPR,Western Pacific,YEAR,2002,,,,,,,,,113.22 [45.68-222.48],113.221539,45.68036655,222.4759101,,2025-12-19T14:27:58Z,2002,01/01/2002,31/12/2002,,
4218715,MALARIA_EST_MORTALITY,COUNTRY,CRI,AMR,Americas,YEAR,2015,,,,,,,,,0 [0-0],0,0,0,,2025-12-19T14:27:58Z,2015,01/01/2015,31/12/2015,,
4219085,MALARIA_EST_MORTALITY,REGION,EMR,,,YEAR,2019,,,,,,,,,2.40 [1.39-3.86],2.404849146,1.392207172,3.863272416,,2025-12-19T14:27:58Z,2019,01/01/2019,31/12/2019,,
4225540,MALARIA_EST_MORTALITY,COUNTRY,PAK,EMR,Eastern Mediterranean,YEAR,2004,,,,,,,,,0.38 [0.16-0.84],0.381844899,0.15855768,0.835545525,,2025-12-19T14:27:58Z,2004,01/01/2004,31/12/2004,,
4231455,MALARIA_EST_MORTALITY,COUNTRY,SWZ,AFR,Africa,YEAR,2003,,,,,,,,,10.04 [10.04-10.04],10.04432897,10.04432897,10.04432897,,2025-12-19T14:27:58Z,2003,01/01/2003,31/12/2003,,
4231610,MALARIA_EST_MORTALITY,COUNTRY,PRY,AMR,Americas,YEAR,2012,,,,,,,,,0 [0-0],0,0,0,,2025-12-19T14:27:58Z,2012,01/01/2012,31/12/2012,,
4232336,MALARIA_EST_MORTALITY,COUNTRY,MYT,AFR,Africa,YEAR,2007,,,,,,,,,0 [0-2.38],0,0,2.3828246,,2025-12-19T14:27:58Z,2007,01/01/2007,31/12/2007,,
4238568,MALARIA_EST_MORTALITY,COUNTRY,SUR,AMR,Americas,YEAR,2023,,,,,,,,,0 [0-0],0,0,0,,2025-12-19T14:27:58Z,2023,01/01/2023,31/12/2023,,
4249334,MALARIA_EST_MORTALITY,COUNTRY,STP,AFR,Africa,YEAR,2008,,,,,,,,,9.21 [9.21-9.21],9.206354686,9.206354686,9.206354686,,2025-12-19T14:27:58Z,2008,01/01/2008,31/12/2008,,
4252475,MALARIA_EST_MORTALITY,COUNTRY,YEM,EMR,Eastern Mediterranean,YEAR,2018,,,,,,,,,10.50 [4.36-20.17],10.50203463,4.357615065,20.17015119,,2025-12-19T14:27:58Z,2018,01/01/2018,31/12/2018,,
4264612,MALARIA_EST_MORTALITY,REGION,SEAR,,,YEAR,2014,,,,,,,,,1.13 [0.58-1.79],1.129033749,0.576240701,1.787154485,,2025-12-19T14:27:58Z,2014,01/01/2014,31/12/2014,,
4271626,MALARIA_EST_MORTALITY,COUNTRY,SLV,AMR,Americas,YEAR,2022,,,,,,,,,0 [0-0],0,0,0,,2025-12-19T14:27:58Z,2022,01/01/2022,31/12/2022,,
4278329,MALARIA_EST_MORTALITY,COUNTRY,KHM,WPR,Western Pacific,YEAR,2005,,,,,,,,,7.37 [3.60-11.72],7.374127565,3.597894368,11.71518755,,2025-12-19T14:27:58Z,2005,01/01/2005,31/12/2005,,
4283674,MALARIA_EST_MORTALITY,COUNTRY,ERI,AFR,Africa,YEAR,2021,,,,,,,,,6.30 [2.48-11.64],6.298163414,2.477476604,11.64115512,,2025-12-19T14:27:58Z,2021,01/01/2021,31/12/2021,,
4290589,MALARIA_EST_MORTALITY,COUNTRY,BGD,SEAR,South-East Asia,YEAR,2004,,,,,,,,,3.28 [3.28-3.28],3.279076415,3.279076415,3.279076415,,2025-12-19T14:27:58Z,2004,01/01/2004,31/12/2004,,
4293644,MALARIA_EST_MORTALITY,COUNTRY,TUR,EUR,Europe,YEAR,2013,,,,,,,,,0 [0-0],0,0,0,,2025-12-19T14:27:58Z,2013,01/01/2013,31/12/2013,,
4300368,MALARIA_EST_MORTALITY,COUNTRY,AGO,AFR,Africa,YEAR,2006,,,,,,,,,95.70 [82.76-111.34],95.69689236,82.75665305,111.3400668,,2025-12-19T14:27:58Z,2006,01/01/2006,31/12/2006,,
4300899,MALARIA_EST_MORTALITY,COUNTRY,PNG,WPR,Western Pacific,YEAR,2005,,,,,,,,,42.78 [10.46-92.29],42.77907956,10.46488589,92.29096812,,2025-12-19T14:27:58Z,2005,01/01/2005,31/12/2005,,
4302869,MALARIA_EST_MORTALITY,COUNTRY,SDN,EMR,Eastern Mediterranean,YEAR,2008,,,,,,,,,9.52 [4.13-16.33],9.517017602,4.133880169,16.33060739,,2025-12-19T14:27:58Z,2008,01/01/2008,31/12/2008,,
4302902,MALARIA_EST_MORTALITY,COUNTRY,CRI,AMR,Americas,YEAR,2012,,,,,,,,,0 [0-0],0,0,0,,2025-12-19T14:27:58Z,2012,01/01/2012,31/12/2012,,
4312934,MALARIA_EST_MORTALITY,COUNTRY,TUR,EUR,Europe,YEAR,2001,,,,,,,,,0 [0-0],0,0,0,,2025-12-19T14:27:58Z,2001,01/01/2001,31/12/2001,,
4319727,MALARIA_EST_MORTALITY,COUNTRY,MWI,AFR,Africa,YEAR,2022,,,,,,,,,36.58 [30.83-47.06],36.58466386,30.83321438,47.05687197,,2025-12-19T14:27:58Z,2022,01/01/2022,31/12/2022,,
4326024,MALARIA_EST_MORTALITY,COUNTRY,CMR,AFR,Africa,YEAR,2010,,,,,,,,,63.24 [59.13-67.67],63.24465252,59.13138587,67.6680666,,2025-12-19T14:27:58Z,2010,01/01/2010,31/12/2010,,
4331935,MALARIA_EST_MORTALITY,COUNTRY,IDN,WPR,Western Pacific,YEAR,2011,,,,,,,,,1.15 [0.58-1.76],1.152443032,0.583627215,1.760131253,,2025-12-19T14:27:58Z,2011,01/01/2011,31/12/2011,,
4334089,MALARIA_EST_MORTALITY,COUNTRY,GIN,AFR,Africa,YEAR,2016,,,,,,,,,94.57 [86.13-104.27],94.56615282,86.12564534,104.2654578,,2025-12-19T14:27:58Z,2016,01/01/2016,31/12/2016,,
4344185,MALARIA_EST_MORTALITY,COUNTRY,CIV,AFR,Africa,YEAR,2010,,,,,,,,,143.16 [132.86-154.06],143.1559426,132.8614815,154.0639514,,2025-12-19T14:27:58Z,2010,01/01/2010,31/12/2010,,
4350850,MALARIA_EST_MORTALITY,COUNTRY,GNQ,AFR,Africa,YEAR,2018,,,,,,,,,46.52 [39.47-57.47],46.52250464,39.46834428,57.47261544,,2025-12-19T14:27:58Z,2018,01/01/2018,31/12/2018,,
4363836,MALARIA_EST_MORTALITY,COUNTRY,ZAF,AFR,Africa,YEAR,2021,,,,,,,,,0.91 [0.91-0.91],0.910530612,0.910530612,0.910530612,,2025-12-19T14:27:58Z,2021,01/01/2021,31/12/2021,,
4378865,MALARIA_EST_MORTALITY,COUNTRY,TCD,AFR,Africa,YEAR,2018,,,,,,,,,85.18 [70.80-102.46],85.17726584,70.80270264,102.4619428,,2025-12-19T14:27:58Z,2018,01/01/2018,31/12/2018,,
4391996,MALARIA_EST_MORTALITY,COUNTRY,BLZ,AMR,Americas,YEAR,2012,,,,,,,,,0 [0-0],0,0,0,,2025-12-19T14:27:58Z,2012,01/01/2012,31/12/2012,,
4398225,MALARIA_EST_MORTALITY,COUNTRY,NPL,SEAR,South-East Asia,YEAR,2017,,,,,,,,,0 [0-0],0,0,0,,2025-12-19T14:27:58Z,2017,01/01/2017,31/12/2017,,
4401281,MALARIA_EST_MORTALITY,COUNTRY,GUY,AMR,Americas,YEAR,2024,,,,,,,,,3.49 [1.80-5.41],3.489410242,1.804867366,5.414602099,,2025-12-19T14:27:58Z,2024,01/01/2024,31/12/2024,,
4417736,MALARIA_EST_MORTALITY,GLOBAL,GLOBAL,,,YEAR,2011,,,,,,,,,17.92 [17.11-19.05],17.91654209,17.10942611,19.05086898,,2025-12-19T14:27:58Z,2011,01/01/2011,31/12/2011,,
4427005,MALARIA_EST_MORTALITY,COUNTRY,BLZ,AMR,Americas,YEAR,2015,,,,,,,,,0 [0-0],0,0,0,,2025-12-19T14:27:58Z,2015,01/01/2015,31/12/2015,,
4427423,MALARIA_EST_MORTALITY,COUNTRY,KOR,WPR,Western Pacific,YEAR,2012,,,,,,,,,0 [0-0],0,0,0,,2025-12-19T14:27:58Z,2012,01/01/2012,31/12/2012,,
4430635,MALARIA_EST_MORTALITY,COUNTRY,DJI,EMR,Eastern Mediterranean,YEAR,2001,,,,,,,,,0.69 [0.17-1.38],0.691536629,0.172884157,1.383073258,,2025-12-19T14:27:58Z,2001,01/01/2001,31/12/2001,,
4433619,MALARIA_EST_MORTALITY,COUNTRY,MWI,AFR,Africa,YEAR,2007,,,,,,,,,81.16 [77.36-85.07],81.15587533,77.36232798,85.0746405,,2025-12-19T14:27:58Z,2007,01/01/2007,31/12/2007,,
4439924,MALARIA_EST_MORTALITY,COUNTRY,ZMB,AFR,Africa,YEAR,2023,,,,,,,,,41.14 [36.53-48.66],41.13595058,36.52775905,48.65876293,,2025-12-19T14:27:58Z,2023,01/01/2023,31/12/2023,,
4447939,MALARIA_EST_MORTALITY,COUNTRY,THA,SEAR,South-East Asia,YEAR,2022,,,,,,,,,0 [0-0],0,0,0,,2025-12-19T14:27:58Z,2022,01/01/2022,31/12/2022,,
4448341,MALARIA_EST_MORTALITY,COUNTRY,SLB,WPR,Western Pacific,YEAR,2005,,,,,,,,,114.38 [43.91-227.50],114.3755659,43.91018068,227.4965551,,2025-12-19T14:27:58Z,2005,01/01/2005,31/12/2005,,
4467278,MALARIA_EST_MORTALITY,COUNTRY,EGY,EMR,Eastern Mediterranean,YEAR,2012,,,,,,,,,0 [0-0],0,0,0,,2025-12-19T14:27:58Z,2012,01/01/2012,31/12/2012,,
4467358,MALARIA_EST_MORTALITY,COUNTRY,ZWE,AFR,Africa,YEAR,2022,,,,,,,,,7.40 [2.72-14.09],7.397333546,2.718678141,14.09148573,,2025-12-19T14:27:58Z,2022,01/01/2022,31/12/2022,,
4479622,MALARIA_EST_MORTALITY,COUNTRY,EGY,EMR,Eastern Mediterranean,YEAR,2000,,,,,,,,,0 [0-0],0,0,0,,2025-12-19T14:27:58Z,2000,01/01/2000,31/12/2000,,
4484067,MALARIA_EST_MORTALITY,COUNTRY,BOL,AMR,Americas,YEAR,2000,,,,,,,,,0.61 [0.28-1.05],0.614686237,0.281731192,1.050088989,,2025-12-19T14:27:58Z,2000,01/01/2000,31/12/2000,,
4484778,MALARIA_EST_MORTALITY,COUNTRY,SOM,EMR,Eastern Mediterranean,YEAR,2003,,,,,,,,,33.84 [13.85-62.62],33.83738899,13.84552692,62.61935299,,2025-12-19T14:27:58Z,2003,01/01/2003,31/12/2003,,
4486552,MALARIA_EST_MORTALITY,COUNTRY,BDI,AFR,Africa,YEAR,2005,,,,,,,,,92.17 [85.35-99.88],92.16718624,85.35316718,99.87743992,,2025-12-19T14:27:58Z,2005,01/01/2005,31/12/2005,,
4490587,MALARIA_EST_MORTALITY,COUNTRY,TCD,AFR,Africa,YEAR,2008,,,,,,,,,105.93 [98.37-114.12],105.932446,98.37339425,114.117234,,2025-12-19T14:27:58Z,2008,01/01/2008,31/12/2008,,
4490655,MALARIA_EST_MORTALITY,COUNTRY,KHM,WPR,Western Pacific,YEAR,2018,,,,,,,,,0.59 [0.30-0.86],0.587348276,0.302311613,0.863747465,,2025-12-19T14:27:58Z,2018,01/01/2018,31/12/2018,,
4492361,MALARIA_EST_MORTALITY,COUNTRY,VNM,WPR,Western Pacific,YEAR,2002,,,,,,,,,0.47 [0.22-0.79],0.466804659,0.218760855,0.792362152,,2025-12-19T14:27:58Z,2002,01/01/2002,31/12/2002,,
4492669,MALARIA_EST_MORTALITY,COUNTRY,YEM,EMR,Eastern Mediterranean,YEAR,2021,,,,,,,,,11.09 [4.45-21.64],11.09393197,4.446357576,21.64404375,,2025-12-19T14:27:58Z,2021,01/01/2021,31/12/2021,,
4500112,MALARIA_EST_MORTALITY,COUNTRY,BDI,AFR,Africa,YEAR,2010,,,,,,,,,50.14 [46.89-53.83],50.13627768,46.89411039,53.82637597,,2025-12-19T14:27:58Z,2010,01/01/2010,31/12/2010,,
4511640,MALARIA_EST_MORTALITY,COUNTRY,COD,AFR,Africa,YEAR,2006,,,,,,,,,190.94 [170.92-212.80],190.9432783,170.9169756,212.8006185,,2025-12-19T14:27:58Z,2006,01/01/2006,31/12/2006,,
4512919,MALARIA_EST_MORTALITY,COUNTRY,MMR,SEAR,South-East Asia,YEAR,2005,,,,,,,,,6.96 [3.02-12.93],6.963360842,3.019492789,12.92522442,,2025-12-19T14:27:58Z,2005,01/01/2005,31/12/2005,,
4515924,MALARIA_EST_MORTALITY,COUNTRY,LAO,WPR,Western Pacific,YEAR,2000,,,,,,,,,12.38 [12.38-12.38],12.38475543,12.38475543,12.38475543,,2025-12-19T14:27:58Z,2000,01/01/2000,31/12/2000,,
4518799,MALARIA_EST_MORTALITY,COUNTRY,YEM,EMR,Eastern Mediterranean,YEAR,2017,,,,,,,,,9.14 [3.78-17.40],9.141420164,3.78427563,17.40485082,,2025-12-19T14:27:58Z,2017,01/01/2017,31/12/2017,,
4521984,MALARIA_EST_MORTALITY,COUNTRY,PAN,AMR,Americas,YEAR,2003,,,,,,,,,0.19 [0.19-0.19],0.187163398,0.187163398,0.187163398,,2025-12-19T14:27:58Z,2003,01/01/2003,31/12/2003,,
4523780,MALARIA_EST_MORTALITY,COUNTRY,PRK,SEAR,South-East Asia,YEAR,2019,,,,,,,,,0 [0-0],0,0,0,,2025-12-19T14:27:58Z,2019,01/01/2019,31/12/2019,,
4528393,MALARIA_EST_MORTALITY,COUNTRY,RWA,AFR,Africa,YEAR,2004,,,,,,,,,41.84 [40.42-43.34],41.84037302,40.422632,43.33750754,,2025-12-19T14:27:58Z,2004,01/01/2004,31/12/2004,,
4529473,MALARIA_EST_MORTALITY,COUNTRY,GAB,AFR,Africa,YEAR,2002,,,,,,,,,24.46 [22.82-26.32],24.4585116,22.82298803,26.31706111,,2025-12-19T14:27:58Z,2002,01/01/2002,31/12/2002,,
4534930,MALARIA_EST_MORTALITY,COUNTRY,SUR,AMR,Americas,YEAR,2007,,,,,,,,,1.28 [1.28-1.28],1.275006056,1.275006056,1.275006056,,2025-12-19T14:27:58Z,2007,01/01/2007,31/12/2007,,
4543536,MALARIA_EST_MORTALITY,COUNTRY,VNM,WPR,Western Pacific,YEAR,2013,,,,,,,,,0.05 [0.02-0.08],0.050935276,0.023969542,0.07790101,,2025-12-19T14:27:58Z,2013,01/01/2013,31/12/2013,,
4549773,MALARIA_EST_MORTALITY,COUNTRY,LAO,WPR,Western Pacific,YEAR,2015,,,,,,,,,2.26 [1.05-3.87],2.260435512,1.045451425,3.870995815,,2025-12-19T14:27:58Z,2015,01/01/2015,31/12/2015,,
4562905,MALARIA_EST_MORTALITY,COUNTRY,CHN,WPR,Western Pacific,YEAR,2002,,,,,,,,,0.01 [0.01-0.01],0.007803885,0.007803885,0.007803885,,2025-12-19T14:27:58Z,2002,01/01/2002,31/12/2002,,
4574560,MALARIA_EST_MORTALITY,COUNTRY,ZWE,AFR,Africa,YEAR,2018,,,,,,,,,13.72 [5.22-25.80],13.71791589,5.220241393,25.79732641,,2025-12-19T14:27:58Z,2018,01/01/2018,31/12/2018,,
4575526,MALARIA_EST_MORTALITY,COUNTRY,RWA,AFR,Africa,YEAR,2015,,,,,,,,,25.74 [24.82-26.80],25.73878297,24.81954072,26.795482,,2025-12-19T14:27:58Z,2015,01/01/2015,31/12/2015,,
4576646,MALARIA_EST_MORTALITY,COUNTRY,KEN,AFR,Africa,YEAR,2007,,,,,,,,,24.71 [24.08-25.38],24.7079445,24.08222724,25.38361397,,2025-12-19T14:27:58Z,2007,01/01/2007,31/12/2007,,
4580177,MALARIA_EST_MORTALITY,COUNTRY,TCD,AFR,Africa,YEAR,2019,,,,,,,,,80.56 [65.57-99.38],80.55739854,65.56559638,99.38482725,,2025-12-19T14:27:58Z,2019,01/01/2019,31/12/2019,,
4581575,MALARIA_EST_MORTALITY,COUNTRY,ARE,EMR,Eastern Mediterranean,YEAR,2013,,,,,,,,,0 [0-0],0,0,0,,2025-12-19T14:27:58Z,2013,01/01/2013,31/12/2013,,
4589443,MALARIA_EST_MORTALITY,COUNTRY,GUY,AMR,Americas,YEAR,2018,,,,,,,,,4.93 [2.27-8.59],4.927010757,2.274004965,8.590685423,,2025-12-19T14:27:58Z,2018,01/01/2018,31/12/2018,,
4592308,MALARIA_EST_MORTALITY,COUNTRY,SDN,EMR,Eastern Mediterranean,YEAR,2022,,,,,,,,,18.44 [6.93-36.67],18.43739018,6.927386146,36.67334604,,2025-12-19T14:27:58Z,2022,01/01/2022,31/12/2022,,
4593637,MALARIA_EST_MORTALITY,COUNTRY,BEN,AFR,Africa,YEAR,2024,,,,,,,,,68.77 [54.38-87.68],68.76989425,54.38100734,87.68057802,,2025-12-19T14:27:58Z,2024,01/01/2024,31/12/2024,,
4595013,MALARIA_EST_MORTALITY,COUNTRY,NPL,SEAR,South-East Asia,YEAR,2013,,,,,,,,,0.07 [0.02-0.16],0.074882678,0.024960893,0.162245801,,2025-12-19T14:27:58Z,2013,01/01/2013,31/12/2013,,
4620594,MALARIA_EST_MORTALITY,COUNTRY,SEN,AFR,Africa,YEAR,2018,,,,,,,,,16.85 [7.02-30.42],16.85255796,7.024883851,30.41880429,,2025-12-19T14:27:58Z,2018,01/01/2018,31/12/2018,,
4627079,MALARIA_EST_MORTALITY,COUNTRY,COG,AFR,Africa,YEAR,2010,,,,,,,,,41.55 [39.44-43.77],41.5481737,39.44163199,43.76676549,,2025-12-19T14:27:58Z,2010,01/01/2010,31/12/2010,,
4632197,MALARIA_EST_MORTALITY,COUNTRY,KHM,WPR,Western Pacific,YEAR,2017,,,,,,,,,2.94 [1.46-4.62],2.938510616,1.460509741,4.617659539,,2025-12-19T14:27:58Z,2017,01/01/2017,31/12/2017,,
4642522,MALARIA_EST_MORTALITY,COUNTRY,KHM,WPR,Western Pacific,YEAR,2022,,,,,,,,,0 [0-0],0,0,0,,2025-12-19T14:27:58Z,2022,01/01/2022,31/12/2022,,
4644176,MALARIA_EST_MORTALITY,COUNTRY,VEN,AMR,Americas,YEAR,2022,,,,,,,,,0.89 [0.45-1.35],0.886115827,0.453691303,1.346896057,,2025-12-19T14:27:58Z,2022,01/01/2022,31/12/2022,,
4651031,MALARIA_EST_MORTALITY,COUNTRY,AFG,EMR,Eastern Mediterranean,YEAR,2007,,,,,,,,,1.18 [0.44-2.44],1.179738216,0.439902386,2.444457575,,2025-12-19T14:27:58Z,2007,01/01/2007,31/12/2007,,
4656409,MALARIA_EST_MORTALITY,COUNTRY,NGA,AFR,Africa,YEAR,2019,,,,,,,,,86.67 [69.76-110.35],86.66942476,69.7550077,110.3481718,,2025-12-19T14:27:58Z,2019,01/01/2019,31/12/2019,,
4661976,MALARIA_EST_MORTALITY,COUNTRY,BWA,AFR,Africa,YEAR,2022,,,,,,,,,0.37 [0.37-0.37],0.370920111,0.370920111,0.370920111,,2025-12-19T14:27:58Z,2022,01/01/2022,31/12/2022,,
4670486,MALARIA_EST_MORTALITY,COUNTRY,CMR,AFR,Africa,YEAR,2014,,,,,,,,,55.44 [51.51-59.51],55.43544568,51.50976934,59.51071476,,2025-12-19T14:27:58Z,2014,01/01/2014,31/12/2014,,
4681180,MALARIA_EST_MORTALITY,COUNTRY,PHL,WPR,Western Pacific,YEAR,2011,,,,,,,,,0.08 [0.04-0.15],0.082424106,0.035074088,0.147311169,,2025-12-19T14:27:58Z,2011,01/01/2011,31/12/2011,,
4681319,MALARIA_EST_MORTALITY,COUNTRY,IRN,EMR,Eastern Mediterranean,YEAR,2017,,,,,,,,,0 [0-0],0,0,0,,2025-12-19T14:27:58Z,2017,01/01/2017,31/12/2017,,
4690013,MALARIA_EST_MORTALITY,COUNTRY,YEM,EMR,Eastern Mediterranean,YEAR,2015,,,,,,,,,6.63 [2.74-12.56],6.631616827,2.737411758,12.55519637,,2025-12-19T14:27:58Z,2015,01/01/2015,31/12/2015,,
4695345,MALARIA_EST_MORTALITY,COUNTRY,UZB,EUR,Europe,YEAR,2003,,,,,,,,,0 [0-0],0,0,0,,2025-12-19T14:27:58Z,2003,01/01/2003,31/12/2003,,
4700085,MALARIA_EST_MORTALITY,COUNTRY,MRT,AFR,Africa,YEAR,2017,,,,,,,,,18.62 [4.96-44.63],18.61967858,4.963664315,44.62607339,,2025-12-19T14:27:58Z,2017,01/01/2017,31/12/2017,,
4719575,MALARIA_EST_MORTALITY,COUNTRY,ZAF,AFR,Africa,YEAR,2024,,,,,,,,,0.16 [0.16-0.16],0.156232473,0.156232473,0.156232473,,2025-12-19T14:27:58Z,2024,01/01/2024,31/12/2024,,
4719675,MALARIA_EST_MORTALITY,REGION,AMR,,,YEAR,2008,,,,,,,,,0.35 [0.24-0.53],0.354874878,0.243407769,0.533089554,,2025-12-19T14:27:58Z,2008,01/01/2008,31/12/2008,,
4731552,MALARIA_EST_MORTALITY,COUNTRY,GNQ,AFR,Africa,YEAR,2014,,,,,,,,,55.58 [47.43-66.15],55.57829646,47.43443297,66.15103152,,2025-12-19T14:27:58Z,2014,01/01/2014,31/12/2014,,
4738594,MALARIA_EST_MORTALITY,COUNTRY,HND,AMR,Americas,YEAR,2009,,,,,,,,,0.11 [0.04-0.19],0.10783982,0.040439933,0.188719685,,2025-12-19T14:27:58Z,2009,01/01/2009,31/12/2009,,
4740943,MALARIA_EST_MORTALITY,COUNTRY,TJK,EUR,Europe,YEAR,2006,,,,,,,,,0 [0-0],0,0,0,,2025-12-19T14:27:58Z,2006,01/01/2006,31/12/2006,,
4745893,MALARIA_EST_MORTALITY,COUNTRY,TUR,EUR,Europe,YEAR,2018,,,,,,,,,0 [0-0],0,0,0,,2025-12-19T14:27:58Z,2018,01/01/2018,31/12/2018,,
4751296,MALARIA_EST_MORTALITY,COUNTRY,CIV,AFR,Africa,YEAR,2007,,,,,,,,,139.54 [130.29-149.71],139.5350518,130.286486,149.705966,,2025-12-19T14:27:58Z,2007,01/01/2007,31/12/2007,,
4751732,MALARIA_EST_MORTALITY,COUNTRY,KGZ,EUR,Europe,YEAR,2017,,,,,,,,,0 [0-0],0,0,0,,2025-12-19T14:27:58Z,2017,01/01/2017,31/12/2017,,
4760438,MALARIA_EST_MORTALITY,COUNTRY,VUT,WPR,Western Pacific,YEAR,2022,,,,,,,,,0 [0-0],0,0,0,,2025-12-19T14:27:58Z,2022,01/01/2022,31/12/2022,,
4763323,MALARIA_EST_MORTALITY,COUNTRY,TLS,SEAR,South-East Asia,YEAR,2000,,,,,,,,,30.11 [7.85-82.91],30.11008017,7.848599096,82.91331436,,2025-12-19T14:27:58Z,2000,01/01/2000,31/12/2000,,
4769376,MALARIA_EST_MORTALITY,COUNTRY,HTI,AMR,Americas,YEAR,2014,,,,,,,,,0.91 [0.36-1.67],0.906378151,0.356077131,1.672483492,,2025-12-19T14:27:58Z,2014,01/01/2014,31/12/2014,,
4770744,MALARIA_EST_MORTALITY,GLOBAL,GLOBAL,,,YEAR,2007,,,,,,,,,21.89 [20.99-23.13],21.89103545,20.99170335,23.13289645,,2025-12-19T14:27:58Z,2007,01/01/2007,31/12/2007,,
4771764,MALARIA_EST_MORTALITY,COUNTRY,KAZ,EUR,Europe,YEAR,2014,,,,,,,,,0 [0-0],0,0,0,,2025-12-19T14:27:58Z,2014,01/01/2014,31/12/2014,,
4782767,MALARIA_EST_MORTALITY,COUNTRY,TZA,AFR,Africa,YEAR,2022,,,,,,,,,39.40 [36.75-42.80],39.403929,36.74908175,42.79901967,,2025-12-19T14:27:58Z,2022,01/01/2022,31/12/2022,,
4784745,MALARIA_EST_MORTALITY,REGION,EUR,,,YEAR,2008,,,,,,,,,0 [0-0],0,0,0,,2025-12-19T14:27:58Z,2008,01/01/2008,31/12/2008,,
4790195,MALARIA_EST_MORTALITY,REGION,AFR,,,YEAR,2024,,,,,,,,,51.94 [47.67-63.38],51.93883705,47.66699366,63.38198592,,2025-12-19T14:27:58Z,2024,01/01/2024,31/12/2024,,
4791591,MALARIA_EST_MORTALITY,COUNTRY,PAK,EMR,Eastern Mediterranean,YEAR,2006,,,,,,,,,0.50 [0.16-1.34],0.499298466,0.159073548,1.337717959,,2025-12-19T14:27:58Z,2006,01/01/2006,31/12/2006,,
4795619,MALARIA_EST_MORTALITY,COUNTRY,GNQ,AFR,Africa,YEAR,2003,,,,,,,,,61.68 [57.79-66.87],61.68456659,57.79242377,66.87409036,,2025-12-19T14:27:58Z,2003,01/01/2003,31/12/2003,,
4803216,MALARIA_EST_MORTALITY,COUNTRY,SEN,AFR,Africa,YEAR,2001,,,,,,,,,34.88 [34.03-35.80],34.87731547,34.02545515,35.79771627,,2025-12-19T14:27:58Z,2001,01/01/2001,31/12/2001,,
4810949,MALARIA_EST_MORTALITY,COUNTRY,CPV,AFR,Africa,YEAR,2015,,,,,,,,,0 [0-0],0,0,0,,2025-12-19T14:27:58Z,2015,01/01/2015,31/12/2015,,
4833147,MALARIA_EST_MORTALITY,REGION,WPR,,,YEAR,2008,,,,,,,,,0.56 [0.32-0.90],0.559797285,0.319625849,0.902310153,,2025-12-19T14:27:58Z,2008,01/01/2008,31/12/2008,,
4834311,MALARIA_EST_MORTALITY,COUNTRY,LKA,SEAR,South-East Asia,YEAR,2012,,,,,,,,,0 [0-0],0,0,0,,2025-12-19T14:27:58Z,2012,01/01/2012,31/12/2012,,
4848092,MALARIA_EST_MORTALITY,COUNTRY,ECU,AMR,Americas,YEAR,2024,,,,,,,,,0 [0-0],0,0,0,,2025-12-19T14:27:58Z,2024,01/01/2024,31/12/2024,,
4854696,MALARIA_EST_MORTALITY,COUNTRY,MLI,AFR,Africa,YEAR,2023,,,,,,,,,59.75 [46.99-77.07],59.75398255,46.98952553,77.07487532,,2025-12-19T14:27:58Z,2023,01/01/2023,31/12/2023,,
4859879,MALARIA_EST_MORTALITY,COUNTRY,MRT,AFR,Africa,YEAR,2021,,,,,,,,,6.72 [2.05-15.06],6.716123808,2.04862896,15.05900685,,2025-12-19T14:27:58Z,2021,01/01/2021,31/12/2021,,
4873206,MALARIA_EST_MORTALITY,COUNTRY,GAB,AFR,Africa,YEAR,2023,,,,,,,,,17.43 [14.93-21.73],17.42603393,14.93085124,21.73223631,,2025-12-19T14:27:58Z,2023,01/01/2023,31/12/2023,,
4890304,MALARIA_EST_MORTALITY,COUNTRY,MYS,WPR,Western Pacific,YEAR,2024,,,,,,,,,0 [0-0],0,0,0,,2025-12-19T14:27:58Z,2024,01/01/2024,31/12/2024,,
4890527,MALARIA_EST_MORTALITY,COUNTRY,CIV,AFR,Africa,YEAR,2018,,,,,,,,,40.15 [36.41-44.23],40.14685023,36.41471514,44.22853163,,2025-12-19T14:27:58Z,2018,01/01/2018,31/12/2018,,
4897818,MALARIA_EST_MORTALITY,COUNTRY,MYT,AFR,Africa,YEAR,2017,,,,,,,,,0 [0-0],0,0,0,,2025-12-19T14:27:58Z,2017,01/01/2017,31/12/2017,,
4899252,MALARIA_EST_MORTALITY,COUNTRY,BWA,AFR,Africa,YEAR,2002,,,,,,,,,1.99 [1.99-1.99],1.988343122,1.988343122,1.988343122,,2025-12-19T14:27:58Z,2002,01/01/2002,31/12/2002,,
4905004,MALARIA_EST_MORTALITY,COUNTRY,MEX,AMR,Americas,YEAR,2019,,,,,,,,,0 [0-0],0,0,0,,2025-12-19T14:27:58Z,2019,01/01/2019,31/12/2019,,
4928066,MALARIA_EST_MORTALITY,COUNTRY,BEN,AFR,Africa,YEAR,2002,,,,,,,,,111.82 [105.77-118.44],111.8244121,105.7661164,118.4429372,,2025-12-19T14:27:58Z,2002,01/01/2002,31/12/2002,,
4931306,MALARIA_EST_MORTALITY,COUNTRY,PAK,EMR,Eastern Mediterranean,YEAR,2019,,,,,,,,,0.24 [0.12-0.39],0.239750373,0.122078774,0.393571832,,2025-12-19T14:27:58Z,2019,01/01/2019,31/12/2019,,
4934362,MALARIA_EST_MORTALITY,COUNTRY,TCD,AFR,Africa,YEAR,2024,,,,,,,,,69.04 [52.36-95.10],69.04470607,52.35869457,95.10469946,,2025-12-19T14:27:58Z,2024,01/01/2024,31/12/2024,,
4940850,MALARIA_EST_MORTALITY,COUNTRY,BEN,AFR,Africa,YEAR,2019,,,,,,,,,84.33 [74.07-95.82],84.32628742,74.07210243,95.82195147,,2025-12-19T14:27:58Z,2019,01/01/2019,31/12/2019,,
4941749,MALARIA_EST_MORTALITY,COUNTRY,NPL,SEAR,South-East Asia,YEAR,2024,,,,,,,,,0.02 [0.02-0.02],0.02322585,0.02322585,0.02322585,,2025-12-19T14:27:58Z,2024,01/01/2024,31/12/2024,,
4949288,MALARIA_EST_MORTALITY,COUNTRY,TKM,EUR,Europe,YEAR,2020,,,,,,,,,0 [0-0],0,0,0,,2025-12-19T14:27:58Z,2020,01/01/2020,31/12/2020,,
4949354,MALARIA_EST_MORTALITY,COUNTRY,DZA,AFR,Africa,YEAR,2008,,,,,,,,,0 [0-0],0,0,0,,2025-12-19T14:27:58Z,2008,01/01/2008,31/12/2008,,
4960346,MALARIA_EST_MORTALITY,COUNTRY,THA,SEAR,South-East Asia,YEAR,2014,,,,,,,,,0.29 [0.29-0.29],0.285194139,0.285194139,0.285194139,,2025-12-19T14:27:58Z,2014,01/01/2014,31/12/2014,,
4965646,MALARIA_EST_MORTALITY,COUNTRY,COD,AFR,Africa,YEAR,2013,,,,,,,,,75.83 [61.12-93.15],75.82987039,61.11798359,93.14894914,,2025-12-19T14:27:58Z,2013,01/01/2013,31/12/2013,,
4967302,MALARIA_EST_MORTALITY,COUNTRY,MOZ,AFR,Africa,YEAR,2021,,,,,,,,,66.86 [42.40-111.40],66.86367392,42.39934653,111.4048436,,2025-12-19T14:27:58Z,2021,01/01/2021,31/12/2021,,
4979278,MALARIA_EST_MORTALITY,COUNTRY,HTI,AMR,Americas,YEAR,2000,,,,,,,,,2.48 [0.93-5.00],2.480385743,0.930144654,5.001212558,,2025-12-19T14:27:58Z,2000,01/01/2000,31/12/2000,,
4987657,MALARIA_EST_MORTALITY,COUNTRY,BOL,AMR,Americas,YEAR,2023,,,,,,,,,0.13 [0.05-0.23],0.12601698,0.054007277,0.234031533,,2025-12-19T14:27:58Z,2023,01/01/2023,31/12/2023,,
4991564,MALARIA_EST_MORTALITY,COUNTRY,SUR,AMR,Americas,YEAR,2013,,,,,,,,,1.19 [1.19-1.19],1.189852934,1.189852934,1.189852934,,2025-12-19T14:27:58Z,2013,01/01/2013,31/12/2013,,
5004153,MALARIA_EST_MORTALITY,COUNTRY,CHN,WPR,Western Pacific,YEAR,2019,,,,,,,,,0 [0-0],0,0,0,,2025-12-19T14:27:58Z,2019,01/01/2019,31/12/2019,,
5004469,MALARIA_EST_MORTALITY,COUNTRY,BRA,AMR,Americas,YEAR,2000,,,,,,,,,0.69 [0.69-0.69],0.693545843,0.693545843,0.693545843,,2025-12-19T14:27:58Z,2000,01/01/2000,31/12/2000,,
5007706,MALARIA_EST_MORTALITY,COUNTRY,NER,AFR,Africa,YEAR,2023,,,,,,,,,135.25 [108.85-170.22],135.2491586,108.8458324,170.2150282,,2025-12-19T14:27:58Z,2023,01/01/2023,31/12/2023,,
5024412,MALARIA_EST_MORTALITY,COUNTRY,COG,AFR,Africa,YEAR,2017,,,,,,,,,39.38 [34.80-46.31],39.37573666,34.79716263,46.30900591,,2025-12-19T14:27:58Z,2017,01/01/2017,31/12/2017,,
5024812,MALARIA_EST_MORTALITY,COUNTRY,OMN,EMR,Eastern Mediterranean,YEAR,2011,,,,,,,,,0 [0-0],0,0,0,,2025-12-19T14:27:58Z,2011,01/01/2011,31/12/2011,,
5030212,MALARIA_EST_MORTALITY,COUNTRY,GHA,AFR,Africa,YEAR,2007,,,,,,,,,63.04 [60.89-65.40],63.03960798,60.88668525,65.39978654,,2025-12-19T14:27:58Z,2007,01/01/2007,31/12/2007,,
5038880,MALARIA_EST_MORTALITY,COUNTRY,CRI,AMR,Americas,YEAR,2020,,,,,,,,,0 [0-0],0,0,0,,2025-12-19T14:27:58Z,2020,01/01/2020,31/12/2020,,
5055612,MALARIA_EST_MORTALITY,COUNTRY,BLZ,AMR,Americas,YEAR,2020,,,,,,,,,0 [0-0],0,0,0,,2025-12-19T14:27:58Z,2020,01/01/2020,31/12/2020,,
5056189,MALARIA_EST_MORTALITY,COUNTRY,KHM,WPR,Western Pacific,YEAR,2000,,,,,,,,,17.84 [7.20-33.40],17.8444029,7.196415328,33.39960126,,2025-12-19T14:27:58Z,2000,01/01/2000,31/12/2000,,
5056195,MALARIA_EST_MORTALITY,COUNTRY,SOM,EMR,Eastern Mediterranean,YEAR,2016,,,,,,,,,14.14 [5.40-28.02],14.14061444,5.400996882,28.02336651,,2025-12-19T14:27:58Z,2016,01/01/2016,31/12/2016,,
5061262,MALARIA_EST_MORTALITY,COUNTRY,BFA,AFR,Africa,YEAR,2006,,,,,,,,,228.26 [211.89-245.88],228.257053,211.893842,245.8795076,,2025-12-19T14:27:58Z,2006,01/01/2006,31/12/2006,,
5083304,MALARIA_EST_MORTALITY,COUNTRY,PRK,SEAR,South-East Asia,YEAR,2018,,,,,,,,,0 [0-0],0,0,0,,2025-12-19T14:27:58Z,2018,01/01/2018,31/12/2018,,
5083904,MALARIA_EST_MORTALITY,COUNTRY,ZMB,AFR,Africa,YEAR,2006,,,,,,,,,56.10 [53.98-58.35],56.10264451,53.97560817,58.34510142,,2025-12-19T14:27:58Z,2006,01/01/2006,31/12/2006,,
5088362,MALARIA_EST_MORTALITY,REGION,AMR,,,YEAR,2019,,,,,,,,,0.34 [0.23-0.47],0.340828603,0.226326263,0.46872303,,2025-12-19T14:27:58Z,2019,01/01/2019,31/12/2019,,
5099731,MALARIA_EST_MORTALITY,COUNTRY,MYT,AFR,Africa,YEAR,2005,,,,,,,,,2.53 [0-2.53],2.530876696,0,2.530876696,,2025-12-19T14:27:58Z,2005,01/01/2005,31/12/2005,,
5100670,MALARIA_EST_MORTALITY,COUNTRY,LBR,AFR,Africa,YEAR,2002,,,,,,,,,173.61 [163.05-184.86],173.6148697,163.0486939,184.8596072,,2025-12-19T14:27:58Z,2002,01/01/2002,31/12/2002,,
5101593,MALARIA_EST_MORTALITY,COUNTRY,CRI,AMR,Americas,YEAR,2008,,,,,,,,,0 [0-0],0,0,0,,2025-12-19T14:27:58Z,2008,01/01/2008,31/12/2008,,
5105378,MALARIA_EST_MORTALITY,COUNTRY,BEN,AFR,Africa,YEAR,2015,,,,,,,,,88.63 [81.28-96.93],88.63025025,81.28033874,96.93080899,,2025-12-19T14:27:58Z,2015,01/01/2015,31/12/2015,,
5106047,MALARIA_EST_MORTALITY,COUNTRY,ZMB,AFR,Africa,YEAR,2011,,,,,,,,,46.17 [44.62-47.96],46.17048517,44.61900172,47.96438791,,2025-12-19T14:27:58Z,2011,01/01/2011,31/12/2011,,
5106877,MALARIA_EST_MORTALITY,COUNTRY,MYT,AFR,Africa,YEAR,2012,,,,,,,,,0 [0-0],0,0,0,,2025-12-19T14:27:58Z,2012,01/01/2012,31/12/2012,,
5113567,MALARIA_EST_MORTALITY,COUNTRY,SLE,AFR,Africa,YEAR,2021,,,,,,,,,104.56 [74.21-144.58],104.5635103,74.2099488,144.5781399,,2025-12-19T14:27:58Z,2021,01/01/2021,31/12/2021,,
5121266,MALARIA_EST_MORTALITY,COUNTRY,ECU,AMR,Americas,YEAR,2016,,,,,,,,,0 [0-0],0,0,0,,2025-12-19T14:27:58Z,2016,01/01/2016,31/12/2016,,
5145762,MALARIA_EST_MORTALITY,COUNTRY,ZMB,AFR,Africa,YEAR,2004,,,,,,,,,76.46 [73.01-80.00],76.45835784,73.00983807,80.0038948,,2025-12-19T14:27:58Z,2004,01/01/2004,31/12/2004,,
5151807,MALARIA_EST_MORTALITY,COUNTRY,KOR,WPR,Western Pacific,YEAR,2016,,,,,,,,,0 [0-0],0,0,0,,2025-12-19T14:27:58Z,2016,01/01/2016,31/12/2016,,
5177955,MALARIA_EST_MORTALITY,COUNTRY,VEN,AMR,Americas,YEAR,2005,,,,,,,,,0.25 [0.13-0.40],0.253865835,0.126932918,0.395732037,,2025-12-19T14:27:58Z,2005,01/01/2005,31/12/2005,,
5178352,MALARIA_EST_MORTALITY,COUNTRY,KEN,AFR,Africa,YEAR,2018,,,,,,,,,21.49 [21.03-22.02],21.4889896,21.02889537,22.01879507,,2025-12-19T14:27:58Z,2018,01/01/2018,31/12/2018,,
5184476,MALARIA_EST_MORTALITY,REGION,EMR,,,YEAR,2002,,,,,,,,,3.72 [2.38-7.12],3.722128671,2.375062794,7.124818472,,2025-12-19T14:27:58Z,2002,01/01/2002,31/12/2002,,
5189827,MALARIA_EST_MORTALITY,COUNTRY,STP,AFR,Africa,YEAR,2007,,,,,,,,,1.77 [1.77-1.77],1.767835992,1.767835992,1.767835992,,2025-12-19T14:27:58Z,2007,01/01/2007,31/12/2007,,
5195111,MALARIA_EST_MORTALITY,COUNTRY,BRA,AMR,Americas,YEAR,2016,,,,,,,,,0.08 [0.08-0.08],0.084841745,0.084841745,0.084841745,,2025-12-19T14:27:58Z,2016,01/01/2016,31/12/2016,,
5207931,MALARIA_EST_MORTALITY,COUNTRY,GNB,AFR,Africa,YEAR,2010,,,,,,,,,55.80 [51.14-61.48],55.79865496,51.13812657,61.48066902,,2025-12-19T14:27:58Z,2010,01/01/2010,31/12/2010,,
5212551,MALARIA_EST_MORTALITY,COUNTRY,IND,SEAR,South-East Asia,YEAR,2006,,,,,,,,,2.32 [1.12-3.84],2.316189348,1.11511551,3.838565566,,2025-12-19T14:27:58Z,2006,01/01/2006,31/12/2006,,
5215290,MALARIA_EST_MORTALITY,COUNTRY,AGO,AFR,Africa,YEAR,2022,,,,,,,,,56.93 [36.60-94.54],56.92713201,36.60436196,94.53626374,,2025-12-19T14:27:58Z,2022,01/01/2022,31/12/2022,,
5221579,MALARIA_EST_MORTALITY,COUNTRY,TKM,EUR,Europe,YEAR,2001,,,,,,,,,0 [0-0],0,0,0,,2025-12-19T14:27:58Z,2001,01/01/2001,31/12/2001,,
5225863,MALARIA_EST_MORTALITY,COUNTRY,VUT,WPR,Western Pacific,YEAR,2009,,,,,,,,,9.45 [3.44-19.77],9.453014222,3.437459717,19.76539337,,2025-12-19T14:27:58Z,2009,01/01/2009,31/12/2009,,
5232431,MALARIA_EST_MORTALITY,COUNTRY,TLS,SEAR,South-East Asia,YEAR,2016,,,,,,,,,0 [0-0],0,0,0,,2025-12-19T14:27:58Z,2016,01/01/2016,31/12/2016,,
5232506,MALARIA_EST_MORTALITY,COUNTRY,PNG,WPR,Western Pacific,YEAR,2009,,,,,,,,,45.61 [13.64-97.00],45.60896885,13.6364471,96.99770659,,2025-12-19T14:27:58Z,2009,01/01/2009,31/12/2009,,
5241061,MALARIA_EST_MORTALITY,REGION,WPR,,,YEAR,2001,,,,,,,,,0.82 [0.52-1.25],0.820934144,0.520273966,1.249748238,,2025-12-19T14:27:58Z,2001,01/01/2001,31/12/2001,,
5245207,MALARIA_EST_MORTALITY,COUNTRY,LBR,AFR,Africa,YEAR,2021,,,,,,,,,74.19 [57.06-101.29],74.19205856,57.06057605,101.2868006,,2025-12-19T14:27:58Z,2021,01/01/2021,31/12/2021,,
5246270,MALARIA_EST_MORTALITY,COUNTRY,ECU,AMR,Americas,YEAR,2012,,,,,,,,,0 [0-0],0,0,0,,2025-12-19T14:27:58Z,2012,01/01/2012,31/12/2012,,
5252712,MALARIA_EST_MORTALITY,COUNTRY,PRK,SEAR,South-East Asia,YEAR,2017,,,,,,,,,0 [0-0],0,0,0,,2025-12-19T14:27:58Z,2017,01/01/2017,31/12/2017,,
5258480,MALARIA_EST_MORTALITY,COUNTRY,SUR,AMR,Americas,YEAR,2016,,,,,,,,,0 [0-0],0,0,0,,2025-12-19T14:27:58Z,2016,01/01/2016,31/12/2016,,
5258749,MALARIA_EST_MORTALITY,COUNTRY,GUY,AMR,Americas,YEAR,2019,,,,,,,,,3.71 [1.73-5.82],3.714411297,1.733391938,5.819244365,,2025-12-19T14:27:58Z,2019,01/01/2019,31/12/2019,,
5269022,MALARIA_EST_MORTALITY,COUNTRY,LBR,AFR,Africa,YEAR,2014,,,,,,,,,72.19 [66.45-78.98],72.19080808,66.45059815,78.98265953,,2025-12-19T14:27:58Z,2014,01/01/2014,31/12/2014,,
5269451,MALARIA_EST_MORTALITY,COUNTRY,GMB,AFR,Africa,YEAR,2005,,,,,,,,,28.19 [27.29-29.21],28.19373535,27.29393529,29.21350876,,2025-12-19T14:27:58Z,2005,01/01/2005,31/12/2005,,
5278567,MALARIA_EST_MORTALITY,COUNTRY,BTN,SEAR,South-East Asia,YEAR,2002,,,,,,,,,2.38 [2.38-2.38],2.380632902,2.380632902,2.380632902,,2025-12-19T14:27:58Z,2002,01/01/2002,31/12/2002,,
5283126,MALARIA_EST_MORTALITY,COUNTRY,EGY,EMR,Eastern Mediterranean,YEAR,2008,,,,,,,,,0 [0-0],0,0,0,,2025-12-19T14:27:58Z,2008,01/01/2008,31/12/2008,,
5295379,MALARIA_EST_MORTALITY,COUNTRY,ECU,AMR,Americas,YEAR,2020,,,,,,,,,0.03 [0.03-0.03],0.030170906,0.030170906,0.030170906,,2025-12-19T14:27:58Z,2020,01/01/2020,31/12/2020,,
5310389,MALARIA_EST_MORTALITY,COUNTRY,GTM,AMR,Americas,YEAR,2018,,,,,,,,,0.01 [0-0.02],0.007863401,0,0.015726802,,2025-12-19T14:27:58Z,2018,01/01/2018,31/12/2018,,
5319648,MALARIA_EST_MORTALITY,COUNTRY,TZA,AFR,Africa,YEAR,2013,,,,,,,,,45.15 [43.64-46.81],45.14775973,43.64030833,46.81087187,,2025-12-19T14:27:58Z,2013,01/01/2013,31/12/2013,,
5326826,MALARIA_EST_MORTALITY,COUNTRY,BWA,AFR,Africa,YEAR,2012,,,,,,,,,0.21 [0.21-0.21],0.21459688,0.21459688,0.21459688,,2025-12-19T14:27:58Z,2012,01/01/2012,31/12/2012,,
5328388,MALARIA_EST_MORTALITY,COUNTRY,LKA,SEAR,South-East Asia,YEAR,2018,,,,,,,,,0 [0-0],0,0,0,,2025-12-19T14:27:58Z,2018,01/01/2018,31/12/2018,,
5332390,MALARIA_EST_MORTALITY,COUNTRY,BRA,AMR,Americas,YEAR,2018,,,,,,,,,0.13 [0.13-0.13],0.133843938,0.133843938,0.133843938,,2025-12-19T14:27:58Z,2018,01/01/2018,31/12/2018,,
5341153,MALARIA_EST_MORTALITY,COUNTRY,BGD,SEAR,South-East Asia,YEAR,2024,,,,,,,,,0.13 [0.06-0.20],0.128308893,0.058808242,0.203155747,,2025-12-19T14:27:58Z,2024,01/01/2024,31/12/2024,,
5352316,MALARIA_EST_MORTALITY,COUNTRY,COL,AMR,Americas,YEAR,2020,,,,,,,,,0.04 [0.04-0.04],0.044607112,0.044607112,0.044607112,,2025-12-19T14:27:58Z,2020,01/01/2020,31/12/2020,,
5352476,MALARIA_EST_MORTALITY,COUNTRY,MDG,AFR,Africa,YEAR,2004,,,,,,,,,11.08 [0.44-28.79],11.08208439,0.440703647,28.78587543,,2025-12-19T14:27:58Z,2004,01/01/2004,31/12/2004,,
5359164,MALARIA_EST_MORTALITY,COUNTRY,SLV,AMR,Americas,YEAR,2004,,,,,,,,,0 [0-0],0,0,0,,2025-12-19T14:27:58Z,2004,01/01/2004,31/12/2004,,
5371372,MALARIA_EST_MORTALITY,COUNTRY,TZA,AFR,Africa,YEAR,2005,,,,,,,,,70.11 [67.26-73.08],70.11369178,67.25524191,73.08194951,,2025-12-19T14:27:58Z,2005,01/01/2005,31/12/2005,,
5372418,MALARIA_EST_MORTALITY,COUNTRY,ARG,AMR,Americas,YEAR,2018,,,,,,,,,0 [0-0],0,0,0,,2025-12-19T14:27:58Z,2018,01/01/2018,31/12/2018,,
5374345,MALARIA_EST_MORTALITY,COUNTRY,MEX,AMR,Americas,YEAR,2011,,,,,,,,,0 [0-0],0,0,0,,2025-12-19T14:27:58Z,2011,01/01/2011,31/12/2011,,
5378384,MALARIA_EST_MORTALITY,COUNTRY,LKA,SEAR,South-East Asia,YEAR,2002,,,,,,,,,0.66 [0.66-0.66],0.658570349,0.658570349,0.658570349,,2025-12-19T14:27:58Z,2002,01/01/2002,31/12/2002,,
5384737,MALARIA_EST_MORTALITY,COUNTRY,GUY,AMR,Americas,YEAR,2021,,,,,,,,,3.31 [1.59-5.27],3.310925318,1.594149227,5.272955136,,2025-12-19T14:27:58Z,2021,01/01/2021,31/12/2021,,
5391461,MALARIA_EST_MORTALITY,COUNTRY,IRQ,EMR,Eastern Mediterranean,YEAR,2014,,,,,,,,,0 [0-0],0,0,0,,2025-12-19T14:27:58Z,2014,01/01/2014,31/12/2014,,
5396409,MALARIA_EST_MORTALITY,COUNTRY,GUY,AMR,Americas,YEAR,2003,,,,,,,,,6.95 [3.41-11.27],6.945345374,3.407150561,11.2698057,,2025-12-19T14:27:58Z,2003,01/01/2003,31/12/2003,,
5397052,MALARIA_EST_MORTALITY,COUNTRY,ZMB,AFR,Africa,YEAR,2017,,,,,,,,,45.25 [42.45-48.57],45.24887137,42.44518433,48.56857443,,2025-12-19T14:27:58Z,2017,01/01/2017,31/12/2017,,
5397804,MALARIA_EST_MORTALITY,COUNTRY,MOZ,AFR,Africa,YEAR,2013,,,,,,,,,94.86 [82.59-110.40],94.86016688,82.59329111,110.4040774,,2025-12-19T14:27:58Z,2013,01/01/2013,31/12/2013,,
5405826,MALARIA_EST_MORTALITY,COUNTRY,GNQ,AFR,Africa,YEAR,2019,,,,,,,,,44.25 [37.78-55.08],44.24680737,37.78042686,55.08398212,,2025-12-19T14:27:58Z,2019,01/01/2019,31/12/2019,,
5411964,MALARIA_EST_MORTALITY,COUNTRY,ZAF,AFR,Africa,YEAR,2005,,,,,,,,,1.27 [1.27-1.27],1.27298367,1.27298367,1.27298367,,2025-12-19T14:27:58Z,2005,01/01/2005,31/12/2005,,
5417571,MALARIA_EST_MORTALITY,COUNTRY,GAB,AFR,Africa,YEAR,2003,,,,,,,,,21.70 [20.40-23.22],21.70218953,20.40005816,23.2213428,,2025-12-19T14:27:58Z,2003,01/01/2003,31/12/2003,,
5418613,MALARIA_EST_MORTALITY,COUNTRY,CMR,AFR,Africa,YEAR,2011,,,,,,,,,58.67 [54.91-62.79],58.66855592,54.90724412,62.78573428,,2025-12-19T14:27:58Z,2011,01/01/2011,31/12/2011,,
5424863,MALARIA_EST_MORTALITY,COUNTRY,GHA,AFR,Africa,YEAR,2017,,,,,,,,,38.40 [36.87-40.24],38.39597467,36.87306541,40.23546243,,2025-12-19T14:27:58Z,2017,01/01/2017,31/12/2017,,
5430493,MALARIA_EST_MORTALITY,COUNTRY,IND,SEAR,South-East Asia,YEAR,2004,,,,,,,,,3.02 [1.47-5.00],3.024671991,1.469906648,4.996304796,,2025-12-19T14:27:58Z,2004,01/01/2004,31/12/2004,,
5433908,MALARIA_EST_MORTALITY,COUNTRY,PER,AMR,Americas,YEAR,2010,,,,,,,,,0.18 [0.08-0.27],0.17507271,0.078782719,0.2713627,,2025-12-19T14:27:58Z,2010,01/01/2010,31/12/2010,,
5434614,MALARIA_EST_MORTALITY,COUNTRY,BRA,AMR,Americas,YEAR,2013,,,,,,,,,0.10 [0.10-0.10],0.099277523,0.099277523,0.099277523,,2025-12-19T14:27:58Z,2013,01/01/2013,31/12/2013,,
5442636,MALARIA_EST_MORTALITY,COUNTRY,PER,AMR,Americas,YEAR,2005,,,,,,,,,0.72 [0.37-1.12],0.724833399,0.371477117,1.123491769,,2025-12-19T14:27:58Z,2005,01/01/2005,31/12/2005,,
5449020,MALARIA_EST_MORTALITY,COUNTRY,SSD,AFR,Africa,YEAR,2002,,,,,,,,,159.68 [139.49-181.89],159.6833377,139.491369,181.8910545,,2025-12-19T14:27:58Z,2002,01/01/2002,31/12/2002,,
5456396,MALARIA_EST_MORTALITY,COUNTRY,NER,AFR,Africa,YEAR,2006,,,,,,,,,116.96 [109.39-124.97],116.9562692,109.3940245,124.9670517,,2025-12-19T14:27:58Z,2006,01/01/2006,31/12/2006,,
5462749,MALARIA_EST_MORTALITY,COUNTRY,VUT,WPR,Western Pacific,YEAR,2023,,,,,,,,,0 [0-0],0,0,0,,2025-12-19T14:27:58Z,2023,01/01/2023,31/12/2023,,
5468041,MALARIA_EST_MORTALITY,COUNTRY,DJI,EMR,Eastern Mediterranean,YEAR,2021,,,,,,,,,14.03 [6.90-21.29],14.03350201,6.897823023,21.28810899,,2025-12-19T14:27:58Z,2021,01/01/2021,31/12/2021,,
5468535,MALARIA_EST_MORTALITY,COUNTRY,MMR,SEAR,South-East Asia,YEAR,2016,,,,,,,,,0.61 [0.29-0.99],0.610713402,0.291983415,0.989623177,,2025-12-19T14:27:58Z,2016,01/01/2016,31/12/2016,,
5468639,MALARIA_EST_MORTALITY,COUNTRY,BLZ,AMR,Americas,YEAR,2023,,,,,,,,,0 [0-0],0,0,0,,2025-12-19T14:27:58Z,2023,01/01/2023,31/12/2023,,
5475041,MALARIA_EST_MORTALITY,GLOBAL,GLOBAL,,,YEAR,2020,,,,,,,,,14.84 [13.74-17.59],14.83945837,13.74403377,17.58592031,,2025-12-19T14:27:58Z,2020,01/01/2020,31/12/2020,,
5475732,MALARIA_EST_MORTALITY,COUNTRY,ECU,AMR,Americas,YEAR,2021,,,,,,,,,0 [0-0],0,0,0,,2025-12-19T14:27:58Z,2021,01/01/2021,31/12/2021,,
5478679,MALARIA_EST_MORTALITY,COUNTRY,UZB,EUR,Europe,YEAR,2012,,,,,,,,,0 [0-0],0,0,0,,2025-12-19T14:27:58Z,2012,01/01/2012,31/12/2012,,
5480141,MALARIA_EST_MORTALITY,COUNTRY,ZWE,AFR,Africa,YEAR,2015,,,,,,,,,24.09 [9.73-43.90],24.08677731,9.72820043,43.90478852,,2025-12-19T14:27:58Z,2015,01/01/2015,31/12/2015,,
5499839,MALARIA_EST_MORTALITY,COUNTRY,SOM,EMR,Eastern Mediterranean,YEAR,2024,,,,,,,,,13.64 [4.89-28.27],13.63553796,4.892380517,28.2662545,,2025-12-19T14:27:58Z,2024,01/01/2024,31/12/2024,,
5506673,MALARIA_EST_MORTALITY,COUNTRY,GUY,AMR,Americas,YEAR,2023,,,,,,,,,5.08 [2.54-8.11],5.08257367,2.541286835,8.10791514,,2025-12-19T14:27:58Z,2023,01/01/2023,31/12/2023,,
5511469,MALARIA_EST_MORTALITY,COUNTRY,SWZ,AFR,Africa,YEAR,2010,,,,,,,,,2.57 [2.57-2.57],2.570182033,2.570182033,2.570182033,,2025-12-19T14:27:58Z,2010,01/01/2010,31/12/2010,,
5513579,MALARIA_EST_MORTALITY,COUNTRY,COL,AMR,Americas,YEAR,2022,,,,,,,,,0.14 [0.14-0.14],0.139685984,0.139685984,0.139685984,,2025-12-19T14:27:58Z,2022,01/01/2022,31/12/2022,,
5523460,MALARIA_EST_MORTALITY,REGION,EMR,,,YEAR,2007,,,,,,,,,2.37 [1.51-3.56],2.371910527,1.514622192,3.564503509,,2025-12-19T14:27:58Z,2007,01/01/2007,31/12/2007,,
5528952,MALARIA_EST_MORTALITY,COUNTRY,HTI,AMR,Americas,YEAR,2002,,,,,,,,,2.48 [0.91-4.99],2.483668256,0.91024491,4.993343509,,2025-12-19T14:27:58Z,2002,01/01/2002,31/12/2002,,
5530555,MALARIA_EST_MORTALITY,COUNTRY,SOM,EMR,Eastern Mediterranean,YEAR,2006,,,,,,,,,30.46 [13.14-52.58],30.45874626,13.13835241,52.58074324,,2025-12-19T14:27:58Z,2006,01/01/2006,31/12/2006,,
5531984,MALARIA_EST_MORTALITY,COUNTRY,PNG,WPR,Western Pacific,YEAR,2001,,,,,,,,,53.68 [14.47-114.62],53.67958264,14.47122993,114.624675,,2025-12-19T14:27:58Z,2001,01/01/2001,31/12/2001,,
5542763,MALARIA_EST_MORTALITY,COUNTRY,TCD,AFR,Africa,YEAR,2005,,,,,,,,,103.10 [96.51-110.31],103.1032997,96.5051584,110.3083916,,2025-12-19T14:27:58Z,2005,01/01/2005,31/12/2005,,
5545315,MALARIA_EST_MORTALITY,COUNTRY,MAR,EMR,Eastern Mediterranean,YEAR,2010,,,,,,,,,0 [0-0],0,0,0,,2025-12-19T14:27:58Z,2010,01/01/2010,31/12/2010,,
5563556,MALARIA_EST_MORTALITY,COUNTRY,DZA,AFR,Africa,YEAR,2009,,,,,,,,,0 [0-0],0,0,0,,2025-12-19T14:27:58Z,2009,01/01/2009,31/12/2009,,
5574936,MALARIA_EST_MORTALITY,COUNTRY,IDN,WPR,Western Pacific,YEAR,2009,,,,,,,,,0.72 [0.35-1.22],0.717457363,0.347000618,1.218238491,,2025-12-19T14:27:58Z,2009,01/01/2009,31/12/2009,,
5576841,MALARIA_EST_MORTALITY,COUNTRY,NIC,AMR,Americas,YEAR,2010,,,,,,,,,0.02 [0.02-0.02],0.019806075,0.019806075,0.019806075,,2025-12-19T14:27:58Z,2010,01/01/2010,31/12/2010,,
5582824,MALARIA_EST_MORTALITY,COUNTRY,NIC,AMR,Americas,YEAR,2013,,,,,,,,,0 [0-0],0,0,0,,2025-12-19T14:27:58Z,2013,01/01/2013,31/12/2013,,
5582877,MALARIA_EST_MORTALITY,COUNTRY,ZAF,AFR,Africa,YEAR,2013,,,,,,,,,1.92 [1.92-1.92],1.920305844,1.920305844,1.920305844,,2025-12-19T14:27:58Z,2013,01/01/2013,31/12/2013,,
5587496,MALARIA_EST_MORTALITY,COUNTRY,GAB,AFR,Africa,YEAR,2010,,,,,,,,,21.11 [19.54-23.02],21.10613595,19.53625807,23.02487559,,2025-12-19T14:27:58Z,2010,01/01/2010,31/12/2010,,
5587654,MALARIA_EST_MORTALITY,REGION,WPR,,,YEAR,2019,,,,,,,,,0.38 [0.21-0.59],0.375422755,0.210079713,0.587152492,,2025-12-19T14:27:58Z,2019,01/01/2019,31/12/2019,,
5587926,MALARIA_EST_MORTALITY,COUNTRY,GUF,AMR,Americas,YEAR,2007,,,,,,,,,4.12 [4.12-4.12],4.124459696,4.124459696,4.124459696,,2025-12-19T14:27:58Z,2007,01/01/2007,31/12/2007,,
5588788,MALARIA_EST_MORTALITY,COUNTRY,TCD,AFR,Africa,YEAR,2009,,,,,,,,,108.90 [100.68-117.89],108.8960137,100.6756823,117.8901359,,2025-12-19T14:27:58Z,2009,01/01/2009,31/12/2009,,
5607929,MALARIA_EST_MORTALITY,COUNTRY,SUR,AMR,Americas,YEAR,2017,,,,,,,,,1.14 [1.14-1.14],1.140367883,1.140367883,1.140367883,,2025-12-19T14:27:58Z,2017,01/01/2017,31/12/2017,,
5608308,MALARIA_EST_MORTALITY,COUNTRY,MRT,AFR,Africa,YEAR,2014,,,,,,,,,18.81 [18.19-19.51],18.81246081,18.18884333,19.51403048,,2025-12-19T14:27:58Z,2014,01/01/2014,31/12/2014,,
5613535,MALARIA_EST_MORTALITY,COUNTRY,STP,AFR,Africa,YEAR,2022,,,,,,,,,0 [0-0],0,0,0,,2025-12-19T14:27:58Z,2022,01/01/2022,31/12/2022,,
5614523,MALARIA_EST_MORTALITY,COUNTRY,KEN,AFR,Africa,YEAR,2017,,,,,,,,,21.68 [21.21-22.20],21.67578141,21.2082805,22.20222809,,2025-12-19T14:27:58Z,2017,01/01/2017,31/12/2017,,
5626303,MALARIA_EST_MORTALITY,REGION,EUR,,,YEAR,2013,,,,,,,,,0 [0-0],0,0,0,,2025-12-19T14:27:58Z,2013,01/01/2013,31/12/2013,,
5630709,MALARIA_EST_MORTALITY,COUNTRY,COM,AFR,Africa,YEAR,2001,,,,,,,,,16.26 [5.85-32.71],16.26402544,5.847739483,32.71079273,,2025-12-19T14:27:58Z,2001,01/01/2001,31/12/2001,,
5631840,MALARIA_EST_MORTALITY,COUNTRY,COL,AMR,Americas,YEAR,2012,,,,,,,,,0.24 [0.24-0.24],0.237130179,0.237130179,0.237130179,,2025-12-19T14:27:58Z,2012,01/01/2012,31/12/2012,,
5637622,MALARIA_EST_MORTALITY,COUNTRY,DZA,AFR,Africa,YEAR,2010,,,,,,,,,0.05 [0.05-0.05],0.047043415,0.047043415,0.047043415,,2025-12-19T14:27:58Z,2010,01/01/2010,31/12/2010,,
5639540,MALARIA_EST_MORTALITY,COUNTRY,PAN,AMR,Americas,YEAR,2006,,,,,,,,,0.04 [0.04-0.04],0.044223015,0.044223015,0.044223015,,2025-12-19T14:27:58Z,2006,01/01/2006,31/12/2006,,
5643979,MALARIA_EST_MORTALITY,REGION,AFR,,,YEAR,2012,,,,,,,,,71.33 [68.14-76.01],71.33416572,68.14279986,76.00878957,,2025-12-19T14:27:58Z,2012,01/01/2012,31/12/2012,,
5645400,MALARIA_EST_MORTALITY,COUNTRY,EGY,EMR,Eastern Mediterranean,YEAR,2001,,,,,,,,,0 [0-0],0,0,0,,2025-12-19T14:27:58Z,2001,01/01/2001,31/12/2001,,
5656634,MALARIA_EST_MORTALITY,COUNTRY,CHN,WPR,Western Pacific,YEAR,2016,,,,,,,,,0 [0-0],0,0,0,,2025-12-19T14:27:58Z,2016,01/01/2016,31/12/2016,,
5656649,MALARIA_EST_MORTALITY,COUNTRY,NPL,SEAR,South-East Asia,YEAR,2016,,,,,,,,,0.04 [0.04-0.04],0.036951861,0.036951861,0.036951861,,2025-12-19T14:27:58Z,2016,01/01/2016,31/12/2016,,
5658722,MALARIA_EST_MORTALITY,COUNTRY,GIN,AFR,Africa,YEAR,2004,,,,,,,,,117.59 [110.72-125.05],117.5915632,110.7172512,125.0506884,,2025-12-19T14:27:58Z,2004,01/01/2004,31/12/2004,,
5663087,MALARIA_EST_MORTALITY,COUNTRY,ERI,AFR,Africa,YEAR,2017,,,,,,,,,7.02 [2.86-12.82],7.015100241,2.856828153,12.82398415,,2025-12-19T14:27:58Z,2017,01/01/2017,31/12/2017,,
5669382,MALARIA_EST_MORTALITY,COUNTRY,BWA,AFR,Africa,YEAR,2004,,,,,,,,,1.59 [1.59-1.59],1.58584293,1.58584293,1.58584293,,2025-12-19T14:27:58Z,2004,01/01/2004,31/12/2004,,
5674686,MALARIA_EST_MORTALITY,COUNTRY,TZA,AFR,Africa,YEAR,2001,,,,,,,,,118.38 [113.17-123.78],118.3778796,113.1674005,123.7787798,,2025-12-19T14:27:58Z,2001,01/01/2001,31/12/2001,,
5675451,MALARIA_EST_MORTALITY,COUNTRY,TJK,EUR,Europe,YEAR,2022,,,,,,,,,0 [0-0],0,0,0,,2025-12-19T14:27:58Z,2022,01/01/2022,31/12/2022,,
5675794,MALARIA_EST_MORTALITY,COUNTRY,PAN,AMR,Americas,YEAR,2013,,,,,,,,,0 [0-0],0,0,0,,2025-12-19T14:27:58Z,2013,01/01/2013,31/12/2013,,
5675800,MALARIA_EST_MORTALITY,COUNTRY,CRI,AMR,Americas,YEAR,2018,,,,,,,,,0 [0-0],0,0,0,,2025-12-19T14:27:58Z,2018,01/01/2018,31/12/2018,,
5677391,MALARIA_EST_MORTALITY,REGION,SEAR,,,YEAR,2001,,,,,,,,,3.21 [1.77-4.95],3.206261428,1.772970157,4.947890575,,2025-12-19T14:27:58Z,2001,01/01/2001,31/12/2001,,
5681432,MALARIA_EST_MORTALITY,COUNTRY,BTN,SEAR,South-East Asia,YEAR,2022,,,,,,,,,0 [0-0],0,0,0,,2025-12-19T14:27:58Z,2022,01/01/2022,31/12/2022,,
5684734,MALARIA_EST_MORTALITY,COUNTRY,PER,AMR,Americas,YEAR,2014,,,,,,,,,0.51 [0.25-0.79],0.507258403,0.253629201,0.794704831,,2025-12-19T14:27:58Z,2014,01/01/2014,31/12/2014,,
5697310,MALARIA_EST_MORTALITY,COUNTRY,SLB,WPR,Western Pacific,YEAR,2003,,,,,,,,,98.81 [43.77-178.34],98.81016098,43.76575058,178.3350054,,2025-12-19T14:27:58Z,2003,01/01/2003,31/12/2003,,
5700561,MALARIA_EST_MORTALITY,COUNTRY,TKM,EUR,Europe,YEAR,2004,,,,,,,,,0 [0-0],0,0,0,,2025-12-19T14:27:58Z,2004,01/01/2004,31/12/2004,,
5714535,MALARIA_EST_MORTALITY,COUNTRY,CHN,WPR,Western Pacific,YEAR,2006,,,,,,,,,0.01 [0.01-0.01],0.006893592,0.006893592,0.006893592,,2025-12-19T14:27:58Z,2006,01/01/2006,31/12/2006,,
5716191,MALARIA_EST_MORTALITY,COUNTRY,LKA,SEAR,South-East Asia,YEAR,2021,,,,,,,,,0 [0-0],0,0,0,,2025-12-19T14:27:58Z,2021,01/01/2021,31/12/2021,,
5726270,MALARIA_EST_MORTALITY,COUNTRY,KHM,WPR,Western Pacific,YEAR,2007,,,,,,,,,4.00 [1.80-7.17],4.001286099,1.79753208,7.170071111,,2025-12-19T14:27:58Z,2007,01/01/2007,31/12/2007,,
5734366,MALARIA_EST_MORTALITY,COUNTRY,SLE,AFR,Africa,YEAR,2017,,,,,,,,,121.43 [108.53-135.96],121.4342988,108.5330056,135.961424,,2025-12-19T14:27:58Z,2017,01/01/2017,31/12/2017,,
5739845,MALARIA_EST_MORTALITY,COUNTRY,COL,AMR,Americas,YEAR,2021,,,,,,,,,0.10 [0.10-0.10],0.097065541,0.097065541,0.097065541,,2025-12-19T14:27:58Z,2021,01/01/2021,31/12/2021,,
5741679,MALARIA_EST_MORTALITY,COUNTRY,CMR,AFR,Africa,YEAR,2017,,,,,,,,,49.41 [45.29-53.94],49.4102414,45.29054544,53.94013519,,2025-12-19T14:27:58Z,2017,01/01/2017,31/12/2017,,
5753144,MALARIA_EST_MORTALITY,COUNTRY,TJK,EUR,Europe,YEAR,2021,,,,,,,,,0 [0-0],0,0,0,,2025-12-19T14:27:58Z,2021,01/01/2021,31/12/2021,,
5765564,MALARIA_EST_MORTALITY,COUNTRY,MRT,AFR,Africa,YEAR,2018,,,,,,,,,20.38 [5.76-48.46],20.37953424,5.763442942,48.4596046,,2025-12-19T14:27:58Z,2018,01/01/2018,31/12/2018,,
5766628,MALARIA_EST_MORTALITY,COUNTRY,COL,AMR,Americas,YEAR,2001,,,,,,,,,1.91 [1.91-1.91],1.910994738,1.910994738,1.910994738,,2025-12-19T14:27:58Z,2001,01/01/2001,31/12/2001,,
5776807,MALARIA_EST_MORTALITY,COUNTRY,SUR,AMR,Americas,YEAR,2005,,,,,,,,,1.30 [1.30-1.30],1.303746969,1.303746969,1.303746969,,2025-12-19T14:27:58Z,2005,01/01/2005,31/12/2005,,
5784380,MALARIA_EST_MORTALITY,COUNTRY,PRK,SEAR,South-East Asia,YEAR,2014,,,,,,,,,0 [0-0],0,0,0,,2025-12-19T14:27:58Z,2014,01/01/2014,31/12/2014,,
5790093,MALARIA_EST_MORTALITY,COUNTRY,CHN,WPR,Western Pacific,YEAR,2012,,,,,,,,,0 [0-0],0,0,0,,2025-12-19T14:27:58Z,2012,01/01/2012,31/12/2012,,
5794889,MALARIA_EST_MORTALITY,COUNTRY,MWI,AFR,Africa,YEAR,2020,,,,,,,,,38.00 [32.17-47.80],38.00062937,32.17485593,47.80410576,,2025-12-19T14:27:58Z,2020,01/01/2020,31/12/2020,,
5795267,MALARIA_EST_MORTALITY,COUNTRY,SEN,AFR,Africa,YEAR,2011,,,,,,,,,12.36 [5.09-22.01],12.36216418,5.093026443,22.0080476,,2025-12-19T14:27:58Z,2011,01/01/2011,31/12/2011,,
5795647,MALARIA_EST_MORTALITY,COUNTRY,AGO,AFR,Africa,YEAR,2007,,,,,,,,,84.80 [72.31-100.30],84.79894253,72.30529583,100.3004972,,2025-12-19T14:27:58Z,2007,01/01/2007,31/12/2007,,
5796224,MALARIA_EST_MORTALITY,COUNTRY,TGO,AFR,Africa,YEAR,2023,,,,,,,,,37.14 [30.81-45.80],37.14396845,30.81358726,45.79584768,,2025-12-19T14:27:58Z,2023,01/01/2023,31/12/2023,,
5797688,MALARIA_EST_MORTALITY,COUNTRY,GUF,AMR,Americas,YEAR,2010,,,,,,,,,0.77 [0.77-0.77],0.770540688,0.770540688,0.770540688,,2025-12-19T14:27:58Z,2010,01/01/2010,31/12/2010,,
5797793,MALARIA_EST_MORTALITY,COUNTRY,GEO,EUR,Europe,YEAR,2014,,,,,,,,,0 [0-0],0,0,0,,2025-12-19T14:27:58Z,2014,01/01/2014,31/12/2014,,
5802265,MALARIA_EST_MORTALITY,COUNTRY,MAR,EMR,Eastern Mediterranean,YEAR,2008,,,,,,,,,0 [0-0],0,0,0,,2025-12-19T14:27:58Z,2008,01/01/2008,31/12/2008,,
5804719,MALARIA_EST_MORTALITY,COUNTRY,YEM,EMR,Eastern Mediterranean,YEAR,2003,,,,,,,,,21.46 [6.68-107.47],21.46240357,6.683105729,107.4702343,,2025-12-19T14:27:58Z,2003,01/01/2003,31/12/2003,,
5809826,MALARIA_EST_MORTALITY,COUNTRY,CMR,AFR,Africa,YEAR,2013,,,,,,,,,57.11 [53.27-61.31],57.10580919,53.27445887,61.30639421,,2025-12-19T14:27:58Z,2013,01/01/2013,31/12/2013,,
5820385,MALARIA_EST_MORTALITY,COUNTRY,IDN,WPR,Western Pacific,YEAR,2005,,,,,,,,,0.71 [0.36-1.09],0.713383389,0.364704805,1.086339531,,2025-12-19T14:27:58Z,2005,01/01/2005,31/12/2005,,
5823202,MALARIA_EST_MORTALITY,REGION,WPR,,,YEAR,2022,,,,,,,,,0.44 [0.24-0.69],0.439563227,0.240795067,0.690485345,,2025-12-19T14:27:58Z,2022,01/01/2022,31/12/2022,,
5827947,MALARIA_EST_MORTALITY,COUNTRY,DJI,EMR,Eastern Mediterranean,YEAR,2014,,,,,,,,,3.72 [3.72-3.72],3.723617175,3.723617175,3.723617175,,2025-12-19T14:27:58Z,2014,01/01/2014,31/12/2014,,
5830187,MALARIA_EST_MORTALITY,COUNTRY,MMR,SEAR,South-East Asia,YEAR,2017,,,,,,,,,0.46 [0.22-0.75],0.462252331,0.21896163,0.751989438,,2025-12-19T14:27:58Z,2017,01/01/2017,31/12/2017,,
5833658,MALARIA_EST_MORTALITY,COUNTRY,ARM,EUR,Europe,YEAR,2000,,,,,,,,,0 [0-0],0,0,0,,2025-12-19T14:27:58Z,2000,01/01/2000,31/12/2000,,
5834114,MALARIA_EST_MORTALITY,COUNTRY,AGO,AFR,Africa,YEAR,2008,,,,,,,,,69.69 [58.58-83.39],69.6938711,58.57617168,83.39270914,,2025-12-19T14:27:58Z,2008,01/01/2008,31/12/2008,,
5834798,MALARIA_EST_MORTALITY,COUNTRY,PRK,SEAR,South-East Asia,YEAR,2011,,,,,,,,,0 [0-0],0,0,0,,2025-12-19T14:27:58Z,2011,01/01/2011,31/12/2011,,
5845802,MALARIA_EST_MORTALITY,COUNTRY,AGO,AFR,Africa,YEAR,2014,,,,,,,,,42.76 [32.73-57.09],42.76388493,32.73462176,57.08978638,,2025-12-19T14:27:58Z,2014,01/01/2014,31/12/2014,,
5846466,MALARIA_EST_MORTALITY,COUNTRY,CPV,AFR,Africa,YEAR,2013,,,,,,,,,0 [0-0],0,0,0,,2025-12-19T14:27:58Z,2013,01/01/2013,31/12/2013,,
5848855,MALARIA_EST_MORTALITY,COUNTRY,SLV,AMR,Americas,YEAR,2002,,,,,,,,,0 [0-0],0,0,0,,2025-12-19T14:27:58Z,2002,01/01/2002,31/12/2002,,
5860150,MALARIA_EST_MORTALITY,COUNTRY,STP,AFR,Africa,YEAR,2015,,,,,,,,,0 [0-0],0,0,0,,2025-12-19T14:27:58Z,2015,01/01/2015,31/12/2015,,
5861673,MALARIA_EST_MORTALITY,COUNTRY,TGO,AFR,Africa,YEAR,2017,,,,,,,,,47.88 [42.97-53.46],47.88300165,42.96810568,53.45569935,,2025-12-19T14:27:58Z,2017,01/01/2017,31/12/2017,,
5865609,MALARIA_EST_MORTALITY,COUNTRY,ECU,AMR,Americas,YEAR,2015,,,,,,,,,0 [0-0],0,0,0,,2025-12-19T14:27:58Z,2015,01/01/2015,31/12/2015,,
5865884,MALARIA_EST_MORTALITY,COUNTRY,CIV,AFR,Africa,YEAR,2023,,,,,,,,,34.56 [29.55-40.81],34.56048123,29.54534501,40.81103191,,2025-12-19T14:27:58Z,2023,01/01/2023,31/12/2023,,
5866262,MALARIA_EST_MORTALITY,COUNTRY,PAK,EMR,Eastern Mediterranean,YEAR,2000,,,,,,,,,0.65 [0.20-1.69],0.651503372,0.195713715,1.68986971,,2025-12-19T14:27:58Z,2000,01/01/2000,31/12/2000,,
5871870,MALARIA_EST_MORTALITY,COUNTRY,IDN,WPR,Western Pacific,YEAR,2012,,,,,,,,,1.12 [0.57-1.71],1.122681662,0.56549598,1.711931243,,2025-12-19T14:27:58Z,2012,01/01/2012,31/12/2012,,
5879466,MALARIA_EST_MORTALITY,COUNTRY,KGZ,EUR,Europe,YEAR,2009,,,,,,,,,0 [0-0],0,0,0,,2025-12-19T14:27:58Z,2009,01/01/2009,31/12/2009,,
5879927,MALARIA_EST_MORTALITY,COUNTRY,SSD,AFR,Africa,YEAR,2024,,,,,,,,,56.51 [31.11-115.57],56.50815915,31.10502463,115.5708655,,2025-12-19T14:27:58Z,2024,01/01/2024,31/12/2024,,
5883886,MALARIA_EST_MORTALITY,COUNTRY,OMN,EMR,Eastern Mediterranean,YEAR,2009,,,,,,,,,0 [0-0],0,0,0,,2025-12-19T14:27:58Z,2009,01/01/2009,31/12/2009,,
5896602,MALARIA_EST_MORTALITY,COUNTRY,ZMB,AFR,Africa,YEAR,2007,,,,,,,,,50.92 [49.19-52.79],50.9188756,49.19186778,52.78913752,,2025-12-19T14:27:58Z,2007,01/01/2007,31/12/2007,,
5898372,MALARIA_EST_MORTALITY,COUNTRY,COL,AMR,Americas,YEAR,2005,,,,,,,,,0.93 [0.93-0.93],0.932782413,0.932782413,0.932782413,,2025-12-19T14:27:58Z,2005,01/01/2005,31/12/2005,,
5908224,MALARIA_EST_MORTALITY,COUNTRY,PAK,EMR,Eastern Mediterranean,YEAR,2009,,,,,,,,,0.52 [0.18-1.33],0.523303999,0.178446664,1.333391671,,2025-12-19T14:27:58Z,2009,01/01/2009,31/12/2009,,
5914336,MALARIA_EST_MORTALITY,COUNTRY,SDN,EMR,Eastern Mediterranean,YEAR,2017,,,,,,,,,14.43 [6.34-24.61],14.43310351,6.337396656,24.60773915,,2025-12-19T14:27:58Z,2017,01/01/2017,31/12/2017,,
5918927,MALARIA_EST_MORTALITY,COUNTRY,VEN,AMR,Americas,YEAR,2000,,,,,,,,,0.21 [0.11-0.33],0.212013777,0.106006888,0.334329418,,2025-12-19T14:27:58Z,2000,01/01/2000,31/12/2000,,
5921306,MALARIA_EST_MORTALITY,COUNTRY,GNQ,AFR,Africa,YEAR,2006,,,,,,,,,60.18 [55.74-65.53],60.18116955,55.73826442,65.53285074,,2025-12-19T14:27:58Z,2006,01/01/2006,31/12/2006,,
5925821,MALARIA_EST_MORTALITY,COUNTRY,MWI,AFR,Africa,YEAR,2024,,,,,,,,,34.64 [29.90-43.03],34.63819411,29.90482324,43.03348845,,2025-12-19T14:27:58Z,2024,01/01/2024,31/12/2024,,
5926804,MALARIA_EST_MORTALITY,COUNTRY,KHM,WPR,Western Pacific,YEAR,2014,,,,,,,,,3.64 [1.81-5.68],3.642824608,1.807717475,5.678789238,,2025-12-19T14:27:58Z,2014,01/01/2014,31/12/2014,,
5927433,MALARIA_EST_MORTALITY,COUNTRY,NAM,AFR,Africa,YEAR,2024,,,,,,,,,1.33 [1.33-1.33],1.330469498,1.330469498,1.330469498,,2025-12-19T14:27:58Z,2024,01/01/2024,31/12/2024,,
5931607,MALARIA_EST_MORTALITY,COUNTRY,DZA,AFR,Africa,YEAR,2004,,,,,,,,,0 [0-0],0,0,0,,2025-12-19T14:27:58Z,2004,01/01/2004,31/12/2004,,
5940703,MALARIA_EST_MORTALITY,COUNTRY,LBR,AFR,Africa,YEAR,2010,,,,,,,,,67.75 [63.66-72.38],67.75251362,63.66272552,72.38432182,,2025-12-19T14:27:58Z,2010,01/01/2010,31/12/2010,,
5941699,MALARIA_EST_MORTALITY,COUNTRY,ECU,AMR,Americas,YEAR,2000,,,,,,,,,0.92 [0.92-0.92],0.917817508,0.917817508,0.917817508,,2025-12-19T14:27:58Z,2000,01/01/2000,31/12/2000,,
5941712,MALARIA_EST_MORTALITY,COUNTRY,KEN,AFR,Africa,YEAR,2005,,,,,,,,,28.37 [27.53-29.31],28.37429508,27.53056697,29.30734762,,2025-12-19T14:27:58Z,2005,01/01/2005,31/12/2005,,
5945112,MALARIA_EST_MORTALITY,REGION,AMR,,,YEAR,2020,,,,,,,,,0.27 [0.19-0.36],0.271041172,0.19132318,0.358730963,,2025-12-19T14:27:58Z,2020,01/01/2020,31/12/2020,,
5945986,MALARIA_EST_MORTALITY,COUNTRY,BDI,AFR,Africa,YEAR,2015,,,,,,,,,49.21 [43.73-56.46],49.21439809,43.72903387,56.46485475,,2025-12-19T14:27:58Z,2015,01/01/2015,31/12/2015,,
5953336,MALARIA_EST_MORTALITY,COUNTRY,BEN,AFR,Africa,YEAR,2022,,,,,,,,,79.52 [59.78-105.33],79.52323849,59.78414913,105.3312257,,2025-12-19T14:27:58Z,2022,01/01/2022,31/12/2022,,
5958956,MALARIA_EST_MORTALITY,REGION,AMR,,,YEAR,2011,,,,,,,,,0.34 [0.23-0.49],0.338989039,0.233785544,0.490949643,,2025-12-19T14:27:58Z,2011,01/01/2011,31/12/2011,,
5959992,MALARIA_EST_MORTALITY,COUNTRY,GUY,AMR,Americas,YEAR,2012,,,,,,,,,10.18 [4.82-16.62],10.18373604,4.823874965,16.61556932,,2025-12-19T14:27:58Z,2012,01/01/2012,31/12/2012,,
5963462,MALARIA_EST_MORTALITY,REGION,AMR,,,YEAR,2004,,,,,,,,,0.57 [0.46-0.74],0.568222787,0.455219384,0.738930056,,2025-12-19T14:27:58Z,2004,01/01/2004,31/12/2004,,
5964576,MALARIA_EST_MORTALITY,COUNTRY,SLV,AMR,Americas,YEAR,2013,,,,,,,,,0 [0-0],0,0,0,,2025-12-19T14:27:58Z,2013,01/01/2013,31/12/2013,,
5966002,MALARIA_EST_MORTALITY,COUNTRY,IDN,WPR,Western Pacific,YEAR,2003,,,,,,,,,0.72 [0.34-1.21],0.717624662,0.344804209,1.211308217,,2025-12-19T14:27:58Z,2003,01/01/2003,31/12/2003,,
5971036,MALARIA_EST_MORTALITY,COUNTRY,VUT,WPR,Western Pacific,YEAR,2018,,,,,,,,,0 [0-0],0,0,0,,2025-12-19T14:27:58Z,2018,01/01/2018,31/12/2018,,
5971215,MALARIA_EST_MORTALITY,COUNTRY,EGY,EMR,Eastern Mediterranean,YEAR,2023,,,,,,,,,0 [0-0],0,0,0,,2025-12-19T14:27:58Z,2023,01/01/2023,31/12/2023,,
5978312,MALARIA_EST_MORTALITY,COUNTRY,GTM,AMR,Americas,YEAR,2022,,,,,,,,,0 [0-0],0,0,0,,2025-12-19T14:27:58Z,2022,01/01/2022,31/12/2022,,
5997090,MALARIA_EST_MORTALITY,COUNTRY,TLS,SEAR,South-East Asia,YEAR,2003,,,,,,,,,14.50 [6.84-23.42],14.49559392,6.84192033,23.42487977,,2025-12-19T14:27:58Z,2003,01/01/2003,31/12/2003,,
5998069,MALARIA_EST_MORTALITY,COUNTRY,BFA,AFR,Africa,YEAR,2011,,,,,,,,,216.32 [194.82-239.73],216.3197636,194.8214754,239.7325985,,2025-12-19T14:27:58Z,2011,01/01/2011,31/12/2011,,
6008525,MALARIA_EST_MORTALITY,COUNTRY,LAO,WPR,Western Pacific,YEAR,2010,,,,,,,,,3.31 [1.37-6.01],3.307130142,1.365328958,6.007447414,,2025-12-19T14:27:58Z,2010,01/01/2010,31/12/2010,,
6023841,MALARIA_EST_MORTALITY,COUNTRY,SOM,EMR,Eastern Mediterranean,YEAR,2023,,,,,,,,,13.92 [5.02-28.22],13.91717186,5.016718309,28.22258106,,2025-12-19T14:27:58Z,2023,01/01/2023,31/12/2023,,
6028010,MALARIA_EST_MORTALITY,COUNTRY,MOZ,AFR,Africa,YEAR,2023,,,,,,,,,53.14 [36.86-81.15],53.14379358,36.86008926,81.15020116,,2025-12-19T14:27:58Z,2023,01/01/2023,31/12/2023,,
6033834,MALARIA_EST_MORTALITY,COUNTRY,NPL,SEAR,South-East Asia,YEAR,2002,,,,,,,,,0.84 [0.33-1.77],0.842860489,0.326268576,1.767288122,,2025-12-19T14:27:58Z,2002,01/01/2002,31/12/2002,,
6041477,MALARIA_EST_MORTALITY,REGION,AMR,,,YEAR,2015,,,,,,,,,0.27 [0.20-0.35],0.271535868,0.199822549,0.3495154,,2025-12-19T14:27:58Z,2015,01/01/2015,31/12/2015,,
6041582,MALARIA_EST_MORTALITY,COUNTRY,DJI,EMR,Eastern Mediterranean,YEAR,2010,,,,,,,,,0.29 [0.14-0.43],0.286691905,0.143345953,0.430037858,,2025-12-19T14:27:58Z,2010,01/01/2010,31/12/2010,,
6060225,MALARIA_EST_MORTALITY,COUNTRY,ERI,AFR,Africa,YEAR,2020,,,,,,,,,11.30 [4.47-20.93],11.30262786,4.46636101,20.93416827,,2025-12-19T14:27:58Z,2020,01/01/2020,31/12/2020,,
6063424,MALARIA_EST_MORTALITY,COUNTRY,SWZ,AFR,Africa,YEAR,2024,,,,,,,,,0 [0-0],0,0,0,,2025-12-19T14:27:58Z,2024,01/01/2024,31/12/2024,,
6066000,MALARIA_EST_MORTALITY,COUNTRY,OMN,EMR,Eastern Mediterranean,YEAR,2017,,,,,,,,,0 [0-0],0,0,0,,2025-12-19T14:27:58Z,2017,01/01/2017,31/12/2017,,
6066059,MALARIA_EST_MORTALITY,COUNTRY,SDN,EMR,Eastern Mediterranean,YEAR,2005,,,,,,,,,13.63 [5.68-24.48],13.62977295,5.680778051,24.47985271,,2025-12-19T14:27:58Z,2005,01/01/2005,31/12/2005,,
6070632,MALARIA_EST_MORTALITY,COUNTRY,IDN,WPR,Western Pacific,YEAR,2007,,,,,,,,,0.72 [0.34-1.22],0.71753279,0.341682281,1.220354121,,2025-12-19T14:27:58Z,2007,01/01/2007,31/12/2007,,
6070967,MALARIA_EST_MORTALITY,COUNTRY,TZA,AFR,Africa,YEAR,2020,,,,,,,,,40.29 [37.94-43.17],40.2933787,37.94474936,43.17339255,,2025-12-19T14:27:58Z,2020,01/01/2020,31/12/2020,,
6071688,MALARIA_EST_MORTALITY,REGION,AFR,,,YEAR,2001,,,,,,,,,137.95 [133.49-144.02],137.9503778,133.4914422,144.0204067,,2025-12-19T14:27:58Z,2001,01/01/2001,31/12/2001,,
6078891,MALARIA_EST_MORTALITY,COUNTRY,AZE,EUR,Europe,YEAR,2019,,,,,,,,,0 [0-0],0,0,0,,2025-12-19T14:27:58Z,2019,01/01/2019,31/12/2019,,
6079549,MALARIA_EST_MORTALITY,COUNTRY,BFA,AFR,Africa,YEAR,2009,,,,,,,,,242.94 [222.27-264.83],242.9397969,222.2651529,264.830381,,2025-12-19T14:27:58Z,2009,01/01/2009,31/12/2009,,
6083105,MALARIA_EST_MORTALITY,COUNTRY,MAR,EMR,Eastern Mediterranean,YEAR,2018,,,,,,,,,0 [0-0],0,0,0,,2025-12-19T14:27:58Z,2018,01/01/2018,31/12/2018,,
6083475,MALARIA_EST_MORTALITY,COUNTRY,GUF,AMR,Americas,YEAR,2024,,,,,,,,,0 [0-0],0,0,0,,2025-12-19T14:27:58Z,2024,01/01/2024,31/12/2024,,
6084228,MALARIA_EST_MORTALITY,COUNTRY,PAN,AMR,Americas,YEAR,2020,,,,,,,,,0 [0-0],0,0,0,,2025-12-19T14:27:58Z,2020,01/01/2020,31/12/2020,,
6085622,MALARIA_EST_MORTALITY,COUNTRY,GUY,AMR,Americas,YEAR,2008,,,,,,,,,3.05 [1.46-4.90],3.047948201,1.457714357,4.903221019,,2025-12-19T14:27:58Z,2008,01/01/2008,31/12/2008,,
6090860,MALARIA_EST_MORTALITY,COUNTRY,MYT,AFR,Africa,YEAR,2009,,,,,,,,,0 [0-0],0,0,0,,2025-12-19T14:27:58Z,2009,01/01/2009,31/12/2009,,
6090908,MALARIA_EST_MORTALITY,COUNTRY,UZB,EUR,Europe,YEAR,2005,,,,,,,,,0 [0-0],0,0,0,,2025-12-19T14:27:58Z,2005,01/01/2005,31/12/2005,,
6096619,MALARIA_EST_MORTALITY,COUNTRY,MDG,AFR,Africa,YEAR,2018,,,,,,,,,17.76 [7.38-31.70],17.76327749,7.38308952,31.70066724,,2025-12-19T14:27:58Z,2018,01/01/2018,31/12/2018,,
6098204,MALARIA_EST_MORTALITY,COUNTRY,TKM,EUR,Europe,YEAR,2016,,,,,,,,,0 [0-0],0,0,0,,2025-12-19T14:27:58Z,2016,01/01/2016,31/12/2016,,
6098810,MALARIA_EST_MORTALITY,COUNTRY,NIC,AMR,Americas,YEAR,2007,,,,,,,,,0 [0-0],0,0,0,,2025-12-19T14:27:58Z,2007,01/01/2007,31/12/2007,,
6103039,MALARIA_EST_MORTALITY,COUNTRY,BOL,AMR,Americas,YEAR,2009,,,,,,,,,0.13 [0.04-0.22],0.132039842,0.044013281,0.220066403,,2025-12-19T14:27:58Z,2009,01/01/2009,31/12/2009,,
6103704,MALARIA_EST_MORTALITY,REGION,AFR,,,YEAR,2005,,,,,,,,,107.55 [103.63-114.02],107.5473541,103.6313381,114.0232981,,2025-12-19T14:27:58Z,2005,01/01/2005,31/12/2005,,
6104610,MALARIA_EST_MORTALITY,COUNTRY,SDN,EMR,Eastern Mediterranean,YEAR,2024,,,,,,,,,25.15 [9.26-49.89],25.15215278,9.260795098,49.88685397,,2025-12-19T14:27:58Z,2024,01/01/2024,31/12/2024,,
6108592,MALARIA_EST_MORTALITY,COUNTRY,IND,SEAR,South-East Asia,YEAR,2019,,,,,,,,,0.39 [0.18-0.68],0.394711521,0.17681697,0.6820273,,2025-12-19T14:27:58Z,2019,01/01/2019,31/12/2019,,
6114206,MALARIA_EST_MORTALITY,COUNTRY,EGY,EMR,Eastern Mediterranean,YEAR,2006,,,,,,,,,0 [0-0],0,0,0,,2025-12-19T14:27:58Z,2006,01/01/2006,31/12/2006,,
6116666,MALARIA_EST_MORTALITY,COUNTRY,MDG,AFR,Africa,YEAR,2011,,,,,,,,,9.16 [3.50-17.59],9.162091865,3.50085239,17.59266233,,2025-12-19T14:27:58Z,2011,01/01/2011,31/12/2011,,
6123506,MALARIA_EST_MORTALITY,REGION,WPR,,,YEAR,2002,,,,,,,,,0.71 [0.44-1.09],0.710767669,0.440376335,1.087439681,,2025-12-19T14:27:58Z,2002,01/01/2002,31/12/2002,,
6128022,MALARIA_EST_MORTALITY,COUNTRY,PRY,AMR,Americas,YEAR,2020,,,,,,,,,0 [0-0],0,0,0,,2025-12-19T14:27:58Z,2020,01/01/2020,31/12/2020,,
6129449,MALARIA_EST_MORTALITY,COUNTRY,GUY,AMR,Americas,YEAR,2000,,,,,,,,,6.54 [3.01-10.46],6.537383373,3.007196352,10.4598134,,2025-12-19T14:27:58Z,2000,01/01/2000,31/12/2000,,
6133024,MALARIA_EST_MORTALITY,COUNTRY,STP,AFR,Africa,YEAR,2016,,,,,,,,,0.49 [0.49-0.49],0.490946938,0.490946938,0.490946938,,2025-12-19T14:27:58Z,2016,01/01/2016,31/12/2016,,
6136259,MALARIA_EST_MORTALITY,COUNTRY,NIC,AMR,Americas,YEAR,2002,,,,,,,,,0.18 [0.18-0.18],0.176525623,0.176525623,0.176525623,,2025-12-19T14:27:58Z,2002,01/01/2002,31/12/2002,,
6142378,MALARIA_EST_MORTALITY,COUNTRY,STP,AFR,Africa,YEAR,2001,,,,,,,,,169.43 [169.43-169.43],169.4278395,169.4278395,169.4278395,,2025-12-19T14:27:58Z,2001,01/01/2001,31/12/2001,,
6155014,MALARIA_EST_MORTALITY,COUNTRY,YEM,EMR,Eastern Mediterranean,YEAR,2000,,,,,,,,,20.85 [6.36-97.98],20.84571534,6.357230641,97.98000822,,2025-12-19T14:27:58Z,2000,01/01/2000,31/12/2000,,
6166206,MALARIA_EST_MORTALITY,COUNTRY,COM,AFR,Africa,YEAR,2011,,,,,,,,,9.28 [4.34-14.37],9.280659106,4.340953453,14.37005281,,2025-12-19T14:27:58Z,2011,01/01/2011,31/12/2011,,
6172056,MALARIA_EST_MORTALITY,COUNTRY,VEN,AMR,Americas,YEAR,2024,,,,,,,,,0.81 [0.42-1.23],0.809701149,0.422276751,1.232153923,,2025-12-19T14:27:58Z,2024,01/01/2024,31/12/2024,,
6173916,MALARIA_EST_MORTALITY,COUNTRY,VNM,WPR,Western Pacific,YEAR,2022,,,,,,,,,0 [0-0],0,0,0,,2025-12-19T14:27:58Z,2022,01/01/2022,31/12/2022,,
6177681,MALARIA_EST_MORTALITY,COUNTRY,GIN,AFR,Africa,YEAR,2019,,,,,,,,,83.61 [74.46-95.18],83.60987195,74.46480245,95.17930551,,2025-12-19T14:27:58Z,2019,01/01/2019,31/12/2019,,
6179103,MALARIA_EST_MORTALITY,COUNTRY,BEN,AFR,Africa,YEAR,2005,,,,,,,,,158.92 [149.55-169.10],158.9220596,149.546477,169.1046544,,2025-12-19T14:27:58Z,2005,01/01/2005,31/12/2005,,
6190963,MALARIA_EST_MORTALITY,COUNTRY,TJK,EUR,Europe,YEAR,2011,,,,,,,,,0 [0-0],0,0,0,,2025-12-19T14:27:58Z,2011,01/01/2011,31/12/2011,,
6191344,MALARIA_EST_MORTALITY,REGION,WPR,,,YEAR,2024,,,,,,,,,0.45 [0.25-0.70],0.449107732,0.250832609,0.702996175,,2025-12-19T14:27:58Z,2024,01/01/2024,31/12/2024,,
6198248,MALARIA_EST_MORTALITY,COUNTRY,GNQ,AFR,Africa,YEAR,2024,,,,,,,,,40.63 [34.56-52.05],40.63373837,34.55717151,52.04711611,,2025-12-19T14:27:58Z,2024,01/01/2024,31/12/2024,,
6204575,MALARIA_EST_MORTALITY,COUNTRY,BTN,SEAR,South-East Asia,YEAR,2014,,,,,,,,,0 [0-0],0,0,0,,2025-12-19T14:27:58Z,2014,01/01/2014,31/12/2014,,
6209476,MALARIA_EST_MORTALITY,COUNTRY,RWA,AFR,Africa,YEAR,2013,,,,,,,,,26.63 [25.76-27.63],26.62858977,25.76320567,27.62919013,,2025-12-19T14:27:58Z,2013,01/01/2013,31/12/2013,,
6215993,MALARIA_EST_MORTALITY,COUNTRY,DOM,AMR,Americas,YEAR,2008,,,,,,,,,0.21 [0.21-0.21],0.208607091,0.208607091,0.208607091,,2025-12-19T14:27:58Z,2008,01/01/2008,31/12/2008,,
6216419,MALARIA_EST_MORTALITY,COUNTRY,NGA,AFR,Africa,YEAR,2018,,,,,,,,,88.37 [72.67-109.43],88.36542453,72.66601465,109.4323405,,2025-12-19T14:27:58Z,2018,01/01/2018,31/12/2018,,
6220926,MALARIA_EST_MORTALITY,COUNTRY,COL,AMR,Americas,YEAR,2018,,,,,,,,,0.08 [0.08-0.08],0.082922361,0.082922361,0.082922361,,2025-12-19T14:27:58Z,2018,01/01/2018,31/12/2018,,
6221948,MALARIA_EST_MORTALITY,COUNTRY,MYS,WPR,Western Pacific,YEAR,2022,,,,,,,,,0 [0-0],0,0,0,,2025-12-19T14:27:58Z,2022,01/01/2022,31/12/2022,,
6222069,MALARIA_EST_MORTALITY,COUNTRY,PAN,AMR,Americas,YEAR,2012,,,,,,,,,0.04 [0.04-0.04],0.039703006,0.039703006,0.039703006,,2025-12-19T14:27:58Z,2012,01/01/2012,31/12/2012,,
6223241,MALARIA_EST_MORTALITY,GLOBAL,GLOBAL,,,YEAR,2001,,,,,,,,,28.40 [27.35-29.82],28.39866398,27.34657332,29.82055475,,2025-12-19T14:27:58Z,2001,01/01/2001,31/12/2001,,
6227410,MALARIA_EST_MORTALITY,COUNTRY,ZWE,AFR,Africa,YEAR,2009,,,,,,,,,18.89 [5.67-40.57],18.89073781,5.672052733,40.57450261,,2025-12-19T14:27:58Z,2009,01/01/2009,31/12/2009,,
6235870,MALARIA_EST_MORTALITY,COUNTRY,TZA,AFR,Africa,YEAR,2008,,,,,,,,,51.45 [49.74-53.32],51.44614863,49.73599465,53.32302515,,2025-12-19T14:27:58Z,2008,01/01/2008,31/12/2008,,
6238794,MALARIA_EST_MORTALITY,COUNTRY,CPV,AFR,Africa,YEAR,2011,,,,,,,,,0.75 [0.75-0.75],0.752015401,0.752015401,0.752015401,,2025-12-19T14:27:58Z,2011,01/01/2011,31/12/2011,,
6254262,MALARIA_EST_MORTALITY,COUNTRY,TLS,SEAR,South-East Asia,YEAR,2022,,,,,,,,,0 [0-0],0,0,0,,2025-12-19T14:27:58Z,2022,01/01/2022,31/12/2022,,
6254538,MALARIA_EST_MORTALITY,COUNTRY,AGO,AFR,Africa,YEAR,2013,,,,,,,,,42.88 [33.55-56.00],42.87687431,33.55156499,55.99714434,,2025-12-19T14:27:58Z,2013,01/01/2013,31/12/2013,,
6263708,MALARIA_EST_MORTALITY,COUNTRY,ETH,AFR,Africa,YEAR,2019,,,,,,,,,7.25 [2.58-14.18],7.252728096,2.575557087,14.17766668,,2025-12-19T14:27:58Z,2019,01/01/2019,31/12/2019,,
6267243,MALARIA_EST_MORTALITY,REGION,EUR,,,YEAR,2003,,,,,,,,,0 [0-0],0,0,0,,2025-12-19T14:27:58Z,2003,01/01/2003,31/12/2003,,
6276152,MALARIA_EST_MORTALITY,COUNTRY,HTI,AMR,Americas,YEAR,2009,,,,,,,,,2.48 [0.92-5.06],2.483578062,0.92412207,5.059568331,,2025-12-19T14:27:58Z,2009,01/01/2009,31/12/2009,,
6289058,MALARIA_EST_MORTALITY,COUNTRY,SUR,AMR,Americas,YEAR,2010,,,,,,,,,1.23 [1.23-1.23],1.231178361,1.231178361,1.231178361,,2025-12-19T14:27:58Z,2010,01/01/2010,31/12/2010,,
6297877,MALARIA_EST_MORTALITY,COUNTRY,GUF,AMR,Americas,YEAR,2021,,,,,,,,,0 [0-0],0,0,0,,2025-12-19T14:27:58Z,2021,01/01/2021,31/12/2021,,
6301946,MALARIA_EST_MORTALITY,COUNTRY,CHN,WPR,Western Pacific,YEAR,2003,,,,,,,,,0.01 [0.01-0.01],0.009604852,0.009604852,0.009604852,,2025-12-19T14:27:58Z,2003,01/01/2003,31/12/2003,,
6302012,MALARIA_EST_MORTALITY,COUNTRY,LAO,WPR,Western Pacific,YEAR,2019,,,,,,,,,0.29 [0.13-0.50],0.29208694,0.132766791,0.504513805,,2025-12-19T14:27:58Z,2019,01/01/2019,31/12/2019,,
6304181,MALARIA_EST_MORTALITY,COUNTRY,TUR,EUR,Europe,YEAR,2020,,,,,,,,,0 [0-0],0,0,0,,2025-12-19T14:27:58Z,2020,01/01/2020,31/12/2020,,
6304197,MALARIA_EST_MORTALITY,COUNTRY,MAR,EMR,Eastern Mediterranean,YEAR,2019,,,,,,,,,0 [0-0],0,0,0,,2025-12-19T14:27:58Z,2019,01/01/2019,31/12/2019,,
6310925,MALARIA_EST_MORTALITY,COUNTRY,GTM,AMR,Americas,YEAR,2005,,,,,,,,,0.20 [0.08-0.32],0.202426855,0.080970742,0.323882968,,2025-12-19T14:27:58Z,2005,01/01/2005,31/12/2005,,
6320785,MALARIA_EST_MORTALITY,REGION,WPR,,,YEAR,2004,,,,,,,,,0.77 [0.46-1.26],0.772394459,0.457360763,1.258252106,,2025-12-19T14:27:58Z,2004,01/01/2004,31/12/2004,,
6322362,MALARIA_EST_MORTALITY,COUNTRY,GNQ,AFR,Africa,YEAR,2022,,,,,,,,,44.36 [36.59-59.33],44.35708563,36.59459564,59.32760203,,2025-12-19T14:27:58Z,2022,01/01/2022,31/12/2022,,
6323369,MALARIA_EST_MORTALITY,COUNTRY,CRI,AMR,Americas,YEAR,2007,,,,,,,,,0 [0-0],0,0,0,,2025-12-19T14:27:58Z,2007,01/01/2007,31/12/2007,,
6327997,MALARIA_EST_MORTALITY,COUNTRY,MWI,AFR,Africa,YEAR,2015,,,,,,,,,42.97 [40.10-46.10],42.96603915,40.1039777,46.09733338,,2025-12-19T14:27:58Z,2015,01/01/2015,31/12/2015,,
6334110,MALARIA_EST_MORTALITY,COUNTRY,CRI,AMR,Americas,YEAR,2022,,,,,,,,,0 [0-0],0,0,0,,2025-12-19T14:27:58Z,2022,01/01/2022,31/12/2022,,
6340413,MALARIA_EST_MORTALITY,COUNTRY,HND,AMR,Americas,YEAR,2010,,,,,,,,,0.09 [0.04-0.16],0.092374962,0.039589269,0.158357077,,2025-12-19T14:27:58Z,2010,01/01/2010,31/12/2010,,
6347582,MALARIA_EST_MORTALITY,COUNTRY,TGO,AFR,Africa,YEAR,2019,,,,,,,,,40.48 [35.63-46.25],40.48177328,35.62537841,46.24800368,,2025-12-19T14:27:58Z,2019,01/01/2019,31/12/2019,,
6351951,MALARIA_EST_MORTALITY,COUNTRY,PAN,AMR,Americas,YEAR,2000,,,,,,,,,0.05 [0.05-0.05],0.049579909,0.049579909,0.049579909,,2025-12-19T14:27:58Z,2000,01/01/2000,31/12/2000,,
6353260,MALARIA_EST_MORTALITY,COUNTRY,ECU,AMR,Americas,YEAR,2005,,,,,,,,,0.28 [0.28-0.28],0.280375499,0.280375499,0.280375499,,2025-12-19T14:27:58Z,2005,01/01/2005,31/12/2005,,
6355045,MALARIA_EST_MORTALITY,REGION,AFR,,,YEAR,2021,,,,,,,,,55.88 [51.83-66.91],55.88326489,51.82624258,66.91188865,,2025-12-19T14:27:58Z,2021,01/01/2021,31/12/2021,,
6355319,MALARIA_EST_MORTALITY,COUNTRY,SYR,EMR,Eastern Mediterranean,YEAR,2019,,,,,,,,,0 [0-0],0,0,0,,2025-12-19T14:27:58Z,2019,01/01/2019,31/12/2019,,
6360225,MALARIA_EST_MORTALITY,COUNTRY,MRT,AFR,Africa,YEAR,2008,,,,,,,,,19.54 [18.91-20.29],19.53966804,18.91138289,20.29361021,,2025-12-19T14:27:58Z,2008,01/01/2008,31/12/2008,,
6360382,MALARIA_EST_MORTALITY,COUNTRY,SLB,WPR,Western Pacific,YEAR,2017,,,,,,,,,20.18 [10.02-34.91],20.18225906,10.01747165,34.91383501,,2025-12-19T14:27:58Z,2017,01/01/2017,31/12/2017,,
6365098,MALARIA_EST_MORTALITY,COUNTRY,BFA,AFR,Africa,YEAR,2024,,,,,,,,,68.73 [48.11-102.16],68.72542574,48.1126815,102.1581542,,2025-12-19T14:27:58Z,2024,01/01/2024,31/12/2024,,
6367045,MALARIA_EST_MORTALITY,COUNTRY,HTI,AMR,Americas,YEAR,2007,,,,,,,,,2.23 [0.84-4.42],2.233025128,0.835891759,4.418285013,,2025-12-19T14:27:58Z,2007,01/01/2007,31/12/2007,,
6374072,MALARIA_EST_MORTALITY,COUNTRY,COD,AFR,Africa,YEAR,2016,,,,,,,,,79.77 [59.92-105.95],79.7687705,59.92022766,105.94786,,2025-12-19T14:27:58Z,2016,01/01/2016,31/12/2016,,
6386506,MALARIA_EST_MORTALITY,COUNTRY,NIC,AMR,Americas,YEAR,2024,,,,,,,,,0 [0-0],0,0,0,,2025-12-19T14:27:58Z,2024,01/01/2024,31/12/2024,,
6393385,MALARIA_EST_MORTALITY,COUNTRY,PRY,AMR,Americas,YEAR,2007,,,,,,,,,0 [0-0],0,0,0,,2025-12-19T14:27:58Z,2007,01/01/2007,31/12/2007,,
6398784,MALARIA_EST_MORTALITY,COUNTRY,PER,AMR,Americas,YEAR,2013,,,,,,,,,0.38 [0.20-0.61],0.384244769,0.196391771,0.61479163,,2025-12-19T14:27:58Z,2013,01/01/2013,31/12/2013,,
6402882,MALARIA_EST_MORTALITY,COUNTRY,GNB,AFR,Africa,YEAR,2022,,,,,,,,,48.63 [38.66-65.45],48.63385876,38.66011819,65.44673571,,2025-12-19T14:27:58Z,2022,01/01/2022,31/12/2022,,
6403343,MALARIA_EST_MORTALITY,COUNTRY,BRA,AMR,Americas,YEAR,2004,,,,,,,,,0.28 [0.28-0.28],0.275058252,0.275058252,0.275058252,,2025-12-19T14:27:58Z,2004,01/01/2004,31/12/2004,,
6404710,MALARIA_EST_MORTALITY,COUNTRY,PRY,AMR,Americas,YEAR,2001,,,,,,,,,0 [0-0],0,0,0,,2025-12-19T14:27:58Z,2001,01/01/2001,31/12/2001,,
6409230,MALARIA_EST_MORTALITY,COUNTRY,TCD,AFR,Africa,YEAR,2011,,,,,,,,,101.13 [92.27-110.56],101.1309336,92.26869945,110.5639021,,2025-12-19T14:27:58Z,2011,01/01/2011,31/12/2011,,
6409858,MALARIA_EST_MORTALITY,COUNTRY,HND,AMR,Americas,YEAR,2016,,,,,,,,,0.06 [0.02-0.11],0.058645984,0.023458394,0.105562771,,2025-12-19T14:27:58Z,2016,01/01/2016,31/12/2016,,
6410346,MALARIA_EST_MORTALITY,COUNTRY,COM,AFR,Africa,YEAR,2004,,,,,,,,,15.33 [5.34-30.65],15.32622472,5.338347936,30.65244944,,2025-12-19T14:27:58Z,2004,01/01/2004,31/12/2004,,
6428832,MALARIA_EST_MORTALITY,REGION,AFR,,,YEAR,2018,,,,,,,,,57.79 [53.83-65.38],57.78986232,53.83435752,65.38153248,,2025-12-19T14:27:58Z,2018,01/01/2018,31/12/2018,,
6434344,MALARIA_EST_MORTALITY,COUNTRY,COD,AFR,Africa,YEAR,2024,,,,,,,,,61.93 [39.76-100.63],61.93110702,39.76160825,100.6285317,,2025-12-19T14:27:58Z,2024,01/01/2024,31/12/2024,,
6436268,MALARIA_EST_MORTALITY,COUNTRY,CAF,AFR,Africa,YEAR,2010,,,,,,,,,124.46 [111.73-138.44],124.46041,111.7294811,138.4377236,,2025-12-19T14:27:58Z,2010,01/01/2010,31/12/2010,,
6442229,MALARIA_EST_MORTALITY,COUNTRY,PRK,SEAR,South-East Asia,YEAR,2004,,,,,,,,,0 [0-0],0,0,0,,2025-12-19T14:27:58Z,2004,01/01/2004,31/12/2004,,
6447403,MALARIA_EST_MORTALITY,COUNTRY,PNG,WPR,Western Pacific,YEAR,2019,,,,,,,,,28.04 [11.83-50.18],28.03618687,11.83264457,50.18284922,,2025-12-19T14:27:58Z,2019,01/01/2019,31/12/2019,,
6455285,MALARIA_EST_MORTALITY,COUNTRY,KGZ,EUR,Europe,YEAR,2000,,,,,,,,,0 [0-0],0,0,0,,2025-12-19T14:27:58Z,2000,01/01/2000,31/12/2000,,
6466046,MALARIA_EST_MORTALITY,COUNTRY,GAB,AFR,Africa,YEAR,2013,,,,,,,,,20.80 [18.92-23.31],20.80438753,18.92258363,23.31345939,,2025-12-19T14:27:58Z,2013,01/01/2013,31/12/2013,,
6468643,MALARIA_EST_MORTALITY,COUNTRY,GMB,AFR,Africa,YEAR,2011,,,,,,,,,33.52 [31.86-35.39],33.52181161,31.85832321,35.38693496,,2025-12-19T14:27:58Z,2011,01/01/2011,31/12/2011,,
6474712,MALARIA_EST_MORTALITY,COUNTRY,AZE,EUR,Europe,YEAR,2024,,,,,,,,,0 [0-0],0,0,0,,2025-12-19T14:27:58Z,2024,01/01/2024,31/12/2024,,
6475250,MALARIA_EST_MORTALITY,COUNTRY,SOM,EMR,Eastern Mediterranean,YEAR,2021,,,,,,,,,14.17 [5.58-26.91],14.16790537,5.57553685,26.91178282,,2025-12-19T14:27:58Z,2021,01/01/2021,31/12/2021,,
6488320,MALARIA_EST_MORTALITY,COUNTRY,SDN,EMR,Eastern Mediterranean,YEAR,2015,,,,,,,,,11.07 [4.76-18.93],11.07073827,4.757032024,18.92868883,,2025-12-19T14:27:58Z,2015,01/01/2015,31/12/2015,,
6488757,MALARIA_EST_MORTALITY,COUNTRY,NER,AFR,Africa,YEAR,2021,,,,,,,,,139.72 [117.76-167.11],139.7184083,117.7610405,167.1078526,,2025-12-19T14:27:58Z,2021,01/01/2021,31/12/2021,,
6494853,MALARIA_EST_MORTALITY,COUNTRY,SSD,AFR,Africa,YEAR,2021,,,,,,,,,62.01 [34.60-119.22],62.01119478,34.60382043,119.2183166,,2025-12-19T14:27:58Z,2021,01/01/2021,31/12/2021,,
6498217,MALARIA_EST_MORTALITY,COUNTRY,MDG,AFR,Africa,YEAR,2017,,,,,,,,,19.09 [8.00-33.73],19.09037107,7.999645667,33.72759765,,2025-12-19T14:27:58Z,2017,01/01/2017,31/12/2017,,
6511723,MALARIA_EST_MORTALITY,COUNTRY,COG,AFR,Africa,YEAR,2014,,,,,,,,,40.80 [36.88-45.62],40.79680378,36.87789898,45.62007122,,2025-12-19T14:27:58Z,2014,01/01/2014,31/12/2014,,
6516441,MALARIA_EST_MORTALITY,COUNTRY,NER,AFR,Africa,YEAR,2000,,,,,,,,,201.61 [189.01-215.21],201.6050907,189.0069446,215.2110885,,2025-12-19T14:27:58Z,2000,01/01/2000,31/12/2000,,
6517240,MALARIA_EST_MORTALITY,COUNTRY,AFG,EMR,Eastern Mediterranean,YEAR,2000,,,,,,,,,6.21 [2.64-12.06],6.20890581,2.644414806,12.06393616,,2025-12-19T14:27:58Z,2000,01/01/2000,31/12/2000,,
6519281,MALARIA_EST_MORTALITY,COUNTRY,IRQ,EMR,Eastern Mediterranean,YEAR,2008,,,,,,,,,0 [0-0],0,0,0,,2025-12-19T14:27:58Z,2008,01/01/2008,31/12/2008,,
6522793,MALARIA_EST_MORTALITY,REGION,WPR,,,YEAR,2014,,,,,,,,,0.57 [0.34-0.89],0.571334185,0.33703344,0.885598116,,2025-12-19T14:27:58Z,2014,01/01/2014,31/12/2014,,
6523470,MALARIA_EST_MORTALITY,COUNTRY,COM,AFR,Africa,YEAR,2000,,,,,,,,,16.60 [5.78-33.02],16.60203067,5.782729784,33.01752167,,2025-12-19T14:27:58Z,2000,01/01/2000,31/12/2000,,
6525652,MALARIA_EST_MORTALITY,COUNTRY,LKA,SEAR,South-East Asia,YEAR,2005,,,,,,,,,0 [0-0],0,0,0,,2025-12-19T14:27:58Z,2005,01/01/2005,31/12/2005,,
6532884,MALARIA_EST_MORTALITY,COUNTRY,MEX,AMR,Americas,YEAR,2004,,,,,,,,,0 [0-0],0,0,0,,2025-12-19T14:27:58Z,2004,01/01/2004,31/12/2004,,
6535506,MALARIA_EST_MORTALITY,COUNTRY,MAR,EMR,Eastern Mediterranean,YEAR,2011,,,,,,,,,0 [0-0],0,0,0,,2025-12-19T14:27:58Z,2011,01/01/2011,31/12/2011,,
6538445,MALARIA_EST_MORTALITY,COUNTRY,MWI,AFR,Africa,YEAR,2003,,,,,,,,,113.96 [108.71-119.49],113.9590007,108.705164,119.4919474,,2025-12-19T14:27:58Z,2003,01/01/2003,31/12/2003,,
6538781,MALARIA_EST_MORTALITY,COUNTRY,COD,AFR,Africa,YEAR,2002,,,,,,,,,166.40 [151.90-182.93],166.4020987,151.9017749,182.9266353,,2025-12-19T14:27:58Z,2002,01/01/2002,31/12/2002,,
6542391,MALARIA_EST_MORTALITY,COUNTRY,NER,AFR,Africa,YEAR,2012,,,,,,,,,163.53 [149.89-178.73],163.5273743,149.8868713,178.7263153,,2025-12-19T14:27:58Z,2012,01/01/2012,31/12/2012,,
6555340,MALARIA_EST_MORTALITY,COUNTRY,GTM,AMR,Americas,YEAR,2019,,,,,,,,,0 [0-0.01],0,0,0.007744732,,2025-12-19T14:27:58Z,2019,01/01/2019,31/12/2019,,
6557588,MALARIA_EST_MORTALITY,COUNTRY,PHL,WPR,Western Pacific,YEAR,2021,,,,,,,,,0.03 [0.01-0.06],0.033515002,0.013710683,0.060936367,,2025-12-19T14:27:58Z,2021,01/01/2021,31/12/2021,,
6560937,MALARIA_EST_MORTALITY,COUNTRY,SEN,AFR,Africa,YEAR,2016,,,,,,,,,11.65 [4.70-21.30],11.64653078,4.702511287,21.29815252,,2025-12-19T14:27:58Z,2016,01/01/2016,31/12/2016,,
6562990,MALARIA_EST_MORTALITY,COUNTRY,VNM,WPR,Western Pacific,YEAR,2010,,,,,,,,,0.07 [0.03-0.11],0.069817793,0.034133143,0.110156962,,2025-12-19T14:27:58Z,2010,01/01/2010,31/12/2010,,
6575708,MALARIA_EST_MORTALITY,COUNTRY,DZA,AFR,Africa,YEAR,2002,,,,,,,,,0 [0-0],0,0,0,,2025-12-19T14:27:58Z,2002,01/01/2002,31/12/2002,,
6579506,MALARIA_EST_MORTALITY,REGION,EUR,,,YEAR,2017,,,,,,,,,0 [0-0],0,0,0,,2025-12-19T14:27:58Z,2017,01/01/2017,31/12/2017,,
6586120,MALARIA_EST_MORTALITY,COUNTRY,CRI,AMR,Americas,YEAR,2019,,,,,,,,,0 [0-0],0,0,0,,2025-12-19T14:27:58Z,2019,01/01/2019,31/12/2019,,
6588935,MALARIA_EST_MORTALITY,COUNTRY,PRY,AMR,Americas,YEAR,2014,,,,,,,,,0 [0-0],0,0,0,,2025-12-19T14:27:58Z,2014,01/01/2014,31/12/2014,,
6588959,MALARIA_EST_MORTALITY,COUNTRY,CMR,AFR,Africa,YEAR,2000,,,,,,,,,120.34 [113.15-128.41],120.3409378,113.1456951,128.4080924,,2025-12-19T14:27:58Z,2000,01/01/2000,31/12/2000,,
6593248,MALARIA_EST_MORTALITY,COUNTRY,ETH,AFR,Africa,YEAR,2021,,,,,,,,,9.68 [3.48-18.83],9.681624924,3.484349505,18.83239194,,2025-12-19T14:27:58Z,2021,01/01/2021,31/12/2021,,
6600563,MALARIA_EST_MORTALITY,COUNTRY,GIN,AFR,Africa,YEAR,2018,,,,,,,,,91.24 [81.91-102.85],91.24129245,81.9060221,102.8511015,,2025-12-19T14:27:58Z,2018,01/01/2018,31/12/2018,,
6602548,MALARIA_EST_MORTALITY,COUNTRY,PAK,EMR,Eastern Mediterranean,YEAR,2023,,,,,,,,,2.04 [1.02-3.34],2.036789247,1.020007698,3.335499251,,2025-12-19T14:27:58Z,2023,01/01/2023,31/12/2023,,
6611818,MALARIA_EST_MORTALITY,COUNTRY,GTM,AMR,Americas,YEAR,2001,,,,,,,,,0.20 [0.08-0.33],0.199204157,0.077468283,0.332006929,,2025-12-19T14:27:58Z,2001,01/01/2001,31/12/2001,,
6613860,MALARIA_EST_MORTALITY,COUNTRY,TCD,AFR,Africa,YEAR,2016,,,,,,,,,87.74 [75.90-100.77],87.73743576,75.90398624,100.7682778,,2025-12-19T14:27:58Z,2016,01/01/2016,31/12/2016,,
6626725,MALARIA_EST_MORTALITY,COUNTRY,GMB,AFR,Africa,YEAR,2024,,,,,,,,,23.30 [21.85-25.33],23.29721118,21.84792899,25.32620625,,2025-12-19T14:27:58Z,2024,01/01/2024,31/12/2024,,
6632328,MALARIA_EST_MORTALITY,COUNTRY,NAM,AFR,Africa,YEAR,2010,,,,,,,,,3.76 [3.76-3.76],3.761953158,3.761953158,3.761953158,,2025-12-19T14:27:58Z,2010,01/01/2010,31/12/2010,,
6650436,MALARIA_EST_MORTALITY,COUNTRY,NPL,SEAR,South-East Asia,YEAR,2003,,,,,,,,,0.62 [0.20-1.49],0.616589997,0.200726852,1.487858472,,2025-12-19T14:27:58Z,2003,01/01/2003,31/12/2003,,
6656538,MALARIA_EST_MORTALITY,COUNTRY,BLZ,AMR,Americas,YEAR,2007,,,,,,,,,0 [0-0],0,0,0,,2025-12-19T14:27:58Z,2007,01/01/2007,31/12/2007,,
6656816,MALARIA_EST_MORTALITY,COUNTRY,CRI,AMR,Americas,YEAR,2023,,,,,,,,,0 [0-0],0,0,0,,2025-12-19T14:27:58Z,2023,01/01/2023,31/12/2023,,
6657353,MALARIA_EST_MORTALITY,COUNTRY,IRN,EMR,Eastern Mediterranean,YEAR,2015,,,,,,,,,0 [0-0],0,0,0,,2025-12-19T14:27:58Z,2015,01/01/2015,31/12/2015,,
6657636,MALARIA_EST_MORTALITY,COUNTRY,MRT,AFR,Africa,YEAR,2020,,,,,,,,,16.39 [4.07-40.93],16.39083757,4.065101624,40.93416035,,2025-12-19T14:27:58Z,2020,01/01/2020,31/12/2020,,
6663412,MALARIA_EST_MORTALITY,COUNTRY,SAU,EMR,Eastern Mediterranean,YEAR,2010,,,,,,,,,0 [0-0],0,0,0,,2025-12-19T14:27:58Z,2010,01/01/2010,31/12/2010,,
6665120,MALARIA_EST_MORTALITY,COUNTRY,TZA,AFR,Africa,YEAR,2010,,,,,,,,,47.85 [46.30-49.53],47.85237714,46.299599,49.53473963,,2025-12-19T14:27:58Z,2010,01/01/2010,31/12/2010,,
6668635,MALARIA_EST_MORTALITY,COUNTRY,RWA,AFR,Africa,YEAR,2010,,,,,,,,,29.10 [28.25-30.01],29.09604632,28.25282313,30.00711506,,2025-12-19T14:27:58Z,2010,01/01/2010,31/12/2010,,
6668761,MALARIA_EST_MORTALITY,COUNTRY,TLS,SEAR,South-East Asia,YEAR,2004,,,,,,,,,51.38 [20.94-91.78],51.38463863,20.94295962,91.78280663,,2025-12-19T14:27:58Z,2004,01/01/2004,31/12/2004,,
6681479,MALARIA_EST_MORTALITY,COUNTRY,MEX,AMR,Americas,YEAR,2001,,,,,,,,,0 [0-0],0,0,0,,2025-12-19T14:27:58Z,2001,01/01/2001,31/12/2001,,
6683362,MALARIA_EST_MORTALITY,COUNTRY,VUT,WPR,Western Pacific,YEAR,2002,,,,,,,,,26.55 [11.74-49.01],26.54916957,11.74290193,49.01385152,,2025-12-19T14:27:58Z,2002,01/01/2002,31/12/2002,,
6689505,MALARIA_EST_MORTALITY,COUNTRY,HND,AMR,Americas,YEAR,2014,,,,,,,,,0.04 [0.01-0.06],0.036543581,0.012181194,0.060905969,,2025-12-19T14:27:58Z,2014,01/01/2014,31/12/2014,,
6702826,MALARIA_EST_MORTALITY,COUNTRY,TZA,AFR,Africa,YEAR,2016,,,,,,,,,43.39 [41.83-45.23],43.38955551,41.82705589,45.22888325,,2025-12-19T14:27:58Z,2016,01/01/2016,31/12/2016,,
6708619,MALARIA_EST_MORTALITY,COUNTRY,IDN,WPR,Western Pacific,YEAR,2004,,,,,,,,,0.60 [0.31-0.91],0.599754353,0.307993823,0.906431964,,2025-12-19T14:27:58Z,2004,01/01/2004,31/12/2004,,
6713415,MALARIA_EST_MORTALITY,COUNTRY,PER,AMR,Americas,YEAR,2024,,,,,,,,,0.25 [0.12-0.38],0.245546658,0.119052925,0.379481199,,2025-12-19T14:27:58Z,2024,01/01/2024,31/12/2024,,
6722287,MALARIA_EST_MORTALITY,COUNTRY,TKM,EUR,Europe,YEAR,2003,,,,,,,,,0 [0-0],0,0,0,,2025-12-19T14:27:58Z,2003,01/01/2003,31/12/2003,,
6724949,MALARIA_EST_MORTALITY,COUNTRY,CHN,WPR,Western Pacific,YEAR,2000,,,,,,,,,0.01 [0.01-0.01],0.007345127,0.007345127,0.007345127,,2025-12-19T14:27:58Z,2000,01/01/2000,31/12/2000,,
6731127,MALARIA_EST_MORTALITY,COUNTRY,BGD,SEAR,South-East Asia,YEAR,2005,,,,,,,,,3.21 [3.21-3.21],3.212350198,3.212350198,3.212350198,,2025-12-19T14:27:58Z,2005,01/01/2005,31/12/2005,,
6731388,MALARIA_EST_MORTALITY,COUNTRY,CIV,AFR,Africa,YEAR,2022,,,,,,,,,36.66 [31.10-43.64],36.66392258,31.09713564,43.6387535,,2025-12-19T14:27:58Z,2022,01/01/2022,31/12/2022,,
6764812,MALARIA_EST_MORTALITY,COUNTRY,DZA,AFR,Africa,YEAR,2024,,,,,,,,,0 [0-0],0,0,0,,2025-12-19T14:27:58Z,2024,01/01/2024,31/12/2024,,
6764922,MALARIA_EST_MORTALITY,COUNTRY,TLS,SEAR,South-East Asia,YEAR,2005,,,,,,,,,34.08 [14.69-59.31],34.0847297,14.6878276,59.31191452,,2025-12-19T14:27:58Z,2005,01/01/2005,31/12/2005,,
6770029,MALARIA_EST_MORTALITY,COUNTRY,ECU,AMR,Americas,YEAR,2008,,,,,,,,,0.06 [0.06-0.06],0.060534395,0.060534395,0.060534395,,2025-12-19T14:27:58Z,2008,01/01/2008,31/12/2008,,
6783370,MALARIA_EST_MORTALITY,REGION,EUR,,,YEAR,2006,,,,,,,,,0 [0-0],0,0,0,,2025-12-19T14:27:58Z,2006,01/01/2006,31/12/2006,,
6784345,MALARIA_EST_MORTALITY,COUNTRY,TGO,AFR,Africa,YEAR,2007,,,,,,,,,93.56 [87.73-99.83],93.56299521,87.72944749,99.83284704,,2025-12-19T14:27:58Z,2007,01/01/2007,31/12/2007,,
6789237,MALARIA_EST_MORTALITY,COUNTRY,AGO,AFR,Africa,YEAR,2011,,,,,,,,,47.58 [38.40-59.93],47.58375168,38.39650354,59.93389063,,2025-12-19T14:27:58Z,2011,01/01/2011,31/12/2011,,
6797144,MALARIA_EST_MORTALITY,COUNTRY,IDN,WPR,Western Pacific,YEAR,2018,,,,,,,,,0.42 [0.21-0.64],0.423038411,0.210398635,0.644939098,,2025-12-19T14:27:58Z,2018,01/01/2018,31/12/2018,,
6801372,MALARIA_EST_MORTALITY,COUNTRY,MYS,WPR,Western Pacific,YEAR,2012,,,,,,,,,0.93 [0.93-0.93],0.927086345,0.927086345,0.927086345,,2025-12-19T14:27:58Z,2012,01/01/2012,31/12/2012,,
6802907,MALARIA_EST_MORTALITY,COUNTRY,SLV,AMR,Americas,YEAR,2010,,,,,,,,,0 [0-0],0,0,0,,2025-12-19T14:27:58Z,2010,01/01/2010,31/12/2010,,
6809772,MALARIA_EST_MORTALITY,COUNTRY,BLZ,AMR,Americas,YEAR,2014,,,,,,,,,0 [0-0],0,0,0,,2025-12-19T14:27:58Z,2014,01/01/2014,31/12/2014,,
6814485,MALARIA_EST_MORTALITY,COUNTRY,COD,AFR,Africa,YEAR,2021,,,,,,,,,70.90 [46.13-112.16],70.90343646,46.13463713,112.1605879,,2025-12-19T14:27:58Z,2021,01/01/2021,31/12/2021,,
6815809,MALARIA_EST_MORTALITY,COUNTRY,BTN,SEAR,South-East Asia,YEAR,2009,,,,,,,,,0.78 [0.78-0.78],0.778890509,0.778890509,0.778890509,,2025-12-19T14:27:58Z,2009,01/01/2009,31/12/2009,,
6815857,MALARIA_EST_MORTALITY,COUNTRY,CIV,AFR,Africa,YEAR,2012,,,,,,,,,65.77 [61.05-70.90],65.77299483,61.04722539,70.90358672,,2025-12-19T14:27:58Z,2012,01/01/2012,31/12/2012,,
6834580,MALARIA_EST_MORTALITY,COUNTRY,GNQ,AFR,Africa,YEAR,2017,,,,,,,,,49.80 [41.99-61.44],49.79534625,41.98682151,61.44412905,,2025-12-19T14:27:58Z,2017,01/01/2017,31/12/2017,,
6840714,MALARIA_EST_MORTALITY,COUNTRY,KOR,WPR,Western Pacific,YEAR,2000,,,,,,,,,0 [0-0],0,0,0,,2025-12-19T14:27:58Z,2000,01/01/2000,31/12/2000,,
6853057,MALARIA_EST_MORTALITY,COUNTRY,GUY,AMR,Americas,YEAR,2011,,,,,,,,,9.65 [4.56-15.68],9.649495479,4.556706198,15.68043015,,2025-12-19T14:27:58Z,2011,01/01/2011,31/12/2011,,
6853390,MALARIA_EST_MORTALITY,COUNTRY,MOZ,AFR,Africa,YEAR,2011,,,,,,,,,99.18 [89.82-109.81],99.17950577,89.82183166,109.8099589,,2025-12-19T14:27:58Z,2011,01/01/2011,31/12/2011,,
6853898,MALARIA_EST_MORTALITY,COUNTRY,TUR,EUR,Europe,YEAR,2015,,,,,,,,,0 [0-0],0,0,0,,2025-12-19T14:27:58Z,2015,01/01/2015,31/12/2015,,
6857801,MALARIA_EST_MORTALITY,COUNTRY,BGD,SEAR,South-East Asia,YEAR,2013,,,,,,,,,0.46 [0.21-0.73],0.45644482,0.213402773,0.729126141,,2025-12-19T14:27:58Z,2013,01/01/2013,31/12/2013,,
6860061,MALARIA_EST_MORTALITY,COUNTRY,COD,AFR,Africa,YEAR,2019,,,,,,,,,80.96 [56.42-117.51],80.96403557,56.4249525,117.5057082,,2025-12-19T14:27:58Z,2019,01/01/2019,31/12/2019,,
6866504,MALARIA_EST_MORTALITY,COUNTRY,UZB,EUR,Europe,YEAR,2016,,,,,,,,,0 [0-0],0,0,0,,2025-12-19T14:27:58Z,2016,01/01/2016,31/12/2016,,
6883371,MALARIA_EST_MORTALITY,COUNTRY,GHA,AFR,Africa,YEAR,2008,,,,,,,,,63.77 [61.50-66.26],63.76921417,61.50116788,66.25581764,,2025-12-19T14:27:58Z,2008,01/01/2008,31/12/2008,,
6883440,MALARIA_EST_MORTALITY,COUNTRY,GEO,EUR,Europe,YEAR,2010,,,,,,,,,0 [0-0],0,0,0,,2025-12-19T14:27:58Z,2010,01/01/2010,31/12/2010,,
6915692,MALARIA_EST_MORTALITY,COUNTRY,PRY,AMR,Americas,YEAR,2022,,,,,,,,,0 [0-0],0,0,0,,2025-12-19T14:27:58Z,2022,01/01/2022,31/12/2022,,
6916058,MALARIA_EST_MORTALITY,COUNTRY,AGO,AFR,Africa,YEAR,2015,,,,,,,,,42.94 [32.43-58.49],42.93659611,32.43497592,58.48832711,,2025-12-19T14:27:58Z,2015,01/01/2015,31/12/2015,,
6929494,MALARIA_EST_MORTALITY,COUNTRY,ZMB,AFR,Africa,YEAR,2021,,,,,,,,,44.55 [38.44-54.13],44.55302537,38.44177758,54.13289503,,2025-12-19T14:27:58Z,2021,01/01/2021,31/12/2021,,
6930627,MALARIA_EST_MORTALITY,COUNTRY,ERI,AFR,Africa,YEAR,2019,,,,,,,,,13.52 [5.40-24.94],13.51770912,5.40091118,24.93677848,,2025-12-19T14:27:58Z,2019,01/01/2019,31/12/2019,,
6940117,MALARIA_EST_MORTALITY,COUNTRY,KHM,WPR,Western Pacific,YEAR,2010,,,,,,,,,6.24 [3.01-10.08],6.242968179,3.00515549,10.08181197,,2025-12-19T14:27:58Z,2010,01/01/2010,31/12/2010,,
6943010,MALARIA_EST_MORTALITY,COUNTRY,TJK,EUR,Europe,YEAR,2003,,,,,,,,,0 [0-0],0,0,0,,2025-12-19T14:27:58Z,2003,01/01/2003,31/12/2003,,
6950147,MALARIA_EST_MORTALITY,COUNTRY,SDN,EMR,Eastern Mediterranean,YEAR,2006,,,,,,,,,13.36 [5.72-23.75],13.36253399,5.716663955,23.74952079,,2025-12-19T14:27:58Z,2006,01/01/2006,31/12/2006,,
6960875,MALARIA_EST_MORTALITY,COUNTRY,CPV,AFR,Africa,YEAR,2020,,,,,,,,,0 [0-0],0,0,0,,2025-12-19T14:27:58Z,2020,01/01/2020,31/12/2020,,
6961899,MALARIA_EST_MORTALITY,COUNTRY,SEN,AFR,Africa,YEAR,2010,,,,,,,,,15.46 [6.30-27.53],15.45655971,6.299557149,27.52581396,,2025-12-19T14:27:58Z,2010,01/01/2010,31/12/2010,,
6971898,MALARIA_EST_MORTALITY,COUNTRY,GAB,AFR,Africa,YEAR,2011,,,,,,,,,22.00 [20.15-24.24],21.99795284,20.14608436,24.24264191,,2025-12-19T14:27:58Z,2011,01/01/2011,31/12/2011,,
6972908,MALARIA_EST_MORTALITY,COUNTRY,ECU,AMR,Americas,YEAR,2017,,,,,,,,,0 [0-0],0,0,0,,2025-12-19T14:27:58Z,2017,01/01/2017,31/12/2017,,
6973939,MALARIA_EST_MORTALITY,COUNTRY,BFA,AFR,Africa,YEAR,2020,,,,,,,,,88.17 [59.84-133.30],88.16646118,59.83605424,133.3043418,,2025-12-19T14:27:58Z,2020,01/01/2020,31/12/2020,,
6980051,MALARIA_EST_MORTALITY,COUNTRY,MAR,EMR,Eastern Mediterranean,YEAR,2015,,,,,,,,,0 [0-0],0,0,0,,2025-12-19T14:27:58Z,2015,01/01/2015,31/12/2015,,
6980895,MALARIA_EST_MORTALITY,COUNTRY,TKM,EUR,Europe,YEAR,2014,,,,,,,,,0 [0-0],0,0,0,,2025-12-19T14:27:58Z,2014,01/01/2014,31/12/2014,,
6991599,MALARIA_EST_MORTALITY,COUNTRY,PRY,AMR,Americas,YEAR,2002,,,,,,,,,0 [0-0],0,0,0,,2025-12-19T14:27:58Z,2002,01/01/2002,31/12/2002,,
6993634,MALARIA_EST_MORTALITY,COUNTRY,KOR,WPR,Western Pacific,YEAR,2018,,,,,,,,,0 [0-0],0,0,0,,2025-12-19T14:27:58Z,2018,01/01/2018,31/12/2018,,
6998430,MALARIA_EST_MORTALITY,COUNTRY,RWA,AFR,Africa,YEAR,2014,,,,,,,,,26.04 [25.18-27.05],26.03663237,25.18311654,27.04853258,,2025-12-19T14:27:58Z,2014,01/01/2014,31/12/2014,,
7010526,MALARIA_EST_MORTALITY,COUNTRY,NPL,SEAR,South-East Asia,YEAR,2000,,,,,,,,,0.35 [0.13-0.69],0.350696996,0.126250919,0.687366113,,2025-12-19T14:27:58Z,2000,01/01/2000,31/12/2000,,
7013105,MALARIA_EST_MORTALITY,COUNTRY,DZA,AFR,Africa,YEAR,2012,,,,,,,,,0 [0-0],0,0,0,,2025-12-19T14:27:58Z,2012,01/01/2012,31/12/2012,,
7022969,MALARIA_EST_MORTALITY,COUNTRY,GNB,AFR,Africa,YEAR,2011,,,,,,,,,53.98 [49.13-60.13],53.97754832,49.12703131,60.13397377,,2025-12-19T14:27:58Z,2011,01/01/2011,31/12/2011,,
7024306,MALARIA_EST_MORTALITY,COUNTRY,SUR,AMR,Americas,YEAR,2011,,,,,,,,,1.22 [1.22-1.22],1.217137293,1.217137293,1.217137293,,2025-12-19T14:27:58Z,2011,01/01/2011,31/12/2011,,
7024578,MALARIA_EST_MORTALITY,COUNTRY,ERI,AFR,Africa,YEAR,2014,,,,,,,,,7.33 [2.94-13.44],7.334002763,2.940062782,13.44109471,,2025-12-19T14:27:58Z,2014,01/01/2014,31/12/2014,,
7035347,MALARIA_EST_MORTALITY,COUNTRY,COL,AMR,Americas,YEAR,2017,,,,,,,,,0.18 [0.18-0.18],0.178307671,0.178307671,0.178307671,,2025-12-19T14:27:58Z,2017,01/01/2017,31/12/2017,,
7062655,MALARIA_EST_MORTALITY,COUNTRY,ECU,AMR,Americas,YEAR,2001,,,,,,,,,1.15 [1.15-1.15],1.148087423,1.148087423,1.148087423,,2025-12-19T14:27:58Z,2001,01/01/2001,31/12/2001,,
7066250,MALARIA_EST_MORTALITY,COUNTRY,RWA,AFR,Africa,YEAR,2011,,,,,,,,,28.15 [27.31-29.10],28.15467347,27.31296506,29.10041326,,2025-12-19T14:27:58Z,2011,01/01/2011,31/12/2011,,
7073066,MALARIA_EST_MORTALITY,COUNTRY,GIN,AFR,Africa,YEAR,2000,,,,,,,,,173.25 [163.40-183.95],173.2505967,163.4034423,183.951962,,2025-12-19T14:27:58Z,2000,01/01/2000,31/12/2000,,
7073735,MALARIA_EST_MORTALITY,COUNTRY,ZAF,AFR,Africa,YEAR,2020,,,,,,,,,0.63 [0.63-0.63],0.627452224,0.627452224,0.627452224,,2025-12-19T14:27:58Z,2020,01/01/2020,31/12/2020,,
7074053,MALARIA_EST_MORTALITY,COUNTRY,GUY,AMR,Americas,YEAR,2022,,,,,,,,,3.77 [1.83-5.84],3.772955697,1.825623724,5.841995918,,2025-12-19T14:27:58Z,2022,01/01/2022,31/12/2022,,
7074120,MALARIA_EST_MORTALITY,COUNTRY,DJI,EMR,Eastern Mediterranean,YEAR,2015,,,,,,,,,3.14 [1.44-4.84],3.136631676,1.437622851,4.8356405,,2025-12-19T14:27:58Z,2015,01/01/2015,31/12/2015,,
7074577,MALARIA_EST_MORTALITY,COUNTRY,SAU,EMR,Eastern Mediterranean,YEAR,2015,,,,,,,,,0 [0-0],0,0,0,,2025-12-19T14:27:58Z,2015,01/01/2015,31/12/2015,,
7079327,MALARIA_EST_MORTALITY,REGION,AFR,,,YEAR,2004,,,,,,,,,116.74 [112.20-124.88],116.7448463,112.1952706,124.8802037,,2025-12-19T14:27:58Z,2004,01/01/2004,31/12/2004,,
7081504,MALARIA_EST_MORTALITY,COUNTRY,BRA,AMR,Americas,YEAR,2023,,,,,,,,,0.15 [0.15-0.15],0.146984827,0.146984827,0.146984827,,2025-12-19T14:27:58Z,2023,01/01/2023,31/12/2023,,
7086407,MALARIA_EST_MORTALITY,REGION,AMR,,,YEAR,2002,,,,,,,,,0.63 [0.51-0.80],0.630090723,0.511174519,0.802684381,,2025-12-19T14:27:58Z,2002,01/01/2002,31/12/2002,,
7087902,MALARIA_EST_MORTALITY,COUNTRY,SDN,EMR,Eastern Mediterranean,YEAR,2010,,,,,,,,,8.29 [3.62-14.22],8.290413173,3.622820198,14.22048698,,2025-12-19T14:27:58Z,2010,01/01/2010,31/12/2010,,
7088155,MALARIA_EST_MORTALITY,COUNTRY,BRA,AMR,Americas,YEAR,2002,,,,,,,,,0.26 [0.26-0.26],0.26216872,0.26216872,0.26216872,,2025-12-19T14:27:58Z,2002,01/01/2002,31/12/2002,,
7092339,MALARIA_EST_MORTALITY,COUNTRY,MAR,EMR,Eastern Mediterranean,YEAR,2024,,,,,,,,,0 [0-0],0,0,0,,2025-12-19T14:27:58Z,2024,01/01/2024,31/12/2024,,
7106956,MALARIA_EST_MORTALITY,COUNTRY,CRI,AMR,Americas,YEAR,2021,,,,,,,,,0 [0-0],0,0,0,,2025-12-19T14:27:58Z,2021,01/01/2021,31/12/2021,,
7111944,MALARIA_EST_MORTALITY,COUNTRY,MAR,EMR,Eastern Mediterranean,YEAR,2023,,,,,,,,,0 [0-0],0,0,0,,2025-12-19T14:27:58Z,2023,01/01/2023,31/12/2023,,
7112972,MALARIA_EST_MORTALITY,COUNTRY,AGO,AFR,Africa,YEAR,2003,,,,,,,,,121.73 [108.48-137.76],121.7250923,108.478112,137.7585641,,2025-12-19T14:27:58Z,2003,01/01/2003,31/12/2003,,
7118450,MALARIA_EST_MORTALITY,COUNTRY,MEX,AMR,Americas,YEAR,2020,,,,,,,,,0 [0-0],0,0,0,,2025-12-19T14:27:58Z,2020,01/01/2020,31/12/2020,,
7119087,MALARIA_EST_MORTALITY,COUNTRY,CMR,AFR,Africa,YEAR,2002,,,,,,,,,119.89 [112.23-127.98],119.8942331,112.2315328,127.9831512,,2025-12-19T14:27:58Z,2002,01/01/2002,31/12/2002,,
7120183,MALARIA_EST_MORTALITY,COUNTRY,GNB,AFR,Africa,YEAR,2009,,,,,,,,,56.21 [52.02-61.39],56.21153883,52.01860353,61.38719333,,2025-12-19T14:27:58Z,2009,01/01/2009,31/12/2009,,
7120244,MALARIA_EST_MORTALITY,COUNTRY,ERI,AFR,Africa,YEAR,2007,,,,,,,,,2.19 [0.91-4.05],2.187209056,0.911337107,4.046336753,,2025-12-19T14:27:58Z,2007,01/01/2007,31/12/2007,,
7143477,MALARIA_EST_MORTALITY,COUNTRY,BRA,AMR,Americas,YEAR,2006,,,,,,,,,0.29 [0.29-0.29],0.290309623,0.290309623,0.290309623,,2025-12-19T14:27:58Z,2006,01/01/2006,31/12/2006,,
7143843,MALARIA_EST_MORTALITY,COUNTRY,NIC,AMR,Americas,YEAR,2011,,,,,,,,,0.02 [0.02-0.02],0.019528336,0.019528336,0.019528336,,2025-12-19T14:27:58Z,2011,01/01/2011,31/12/2011,,
7151949,MALARIA_EST_MORTALITY,COUNTRY,VUT,WPR,Western Pacific,YEAR,2008,,,,,,,,,16.31 [5.29-74.04],16.30703053,5.28876666,74.04273323,,2025-12-19T14:27:58Z,2008,01/01/2008,31/12/2008,,
7152210,MALARIA_EST_MORTALITY,COUNTRY,MWI,AFR,Africa,YEAR,2006,,,,,,,,,85.35 [81.45-89.43],85.34931471,81.45499178,89.43305022,,2025-12-19T14:27:58Z,2006,01/01/2006,31/12/2006,,
7154785,MALARIA_EST_MORTALITY,COUNTRY,GHA,AFR,Africa,YEAR,2014,,,,,,,,,51.30 [49.28-53.63],51.29523317,49.28027981,53.62757221,,2025-12-19T14:27:58Z,2014,01/01/2014,31/12/2014,,
7161232,MALARIA_EST_MORTALITY,GLOBAL,GLOBAL,,,YEAR,2008,,,,,,,,,20.38 [19.54-21.45],20.37559216,19.54144739,21.45049139,,2025-12-19T14:27:58Z,2008,01/01/2008,31/12/2008,,
7167782,MALARIA_EST_MORTALITY,COUNTRY,KEN,AFR,Africa,YEAR,2002,,,,,,,,,41.04 [39.47-42.75],41.03916272,39.47310999,42.74619084,,2025-12-19T14:27:58Z,2002,01/01/2002,31/12/2002,,
7167939,MALARIA_EST_MORTALITY,COUNTRY,SSD,AFR,Africa,YEAR,2023,,,,,,,,,58.09 [31.79-119.68],58.09268252,31.79379162,119.6775878,,2025-12-19T14:27:58Z,2023,01/01/2023,31/12/2023,,
7168199,MALARIA_EST_MORTALITY,COUNTRY,DZA,AFR,Africa,YEAR,2006,,,,,,,,,0 [0-0],0,0,0,,2025-12-19T14:27:58Z,2006,01/01/2006,31/12/2006,,
7174506,MALARIA_EST_MORTALITY,COUNTRY,CAF,AFR,Africa,YEAR,2017,,,,,,,,,103.85 [89.22-120.96],103.8487455,89.2242845,120.9552082,,2025-12-19T14:27:58Z,2017,01/01/2017,31/12/2017,,
7176434,MALARIA_EST_MORTALITY,REGION,WPR,,,YEAR,2023,,,,,,,,,0.40 [0.23-0.64],0.403831106,0.225589068,0.636950924,,2025-12-19T14:27:58Z,2023,01/01/2023,31/12/2023,,
7177340,MALARIA_EST_MORTALITY,COUNTRY,CHN,WPR,Western Pacific,YEAR,2004,,,,,,,,,0.01 [0.01-0.01],0.005692623,0.005692623,0.005692623,,2025-12-19T14:27:58Z,2004,01/01/2004,31/12/2004,,
7183744,MALARIA_EST_MORTALITY,COUNTRY,VEN,AMR,Americas,YEAR,2017,,,,,,,,,2.77 [1.45-4.20],2.774385953,1.452626607,4.200839108,,2025-12-19T14:27:58Z,2017,01/01/2017,31/12/2017,,
7193754,MALARIA_EST_MORTALITY,COUNTRY,BWA,AFR,Africa,YEAR,2024,,,,,,,,,0.06 [0.06-0.06],0.059827792,0.059827792,0.059827792,,2025-12-19T14:27:58Z,2024,01/01/2024,31/12/2024,,
7202436,MALARIA_EST_MORTALITY,COUNTRY,MYS,WPR,Western Pacific,YEAR,2005,,,,,,,,,3.19 [3.19-3.19],3.193212585,3.193212585,3.193212585,,2025-12-19T14:27:58Z,2005,01/01/2005,31/12/2005,,
7202465,MALARIA_EST_MORTALITY,COUNTRY,CHN,WPR,Western Pacific,YEAR,2015,,,,,,,,,0 [0-0],0,0,0,,2025-12-19T14:27:58Z,2015,01/01/2015,31/12/2015,,
7205843,MALARIA_EST_MORTALITY,COUNTRY,DJI,EMR,Eastern Mediterranean,YEAR,2022,,,,,,,,,9.50 [4.57-14.54],9.498903522,4.57354614,14.54153132,,2025-12-19T14:27:58Z,2022,01/01/2022,31/12/2022,,
7219173,MALARIA_EST_MORTALITY,COUNTRY,MMR,SEAR,South-East Asia,YEAR,2007,,,,,,,,,6.11 [2.73-11.10],6.105576144,2.73081433,11.09986588,,2025-12-19T14:27:58Z,2007,01/01/2007,31/12/2007,,
7224618,MALARIA_EST_MORTALITY,REGION,AFR,,,YEAR,2010,,,,,,,,,84.96 [81.04-91.28],84.96066883,81.04408991,91.28357065,,2025-12-19T14:27:58Z,2010,01/01/2010,31/12/2010,,
7227327,MALARIA_EST_MORTALITY,COUNTRY,MOZ,AFR,Africa,YEAR,2024,,,,,,,,,51.82 [36.10-79.17],51.81947695,36.09980502,79.17297662,,2025-12-19T14:27:58Z,2024,01/01/2024,31/12/2024,,
7228071,MALARIA_EST_MORTALITY,REGION,EMR,,,YEAR,2022,,,,,,,,,3.08 [1.88-4.78],3.076664717,1.883131451,4.779097149,,2025-12-19T14:27:58Z,2022,01/01/2022,31/12/2022,,
7230637,MALARIA_EST_MORTALITY,COUNTRY,AFG,EMR,Eastern Mediterranean,YEAR,2014,,,,,,,,,0.60 [0.26-1.06],0.600353893,0.26067998,1.062468402,,2025-12-19T14:27:58Z,2014,01/01/2014,31/12/2014,,
7245229,MALARIA_EST_MORTALITY,COUNTRY,VNM,WPR,Western Pacific,YEAR,2020,,,,,,,,,0 [0-0],0,0,0,,2025-12-19T14:27:58Z,2020,01/01/2020,31/12/2020,,
7245808,MALARIA_EST_MORTALITY,COUNTRY,MRT,AFR,Africa,YEAR,2004,,,,,,,,,21.61 [20.88-22.45],21.61285588,20.88080754,22.44948256,,2025-12-19T14:27:58Z,2004,01/01/2004,31/12/2004,,
7247081,MALARIA_EST_MORTALITY,COUNTRY,LAO,WPR,Western Pacific,YEAR,2006,,,,,,,,,3.96 [1.51-7.57],3.964075805,1.514728153,7.573640765,,2025-12-19T14:27:58Z,2006,01/01/2006,31/12/2006,,
7250349,MALARIA_EST_MORTALITY,COUNTRY,IRN,EMR,Eastern Mediterranean,YEAR,2008,,,,,,,,,0.39 [0.39-0.39],0.389105058,0.389105058,0.389105058,,2025-12-19T14:27:58Z,2008,01/01/2008,31/12/2008,,
7252596,MALARIA_EST_MORTALITY,REGION,AFR,,,YEAR,2006,,,,,,,,,106.13 [102.02-112.47],106.1314626,102.0182243,112.4663333,,2025-12-19T14:27:58Z,2006,01/01/2006,31/12/2006,,
7258187,MALARIA_EST_MORTALITY,COUNTRY,GUF,AMR,Americas,YEAR,2015,,,,,,,,,0 [0-0],0,0,0,,2025-12-19T14:27:58Z,2015,01/01/2015,31/12/2015,,
7264988,MALARIA_EST_MORTALITY,COUNTRY,KGZ,EUR,Europe,YEAR,2011,,,,,,,,,0 [0-0],0,0,0,,2025-12-19T14:27:58Z,2011,01/01/2011,31/12/2011,,
7266376,MALARIA_EST_MORTALITY,COUNTRY,MEX,AMR,Americas,YEAR,2014,,,,,,,,,0 [0-0],0,0,0,,2025-12-19T14:27:58Z,2014,01/01/2014,31/12/2014,,
7278725,MALARIA_EST_MORTALITY,COUNTRY,BGD,SEAR,South-East Asia,YEAR,2002,,,,,,,,,3.99 [3.99-3.99],3.993878013,3.993878013,3.993878013,,2025-12-19T14:27:58Z,2002,01/01/2002,31/12/2002,,
7282931,MALARIA_EST_MORTALITY,COUNTRY,BFA,AFR,Africa,YEAR,2005,,,,,,,,,238.89 [222.18-257.07],238.8939575,222.1841926,257.0679644,,2025-12-19T14:27:58Z,2005,01/01/2005,31/12/2005,,
7284012,MALARIA_EST_MORTALITY,COUNTRY,SAU,EMR,Eastern Mediterranean,YEAR,2018,,,,,,,,,0 [0-0],0,0,0,,2025-12-19T14:27:58Z,2018,01/01/2018,31/12/2018,,
7290855,MALARIA_EST_MORTALITY,COUNTRY,GNQ,AFR,Africa,YEAR,2016,,,,,,,,,52.05 [43.83-63.65],52.04928305,43.82748547,63.6526264,,2025-12-19T14:27:58Z,2016,01/01/2016,31/12/2016,,
7291721,MALARIA_EST_MORTALITY,COUNTRY,PAN,AMR,Americas,YEAR,2024,,,,,,,,,0 [0-0],0,0,0,,2025-12-19T14:27:58Z,2024,01/01/2024,31/12/2024,,
7294705,MALARIA_EST_MORTALITY,COUNTRY,MDG,AFR,Africa,YEAR,2016,,,,,,,,,15.66 [6.69-27.90],15.66286405,6.68957169,27.90062602,,2025-12-19T14:27:58Z,2016,01/01/2016,31/12/2016,,
7296981,MALARIA_EST_MORTALITY,COUNTRY,IRN,EMR,Eastern Mediterranean,YEAR,2018,,,,,,,,,0 [0-0],0,0,0,,2025-12-19T14:27:58Z,2018,01/01/2018,31/12/2018,,
7321334,MALARIA_EST_MORTALITY,COUNTRY,BGD,SEAR,South-East Asia,YEAR,2020,,,,,,,,,0.08 [0.04-0.13],0.083696105,0.039058182,0.133913768,,2025-12-19T14:27:58Z,2020,01/01/2020,31/12/2020,,
7321354,MALARIA_EST_MORTALITY,COUNTRY,YEM,EMR,Eastern Mediterranean,YEAR,2023,,,,,,,,,9.76 [3.84-19.07],9.758015032,3.837731862,19.07052974,,2025-12-19T14:27:58Z,2023,01/01/2023,31/12/2023,,
7321503,MALARIA_EST_MORTALITY,COUNTRY,GTM,AMR,Americas,YEAR,2009,,,,,,,,,0.03 [0.01-0.05],0.027954697,0.009318232,0.046591162,,2025-12-19T14:27:58Z,2009,01/01/2009,31/12/2009,,
7328831,MALARIA_EST_MORTALITY,COUNTRY,GHA,AFR,Africa,YEAR,2000,,,,,,,,,100.54 [96.67-104.80],100.5444443,96.66912409,104.7966025,,2025-12-19T14:27:58Z,2000,01/01/2000,31/12/2000,,
7335314,MALARIA_EST_MORTALITY,COUNTRY,VNM,WPR,Western Pacific,YEAR,2023,,,,,,,,,0 [0-0],0,0,0,,2025-12-19T14:27:58Z,2023,01/01/2023,31/12/2023,,
7340768,MALARIA_EST_MORTALITY,COUNTRY,PAN,AMR,Americas,YEAR,2007,,,,,,,,,0.04 [0.04-0.04],0.043419399,0.043419399,0.043419399,,2025-12-19T14:27:58Z,2007,01/01/2007,31/12/2007,,
7341824,MALARIA_EST_MORTALITY,COUNTRY,GEO,EUR,Europe,YEAR,2001,,,,,,,,,0 [0-0],0,0,0,,2025-12-19T14:27:58Z,2001,01/01/2001,31/12/2001,,
7348652,MALARIA_EST_MORTALITY,COUNTRY,TKM,EUR,Europe,YEAR,2015,,,,,,,,,0 [0-0],0,0,0,,2025-12-19T14:27:58Z,2015,01/01/2015,31/12/2015,,
7350885,MALARIA_EST_MORTALITY,COUNTRY,CRI,AMR,Americas,YEAR,2010,,,,,,,,,0 [0-0],0,0,0,,2025-12-19T14:27:58Z,2010,01/01/2010,31/12/2010,,
7350958,MALARIA_EST_MORTALITY,COUNTRY,ARG,AMR,Americas,YEAR,2021,,,,,,,,,0 [0-0],0,0,0,,2025-12-19T14:27:58Z,2021,01/01/2021,31/12/2021,,
7352114,MALARIA_EST_MORTALITY,COUNTRY,IND,SEAR,South-East Asia,YEAR,2008,,,,,,,,,2.16 [1.03-3.63],2.162948642,1.026751623,3.62951518,,2025-12-19T14:27:58Z,2008,01/01/2008,31/12/2008,,
7353329,MALARIA_EST_MORTALITY,COUNTRY,PRK,SEAR,South-East Asia,YEAR,2021,,,,,,,,,0 [0-0],0,0,0,,2025-12-19T14:27:58Z,2021,01/01/2021,31/12/2021,,
7353849,MALARIA_EST_MORTALITY,COUNTRY,BOL,AMR,Americas,YEAR,2016,,,,,,,,,0.04 [0-0.10],0.039431873,0,0.098579684,,2025-12-19T14:27:58Z,2016,01/01/2016,31/12/2016,,
7360131,MALARIA_EST_MORTALITY,COUNTRY,STP,AFR,Africa,YEAR,2014,,,,,,,,,0 [0-0],0,0,0,,2025-12-19T14:27:58Z,2014,01/01/2014,31/12/2014,,
7365456,MALARIA_EST_MORTALITY,COUNTRY,GUY,AMR,Americas,YEAR,2016,,,,,,,,,3.14 [1.44-5.50],3.143220858,1.440642893,5.500636502,,2025-12-19T14:27:58Z,2016,01/01/2016,31/12/2016,,
7370567,MALARIA_EST_MORTALITY,COUNTRY,SDN,EMR,Eastern Mediterranean,YEAR,2001,,,,,,,,,21.38 [9.00-37.76],21.38390849,9.001633074,37.76058789,,2025-12-19T14:27:58Z,2001,01/01/2001,31/12/2001,,
7384916,MALARIA_EST_MORTALITY,COUNTRY,COM,AFR,Africa,YEAR,2023,,,,,,,,,6.23 [2.94-9.64],6.232456517,2.93983798,9.642668573,,2025-12-19T14:27:58Z,2023,01/01/2023,31/12/2023,,
7388715,MALARIA_EST_MORTALITY,COUNTRY,AFG,EMR,Eastern Mediterranean,YEAR,2008,,,,,,,,,0.97 [0.35-2.02],0.968373224,0.352135718,2.020011873,,2025-12-19T14:27:58Z,2008,01/01/2008,31/12/2008,,
7390264,MALARIA_EST_MORTALITY,COUNTRY,CMR,AFR,Africa,YEAR,2006,,,,,,,,,110.52 [103.08-118.45],110.5216597,103.0802364,118.4474023,,2025-12-19T14:27:58Z,2006,01/01/2006,31/12/2006,,
7390508,MALARIA_EST_MORTALITY,COUNTRY,COL,AMR,Americas,YEAR,2015,,,,,,,,,0.17 [0.17-0.17],0.173098977,0.173098977,0.173098977,,2025-12-19T14:27:58Z,2015,01/01/2015,31/12/2015,,
7391746,MALARIA_EST_MORTALITY,COUNTRY,BEN,AFR,Africa,YEAR,2016,,,,,,,,,96.12 [87.55-105.76],96.12030117,87.55461798,105.7633199,,2025-12-19T14:27:58Z,2016,01/01/2016,31/12/2016,,
7392101,MALARIA_EST_MORTALITY,COUNTRY,LBR,AFR,Africa,YEAR,2019,,,,,,,,,87.38 [74.13-105.95],87.37598439,74.13179161,105.9540379,,2025-12-19T14:27:58Z,2019,01/01/2019,31/12/2019,,
7392655,MALARIA_EST_MORTALITY,COUNTRY,DZA,AFR,Africa,YEAR,2020,,,,,,,,,0 [0-0],0,0,0,,2025-12-19T14:27:58Z,2020,01/01/2020,31/12/2020,,
7402377,MALARIA_EST_MORTALITY,COUNTRY,NPL,SEAR,South-East Asia,YEAR,2021,,,,,,,,,0.01 [0.01-0.01],0.011682284,0.011682284,0.011682284,,2025-12-19T14:27:58Z,2021,01/01/2021,31/12/2021,,
7405013,MALARIA_EST_MORTALITY,COUNTRY,SLB,WPR,Western Pacific,YEAR,2014,,,,,,,,,9.17 [4.26-15.23],9.169234598,4.257144635,15.22747889,,2025-12-19T14:27:58Z,2014,01/01/2014,31/12/2014,,
7405286,MALARIA_EST_MORTALITY,COUNTRY,GHA,AFR,Africa,YEAR,2011,,,,,,,,,65.77 [63.14-68.69],65.77099874,63.1421515,68.68725639,,2025-12-19T14:27:58Z,2011,01/01/2011,31/12/2011,,
7408480,MALARIA_EST_MORTALITY,COUNTRY,SWZ,AFR,Africa,YEAR,2022,,,,,,,,,1.17 [1.17-1.17],1.172003188,1.172003188,1.172003188,,2025-12-19T14:27:58Z,2022,01/01/2022,31/12/2022,,
7409720,MALARIA_EST_MORTALITY,COUNTRY,AZE,EUR,Europe,YEAR,2012,,,,,,,,,0 [0-0],0,0,0,,2025-12-19T14:27:58Z,2012,01/01/2012,31/12/2012,,
7416644,MALARIA_EST_MORTALITY,COUNTRY,CAF,AFR,Africa,YEAR,2005,,,,,,,,,164.38 [149.83-180.17],164.3812619,149.8311886,180.1665264,,2025-12-19T14:27:58Z,2005,01/01/2005,31/12/2005,,
7420809,MALARIA_EST_MORTALITY,COUNTRY,GTM,AMR,Americas,YEAR,2000,,,,,,,,,0.31 [0.12-0.51],0.305749933,0.124564788,0.509583222,,2025-12-19T14:27:58Z,2000,01/01/2000,31/12/2000,,
7423149,MALARIA_EST_MORTALITY,COUNTRY,SUR,AMR,Americas,YEAR,2003,,,,,,,,,24.07 [24.07-24.07],24.0651363,24.0651363,24.0651363,,2025-12-19T14:27:58Z,2003,01/01/2003,31/12/2003,,
7428943,MALARIA_EST_MORTALITY,COUNTRY,KHM,WPR,Western Pacific,YEAR,2003,,,,,,,,,11.44 [5.17-19.26],11.43870347,5.170035465,19.25865138,,2025-12-19T14:27:58Z,2003,01/01/2003,31/12/2003,,
7434386,MALARIA_EST_MORTALITY,COUNTRY,SWZ,AFR,Africa,YEAR,2023,,,,,,,,,2.03 [2.03-2.03],2.031688536,2.031688536,2.031688536,,2025-12-19T14:27:58Z,2023,01/01/2023,31/12/2023,,
7454252,MALARIA_EST_MORTALITY,COUNTRY,COG,AFR,Africa,YEAR,2009,,,,,,,,,42.88 [40.85-45.15],42.88498206,40.85285055,45.15069189,,2025-12-19T14:27:58Z,2009,01/01/2009,31/12/2009,,
7466447,MALARIA_EST_MORTALITY,COUNTRY,IRN,EMR,Eastern Mediterranean,YEAR,2023,,,,,,,,,0 [0-0],0,0,0,,2025-12-19T14:27:58Z,2023,01/01/2023,31/12/2023,,
7467589,MALARIA_EST_MORTALITY,COUNTRY,BDI,AFR,Africa,YEAR,2018,,,,,,,,,54.12 [45.29-67.20],54.11719907,45.28879342,67.20381374,,2025-12-19T14:27:58Z,2018,01/01/2018,31/12/2018,,
7478042,MALARIA_EST_MORTALITY,COUNTRY,GUF,AMR,Americas,YEAR,2020,,,,,,,,,0 [0-0],0,0,0,,2025-12-19T14:27:58Z,2020,01/01/2020,31/12/2020,,
7478238,MALARIA_EST_MORTALITY,COUNTRY,SLE,AFR,Africa,YEAR,2011,,,,,,,,,219.30 [203.62-235.50],219.2962199,203.6243761,235.5003741,,2025-12-19T14:27:58Z,2011,01/01/2011,31/12/2011,,
7478730,MALARIA_EST_MORTALITY,COUNTRY,DOM,AMR,Americas,YEAR,2014,,,,,,,,,0.07 [0.07-0.07],0.070397772,0.070397772,0.070397772,,2025-12-19T14:27:58Z,2014,01/01/2014,31/12/2014,,
7479076,MALARIA_EST_MORTALITY,REGION,AMR,,,YEAR,2000,,,,,,,,,0.81 [0.67-0.99],0.806526075,0.671820874,0.99068002,,2025-12-19T14:27:58Z,2000,01/01/2000,31/12/2000,,
7486064,MALARIA_EST_MORTALITY,COUNTRY,ARE,EMR,Eastern Mediterranean,YEAR,2024,,,,,,,,,0 [0-0],0,0,0,,2025-12-19T14:27:58Z,2024,01/01/2024,31/12/2024,,
7486312,MALARIA_EST_MORTALITY,COUNTRY,GUF,AMR,Americas,YEAR,2008,,,,,,,,,1.60 [1.60-1.60],1.598797704,1.598797704,1.598797704,,2025-12-19T14:27:58Z,2008,01/01/2008,31/12/2008,,
7493645,MALARIA_EST_MORTALITY,COUNTRY,SLV,AMR,Americas,YEAR,2001,,,,,,,,,0 [0-0],0,0,0,,2025-12-19T14:27:58Z,2001,01/01/2001,31/12/2001,,
7497698,MALARIA_EST_MORTALITY,COUNTRY,CPV,AFR,Africa,YEAR,2002,,,,,,,,,1.65 [1.65-1.65],1.647025883,1.647025883,1.647025883,,2025-12-19T14:27:58Z,2002,01/01/2002,31/12/2002,,
7500373,MALARIA_EST_MORTALITY,COUNTRY,PAN,AMR,Americas,YEAR,2014,,,,,,,,,0 [0-0],0,0,0,,2025-12-19T14:27:58Z,2014,01/01/2014,31/12/2014,,
7505048,MALARIA_EST_MORTALITY,COUNTRY,MOZ,AFR,Africa,YEAR,2017,,,,,,,,,70.36 [56.35-91.90],70.3568966,56.35430493,91.89683961,,2025-12-19T14:27:58Z,2017,01/01/2017,31/12/2017,,
7516063,MALARIA_EST_MORTALITY,COUNTRY,COM,AFR,Africa,YEAR,2009,,,,,,,,,13.86 [4.83-27.57],13.86407289,4.829059097,27.57236968,,2025-12-19T14:27:58Z,2009,01/01/2009,31/12/2009,,
7518411,MALARIA_EST_MORTALITY,COUNTRY,GIN,AFR,Africa,YEAR,2011,,,,,,,,,136.11 [126.44-146.51],136.1101493,126.4355844,146.5072569,,2025-12-19T14:27:58Z,2011,01/01/2011,31/12/2011,,
7530858,MALARIA_EST_MORTALITY,COUNTRY,ARG,AMR,Americas,YEAR,2000,,,,,,,,,0 [0-0],0,0,0,,2025-12-19T14:27:58Z,2000,01/01/2000,31/12/2000,,
7534402,MALARIA_EST_MORTALITY,COUNTRY,COL,AMR,Americas,YEAR,2006,,,,,,,,,0.81 [0.81-0.81],0.814696016,0.814696016,0.814696016,,2025-12-19T14:27:58Z,2006,01/01/2006,31/12/2006,,
7538188,MALARIA_EST_MORTALITY,COUNTRY,RWA,AFR,Africa,YEAR,2001,,,,,,,,,66.67 [63.86-69.58],66.66993279,63.858332,69.57806922,,2025-12-19T14:27:58Z,2001,01/01/2001,31/12/2001,,
7541753,MALARIA_EST_MORTALITY,COUNTRY,CHN,WPR,Western Pacific,YEAR,2011,,,,,,,,,0.01 [0.01-0.01],0.005800831,0.005800831,0.005800831,,2025-12-19T14:27:58Z,2011,01/01/2011,31/12/2011,,
7553382,MALARIA_EST_MORTALITY,COUNTRY,KEN,AFR,Africa,YEAR,2000,,,,,,,,,38.40 [37.01-39.91],38.39716163,37.01348013,39.91464252,,2025-12-19T14:27:58Z,2000,01/01/2000,31/12/2000,,
7553389,MALARIA_EST_MORTALITY,COUNTRY,GUF,AMR,Americas,YEAR,2018,,,,,,,,,0 [0-0],0,0,0,,2025-12-19T14:27:58Z,2018,01/01/2018,31/12/2018,,
7553538,MALARIA_EST_MORTALITY,COUNTRY,CAF,AFR,Africa,YEAR,2001,,,,,,,,,125.17 [114.91-137.65],125.1694418,114.9129975,137.6455643,,2025-12-19T14:27:58Z,2001,01/01/2001,31/12/2001,,
7553793,MALARIA_EST_MORTALITY,REGION,WPR,,,YEAR,2016,,,,,,,,,0.48 [0.28-0.71],0.478631122,0.283900242,0.712473579,,2025-12-19T14:27:58Z,2016,01/01/2016,31/12/2016,,
7559723,MALARIA_EST_MORTALITY,COUNTRY,SEN,AFR,Africa,YEAR,2003,,,,,,,,,33.96 [33.11-34.83],33.96082669,33.1120392,34.82826884,,2025-12-19T14:27:58Z,2003,01/01/2003,31/12/2003,,
7562585,MALARIA_EST_MORTALITY,COUNTRY,ZAF,AFR,Africa,YEAR,2001,,,,,,,,,1.70 [1.70-1.70],1.702868387,1.702868387,1.702868387,,2025-12-19T14:27:58Z,2001,01/01/2001,31/12/2001,,
7566129,MALARIA_EST_MORTALITY,COUNTRY,VUT,WPR,Western Pacific,YEAR,2011,,,,,,,,,5.75 [2.46-9.87],5.750124244,2.464338962,9.867623925,,2025-12-19T14:27:58Z,2011,01/01/2011,31/12/2011,,
7575143,MALARIA_EST_MORTALITY,COUNTRY,STP,AFR,Africa,YEAR,2005,,,,,,,,,52.59 [52.59-52.59],52.5863189,52.5863189,52.5863189,,2025-12-19T14:27:58Z,2005,01/01/2005,31/12/2005,,
7581451,MALARIA_EST_MORTALITY,COUNTRY,THA,SEAR,South-East Asia,YEAR,2011,,,,,,,,,0.33 [0.33-0.33],0.328374446,0.328374446,0.328374446,,2025-12-19T14:27:58Z,2011,01/01/2011,31/12/2011,,
7581500,MALARIA_EST_MORTALITY,COUNTRY,PNG,WPR,Western Pacific,YEAR,2024,,,,,,,,,31.34 [13.26-56.15],31.34306894,13.25580171,56.15278626,,2025-12-19T14:27:58Z,2024,01/01/2024,31/12/2024,,
7593804,MALARIA_EST_MORTALITY,COUNTRY,ERI,AFR,Africa,YEAR,2022,,,,,,,,,9.27 [3.64-17.25],9.268365222,3.636953441,17.24619858,,2025-12-19T14:27:58Z,2022,01/01/2022,31/12/2022,,
7600766,MALARIA_EST_MORTALITY,COUNTRY,SLV,AMR,Americas,YEAR,2007,,,,,,,,,0 [0-0],0,0,0,,2025-12-19T14:27:58Z,2007,01/01/2007,31/12/2007,,
7604690,MALARIA_EST_MORTALITY,COUNTRY,DZA,AFR,Africa,YEAR,2000,,,,,,,,,0.11 [0.11-0.11],0.110174991,0.110174991,0.110174991,,2025-12-19T14:27:58Z,2000,01/01/2000,31/12/2000,,
7607163,MALARIA_EST_MORTALITY,COUNTRY,MLI,AFR,Africa,YEAR,2012,,,,,,,,,137.87 [127.46-149.28],137.8661077,127.4633438,149.2773028,,2025-12-19T14:27:58Z,2012,01/01/2012,31/12/2012,,
7622542,MALARIA_EST_MORTALITY,COUNTRY,GHA,AFR,Africa,YEAR,2020,,,,,,,,,35.47 [33.47-38.17],35.47123605,33.47352902,38.17140588,,2025-12-19T14:27:58Z,2020,01/01/2020,31/12/2020,,
7624616,MALARIA_EST_MORTALITY,REGION,EMR,,,YEAR,2013,,,,,,,,,1.62 [1.07-2.33],1.624979949,1.066235868,2.330404524,,2025-12-19T14:27:58Z,2013,01/01/2013,31/12/2013,,
7630735,MALARIA_EST_MORTALITY,COUNTRY,GMB,AFR,Africa,YEAR,2013,,,,,,,,,32.13 [30.47-33.99],32.13204178,30.46840056,33.98581342,,2025-12-19T14:27:58Z,2013,01/01/2013,31/12/2013,,
7631134,MALARIA_EST_MORTALITY,COUNTRY,IND,SEAR,South-East Asia,YEAR,2022,,,,,,,,,0.23 [0.11-0.36],0.227266678,0.110966128,0.364587707,,2025-12-19T14:27:58Z,2022,01/01/2022,31/12/2022,,
7637211,MALARIA_EST_MORTALITY,COUNTRY,TUR,EUR,Europe,YEAR,2004,,,,,,,,,0 [0-0],0,0,0,,2025-12-19T14:27:58Z,2004,01/01/2004,31/12/2004,,
7638458,MALARIA_EST_MORTALITY,COUNTRY,SUR,AMR,Americas,YEAR,2018,,,,,,,,,0 [0-0],0,0,0,,2025-12-19T14:27:58Z,2018,01/01/2018,31/12/2018,,
7638614,MALARIA_EST_MORTALITY,COUNTRY,KGZ,EUR,Europe,YEAR,2016,,,,,,,,,0 [0-0],0,0,0,,2025-12-19T14:27:58Z,2016,01/01/2016,31/12/2016,,
7638930,MALARIA_EST_MORTALITY,REGION,EUR,,,YEAR,2024,,,,,,,,,0 [0-0],0,0,0,,2025-12-19T14:27:58Z,2024,01/01/2024,31/12/2024,,
7645004,MALARIA_EST_MORTALITY,REGION,SEAR,,,YEAR,2017,,,,,,,,,0.77 [0.38-1.23],0.767075707,0.37719355,1.230674628,,2025-12-19T14:27:58Z,2017,01/01/2017,31/12/2017,,
7648930,MALARIA_EST_MORTALITY,COUNTRY,PAK,EMR,Eastern Mediterranean,YEAR,2013,,,,,,,,,0.56 [0.23-1.24],0.561421597,0.228411847,1.242428404,,2025-12-19T14:27:58Z,2013,01/01/2013,31/12/2013,,
7654948,MALARIA_EST_MORTALITY,COUNTRY,GIN,AFR,Africa,YEAR,2008,,,,,,,,,106.61 [100.05-113.73],106.6081388,100.0518342,113.7301645,,2025-12-19T14:27:58Z,2008,01/01/2008,31/12/2008,,
7661838,MALARIA_EST_MORTALITY,COUNTRY,MOZ,AFR,Africa,YEAR,2015,,,,,,,,,82.37 [68.73-101.53],82.36534776,68.72944916,101.5310364,,2025-12-19T14:27:58Z,2015,01/01/2015,31/12/2015,,
7663178,MALARIA_EST_MORTALITY,COUNTRY,MYS,WPR,Western Pacific,YEAR,2002,,,,,,,,,3.94 [3.94-3.94],3.941503933,3.941503933,3.941503933,,2025-12-19T14:27:58Z,2002,01/01/2002,31/12/2002,,
7674221,MALARIA_EST_MORTALITY,COUNTRY,ZMB,AFR,Africa,YEAR,2005,,,,,,,,,64.13 [61.43-66.94],64.12762242,61.43110496,66.94360584,,2025-12-19T14:27:58Z,2005,01/01/2005,31/12/2005,,
7675269,MALARIA_EST_MORTALITY,COUNTRY,SLE,AFR,Africa,YEAR,2007,,,,,,,,,206.53 [193.27-220.20],206.5276226,193.273955,220.1987285,,2025-12-19T14:27:58Z,2007,01/01/2007,31/12/2007,,
7675478,MALARIA_EST_MORTALITY,COUNTRY,NER,AFR,Africa,YEAR,2008,,,,,,,,,128.38 [119.29-138.15],128.3759302,119.2885209,138.1533577,,2025-12-19T14:27:58Z,2008,01/01/2008,31/12/2008,,
7676130,MALARIA_EST_MORTALITY,COUNTRY,STP,AFR,Africa,YEAR,2006,,,,,,,,,15.70 [15.70-15.70],15.69688115,15.69688115,15.69688115,,2025-12-19T14:27:58Z,2006,01/01/2006,31/12/2006,,
7680424,MALARIA_EST_MORTALITY,COUNTRY,TUR,EUR,Europe,YEAR,2006,,,,,,,,,0 [0-0],0,0,0,,2025-12-19T14:27:58Z,2006,01/01/2006,31/12/2006,,
7682344,MALARIA_EST_MORTALITY,COUNTRY,COM,AFR,Africa,YEAR,2018,,,,,,,,,4.92 [2.33-7.65],4.924895346,2.332845164,7.646548037,,2025-12-19T14:27:58Z,2018,01/01/2018,31/12/2018,,
7693101,MALARIA_EST_MORTALITY,COUNTRY,BEN,AFR,Africa,YEAR,2003,,,,,,,,,124.48 [117.55-131.98],124.4776048,117.5520373,131.984173,,2025-12-19T14:27:58Z,2003,01/01/2003,31/12/2003,,
7695107,MALARIA_EST_MORTALITY,COUNTRY,HND,AMR,Americas,YEAR,2019,,,,,,,,,0 [0-0],0,0,0,,2025-12-19T14:27:58Z,2019,01/01/2019,31/12/2019,,
7700738,MALARIA_EST_MORTALITY,COUNTRY,DZA,AFR,Africa,YEAR,2021,,,,,,,,,0 [0-0],0,0,0,,2025-12-19T14:27:58Z,2021,01/01/2021,31/12/2021,,
7705801,MALARIA_EST_MORTALITY,COUNTRY,COM,AFR,Africa,YEAR,2022,,,,,,,,,6.23 [2.88-9.71],6.233606813,2.877049298,9.710041382,,2025-12-19T14:27:58Z,2022,01/01/2022,31/12/2022,,
7707325,MALARIA_EST_MORTALITY,COUNTRY,OMN,EMR,Eastern Mediterranean,YEAR,2016,,,,,,,,,0 [0-0],0,0,0,,2025-12-19T14:27:58Z,2016,01/01/2016,31/12/2016,,
7712418,MALARIA_EST_MORTALITY,COUNTRY,NIC,AMR,Americas,YEAR,2019,,,,,,,,,0.02 [0.02-0.02],0.017526585,0.017526585,0.017526585,,2025-12-19T14:27:58Z,2019,01/01/2019,31/12/2019,,
7714746,MALARIA_EST_MORTALITY,COUNTRY,AGO,AFR,Africa,YEAR,2020,,,,,,,,,51.41 [34.59-80.78],51.41231095,34.587544,80.78074906,,2025-12-19T14:27:58Z,2020,01/01/2020,31/12/2020,,
7730046,MALARIA_EST_MORTALITY,COUNTRY,ZMB,AFR,Africa,YEAR,2018,,,,,,,,,44.77 [41.54-48.77],44.76573351,41.53877285,48.7716157,,2025-12-19T14:27:58Z,2018,01/01/2018,31/12/2018,,
7732803,MALARIA_EST_MORTALITY,COUNTRY,SOM,EMR,Eastern Mediterranean,YEAR,2002,,,,,,,,,34.14 [12.94-66.47],34.13590046,12.94179944,66.47259814,,2025-12-19T14:27:58Z,2002,01/01/2002,31/12/2002,,
7739279,MALARIA_EST_MORTALITY,COUNTRY,TLS,SEAR,South-East Asia,YEAR,2008,,,,,,,,,27.91 [12.05-49.33],27.9091131,12.04932189,49.33012979,,2025-12-19T14:27:58Z,2008,01/01/2008,31/12/2008,,
7743451,MALARIA_EST_MORTALITY,COUNTRY,RWA,AFR,Africa,YEAR,2006,,,,,,,,,33.91 [32.93-34.97],33.90597474,32.92740078,34.97057718,,2025-12-19T14:27:58Z,2006,01/01/2006,31/12/2006,,
7744116,MALARIA_EST_MORTALITY,COUNTRY,GUF,AMR,Americas,YEAR,2000,,,,,,,,,0 [0-0],0,0,0,,2025-12-19T14:27:58Z,2000,01/01/2000,31/12/2000,,
7776843,MALARIA_EST_MORTALITY,COUNTRY,AZE,EUR,Europe,YEAR,2014,,,,,,,,,0 [0-0],0,0,0,,2025-12-19T14:27:58Z,2014,01/01/2014,31/12/2014,,
7783049,MALARIA_EST_MORTALITY,GLOBAL,GLOBAL,,,YEAR,2021,,,,,,,,,14.17 [13.15-16.87],14.16985601,13.14649488,16.87163716,,2025-12-19T14:27:58Z,2021,01/01/2021,31/12/2021,,
7789306,MALARIA_EST_MORTALITY,COUNTRY,UGA,AFR,Africa,YEAR,2024,,,,,,,,,32.40 [28.06-39.02],32.39822092,28.05753111,39.01822274,,2025-12-19T14:27:58Z,2024,01/01/2024,31/12/2024,,
7793580,MALARIA_EST_MORTALITY,COUNTRY,VNM,WPR,Western Pacific,YEAR,2012,,,,,,,,,0.06 [0.03-0.10],0.062151208,0.030317662,0.095500636,,2025-12-19T14:27:58Z,2012,01/01/2012,31/12/2012,,
7795372,MALARIA_EST_MORTALITY,COUNTRY,NER,AFR,Africa,YEAR,2003,,,,,,,,,142.56 [133.77-151.87],142.5570275,133.7737079,151.8719176,,2025-12-19T14:27:58Z,2003,01/01/2003,31/12/2003,,
7806650,MALARIA_EST_MORTALITY,COUNTRY,NER,AFR,Africa,YEAR,2002,,,,,,,,,166.40 [156.09-177.66],166.4001975,156.0917907,177.6641361,,2025-12-19T14:27:58Z,2002,01/01/2002,31/12/2002,,
7807958,MALARIA_EST_MORTALITY,COUNTRY,TKM,EUR,Europe,YEAR,2024,,,,,,,,,0 [0-0],0,0,0,,2025-12-19T14:27:58Z,2024,01/01/2024,31/12/2024,,
7813566,MALARIA_EST_MORTALITY,COUNTRY,DOM,AMR,Americas,YEAR,2018,,,,,,,,,0.02 [0.02-0.02],0.016837937,0.016837937,0.016837937,,2025-12-19T14:27:58Z,2018,01/01/2018,31/12/2018,,
7814544,MALARIA_EST_MORTALITY,COUNTRY,MWI,AFR,Africa,YEAR,2000,,,,,,,,,167.13 [159.14-175.58],167.1270496,159.1383201,175.5755288,,2025-12-19T14:27:58Z,2000,01/01/2000,31/12/2000,,
7818075,MALARIA_EST_MORTALITY,COUNTRY,TGO,AFR,Africa,YEAR,2013,,,,,,,,,67.67 [62.40-73.56],67.66919564,62.39806727,73.55799415,,2025-12-19T14:27:58Z,2013,01/01/2013,31/12/2013,,
7819651,MALARIA_EST_MORTALITY,COUNTRY,SWZ,AFR,Africa,YEAR,2021,,,,,,,,,1.48 [1.48-1.48],1.479964244,1.479964244,1.479964244,,2025-12-19T14:27:58Z,2021,01/01/2021,31/12/2021,,
7821813,MALARIA_EST_MORTALITY,COUNTRY,SOM,EMR,Eastern Mediterranean,YEAR,2007,,,,,,,,,24.54 [10.51-42.52],24.54387387,10.50975038,42.51680778,,2025-12-19T14:27:58Z,2007,01/01/2007,31/12/2007,,
7824575,MALARIA_EST_MORTALITY,COUNTRY,TUR,EUR,Europe,YEAR,2009,,,,,,,,,0 [0-0],0,0,0,,2025-12-19T14:27:58Z,2009,01/01/2009,31/12/2009,,
7825537,MALARIA_EST_MORTALITY,COUNTRY,ZWE,AFR,Africa,YEAR,2006,,,,,,,,,26.26 [4.86-73.19],26.26057546,4.864186193,73.19494724,,2025-12-19T14:27:58Z,2006,01/01/2006,31/12/2006,,
7825989,MALARIA_EST_MORTALITY,COUNTRY,VEN,AMR,Americas,YEAR,2007,,,,,,,,,0.27 [0.14-0.41],0.267637279,0.137435359,0.412306078,,2025-12-19T14:27:58Z,2007,01/01/2007,31/12/2007,,
7837677,MALARIA_EST_MORTALITY,COUNTRY,GUF,AMR,Americas,YEAR,2001,,,,,,,,,3.22 [3.22-3.22],3.217365192,3.217365192,3.217365192,,2025-12-19T14:27:58Z,2001,01/01/2001,31/12/2001,,
7844708,MALARIA_EST_MORTALITY,COUNTRY,STP,AFR,Africa,YEAR,2020,,,,,,,,,0 [0-0],0,0,0,,2025-12-19T14:27:58Z,2020,01/01/2020,31/12/2020,,
7846753,MALARIA_EST_MORTALITY,COUNTRY,COM,AFR,Africa,YEAR,2017,,,,,,,,,1.19 [0.53-1.98],1.189423645,0.528632731,1.982372742,,2025-12-19T14:27:58Z,2017,01/01/2017,31/12/2017,,
7856551,MALARIA_EST_MORTALITY,COUNTRY,BLZ,AMR,Americas,YEAR,2022,,,,,,,,,0 [0-0],0,0,0,,2025-12-19T14:27:58Z,2022,01/01/2022,31/12/2022,,
7858658,MALARIA_EST_MORTALITY,COUNTRY,KOR,WPR,Western Pacific,YEAR,2014,,,,,,,,,0 [0-0],0,0,0,,2025-12-19T14:27:58Z,2014,01/01/2014,31/12/2014,,
7859552,MALARIA_EST_MORTALITY,COUNTRY,NPL,SEAR,South-East Asia,YEAR,2023,,,,,,,,,0 [0-0],0,0,0,,2025-12-19T14:27:58Z,2023,01/01/2023,31/12/2023,,
7863233,MALARIA_EST_MORTALITY,COUNTRY,MMR,SEAR,South-East Asia,YEAR,2023,,,,,,,,,1.40 [0.60-6.23],1.399372254,0.600033861,6.229591825,,2025-12-19T14:27:58Z,2023,01/01/2023,31/12/2023,,
7869008,MALARIA_EST_MORTALITY,COUNTRY,COL,AMR,Americas,YEAR,2014,,,,,,,,,0.16 [0.16-0.16],0.164902533,0.164902533,0.164902533,,2025-12-19T14:27:58Z,2014,01/01/2014,31/12/2014,,
7877332,MALARIA_EST_MORTALITY,COUNTRY,DOM,AMR,Americas,YEAR,2017,,,,,,,,,0.02 [0.02-0.02],0.017019799,0.017019799,0.017019799,,2025-12-19T14:27:58Z,2017,01/01/2017,31/12/2017,,
7878091,MALARIA_EST_MORTALITY,COUNTRY,GEO,EUR,Europe,YEAR,2017,,,,,,,,,0 [0-0],0,0,0,,2025-12-19T14:27:58Z,2017,01/01/2017,31/12/2017,,
7878282,MALARIA_EST_MORTALITY,COUNTRY,IND,SEAR,South-East Asia,YEAR,2000,,,,,,,,,3.27 [1.59-5.32],3.272963802,1.587565488,5.321021863,,2025-12-19T14:27:58Z,2000,01/01/2000,31/12/2000,,
7879004,MALARIA_EST_MORTALITY,COUNTRY,YEM,EMR,Eastern Mediterranean,YEAR,2011,,,,,,,,,11.35 [4.54-23.44],11.34989257,4.539816212,23.44386495,,2025-12-19T14:27:58Z,2011,01/01/2011,31/12/2011,,
7882453,MALARIA_EST_MORTALITY,COUNTRY,NER,AFR,Africa,YEAR,2019,,,,,,,,,140.84 [123.13-161.40],140.837294,123.1275022,161.3970376,,2025-12-19T14:27:58Z,2019,01/01/2019,31/12/2019,,
7883574,MALARIA_EST_MORTALITY,COUNTRY,PNG,WPR,Western Pacific,YEAR,2007,,,,,,,,,38.66 [9.91-86.18],38.65958654,9.908314166,86.18057646,,2025-12-19T14:27:58Z,2007,01/01/2007,31/12/2007,,
7884253,MALARIA_EST_MORTALITY,COUNTRY,SYR,EMR,Eastern Mediterranean,YEAR,2010,,,,,,,,,0 [0-0],0,0,0,,2025-12-19T14:27:58Z,2010,01/01/2010,31/12/2010,,
7889563,MALARIA_EST_MORTALITY,REGION,AMR,,,YEAR,2022,,,,,,,,,0.22 [0.17-0.28],0.223712444,0.171382047,0.281930009,,2025-12-19T14:27:58Z,2022,01/01/2022,31/12/2022,,
7896250,MALARIA_EST_MORTALITY,COUNTRY,MRT,AFR,Africa,YEAR,2024,,,,,,,,,17.80 [5.90-38.40],17.79705362,5.899626552,38.39956126,,2025-12-19T14:27:58Z,2024,01/01/2024,31/12/2024,,
7901665,MALARIA_EST_MORTALITY,COUNTRY,ARM,EUR,Europe,YEAR,2017,,,,,,,,,0 [0-0],0,0,0,,2025-12-19T14:27:58Z,2017,01/01/2017,31/12/2017,,
7904607,MALARIA_EST_MORTALITY,COUNTRY,NAM,AFR,Africa,YEAR,2021,,,,,,,,,0.63 [0.63-0.63],0.627557296,0.627557296,0.627557296,,2025-12-19T14:27:58Z,2021,01/01/2021,31/12/2021,,
7914348,MALARIA_EST_MORTALITY,COUNTRY,AGO,AFR,Africa,YEAR,2021,,,,,,,,,59.34 [37.95-98.02],59.34421816,37.95273133,98.02097906,,2025-12-19T14:27:58Z,2021,01/01/2021,31/12/2021,,
7915800,MALARIA_EST_MORTALITY,COUNTRY,IRN,EMR,Eastern Mediterranean,YEAR,2024,,,,,,,,,0 [0-0],0,0,0,,2025-12-19T14:27:58Z,2024,01/01/2024,31/12/2024,,
7916353,MALARIA_EST_MORTALITY,COUNTRY,STP,AFR,Africa,YEAR,2012,,,,,,,,,3.70 [3.70-3.70],3.695120857,3.695120857,3.695120857,,2025-12-19T14:27:58Z,2012,01/01/2012,31/12/2012,,
7921001,MALARIA_EST_MORTALITY,COUNTRY,GMB,AFR,Africa,YEAR,2001,,,,,,,,,31.37 [30.30-32.58],31.37100663,30.3007804,32.57501115,,2025-12-19T14:27:58Z,2001,01/01/2001,31/12/2001,,
7923368,MALARIA_EST_MORTALITY,COUNTRY,ZAF,AFR,Africa,YEAR,2012,,,,,,,,,1.34 [1.34-1.34],1.338723928,1.338723928,1.338723928,,2025-12-19T14:27:58Z,2012,01/01/2012,31/12/2012,,
7926104,MALARIA_EST_MORTALITY,REGION,AFR,,,YEAR,2011,,,,,,,,,78.57 [75.17-83.55],78.57443209,75.16886303,83.54978595,,2025-12-19T14:27:58Z,2011,01/01/2011,31/12/2011,,
7928238,MALARIA_EST_MORTALITY,COUNTRY,SAU,EMR,Eastern Mediterranean,YEAR,2013,,,,,,,,,0 [0-0],0,0,0,,2025-12-19T14:27:58Z,2013,01/01/2013,31/12/2013,,
7929540,MALARIA_EST_MORTALITY,COUNTRY,IRN,EMR,Eastern Mediterranean,YEAR,2006,,,,,,,,,0.13 [0.13-0.13],0.133450948,0.133450948,0.133450948,,2025-12-19T14:27:58Z,2006,01/01/2006,31/12/2006,,
7933578,MALARIA_EST_MORTALITY,COUNTRY,BFA,AFR,Africa,YEAR,2003,,,,,,,,,318.03 [296.59-340.83],318.027122,296.5939621,340.8285185,,2025-12-19T14:27:58Z,2003,01/01/2003,31/12/2003,,
7941266,MALARIA_EST_MORTALITY,COUNTRY,BLZ,AMR,Americas,YEAR,2008,,,,,,,,,0 [0-0],0,0,0,,2025-12-19T14:27:58Z,2008,01/01/2008,31/12/2008,,
7978308,MALARIA_EST_MORTALITY,COUNTRY,NGA,AFR,Africa,YEAR,2024,,,,,,,,,79.48 [58.01-113.43],79.47972137,58.01006893,113.4252592,,2025-12-19T14:27:58Z,2024,01/01/2024,31/12/2024,,
7985180,MALARIA_EST_MORTALITY,COUNTRY,SWZ,AFR,Africa,YEAR,2001,,,,,,,,,21.07 [21.07-21.07],21.06708167,21.06708167,21.06708167,,2025-12-19T14:27:58Z,2001,01/01/2001,31/12/2001,,
7992642,MALARIA_EST_MORTALITY,COUNTRY,KOR,WPR,Western Pacific,YEAR,2006,,,,,,,,,0 [0-0],0,0,0,,2025-12-19T14:27:58Z,2006,01/01/2006,31/12/2006,,
7997934,MALARIA_EST_MORTALITY,COUNTRY,GNB,AFR,Africa,YEAR,2013,,,,,,,,,50.65 [45.22-57.31],50.64939123,45.22477657,57.31223315,,2025-12-19T14:27:58Z,2013,01/01/2013,31/12/2013,,
8002425,MALARIA_EST_MORTALITY,COUNTRY,KEN,AFR,Africa,YEAR,2011,,,,,,,,,23.60 [23.04-24.20],23.60000749,23.04105379,24.20105813,,2025-12-19T14:27:58Z,2011,01/01/2011,31/12/2011,,
8004778,MALARIA_EST_MORTALITY,COUNTRY,SAU,EMR,Eastern Mediterranean,YEAR,2021,,,,,,,,,0 [0-0],0,0,0,,2025-12-19T14:27:58Z,2021,01/01/2021,31/12/2021,,
8011223,MALARIA_EST_MORTALITY,COUNTRY,SLB,WPR,Western Pacific,YEAR,2016,,,,,,,,,15.71 [7.93-24.40],15.70710968,7.929802944,24.39939368,,2025-12-19T14:27:58Z,2016,01/01/2016,31/12/2016,,
8011842,MALARIA_EST_MORTALITY,COUNTRY,SWZ,AFR,Africa,YEAR,2011,,,,,,,,,0.32 [0.32-0.32],0.319495963,0.319495963,0.319495963,,2025-12-19T14:27:58Z,2011,01/01/2011,31/12/2011,,
8031407,MALARIA_EST_MORTALITY,COUNTRY,BFA,AFR,Africa,YEAR,2004,,,,,,,,,277.30 [258.43-297.78],277.3001629,258.4266488,297.7808358,,2025-12-19T14:27:58Z,2004,01/01/2004,31/12/2004,,
8034903,MALARIA_EST_MORTALITY,REGION,AMR,,,YEAR,2007,,,,,,,,,0.39 [0.29-0.53],0.387277655,0.293531874,0.533294395,,2025-12-19T14:27:58Z,2007,01/01/2007,31/12/2007,,
8035479,MALARIA_EST_MORTALITY,COUNTRY,TLS,SEAR,South-East Asia,YEAR,2020,,,,,,,,,0 [0-0],0,0,0,,2025-12-19T14:27:58Z,2020,01/01/2020,31/12/2020,,
8036624,MALARIA_EST_MORTALITY,COUNTRY,LAO,WPR,Western Pacific,YEAR,2020,,,,,,,,,0.18 [0.08-0.31],0.183118322,0.078479281,0.313917123,,2025-12-19T14:27:58Z,2020,01/01/2020,31/12/2020,,
8041764,MALARIA_EST_MORTALITY,COUNTRY,MYS,WPR,Western Pacific,YEAR,2017,,,,,,,,,0.08 [0.08-0.08],0.077266318,0.077266318,0.077266318,,2025-12-19T14:27:58Z,2017,01/01/2017,31/12/2017,,
8042145,MALARIA_EST_MORTALITY,COUNTRY,KGZ,EUR,Europe,YEAR,2006,,,,,,,,,0 [0-0],0,0,0,,2025-12-19T14:27:58Z,2006,01/01/2006,31/12/2006,,
8050172,MALARIA_EST_MORTALITY,COUNTRY,NPL,SEAR,South-East Asia,YEAR,2008,,,,,,,,,0.32 [0.09-0.84],0.318946832,0.089305113,0.842019638,,2025-12-19T14:27:58Z,2008,01/01/2008,31/12/2008,,
8050363,MALARIA_EST_MORTALITY,COUNTRY,BGD,SEAR,South-East Asia,YEAR,2017,,,,,,,,,0.42 [0.19-0.66],0.417647781,0.194520884,0.657938286,,2025-12-19T14:27:58Z,2017,01/01/2017,31/12/2017,,
8055673,MALARIA_EST_MORTALITY,COUNTRY,NER,AFR,Africa,YEAR,2024,,,,,,,,,131.24 [105.49-164.78],131.2424507,105.4917889,164.7767317,,2025-12-19T14:27:58Z,2024,01/01/2024,31/12/2024,,
8062025,MALARIA_EST_MORTALITY,COUNTRY,SEN,AFR,Africa,YEAR,2013,,,,,,,,,14.81 [6.13-26.28],14.81308707,6.126352934,26.27846022,,2025-12-19T14:27:58Z,2013,01/01/2013,31/12/2013,,
8063000,MALARIA_EST_MORTALITY,COUNTRY,BDI,AFR,Africa,YEAR,2023,,,,,,,,,46.04 [37.36-60.94],46.03545402,37.35705506,60.94474657,,2025-12-19T14:27:58Z,2023,01/01/2023,31/12/2023,,
8065945,MALARIA_EST_MORTALITY,COUNTRY,TCD,AFR,Africa,YEAR,2007,,,,,,,,,103.88 [96.81-111.71],103.8838661,96.81290211,111.7121076,,2025-12-19T14:27:58Z,2007,01/01/2007,31/12/2007,,
8072643,MALARIA_EST_MORTALITY,COUNTRY,SLV,AMR,Americas,YEAR,2020,,,,,,,,,0 [0-0],0,0,0,,2025-12-19T14:27:58Z,2020,01/01/2020,31/12/2020,,
8075067,MALARIA_EST_MORTALITY,COUNTRY,KEN,AFR,Africa,YEAR,2004,,,,,,,,,32.51 [31.42-33.68],32.50612767,31.41721272,33.68434516,,2025-12-19T14:27:58Z,2004,01/01/2004,31/12/2004,,
8075144,MALARIA_EST_MORTALITY,COUNTRY,STP,AFR,Africa,YEAR,2018,,,,,,,,,0 [0-0],0,0,0,,2025-12-19T14:27:58Z,2018,01/01/2018,31/12/2018,,
8082160,MALARIA_EST_MORTALITY,COUNTRY,SDN,EMR,Eastern Mediterranean,YEAR,2014,,,,,,,,,9.50 [4.03-16.68],9.496869897,4.033658329,16.67554535,,2025-12-19T14:27:58Z,2014,01/01/2014,31/12/2014,,
8100010,MALARIA_EST_MORTALITY,COUNTRY,UZB,EUR,Europe,YEAR,2014,,,,,,,,,0 [0-0],0,0,0,,2025-12-19T14:27:58Z,2014,01/01/2014,31/12/2014,,
8101045,MALARIA_EST_MORTALITY,COUNTRY,PRK,SEAR,South-East Asia,YEAR,2020,,,,,,,,,0 [0-0],0,0,0,,2025-12-19T14:27:58Z,2020,01/01/2020,31/12/2020,,
8101423,MALARIA_EST_MORTALITY,COUNTRY,CMR,AFR,Africa,YEAR,2023,,,,,,,,,40.89 [34.23-50.33],40.89143901,34.22649043,50.3337065,,2025-12-19T14:27:58Z,2023,01/01/2023,31/12/2023,,
8105122,MALARIA_EST_MORTALITY,COUNTRY,BOL,AMR,Americas,YEAR,2019,,,,,,,,,0.08 [0.02-0.15],0.075543579,0.018885895,0.151087157,,2025-12-19T14:27:58Z,2019,01/01/2019,31/12/2019,,
8111166,MALARIA_EST_MORTALITY,COUNTRY,PRY,AMR,Americas,YEAR,2019,,,,,,,,,0 [0-0],0,0,0,,2025-12-19T14:27:58Z,2019,01/01/2019,31/12/2019,,
8111795,MALARIA_EST_MORTALITY,COUNTRY,UGA,AFR,Africa,YEAR,2011,,,,,,,,,70.57 [66.67-74.86],70.5660995,66.66558136,74.85936773,,2025-12-19T14:27:58Z,2011,01/01/2011,31/12/2011,,
8119946,MALARIA_EST_MORTALITY,COUNTRY,GEO,EUR,Europe,YEAR,2003,,,,,,,,,0 [0-0],0,0,0,,2025-12-19T14:27:58Z,2003,01/01/2003,31/12/2003,,
8129274,MALARIA_EST_MORTALITY,COUNTRY,GTM,AMR,Americas,YEAR,2004,,,,,,,,,0.14 [0.06-0.24],0.144799181,0.062056792,0.237884368,,2025-12-19T14:27:58Z,2004,01/01/2004,31/12/2004,,
8130396,MALARIA_EST_MORTALITY,COUNTRY,LAO,WPR,Western Pacific,YEAR,2004,,,,,,,,,3.49 [3.49-3.49],3.490242446,3.490242446,3.490242446,,2025-12-19T14:27:58Z,2004,01/01/2004,31/12/2004,,
8138593,MALARIA_EST_MORTALITY,COUNTRY,NIC,AMR,Americas,YEAR,2008,,,,,,,,,0 [0-0],0,0,0,,2025-12-19T14:27:58Z,2008,01/01/2008,31/12/2008,,
8141880,MALARIA_EST_MORTALITY,COUNTRY,MRT,AFR,Africa,YEAR,2006,,,,,,,,,19.81 [19.15-20.51],19.80979938,19.14615451,20.50662649,,2025-12-19T14:27:58Z,2006,01/01/2006,31/12/2006,,
8151126,MALARIA_EST_MORTALITY,COUNTRY,IRN,EMR,Eastern Mediterranean,YEAR,2002,,,,,,,,,0.29 [0.29-0.29],0.288020507,0.288020507,0.288020507,,2025-12-19T14:27:58Z,2002,01/01/2002,31/12/2002,,
8161903,MALARIA_EST_MORTALITY,COUNTRY,NPL,SEAR,South-East Asia,YEAR,2015,,,,,,,,,0.02 [0-0.07],0.024751296,0,0.074253888,,2025-12-19T14:27:58Z,2015,01/01/2015,31/12/2015,,
8169325,MALARIA_EST_MORTALITY,COUNTRY,ARG,AMR,Americas,YEAR,2007,,,,,,,,,0 [0-0],0,0,0,,2025-12-19T14:27:58Z,2007,01/01/2007,31/12/2007,,
8170007,MALARIA_EST_MORTALITY,COUNTRY,IRQ,EMR,Eastern Mediterranean,YEAR,2016,,,,,,,,,0 [0-0],0,0,0,,2025-12-19T14:27:58Z,2016,01/01/2016,31/12/2016,,
8181504,MALARIA_EST_MORTALITY,COUNTRY,LAO,WPR,Western Pacific,YEAR,2005,,,,,,,,,2.82 [1.08-5.34],2.815864713,1.080506227,5.337045909,,2025-12-19T14:27:58Z,2005,01/01/2005,31/12/2005,,
8186011,MALARIA_EST_MORTALITY,COUNTRY,NGA,AFR,Africa,YEAR,2012,,,,,,,,,97.62 [88.71-107.73],97.62280978,88.70899345,107.7306627,,2025-12-19T14:27:58Z,2012,01/01/2012,31/12/2012,,
8199597,MALARIA_EST_MORTALITY,COUNTRY,UZB,EUR,Europe,YEAR,2019,,,,,,,,,0 [0-0],0,0,0,,2025-12-19T14:27:58Z,2019,01/01/2019,31/12/2019,,
8201609,MALARIA_EST_MORTALITY,COUNTRY,SLB,WPR,Western Pacific,YEAR,2019,,,,,,,,,22.33 [10.96-37.87],22.33427896,10.95905613,37.87116867,,2025-12-19T14:27:58Z,2019,01/01/2019,31/12/2019,,
8202193,MALARIA_EST_MORTALITY,COUNTRY,MOZ,AFR,Africa,YEAR,2022,,,,,,,,,64.59 [40.10-110.14],64.5940749,40.09638769,110.1353628,,2025-12-19T14:27:58Z,2022,01/01/2022,31/12/2022,,
8205032,MALARIA_EST_MORTALITY,COUNTRY,GAB,AFR,Africa,YEAR,2008,,,,,,,,,17.55 [16.61-18.54],17.54631574,16.61300107,18.54185139,,2025-12-19T14:27:58Z,2008,01/01/2008,31/12/2008,,
8213530,MALARIA_EST_MORTALITY,COUNTRY,MEX,AMR,Americas,YEAR,2002,,,,,,,,,0 [0-0],0,0,0,,2025-12-19T14:27:58Z,2002,01/01/2002,31/12/2002,,
8217933,MALARIA_EST_MORTALITY,COUNTRY,GNB,AFR,Africa,YEAR,2000,,,,,,,,,165.62 [152.66-180.20],165.6219123,152.6637187,180.1998801,,2025-12-19T14:27:58Z,2000,01/01/2000,31/12/2000,,
8230354,MALARIA_EST_MORTALITY,REGION,EMR,,,YEAR,2005,,,,,,,,,2.94 [1.85-5.71],2.937089577,1.845297215,5.705060873,,2025-12-19T14:27:58Z,2005,01/01/2005,31/12/2005,,
8232677,MALARIA_EST_MORTALITY,COUNTRY,BTN,SEAR,South-East Asia,YEAR,2004,,,,,,,,,1.45 [1.45-1.45],1.45408619,1.45408619,1.45408619,,2025-12-19T14:27:58Z,2004,01/01/2004,31/12/2004,,
8249548,MALARIA_EST_MORTALITY,COUNTRY,IND,SEAR,South-East Asia,YEAR,2017,,,,,,,,,0.80 [0.39-1.30],0.804824144,0.385762642,1.301731229,,2025-12-19T14:27:58Z,2017,01/01/2017,31/12/2017,,
8251461,MALARIA_EST_MORTALITY,COUNTRY,PRK,SEAR,South-East Asia,YEAR,2003,,,,,,,,,0 [0-0],0,0,0,,2025-12-19T14:27:58Z,2003,01/01/2003,31/12/2003,,
8252632,MALARIA_EST_MORTALITY,COUNTRY,VUT,WPR,Western Pacific,YEAR,2014,,,,,,,,,0 [0-0],0,0,0,,2025-12-19T14:27:58Z,2014,01/01/2014,31/12/2014,,
8252786,MALARIA_EST_MORTALITY,COUNTRY,OMN,EMR,Eastern Mediterranean,YEAR,2013,,,,,,,,,0 [0-0],0,0,0,,2025-12-19T14:27:58Z,2013,01/01/2013,31/12/2013,,
8258485,MALARIA_EST_MORTALITY,COUNTRY,BTN,SEAR,South-East Asia,YEAR,2020,,,,,,,,,0 [0-0],0,0,0,,2025-12-19T14:27:58Z,2020,01/01/2020,31/12/2020,,
8274902,MALARIA_EST_MORTALITY,COUNTRY,TGO,AFR,Africa,YEAR,2022,,,,,,,,,38.80 [32.20-47.90],38.80199847,32.20114815,47.9001705,,2025-12-19T14:27:58Z,2022,01/01/2022,31/12/2022,,
8281098,MALARIA_EST_MORTALITY,COUNTRY,GHA,AFR,Africa,YEAR,2016,,,,,,,,,41.87 [40.20-43.87],41.87453914,40.19519742,43.86726715,,2025-12-19T14:27:58Z,2016,01/01/2016,31/12/2016,,
8282184,MALARIA_EST_MORTALITY,COUNTRY,BWA,AFR,Africa,YEAR,2007,,,,,,,,,0.47 [0.47-0.47],0.473526701,0.473526701,0.473526701,,2025-12-19T14:27:58Z,2007,01/01/2007,31/12/2007,,
8289283,MALARIA_EST_MORTALITY,COUNTRY,MWI,AFR,Africa,YEAR,2016,,,,,,,,,40.39 [37.21-44.08],40.39244461,37.21435886,44.08312483,,2025-12-19T14:27:58Z,2016,01/01/2016,31/12/2016,,
8294040,MALARIA_EST_MORTALITY,COUNTRY,YEM,EMR,Eastern Mediterranean,YEAR,2004,,,,,,,,,16.81 [5.42-82.29],16.81275457,5.421076177,82.29003077,,2025-12-19T14:27:58Z,2004,01/01/2004,31/12/2004,,
8307651,MALARIA_EST_MORTALITY,COUNTRY,GMB,AFR,Africa,YEAR,2012,,,,,,,,,33.87 [32.06-35.88],33.87019883,32.05921999,35.87695916,,2025-12-19T14:27:58Z,2012,01/01/2012,31/12/2012,,
8309021,MALARIA_EST_MORTALITY,COUNTRY,MOZ,AFR,Africa,YEAR,2005,,,,,,,,,141.18 [130.80-152.61],141.1849717,130.803072,152.6110946,,2025-12-19T14:27:58Z,2005,01/01/2005,31/12/2005,,
8320237,MALARIA_EST_MORTALITY,COUNTRY,NAM,AFR,Africa,YEAR,2012,,,,,,,,,0.23 [0.23-0.23],0.229620334,0.229620334,0.229620334,,2025-12-19T14:27:58Z,2012,01/01/2012,31/12/2012,,
8321711,MALARIA_EST_MORTALITY,COUNTRY,SEN,AFR,Africa,YEAR,2021,,,,,,,,,10.71 [4.66-18.22],10.71374692,4.662947845,18.22222529,,2025-12-19T14:27:58Z,2021,01/01/2021,31/12/2021,,
8338560,MALARIA_EST_MORTALITY,COUNTRY,OMN,EMR,Eastern Mediterranean,YEAR,2018,,,,,,,,,0 [0-0],0,0,0,,2025-12-19T14:27:58Z,2018,01/01/2018,31/12/2018,,
8347787,MALARIA_EST_MORTALITY,COUNTRY,UGA,AFR,Africa,YEAR,2016,,,,,,,,,40.30 [37.21-44.04],40.30242723,37.20957613,44.04477706,,2025-12-19T14:27:58Z,2016,01/01/2016,31/12/2016,,
8360054,MALARIA_EST_MORTALITY,COUNTRY,CMR,AFR,Africa,YEAR,2018,,,,,,,,,47.48 [43.03-52.60],47.48374642,43.02521653,52.60349725,,2025-12-19T14:27:58Z,2018,01/01/2018,31/12/2018,,
8365939,MALARIA_EST_MORTALITY,COUNTRY,LBR,AFR,Africa,YEAR,2000,,,,,,,,,201.15 [188.93-214.17],201.153233,188.9269414,214.1650126,,2025-12-19T14:27:58Z,2000,01/01/2000,31/12/2000,,
8372065,MALARIA_EST_MORTALITY,COUNTRY,VEN,AMR,Americas,YEAR,2013,,,,,,,,,0.70 [0.36-1.07],0.702054727,0.361056717,1.069797679,,2025-12-19T14:27:58Z,2013,01/01/2013,31/12/2013,,
8376511,MALARIA_EST_MORTALITY,COUNTRY,PRY,AMR,Americas,YEAR,2018,,,,,,,,,0 [0-0],0,0,0,,2025-12-19T14:27:58Z,2018,01/01/2018,31/12/2018,,
8377845,MALARIA_EST_MORTALITY,REGION,AMR,,,YEAR,2021,,,,,,,,,0.22 [0.16-0.29],0.219571692,0.162206115,0.287487261,,2025-12-19T14:27:58Z,2021,01/01/2021,31/12/2021,,
8378786,MALARIA_EST_MORTALITY,COUNTRY,LAO,WPR,Western Pacific,YEAR,2001,,,,,,,,,8.42 [8.42-8.42],8.423177661,8.423177661,8.423177661,,2025-12-19T14:27:58Z,2001,01/01/2001,31/12/2001,,
8384021,MALARIA_EST_MORTALITY,COUNTRY,DOM,AMR,Americas,YEAR,2011,,,,,,,,,0.18 [0.18-0.18],0.182540145,0.182540145,0.182540145,,2025-12-19T14:27:58Z,2011,01/01/2011,31/12/2011,,
8389486,MALARIA_EST_MORTALITY,COUNTRY,SYR,EMR,Eastern Mediterranean,YEAR,2008,,,,,,,,,0 [0-0],0,0,0,,2025-12-19T14:27:58Z,2008,01/01/2008,31/12/2008,,
8391342,MALARIA_EST_MORTALITY,COUNTRY,PNG,WPR,Western Pacific,YEAR,2008,,,,,,,,,34.92 [8.83-78.80],34.91576849,8.826046384,78.79784508,,2025-12-19T14:27:58Z,2008,01/01/2008,31/12/2008,,
8397579,MALARIA_EST_MORTALITY,COUNTRY,IND,SEAR,South-East Asia,YEAR,2003,,,,,,,,,2.79 [1.36-4.55],2.791841202,1.358533464,4.548624575,,2025-12-19T14:27:58Z,2003,01/01/2003,31/12/2003,,
8410010,MALARIA_EST_MORTALITY,COUNTRY,NER,AFR,Africa,YEAR,2016,,,,,,,,,169.61 [152.66-189.03],169.6094892,152.660505,189.0287726,,2025-12-19T14:27:58Z,2016,01/01/2016,31/12/2016,,
8410460,MALARIA_EST_MORTALITY,COUNTRY,TCD,AFR,Africa,YEAR,2006,,,,,,,,,103.45 [96.70-110.98],103.4451367,96.70241004,110.9811253,,2025-12-19T14:27:58Z,2006,01/01/2006,31/12/2006,,
8414496,MALARIA_EST_MORTALITY,COUNTRY,DJI,EMR,Eastern Mediterranean,YEAR,2007,,,,,,,,,0.76 [0.15-1.37],0.762398506,0.152479701,1.37231731,,2025-12-19T14:27:58Z,2007,01/01/2007,31/12/2007,,
8427653,MALARIA_EST_MORTALITY,COUNTRY,AGO,AFR,Africa,YEAR,2004,,,,,,,,,114.08 [100.82-129.73],114.0780508,100.8201534,129.7283669,,2025-12-19T14:27:58Z,2004,01/01/2004,31/12/2004,,
8435291,MALARIA_EST_MORTALITY,COUNTRY,ARM,EUR,Europe,YEAR,2006,,,,,,,,,0 [0-0],0,0,0,,2025-12-19T14:27:58Z,2006,01/01/2006,31/12/2006,,
8439503,MALARIA_EST_MORTALITY,COUNTRY,MDG,AFR,Africa,YEAR,2012,,,,,,,,,17.50 [6.73-34.53],17.4960505,6.725537218,34.53189732,,2025-12-19T14:27:58Z,2012,01/01/2012,31/12/2012,,
8445452,MALARIA_EST_MORTALITY,COUNTRY,NGA,AFR,Africa,YEAR,2021,,,,,,,,,87.29 [67.02-118.09],87.29310542,67.02396859,118.0905908,,2025-12-19T14:27:58Z,2021,01/01/2021,31/12/2021,,
8453348,MALARIA_EST_MORTALITY,COUNTRY,KGZ,EUR,Europe,YEAR,2012,,,,,,,,,0 [0-0],0,0,0,,2025-12-19T14:27:58Z,2012,01/01/2012,31/12/2012,,
8460423,MALARIA_EST_MORTALITY,COUNTRY,MMR,SEAR,South-East Asia,YEAR,2024,,,,,,,,,0.86 [0.36-3.98],0.863464434,0.358021838,3.98062369,,2025-12-19T14:27:58Z,2024,01/01/2024,31/12/2024,,
8461310,MALARIA_EST_MORTALITY,REGION,WPR,,,YEAR,2010,,,,,,,,,0.70 [0.42-1.04],0.698701259,0.42117956,1.042848405,,2025-12-19T14:27:58Z,2010,01/01/2010,31/12/2010,,
8461953,MALARIA_EST_MORTALITY,COUNTRY,IDN,WPR,Western Pacific,YEAR,2023,,,,,,,,,0.31 [0.16-0.47],0.312244317,0.156122158,0.474056576,,2025-12-19T14:27:58Z,2023,01/01/2023,31/12/2023,,
8472862,MALARIA_EST_MORTALITY,COUNTRY,AGO,AFR,Africa,YEAR,2005,,,,,,,,,107.14 [93.65-123.19],107.137155,93.65416595,123.1911404,,2025-12-19T14:27:58Z,2005,01/01/2005,31/12/2005,,
8477966,MALARIA_EST_MORTALITY,COUNTRY,THA,SEAR,South-East Asia,YEAR,2024,,,,,,,,,0.01 [0.01-0.01],0.014706184,0.014706184,0.014706184,,2025-12-19T14:27:58Z,2024,01/01/2024,31/12/2024,,
8503855,MALARIA_EST_MORTALITY,COUNTRY,SEN,AFR,Africa,YEAR,2015,,,,,,,,,17.73 [7.09-32.41],17.72727678,7.085086132,32.40538657,,2025-12-19T14:27:58Z,2015,01/01/2015,31/12/2015,,
8512107,MALARIA_EST_MORTALITY,COUNTRY,PAK,EMR,Eastern Mediterranean,YEAR,2020,,,,,,,,,0.20 [0.10-0.32],0.196509093,0.099553065,0.322476183,,2025-12-19T14:27:58Z,2020,01/01/2020,31/12/2020,,
8521358,MALARIA_EST_MORTALITY,GLOBAL,GLOBAL,,,YEAR,2012,,,,,,,,,16.43 [15.70-17.51],16.42600552,15.69535101,17.51144555,,2025-12-19T14:27:58Z,2012,01/01/2012,31/12/2012,,
8521471,MALARIA_EST_MORTALITY,REGION,EMR,,,YEAR,2024,,,,,,,,,3.79 [2.21-6.05],3.787692323,2.210541423,6.050261733,,2025-12-19T14:27:58Z,2024,01/01/2024,31/12/2024,,
8527976,MALARIA_EST_MORTALITY,COUNTRY,CIV,AFR,Africa,YEAR,2024,,,,,,,,,33.87 [28.99-39.96],33.87274407,28.98770379,39.96338725,,2025-12-19T14:27:58Z,2024,01/01/2024,31/12/2024,,
8546514,MALARIA_EST_MORTALITY,COUNTRY,THA,SEAR,South-East Asia,YEAR,2006,,,,,,,,,0.89 [0.89-0.89],0.89456173,0.89456173,0.89456173,,2025-12-19T14:27:58Z,2006,01/01/2006,31/12/2006,,
8547124,MALARIA_EST_MORTALITY,COUNTRY,AFG,EMR,Eastern Mediterranean,YEAR,2017,,,,,,,,,1.37 [0.60-2.32],1.371818927,0.59871912,2.315488812,,2025-12-19T14:27:58Z,2017,01/01/2017,31/12/2017,,
8547347,MALARIA_EST_MORTALITY,COUNTRY,BEN,AFR,Africa,YEAR,2007,,,,,,,,,157.29 [147.28-167.78],157.2933746,147.2754708,167.7806233,,2025-12-19T14:27:58Z,2007,01/01/2007,31/12/2007,,
8550314,MALARIA_EST_MORTALITY,COUNTRY,CAF,AFR,Africa,YEAR,2011,,,,,,,,,121.99 [109.07-136.32],121.9928671,109.0685015,136.3191977,,2025-12-19T14:27:58Z,2011,01/01/2011,31/12/2011,,
8554340,MALARIA_EST_MORTALITY,COUNTRY,ECU,AMR,Americas,YEAR,2011,,,,,,,,,0 [0-0],0,0,0,,2025-12-19T14:27:58Z,2011,01/01/2011,31/12/2011,,
8562284,MALARIA_EST_MORTALITY,COUNTRY,STP,AFR,Africa,YEAR,2023,,,,,,,,,0 [0-0],0,0,0,,2025-12-19T14:27:58Z,2023,01/01/2023,31/12/2023,,
8566269,MALARIA_EST_MORTALITY,REGION,AMR,,,YEAR,2003,,,,,,,,,0.60 [0.48-0.76],0.59699777,0.481502288,0.764567886,,2025-12-19T14:27:58Z,2003,01/01/2003,31/12/2003,,
8567152,MALARIA_EST_MORTALITY,COUNTRY,COM,AFR,Africa,YEAR,2003,,,,,,,,,15.62 [5.44-31.24],15.61959786,5.440534085,31.23919571,,2025-12-19T14:27:58Z,2003,01/01/2003,31/12/2003,,
8573195,MALARIA_EST_MORTALITY,COUNTRY,GAB,AFR,Africa,YEAR,2021,,,,,,,,,18.01 [15.53-22.09],18.00799589,15.52558524,22.08924729,,2025-12-19T14:27:58Z,2021,01/01/2021,31/12/2021,,
8581072,MALARIA_EST_MORTALITY,COUNTRY,DOM,AMR,Americas,YEAR,2003,,,,,,,,,0.24 [0.24-0.24],0.242585721,0.242585721,0.242585721,,2025-12-19T14:27:58Z,2003,01/01/2003,31/12/2003,,
8592062,MALARIA_EST_MORTALITY,COUNTRY,AZE,EUR,Europe,YEAR,2013,,,,,,,,,0 [0-0],0,0,0,,2025-12-19T14:27:58Z,2013,01/01/2013,31/12/2013,,
8593647,MALARIA_EST_MORTALITY,COUNTRY,TJK,EUR,Europe,YEAR,2023,,,,,,,,,0 [0-0],0,0,0,,2025-12-19T14:27:58Z,2023,01/01/2023,31/12/2023,,
8613140,MALARIA_EST_MORTALITY,COUNTRY,IND,SEAR,South-East Asia,YEAR,2021,,,,,,,,,0.44 [0.18-0.80],0.435890721,0.175262502,0.803247843,,2025-12-19T14:27:58Z,2021,01/01/2021,31/12/2021,,
8623383,MALARIA_EST_MORTALITY,COUNTRY,SWZ,AFR,Africa,YEAR,2002,,,,,,,,,15.51 [15.51-15.51],15.50685504,15.50685504,15.50685504,,2025-12-19T14:27:58Z,2002,01/01/2002,31/12/2002,,
8632197,MALARIA_EST_MORTALITY,COUNTRY,PRY,AMR,Americas,YEAR,2011,,,,,,,,,0 [0-0],0,0,0,,2025-12-19T14:27:58Z,2011,01/01/2011,31/12/2011,,
8638738,MALARIA_EST_MORTALITY,COUNTRY,KEN,AFR,Africa,YEAR,2020,,,,,,,,,21.80 [20.77-23.05],21.80119004,20.77471096,23.04981758,,2025-12-19T14:27:58Z,2020,01/01/2020,31/12/2020,,
8669855,MALARIA_EST_MORTALITY,COUNTRY,MLI,AFR,Africa,YEAR,2003,,,,,,,,,165.36 [156.07-174.96],165.3612488,156.0667736,174.9552915,,2025-12-19T14:27:58Z,2003,01/01/2003,31/12/2003,,
8673562,MALARIA_EST_MORTALITY,COUNTRY,BWA,AFR,Africa,YEAR,2023,,,,,,,,,0.24 [0.24-0.24],0.243256918,0.243256918,0.243256918,,2025-12-19T14:27:58Z,2023,01/01/2023,31/12/2023,,
8692717,MALARIA_EST_MORTALITY,COUNTRY,BGD,SEAR,South-East Asia,YEAR,2012,,,,,,,,,0.51 [0.23-0.83],0.508618237,0.233366015,0.825756667,,2025-12-19T14:27:58Z,2012,01/01/2012,31/12/2012,,
8705293,MALARIA_EST_MORTALITY,COUNTRY,TUR,EUR,Europe,YEAR,2017,,,,,,,,,0 [0-0],0,0,0,,2025-12-19T14:27:58Z,2017,01/01/2017,31/12/2017,,
8710898,MALARIA_EST_MORTALITY,COUNTRY,NPL,SEAR,South-East Asia,YEAR,2009,,,,,,,,,0.10 [0.10-0.10],0.101375629,0.101375629,0.101375629,,2025-12-19T14:27:58Z,2009,01/01/2009,31/12/2009,,
8719610,MALARIA_EST_MORTALITY,COUNTRY,IRQ,EMR,Eastern Mediterranean,YEAR,2024,,,,,,,,,0 [0-0],0,0,0,,2025-12-19T14:27:58Z,2024,01/01/2024,31/12/2024,,
8720444,MALARIA_EST_MORTALITY,COUNTRY,EGY,EMR,Eastern Mediterranean,YEAR,2024,,,,,,,,,0 [0-0],0,0,0,,2025-12-19T14:27:58Z,2024,01/01/2024,31/12/2024,,
8725518,MALARIA_EST_MORTALITY,COUNTRY,CAF,AFR,Africa,YEAR,2003,,,,,,,,,147.91 [135.48-162.44],147.9130586,135.4833898,162.4387108,,2025-12-19T14:27:58Z,2003,01/01/2003,31/12/2003,,
8736387,MALARIA_EST_MORTALITY,COUNTRY,KOR,WPR,Western Pacific,YEAR,2019,,,,,,,,,0 [0-0],0,0,0,,2025-12-19T14:27:58Z,2019,01/01/2019,31/12/2019,,
8739066,MALARIA_EST_MORTALITY,COUNTRY,DZA,AFR,Africa,YEAR,2022,,,,,,,,,0 [0-0],0,0,0,,2025-12-19T14:27:58Z,2022,01/01/2022,31/12/2022,,
8742921,MALARIA_EST_MORTALITY,COUNTRY,PER,AMR,Americas,YEAR,2006,,,,,,,,,0.47 [0.23-0.72],0.467427201,0.2337136,0.71911877,,2025-12-19T14:27:58Z,2006,01/01/2006,31/12/2006,,
8744385,MALARIA_EST_MORTALITY,COUNTRY,OMN,EMR,Eastern Mediterranean,YEAR,2010,,,,,,,,,0 [0-0],0,0,0,,2025-12-19T14:27:58Z,2010,01/01/2010,31/12/2010,,
8757641,MALARIA_EST_MORTALITY,REGION,AFR,,,YEAR,2019,,,,,,,,,55.59 [51.50-63.86],55.58526655,51.5002116,63.86172926,,2025-12-19T14:27:58Z,2019,01/01/2019,31/12/2019,,
8763285,MALARIA_EST_MORTALITY,COUNTRY,PNG,WPR,Western Pacific,YEAR,2010,,,,,,,,,30.84 [8.76-66.47],30.83766172,8.76397438,66.47127414,,2025-12-19T14:27:58Z,2010,01/01/2010,31/12/2010,,
8767642,MALARIA_EST_MORTALITY,REGION,SEAR,,,YEAR,2019,,,,,,,,,0.38 [0.18-0.64],0.377010189,0.176580719,0.635490659,,2025-12-19T14:27:58Z,2019,01/01/2019,31/12/2019,,
8770498,MALARIA_EST_MORTALITY,COUNTRY,HND,AMR,Americas,YEAR,2020,,,,,,,,,0 [0-0.01],0,0,0.010909444,,2025-12-19T14:27:58Z,2020,01/01/2020,31/12/2020,,
8780678,MALARIA_EST_MORTALITY,COUNTRY,DZA,AFR,Africa,YEAR,2014,,,,,,,,,0 [0-0],0,0,0,,2025-12-19T14:27:58Z,2014,01/01/2014,31/12/2014,,
8781544,MALARIA_EST_MORTALITY,COUNTRY,LKA,SEAR,South-East Asia,YEAR,2015,,,,,,,,,0 [0-0],0,0,0,,2025-12-19T14:27:58Z,2015,01/01/2015,31/12/2015,,
8781847,MALARIA_EST_MORTALITY,COUNTRY,AFG,EMR,Eastern Mediterranean,YEAR,2003,,,,,,,,,4.55 [2.10-8.22],4.546568916,2.09666336,8.215729795,,2025-12-19T14:27:58Z,2003,01/01/2003,31/12/2003,,
8781911,MALARIA_EST_MORTALITY,COUNTRY,CAF,AFR,Africa,YEAR,2013,,,,,,,,,89.97 [79.96-101.69],89.97464468,79.95831484,101.6926736,,2025-12-19T14:27:58Z,2013,01/01/2013,31/12/2013,,
8819106,MALARIA_EST_MORTALITY,COUNTRY,LBR,AFR,Africa,YEAR,2023,,,,,,,,,64.46 [51.79-85.51],64.4634993,51.79289904,85.50834685,,2025-12-19T14:27:58Z,2023,01/01/2023,31/12/2023,,
8819519,MALARIA_EST_MORTALITY,COUNTRY,GEO,EUR,Europe,YEAR,2013,,,,,,,,,0 [0-0],0,0,0,,2025-12-19T14:27:58Z,2013,01/01/2013,31/12/2013,,
8831673,MALARIA_EST_MORTALITY,COUNTRY,COM,AFR,Africa,YEAR,2006,,,,,,,,,14.72 [5.13-29.43],14.71675213,5.12605973,29.43350426,,2025-12-19T14:27:58Z,2006,01/01/2006,31/12/2006,,
8837194,MALARIA_EST_MORTALITY,COUNTRY,ECU,AMR,Americas,YEAR,2013,,,,,,,,,0 [0-0],0,0,0,,2025-12-19T14:27:58Z,2013,01/01/2013,31/12/2013,,
8844514,MALARIA_EST_MORTALITY,COUNTRY,ARM,EUR,Europe,YEAR,2008,,,,,,,,,0 [0-0],0,0,0,,2025-12-19T14:27:58Z,2008,01/01/2008,31/12/2008,,
8849817,MALARIA_EST_MORTALITY,REGION,AMR,,,YEAR,2017,,,,,,,,,0.45 [0.30-0.62],0.453708132,0.304515818,0.615162828,,2025-12-19T14:27:58Z,2017,01/01/2017,31/12/2017,,
8856306,MALARIA_EST_MORTALITY,COUNTRY,SLV,AMR,Americas,YEAR,2014,,,,,,,,,0 [0-0],0,0,0,,2025-12-19T14:27:58Z,2014,01/01/2014,31/12/2014,,
8871028,MALARIA_EST_MORTALITY,COUNTRY,NGA,AFR,Africa,YEAR,2017,,,,,,,,,88.48 [74.69-107.10],88.47538057,74.68583315,107.0977513,,2025-12-19T14:27:58Z,2017,01/01/2017,31/12/2017,,
8875997,MALARIA_EST_MORTALITY,COUNTRY,PAN,AMR,Americas,YEAR,2011,,,,,,,,,0 [0-0],0,0,0,,2025-12-19T14:27:58Z,2011,01/01/2011,31/12/2011,,
8889581,MALARIA_EST_MORTALITY,COUNTRY,AZE,EUR,Europe,YEAR,2009,,,,,,,,,0 [0-0],0,0,0,,2025-12-19T14:27:58Z,2009,01/01/2009,31/12/2009,,
8894982,MALARIA_EST_MORTALITY,COUNTRY,BWA,AFR,Africa,YEAR,2001,,,,,,,,,2.55 [2.55-2.55],2.554638431,2.554638431,2.554638431,,2025-12-19T14:27:58Z,2001,01/01/2001,31/12/2001,,
8902620,MALARIA_EST_MORTALITY,COUNTRY,COG,AFR,Africa,YEAR,2013,,,,,,,,,41.77 [38.07-45.89],41.77390661,38.06799079,45.89159084,,2025-12-19T14:27:58Z,2013,01/01/2013,31/12/2013,,
8915276,MALARIA_EST_MORTALITY,COUNTRY,ERI,AFR,Africa,YEAR,2015,,,,,,,,,4.12 [1.67-7.60],4.121658478,1.673618745,7.599307819,,2025-12-19T14:27:58Z,2015,01/01/2015,31/12/2015,,
8919865,MALARIA_EST_MORTALITY,COUNTRY,HND,AMR,Americas,YEAR,2011,,,,,,,,,0.06 [0.03-0.10],0.064632384,0.025852954,0.103411814,,2025-12-19T14:27:58Z,2011,01/01/2011,31/12/2011,,
8922269,MALARIA_EST_MORTALITY,COUNTRY,BGD,SEAR,South-East Asia,YEAR,2016,,,,,,,,,0.42 [0.19-0.65],0.415446677,0.19041306,0.652020479,,2025-12-19T14:27:58Z,2016,01/01/2016,31/12/2016,,
8922641,MALARIA_EST_MORTALITY,COUNTRY,PAN,AMR,Americas,YEAR,2001,,,,,,,,,0.05 [0.05-0.05],0.048624203,0.048624203,0.048624203,,2025-12-19T14:27:58Z,2001,01/01/2001,31/12/2001,,
8937730,MALARIA_EST_MORTALITY,COUNTRY,BOL,AMR,Americas,YEAR,2007,,,,,,,,,0.25 [0.11-0.43],0.250328328,0.113785604,0.432385294,,2025-12-19T14:27:58Z,2007,01/01/2007,31/12/2007,,
8939488,MALARIA_EST_MORTALITY,COUNTRY,PAN,AMR,Americas,YEAR,2010,,,,,,,,,0.04 [0.04-0.04],0.041133339,0.041133339,0.041133339,,2025-12-19T14:27:58Z,2010,01/01/2010,31/12/2010,,
8952965,MALARIA_EST_MORTALITY,COUNTRY,LKA,SEAR,South-East Asia,YEAR,2001,,,,,,,,,1.15 [1.15-1.15],1.153483643,1.153483643,1.153483643,,2025-12-19T14:27:58Z,2001,01/01/2001,31/12/2001,,
8953887,MALARIA_EST_MORTALITY,COUNTRY,SLE,AFR,Africa,YEAR,2024,,,,,,,,,76.90 [61.56-96.73],76.90329879,61.55937812,96.72533812,,2025-12-19T14:27:58Z,2024,01/01/2024,31/12/2024,,
8964984,MALARIA_EST_MORTALITY,COUNTRY,HTI,AMR,Americas,YEAR,2021,,,,,,,,,0.56 [0.22-1.12],0.560897641,0.216486809,1.121795282,,2025-12-19T14:27:58Z,2021,01/01/2021,31/12/2021,,
8966445,MALARIA_EST_MORTALITY,COUNTRY,UZB,EUR,Europe,YEAR,2002,,,,,,,,,0 [0-0],0,0,0,,2025-12-19T14:27:58Z,2002,01/01/2002,31/12/2002,,
8979762,MALARIA_EST_MORTALITY,COUNTRY,CRI,AMR,Americas,YEAR,2005,,,,,,,,,0 [0-0],0,0,0,,2025-12-19T14:27:58Z,2005,01/01/2005,31/12/2005,,
8985244,MALARIA_EST_MORTALITY,COUNTRY,SOM,EMR,Eastern Mediterranean,YEAR,2018,,,,,,,,,14.37 [5.65-26.97],14.37309181,5.649414599,26.9736533,,2025-12-19T14:27:58Z,2018,01/01/2018,31/12/2018,,
8989489,MALARIA_EST_MORTALITY,COUNTRY,SEN,AFR,Africa,YEAR,2004,,,,,,,,,32.34 [31.61-33.13],32.34416672,31.60617305,33.12771554,,2025-12-19T14:27:58Z,2004,01/01/2004,31/12/2004,,
9002854,MALARIA_EST_MORTALITY,COUNTRY,KHM,WPR,Western Pacific,YEAR,2021,,,,,,,,,0 [0-0],0,0,0,,2025-12-19T14:27:58Z,2021,01/01/2021,31/12/2021,,
9016587,MALARIA_EST_MORTALITY,COUNTRY,SYR,EMR,Eastern Mediterranean,YEAR,2024,,,,,,,,,0 [0-0],0,0,0,,2025-12-19T14:27:58Z,2024,01/01/2024,31/12/2024,,
9021347,MALARIA_EST_MORTALITY,COUNTRY,ARG,AMR,Americas,YEAR,2023,,,,,,,,,0 [0-0],0,0,0,,2025-12-19T14:27:58Z,2023,01/01/2023,31/12/2023,,
9021774,MALARIA_EST_MORTALITY,COUNTRY,GHA,AFR,Africa,YEAR,2005,,,,,,,,,66.12 [63.88-68.57],66.11746806,63.87687745,68.57187249,,2025-12-19T14:27:58Z,2005,01/01/2005,31/12/2005,,
9021942,MALARIA_EST_MORTALITY,COUNTRY,AFG,EMR,Eastern Mediterranean,YEAR,2002,,,,,,,,,6.86 [3.23-12.34],6.864344022,3.229210383,12.34158163,,2025-12-19T14:27:58Z,2002,01/01/2002,31/12/2002,,
9022392,MALARIA_EST_MORTALITY,COUNTRY,KHM,WPR,Western Pacific,YEAR,2015,,,,,,,,,3.37 [1.66-5.29],3.365078742,1.664544298,5.290551606,,2025-12-19T14:27:58Z,2015,01/01/2015,31/12/2015,,
9030081,MALARIA_EST_MORTALITY,COUNTRY,MAR,EMR,Eastern Mediterranean,YEAR,2020,,,,,,,,,0 [0-0],0,0,0,,2025-12-19T14:27:58Z,2020,01/01/2020,31/12/2020,,
9035317,MALARIA_EST_MORTALITY,COUNTRY,COM,AFR,Africa,YEAR,2015,,,,,,,,,0.55 [0.28-0.96],0.550447101,0.27522355,0.963282426,,2025-12-19T14:27:58Z,2015,01/01/2015,31/12/2015,,
9052758,MALARIA_EST_MORTALITY,COUNTRY,KHM,WPR,Western Pacific,YEAR,2012,,,,,,,,,3.60 [1.82-5.62],3.602428469,1.824728781,5.624679438,,2025-12-19T14:27:58Z,2012,01/01/2012,31/12/2012,,
9058975,MALARIA_EST_MORTALITY,COUNTRY,IND,SEAR,South-East Asia,YEAR,2011,,,,,,,,,1.56 [0.76-2.54],1.564291759,0.757410808,2.542841745,,2025-12-19T14:27:58Z,2011,01/01/2011,31/12/2011,,
9059418,MALARIA_EST_MORTALITY,COUNTRY,CAF,AFR,Africa,YEAR,2008,,,,,,,,,138.93 [125.58-153.39],138.9344948,125.5762524,153.389473,,2025-12-19T14:27:58Z,2008,01/01/2008,31/12/2008,,
9061151,MALARIA_EST_MORTALITY,REGION,SEAR,,,YEAR,2013,,,,,,,,,0.98 [0.52-1.52],0.981369145,0.521373364,1.517887354,,2025-12-19T14:27:58Z,2013,01/01/2013,31/12/2013,,
9073152,MALARIA_EST_MORTALITY,COUNTRY,GIN,AFR,Africa,YEAR,2012,,,,,,,,,132.56 [122.68-143.16],132.5632372,122.6837143,143.1569425,,2025-12-19T14:27:58Z,2012,01/01/2012,31/12/2012,,
9073177,MALARIA_EST_MORTALITY,COUNTRY,MWI,AFR,Africa,YEAR,2017,,,,,,,,,38.94 [35.38-43.45],38.93631357,35.38304236,43.44871856,,2025-12-19T14:27:58Z,2017,01/01/2017,31/12/2017,,
9104645,MALARIA_EST_MORTALITY,COUNTRY,THA,SEAR,South-East Asia,YEAR,2020,,,,,,,,,0.02 [0.02-0.02],0.022067444,0.022067444,0.022067444,,2025-12-19T14:27:58Z,2020,01/01/2020,31/12/2020,,
9112827,MALARIA_EST_MORTALITY,COUNTRY,CAF,AFR,Africa,YEAR,2019,,,,,,,,,80.91 [68.25-96.14],80.91486991,68.25435218,96.14328707,,2025-12-19T14:27:58Z,2019,01/01/2019,31/12/2019,,
9122438,MALARIA_EST_MORTALITY,COUNTRY,THA,SEAR,South-East Asia,YEAR,2004,,,,,,,,,1.85 [1.85-1.85],1.851825014,1.851825014,1.851825014,,2025-12-19T14:27:58Z,2004,01/01/2004,31/12/2004,,
9122714,MALARIA_EST_MORTALITY,COUNTRY,CPV,AFR,Africa,YEAR,2010,,,,,,,,,0.75 [0.75-0.75],0.754472134,0.754472134,0.754472134,,2025-12-19T14:27:58Z,2010,01/01/2010,31/12/2010,,
9122812,MALARIA_EST_MORTALITY,COUNTRY,LKA,SEAR,South-East Asia,YEAR,2006,,,,,,,,,0.02 [0.02-0.02],0.02136271,0.02136271,0.02136271,,2025-12-19T14:27:58Z,2006,01/01/2006,31/12/2006,,
9123694,MALARIA_EST_MORTALITY,COUNTRY,CMR,AFR,Africa,YEAR,2009,,,,,,,,,69.48 [64.97-74.36],69.47796777,64.96817799,74.36444532,,2025-12-19T14:27:58Z,2009,01/01/2009,31/12/2009,,
9125104,MALARIA_EST_MORTALITY,COUNTRY,GTM,AMR,Americas,YEAR,2013,,,,,,,,,0.02 [0-0.03],0.017217323,0,0.034434645,,2025-12-19T14:27:58Z,2013,01/01/2013,31/12/2013,,
9130360,MALARIA_EST_MORTALITY,REGION,EMR,,,YEAR,2021,,,,,,,,,2.62 [1.50-4.34],2.62246956,1.49500398,4.339031861,,2025-12-19T14:27:58Z,2021,01/01/2021,31/12/2021,,
9143102,MALARIA_EST_MORTALITY,COUNTRY,ZAF,AFR,Africa,YEAR,2014,,,,,,,,,3.13 [3.13-3.13],3.129787428,3.129787428,3.129787428,,2025-12-19T14:27:58Z,2014,01/01/2014,31/12/2014,,
9143432,MALARIA_EST_MORTALITY,COUNTRY,LKA,SEAR,South-East Asia,YEAR,2023,,,,,,,,,0 [0-0],0,0,0,,2025-12-19T14:27:58Z,2023,01/01/2023,31/12/2023,,
9147841,MALARIA_EST_MORTALITY,COUNTRY,LBR,AFR,Africa,YEAR,2004,,,,,,,,,120.02 [113.09-127.69],120.0231494,113.0851524,127.6889193,,2025-12-19T14:27:58Z,2004,01/01/2004,31/12/2004,,
9156199,MALARIA_EST_MORTALITY,COUNTRY,SDN,EMR,Eastern Mediterranean,YEAR,2011,,,,,,,,,8.20 [3.59-14.05],8.198488988,3.591508169,14.04790198,,2025-12-19T14:27:58Z,2011,01/01/2011,31/12/2011,,
9160280,MALARIA_EST_MORTALITY,COUNTRY,GUY,AMR,Americas,YEAR,2014,,,,,,,,,3.58 [1.72-6.50],3.579814619,1.723614446,6.496700604,,2025-12-19T14:27:58Z,2014,01/01/2014,31/12/2014,,
9161365,MALARIA_EST_MORTALITY,COUNTRY,CPV,AFR,Africa,YEAR,2005,,,,,,,,,1.59 [1.59-1.59],1.585665583,1.585665583,1.585665583,,2025-12-19T14:27:58Z,2005,01/01/2005,31/12/2005,,
9163036,MALARIA_EST_MORTALITY,COUNTRY,GMB,AFR,Africa,YEAR,2007,,,,,,,,,27.81 [26.90-28.88],27.80651873,26.90039999,28.88253473,,2025-12-19T14:27:58Z,2007,01/01/2007,31/12/2007,,
9181437,MALARIA_EST_MORTALITY,COUNTRY,UZB,EUR,Europe,YEAR,2008,,,,,,,,,0 [0-0],0,0,0,,2025-12-19T14:27:58Z,2008,01/01/2008,31/12/2008,,
9211066,MALARIA_EST_MORTALITY,COUNTRY,COL,AMR,Americas,YEAR,2000,,,,,,,,,1.43 [1.43-1.43],1.432843547,1.432843547,1.432843547,,2025-12-19T14:27:58Z,2000,01/01/2000,31/12/2000,,
9213901,MALARIA_EST_MORTALITY,COUNTRY,DJI,EMR,Eastern Mediterranean,YEAR,2006,,,,,,,,,4.52 [4.52-4.52],4.518865484,4.518865484,4.518865484,,2025-12-19T14:27:58Z,2006,01/01/2006,31/12/2006,,
9226442,MALARIA_EST_MORTALITY,COUNTRY,SLV,AMR,Americas,YEAR,2024,,,,,,,,,0 [0-0],0,0,0,,2025-12-19T14:27:58Z,2024,01/01/2024,31/12/2024,,
9230578,MALARIA_EST_MORTALITY,COUNTRY,GTM,AMR,Americas,YEAR,2020,,,,,,,,,0 [0-0],0,0,0,,2025-12-19T14:27:58Z,2020,01/01/2020,31/12/2020,,
9230617,MALARIA_EST_MORTALITY,COUNTRY,TZA,AFR,Africa,YEAR,2011,,,,,,,,,45.63 [44.21-47.20],45.62956514,44.20656056,47.20247402,,2025-12-19T14:27:58Z,2011,01/01/2011,31/12/2011,,
9240119,MALARIA_EST_MORTALITY,COUNTRY,MRT,AFR,Africa,YEAR,2022,,,,,,,,,14.73 [4.57-33.10],14.72628089,4.573761336,33.10387955,,2025-12-19T14:27:58Z,2022,01/01/2022,31/12/2022,,
9249841,MALARIA_EST_MORTALITY,COUNTRY,LAO,WPR,Western Pacific,YEAR,2017,,,,,,,,,0.58 [0.25-1.01],0.57505982,0.246454209,1.013200635,,2025-12-19T14:27:58Z,2017,01/01/2017,31/12/2017,,
9262132,MALARIA_EST_MORTALITY,COUNTRY,CPV,AFR,Africa,YEAR,2003,,,,,,,,,3.25 [3.25-3.25],3.249945157,3.249945157,3.249945157,,2025-12-19T14:27:58Z,2003,01/01/2003,31/12/2003,,
9262735,MALARIA_EST_MORTALITY,COUNTRY,GAB,AFR,Africa,YEAR,2015,,,,,,,,,19.21 [17.25-21.85],19.20637495,17.24654077,21.85215109,,2025-12-19T14:27:58Z,2015,01/01/2015,31/12/2015,,
9265214,MALARIA_EST_MORTALITY,COUNTRY,VUT,WPR,Western Pacific,YEAR,2000,,,,,,,,,18.25 [6.98-35.97],18.25199564,6.978704216,35.96716788,,2025-12-19T14:27:58Z,2000,01/01/2000,31/12/2000,,
9269487,MALARIA_EST_MORTALITY,COUNTRY,ARE,EMR,Eastern Mediterranean,YEAR,2016,,,,,,,,,0 [0-0],0,0,0,,2025-12-19T14:27:58Z,2016,01/01/2016,31/12/2016,,
9283430,MALARIA_EST_MORTALITY,COUNTRY,LKA,SEAR,South-East Asia,YEAR,2024,,,,,,,,,0 [0-0],0,0,0,,2025-12-19T14:27:58Z,2024,01/01/2024,31/12/2024,,
9289645,MALARIA_EST_MORTALITY,COUNTRY,SLE,AFR,Africa,YEAR,2015,,,,,,,,,149.95 [136.38-164.70],149.9505162,136.3806552,164.6997473,,2025-12-19T14:27:58Z,2015,01/01/2015,31/12/2015,,
9293015,MALARIA_EST_MORTALITY,COUNTRY,VEN,AMR,Americas,YEAR,2001,,,,,,,,,0.22 [0.22-0.22],0.224180061,0.224180061,0.224180061,,2025-12-19T14:27:58Z,2001,01/01/2001,31/12/2001,,
9293222,MALARIA_EST_MORTALITY,COUNTRY,OMN,EMR,Eastern Mediterranean,YEAR,2005,,,,,,,,,0 [0-0],0,0,0,,2025-12-19T14:27:58Z,2005,01/01/2005,31/12/2005,,
9307544,MALARIA_EST_MORTALITY,COUNTRY,BFA,AFR,Africa,YEAR,2008,,,,,,,,,236.37 [217.54-256.40],236.3663664,217.5435685,256.4017994,,2025-12-19T14:27:58Z,2008,01/01/2008,31/12/2008,,
9308522,MALARIA_EST_MORTALITY,COUNTRY,ERI,AFR,Africa,YEAR,2011,,,,,,,,,4.70 [1.90-8.67],4.702374699,1.900959985,8.671879299,,2025-12-19T14:27:58Z,2011,01/01/2011,31/12/2011,,
9313226,MALARIA_EST_MORTALITY,COUNTRY,TCD,AFR,Africa,YEAR,2010,,,,,,,,,109.42 [100.40-119.02],109.4208521,100.3961979,119.0203249,,2025-12-19T14:27:58Z,2010,01/01/2010,31/12/2010,,
9314325,MALARIA_EST_MORTALITY,COUNTRY,VEN,AMR,Americas,YEAR,2019,,,,,,,,,2.42 [1.26-3.70],2.418956491,1.257684593,3.704459084,,2025-12-19T14:27:58Z,2019,01/01/2019,31/12/2019,,
9314329,MALARIA_EST_MORTALITY,COUNTRY,TCD,AFR,Africa,YEAR,2004,,,,,,,,,90.18 [84.72-96.20],90.18070897,84.7176823,96.20430741,,2025-12-19T14:27:58Z,2004,01/01/2004,31/12/2004,,
9315594,MALARIA_EST_MORTALITY,COUNTRY,MOZ,AFR,Africa,YEAR,2008,,,,,,,,,107.42 [99.32-116.30],107.4245443,99.32152823,116.3021134,,2025-12-19T14:27:58Z,2008,01/01/2008,31/12/2008,,
9320213,MALARIA_EST_MORTALITY,COUNTRY,PRK,SEAR,South-East Asia,YEAR,2012,,,,,,,,,0 [0-0],0,0,0,,2025-12-19T14:27:58Z,2012,01/01/2012,31/12/2012,,
9327015,MALARIA_EST_MORTALITY,COUNTRY,CRI,AMR,Americas,YEAR,2016,,,,,,,,,0 [0-0],0,0,0,,2025-12-19T14:27:58Z,2016,01/01/2016,31/12/2016,,
9327645,MALARIA_EST_MORTALITY,COUNTRY,MMR,SEAR,South-East Asia,YEAR,2011,,,,,,,,,7.46 [3.30-12.93],7.464531225,3.304924684,12.92532122,,2025-12-19T14:27:58Z,2011,01/01/2011,31/12/2011,,
9327935,MALARIA_EST_MORTALITY,COUNTRY,MAR,EMR,Eastern Mediterranean,YEAR,2021,,,,,,,,,0 [0-0],0,0,0,,2025-12-19T14:27:58Z,2021,01/01/2021,31/12/2021,,
9338334,MALARIA_EST_MORTALITY,COUNTRY,BTN,SEAR,South-East Asia,YEAR,2001,,,,,,,,,3.10 [3.10-3.10],3.097434218,3.097434218,3.097434218,,2025-12-19T14:27:58Z,2001,01/01/2001,31/12/2001,,
9339284,MALARIA_EST_MORTALITY,COUNTRY,DZA,AFR,Africa,YEAR,2003,,,,,,,,,0 [0-0],0,0,0,,2025-12-19T14:27:58Z,2003,01/01/2003,31/12/2003,,
9347050,MALARIA_EST_MORTALITY,COUNTRY,COD,AFR,Africa,YEAR,2009,,,,,,,,,133.51 [115.33-154.05],133.5059044,115.3345017,154.0475475,,2025-12-19T14:27:58Z,2009,01/01/2009,31/12/2009,,
9353809,MALARIA_EST_MORTALITY,COUNTRY,GAB,AFR,Africa,YEAR,2012,,,,,,,,,21.66 [19.76-24.04],21.65804225,19.76296356,24.0404269,,2025-12-19T14:27:58Z,2012,01/01/2012,31/12/2012,,
9359628,MALARIA_EST_MORTALITY,REGION,EUR,,,YEAR,2012,,,,,,,,,0 [0-0],0,0,0,,2025-12-19T14:27:58Z,2012,01/01/2012,31/12/2012,,
9363172,MALARIA_EST_MORTALITY,COUNTRY,BDI,AFR,Africa,YEAR,2016,,,,,,,,,51.42 [44.66-60.71],51.41710213,44.65520602,60.71470929,,2025-12-19T14:27:58Z,2016,01/01/2016,31/12/2016,,
9378892,MALARIA_EST_MORTALITY,COUNTRY,MAR,EMR,Eastern Mediterranean,YEAR,2005,,,,,,,,,0 [0-0],0,0,0,,2025-12-19T14:27:58Z,2005,01/01/2005,31/12/2005,,
9383476,MALARIA_EST_MORTALITY,COUNTRY,PER,AMR,Americas,YEAR,2004,,,,,,,,,0.90 [0.47-1.38],0.895858628,0.466212143,1.380353601,,2025-12-19T14:27:58Z,2004,01/01/2004,31/12/2004,,
9384517,MALARIA_EST_MORTALITY,COUNTRY,AZE,EUR,Europe,YEAR,2018,,,,,,,,,0 [0-0],0,0,0,,2025-12-19T14:27:58Z,2018,01/01/2018,31/12/2018,,
9388684,MALARIA_EST_MORTALITY,COUNTRY,HTI,AMR,Americas,YEAR,2020,,,,,,,,,0.97 [0.38-1.78],0.965608605,0.37827966,1.781896292,,2025-12-19T14:27:58Z,2020,01/01/2020,31/12/2020,,
9391241,MALARIA_EST_MORTALITY,COUNTRY,PAK,EMR,Eastern Mediterranean,YEAR,2014,,,,,,,,,0.34 [0.14-0.72],0.344179798,0.140983166,0.718766101,,2025-12-19T14:27:58Z,2014,01/01/2014,31/12/2014,,
9395775,MALARIA_EST_MORTALITY,COUNTRY,SLV,AMR,Americas,YEAR,2008,,,,,,,,,0 [0-0],0,0,0,,2025-12-19T14:27:58Z,2008,01/01/2008,31/12/2008,,
9397964,MALARIA_EST_MORTALITY,COUNTRY,UGA,AFR,Africa,YEAR,2004,,,,,,,,,130.48 [123.82-137.49],130.4755397,123.8172547,137.487265,,2025-12-19T14:27:58Z,2004,01/01/2004,31/12/2004,,
9410201,MALARIA_EST_MORTALITY,COUNTRY,TUR,EUR,Europe,YEAR,2012,,,,,,,,,0 [0-0],0,0,0,,2025-12-19T14:27:58Z,2012,01/01/2012,31/12/2012,,
9441008,MALARIA_EST_MORTALITY,COUNTRY,DOM,AMR,Americas,YEAR,2013,,,,,,,,,0.09 [0.09-0.09],0.089047734,0.089047734,0.089047734,,2025-12-19T14:27:58Z,2013,01/01/2013,31/12/2013,,
9453259,MALARIA_EST_MORTALITY,COUNTRY,AZE,EUR,Europe,YEAR,2011,,,,,,,,,0 [0-0],0,0,0,,2025-12-19T14:27:58Z,2011,01/01/2011,31/12/2011,,
9490283,MALARIA_EST_MORTALITY,COUNTRY,BTN,SEAR,South-East Asia,YEAR,2018,,,,,,,,,0 [0-0],0,0,0,,2025-12-19T14:27:58Z,2018,01/01/2018,31/12/2018,,
9491131,MALARIA_EST_MORTALITY,COUNTRY,SAU,EMR,Eastern Mediterranean,YEAR,2007,,,,,,,,,0 [0-0],0,0,0,,2025-12-19T14:27:58Z,2007,01/01/2007,31/12/2007,,
9491288,MALARIA_EST_MORTALITY,COUNTRY,TJK,EUR,Europe,YEAR,2001,,,,,,,,,0 [0-0],0,0,0,,2025-12-19T14:27:58Z,2001,01/01/2001,31/12/2001,,
9495745,MALARIA_EST_MORTALITY,COUNTRY,YEM,EMR,Eastern Mediterranean,YEAR,2002,,,,,,,,,24.48 [8.08-114.79],24.4811696,8.083148283,114.7876406,,2025-12-19T14:27:58Z,2002,01/01/2002,31/12/2002,,
9502502,MALARIA_EST_MORTALITY,COUNTRY,NIC,AMR,Americas,YEAR,2014,,,,,,,,,0 [0-0],0,0,0,,2025-12-19T14:27:58Z,2014,01/01/2014,31/12/2014,,
9541537,MALARIA_EST_MORTALITY,COUNTRY,EGY,EMR,Eastern Mediterranean,YEAR,2005,,,,,,,,,0 [0-0],0,0,0,,2025-12-19T14:27:58Z,2005,01/01/2005,31/12/2005,,
9591572,MALARIA_EST_MORTALITY,COUNTRY,PRK,SEAR,South-East Asia,YEAR,2007,,,,,,,,,0 [0-0],0,0,0,,2025-12-19T14:27:58Z,2007,01/01/2007,31/12/2007,,
9592165,MALARIA_EST_MORTALITY,COUNTRY,TLS,SEAR,South-East Asia,YEAR,2023,,,,,,,,,0 [0-0],0,0,0,,2025-12-19T14:27:58Z,2023,01/01/2023,31/12/2023,,
9610825,MALARIA_EST_MORTALITY,COUNTRY,PER,AMR,Americas,YEAR,2019,,,,,,,,,0.27 [0.13-0.48],0.274622065,0.13338786,0.478627028,,2025-12-19T14:27:58Z,2019,01/01/2019,31/12/2019,,
9611181,MALARIA_EST_MORTALITY,COUNTRY,KGZ,EUR,Europe,YEAR,2024,,,,,,,,,0 [0-0],0,0,0,,2025-12-19T14:27:58Z,2024,01/01/2024,31/12/2024,,
9616424,MALARIA_EST_MORTALITY,COUNTRY,BEN,AFR,Africa,YEAR,2008,,,,,,,,,128.29 [119.95-137.21],128.2878433,119.9549308,137.2061727,,2025-12-19T14:27:58Z,2008,01/01/2008,31/12/2008,,
9623566,MALARIA_EST_MORTALITY,COUNTRY,VEN,AMR,Americas,YEAR,2020,,,,,,,,,1.38 [0.70-2.09],1.378142851,0.703134108,2.0883083,,2025-12-19T14:27:58Z,2020,01/01/2020,31/12/2020,,
9660016,MALARIA_EST_MORTALITY,COUNTRY,CAF,AFR,Africa,YEAR,2016,,,,,,,,,102.66 [89.04-118.46],102.6590149,89.0385036,118.4641329,,2025-12-19T14:27:58Z,2016,01/01/2016,31/12/2016,,
9680447,MALARIA_EST_MORTALITY,COUNTRY,AFG,EMR,Eastern Mediterranean,YEAR,2012,,,,,,,,,0.39 [0.13-0.80],0.389917348,0.131385193,0.796787624,,2025-12-19T14:27:58Z,2012,01/01/2012,31/12/2012,,
9705195,MALARIA_EST_MORTALITY,COUNTRY,ARM,EUR,Europe,YEAR,2007,,,,,,,,,0 [0-0],0,0,0,,2025-12-19T14:27:58Z,2007,01/01/2007,31/12/2007,,
9706099,MALARIA_EST_MORTALITY,COUNTRY,KGZ,EUR,Europe,YEAR,2008,,,,,,,,,0 [0-0],0,0,0,,2025-12-19T14:27:58Z,2008,01/01/2008,31/12/2008,,
9717873,MALARIA_EST_MORTALITY,COUNTRY,MRT,AFR,Africa,YEAR,2002,,,,,,,,,23.52 [22.71-24.50],23.51520126,22.71188693,24.50108703,,2025-12-19T14:27:58Z,2002,01/01/2002,31/12/2002,,
9718748,MALARIA_EST_MORTALITY,COUNTRY,SDN,EMR,Eastern Mediterranean,YEAR,2000,,,,,,,,,22.97 [9.89-40.48],22.9681806,9.889726849,40.4792164,,2025-12-19T14:27:58Z,2000,01/01/2000,31/12/2000,,
9724538,MALARIA_EST_MORTALITY,COUNTRY,MWI,AFR,Africa,YEAR,2014,,,,,,,,,46.55 [43.95-49.43],46.54803906,43.94885118,49.42984217,,2025-12-19T14:27:58Z,2014,01/01/2014,31/12/2014,,
9725534,MALARIA_EST_MORTALITY,COUNTRY,ECU,AMR,Americas,YEAR,2014,,,,,,,,,0 [0-0],0,0,0,,2025-12-19T14:27:58Z,2014,01/01/2014,31/12/2014,,
9742491,MALARIA_EST_MORTALITY,COUNTRY,STP,AFR,Africa,YEAR,2019,,,,,,,,,0 [0-0],0,0,0,,2025-12-19T14:27:58Z,2019,01/01/2019,31/12/2019,,
9743380,MALARIA_EST_MORTALITY,COUNTRY,VEN,AMR,Americas,YEAR,2008,,,,,,,,,0.19 [0.09-0.29],0.18535882,0.09267941,0.292296601,,2025-12-19T14:27:58Z,2008,01/01/2008,31/12/2008,,
9744510,MALARIA_EST_MORTALITY,COUNTRY,NER,AFR,Africa,YEAR,2018,,,,,,,,,148.43 [131.48-168.20],148.4311231,131.4804592,168.1988415,,2025-12-19T14:27:58Z,2018,01/01/2018,31/12/2018,,
9750422,MALARIA_EST_MORTALITY,COUNTRY,CIV,AFR,Africa,YEAR,2005,,,,,,,,,146.92 [137.41-157.34],146.9171247,137.4145257,157.3414438,,2025-12-19T14:27:58Z,2005,01/01/2005,31/12/2005,,
9768882,MALARIA_EST_MORTALITY,REGION,AMR,,,YEAR,2001,,,,,,,,,0.70 [0.59-0.88],0.702960406,0.592231559,0.877442225,,2025-12-19T14:27:58Z,2001,01/01/2001,31/12/2001,,
9775003,MALARIA_EST_MORTALITY,COUNTRY,DOM,AMR,Americas,YEAR,2024,,,,,,,,,0 [0-0],0,0,0,,2025-12-19T14:27:58Z,2024,01/01/2024,31/12/2024,,
9786569,MALARIA_EST_MORTALITY,COUNTRY,GIN,AFR,Africa,YEAR,2014,,,,,,,,,110.72 [101.85-120.73],110.7215562,101.8484913,120.7277238,,2025-12-19T14:27:58Z,2014,01/01/2014,31/12/2014,,
9793434,MALARIA_EST_MORTALITY,COUNTRY,MYT,AFR,Africa,YEAR,2019,,,,,,,,,0 [0-0],0,0,0,,2025-12-19T14:27:58Z,2019,01/01/2019,31/12/2019,,
9794588,MALARIA_EST_MORTALITY,COUNTRY,PNG,WPR,Western Pacific,YEAR,2020,,,,,,,,,30.18 [12.67-53.00],30.17600804,12.67351587,52.99674146,,2025-12-19T14:27:58Z,2020,01/01/2020,31/12/2020,,
9799804,MALARIA_EST_MORTALITY,COUNTRY,ZMB,AFR,Africa,YEAR,2013,,,,,,,,,48.44 [46.47-50.70],48.43821971,46.47055909,50.69810716,,2025-12-19T14:27:58Z,2013,01/01/2013,31/12/2013,,
9800278,MALARIA_EST_MORTALITY,COUNTRY,ZAF,AFR,Africa,YEAR,2009,,,,,,,,,0.87 [0.87-0.87],0.869926468,0.869926468,0.869926468,,2025-12-19T14:27:58Z,2009,01/01/2009,31/12/2009,,
9800355,MALARIA_EST_MORTALITY,COUNTRY,MWI,AFR,Africa,YEAR,2021,,,,,,,,,37.19 [31.48-46.86],37.19211874,31.48061446,46.86426443,,2025-12-19T14:27:58Z,2021,01/01/2021,31/12/2021,,
9806150,MALARIA_EST_MORTALITY,COUNTRY,TGO,AFR,Africa,YEAR,2000,,,,,,,,,96.07 [90.82-101.85],96.06936605,90.81648455,101.8475357,,2025-12-19T14:27:58Z,2000,01/01/2000,31/12/2000,,
9816051,MALARIA_EST_MORTALITY,COUNTRY,TUR,EUR,Europe,YEAR,2019,,,,,,,,,0 [0-0],0,0,0,,2025-12-19T14:27:58Z,2019,01/01/2019,31/12/2019,,
9822130,MALARIA_EST_MORTALITY,REGION,SEAR,,,YEAR,2024,,,,,,,,,0.26 [0.14-0.45],0.264686481,0.137371531,0.44851497,,2025-12-19T14:27:58Z,2024,01/01/2024,31/12/2024,,
9829073,MALARIA_EST_MORTALITY,COUNTRY,BEN,AFR,Africa,YEAR,2021,,,,,,,,,82.86 [64.09-106.53],82.86479128,64.09235618,106.5276655,,2025-12-19T14:27:58Z,2021,01/01/2021,31/12/2021,,
9829731,MALARIA_EST_MORTALITY,COUNTRY,PRY,AMR,Americas,YEAR,2024,,,,,,,,,0 [0-0],0,0,0,,2025-12-19T14:27:58Z,2024,01/01/2024,31/12/2024,,
9880708,MALARIA_EST_MORTALITY,COUNTRY,NER,AFR,Africa,YEAR,2011,,,,,,,,,182.46 [167.73-198.72],182.4550748,167.7312839,198.7160144,,2025-12-19T14:27:58Z,2011,01/01/2011,31/12/2011,,
9885456,MALARIA_EST_MORTALITY,COUNTRY,SLV,AMR,Americas,YEAR,2000,,,,,,,,,0 [0-0],0,0,0,,2025-12-19T14:27:58Z,2000,01/01/2000,31/12/2000,,
9886081,MALARIA_EST_MORTALITY,COUNTRY,CIV,AFR,Africa,YEAR,2019,,,,,,,,,40.18 [36.12-44.70],40.18372072,36.12243021,44.6990245,,2025-12-19T14:27:58Z,2019,01/01/2019,31/12/2019,,
9899075,MALARIA_EST_MORTALITY,COUNTRY,ECU,AMR,Americas,YEAR,2022,,,,,,,,,0.01 [0.01-0.01],0.009900204,0.009900204,0.009900204,,2025-12-19T14:27:58Z,2022,01/01/2022,31/12/2022,,
9905100,MALARIA_EST_MORTALITY,COUNTRY,COG,AFR,Africa,YEAR,2024,,,,,,,,,36.05 [31.74-45.07],36.04948775,31.73870801,45.06620205,,2025-12-19T14:27:58Z,2024,01/01/2024,31/12/2024,,
9917570,MALARIA_EST_MORTALITY,COUNTRY,NER,AFR,Africa,YEAR,2015,,,,,,,,,165.03 [149.36-183.13],165.0292299,149.3568193,183.1289835,,2025-12-19T14:27:58Z,2015,01/01/2015,31/12/2015,,
9917682,MALARIA_EST_MORTALITY,COUNTRY,YEM,EMR,Eastern Mediterranean,YEAR,2010,,,,,,,,,16.64 [6.43-37.99],16.64323586,6.428203049,37.99024739,,2025-12-19T14:27:58Z,2010,01/01/2010,31/12/2010,,
9918211,MALARIA_EST_MORTALITY,COUNTRY,SWZ,AFR,Africa,YEAR,2014,,,,,,,,,1.26 [1.26-1.26],1.257217213,1.257217213,1.257217213,,2025-12-19T14:27:58Z,2014,01/01/2014,31/12/2014,,
9918380,MALARIA_EST_MORTALITY,COUNTRY,ARM,EUR,Europe,YEAR,2003,,,,,,,,,0 [0-0],0,0,0,,2025-12-19T14:27:58Z,2003,01/01/2003,31/12/2003,,
9918646,MALARIA_EST_MORTALITY,REGION,EUR,,,YEAR,2014,,,,,,,,,0 [0-0],0,0,0,,2025-12-19T14:27:58Z,2014,01/01/2014,31/12/2014,,
9930328,MALARIA_EST_MORTALITY,COUNTRY,MMR,SEAR,South-East Asia,YEAR,2021,,,,,,,,,0.50 [0.21-2.16],0.496630577,0.212841676,2.164965327,,2025-12-19T14:27:58Z,2021,01/01/2021,31/12/2021,,
9931107,MALARIA_EST_MORTALITY,COUNTRY,BWA,AFR,Africa,YEAR,2019,,,,,,,,,0.45 [0.45-0.45],0.452745058,0.452745058,0.452745058,,2025-12-19T14:27:58Z,2019,01/01/2019,31/12/2019,,
9950488,MALARIA_EST_MORTALITY,COUNTRY,KAZ,EUR,Europe,YEAR,2013,,,,,,,,,0 [0-0],0,0,0,,2025-12-19T14:27:58Z,2013,01/01/2013,31/12/2013,,
9955459,MALARIA_EST_MORTALITY,COUNTRY,SEN,AFR,Africa,YEAR,2006,,,,,,,,,31.09 [30.37-31.84],31.08670242,30.37366477,31.84321798,,2025-12-19T14:27:58Z,2006,01/01/2006,31/12/2006,,
9962995,MALARIA_EST_MORTALITY,COUNTRY,ARM,EUR,Europe,YEAR,2024,,,,,,,,,0 [0-0],0,0,0,,2025-12-19T14:27:58Z,2024,01/01/2024,31/12/2024,,
9975782,MALARIA_EST_MORTALITY,COUNTRY,TLS,SEAR,South-East Asia,YEAR,2009,,,,,,,,,19.88 [8.64-35.55],19.88363055,8.63632438,35.54952129,,2025-12-19T14:27:58Z,2009,01/01/2009,31/12/2009,,
9993775,MALARIA_EST_MORTALITY,COUNTRY,NAM,AFR,Africa,YEAR,2020,,,,,,,,,1.62 [1.62-1.62],1.615916127,1.615916127,1.615916127,,2025-12-19T14:27:58Z,2020,01/01/2020,31/12/2020,,
9999577,MALARIA_EST_MORTALITY,COUNTRY,MMR,SEAR,South-East Asia,YEAR,2001,,,,,,,,,7.06 [7.06-7.06],7.0565139,7.0565139,7.0565139,,2025-12-19T14:27:58Z,2001,01/01/2001,31/12/2001,,
10022629,MALARIA_EST_MORTALITY,COUNTRY,MEX,AMR,Americas,YEAR,2013,,,,,,,,,0 [0-0],0,0,0,,2025-12-19T14:27:58Z,2013,01/01/2013,31/12/2013,,
10022937,MALARIA_EST_MORTALITY,COUNTRY,PAN,AMR,Americas,YEAR,2004,,,,,,,,,0.09 [0.09-0.09],0.091815856,0.091815856,0.091815856,,2025-12-19T14:27:58Z,2004,01/01/2004,31/12/2004,,
10023028,MALARIA_EST_MORTALITY,COUNTRY,SAU,EMR,Eastern Mediterranean,YEAR,2016,,,,,,,,,0 [0-0],0,0,0,,2025-12-19T14:27:58Z,2016,01/01/2016,31/12/2016,,
10028938,MALARIA_EST_MORTALITY,COUNTRY,ARG,AMR,Americas,YEAR,2024,,,,,,,,,0 [0-0],0,0,0,,2025-12-19T14:27:58Z,2024,01/01/2024,31/12/2024,,
10035400,MALARIA_EST_MORTALITY,COUNTRY,SYR,EMR,Eastern Mediterranean,YEAR,2020,,,,,,,,,0 [0-0],0,0,0,,2025-12-19T14:27:58Z,2020,01/01/2020,31/12/2020,,
10080260,MALARIA_EST_MORTALITY,COUNTRY,TZA,AFR,Africa,YEAR,2007,,,,,,,,,56.26 [54.27-58.41],56.2560926,54.26746024,58.41124879,,2025-12-19T14:27:58Z,2007,01/01/2007,31/12/2007,,
10093601,MALARIA_EST_MORTALITY,REGION,AFR,,,YEAR,2002,,,,,,,,,129.39 [125.22-134.77],129.3883008,125.2249034,134.7728803,,2025-12-19T14:27:58Z,2002,01/01/2002,31/12/2002,,
10132352,MALARIA_EST_MORTALITY,COUNTRY,PNG,WPR,Western Pacific,YEAR,2000,,,,,,,,,56.74 [13.73-124.22],56.74488443,13.72523665,124.2215413,,2025-12-19T14:27:58Z,2000,01/01/2000,31/12/2000,,
10138472,MALARIA_EST_MORTALITY,COUNTRY,PRY,AMR,Americas,YEAR,2003,,,,,,,,,0 [0-0],0,0,0,,2025-12-19T14:27:58Z,2003,01/01/2003,31/12/2003,,
10144976,MALARIA_EST_MORTALITY,COUNTRY,MWI,AFR,Africa,YEAR,2008,,,,,,,,,80.91 [76.86-85.28],80.91487253,76.85803879,85.27936738,,2025-12-19T14:27:58Z,2008,01/01/2008,31/12/2008,,
10149338,MALARIA_EST_MORTALITY,COUNTRY,GUF,AMR,Americas,YEAR,2013,,,,,,,,,2.14 [2.14-2.14],2.141128946,2.141128946,2.141128946,,2025-12-19T14:27:58Z,2013,01/01/2013,31/12/2013,,
10150752,MALARIA_EST_MORTALITY,COUNTRY,GTM,AMR,Americas,YEAR,2003,,,,,,,,,0.17 [0.07-0.29],0.169204595,0.07402701,0.285532753,,2025-12-19T14:27:58Z,2003,01/01/2003,31/12/2003,,
10161968,MALARIA_EST_MORTALITY,COUNTRY,VUT,WPR,Western Pacific,YEAR,2021,,,,,,,,,0 [0-0],0,0,0,,2025-12-19T14:27:58Z,2021,01/01/2021,31/12/2021,,
10169702,MALARIA_EST_MORTALITY,COUNTRY,ERI,AFR,Africa,YEAR,2013,,,,,,,,,2.86 [1.14-5.30],2.862384366,1.138448327,5.301916496,,2025-12-19T14:27:58Z,2013,01/01/2013,31/12/2013,,
10181302,MALARIA_EST_MORTALITY,COUNTRY,PAK,EMR,Eastern Mediterranean,YEAR,2015,,,,,,,,,0.36 [0.14-0.83],0.35811113,0.141840095,0.831847683,,2025-12-19T14:27:58Z,2015,01/01/2015,31/12/2015,,
10181980,MALARIA_EST_MORTALITY,COUNTRY,COL,AMR,Americas,YEAR,2011,,,,,,,,,0.23 [0.23-0.23],0.229540345,0.229540345,0.229540345,,2025-12-19T14:27:58Z,2011,01/01/2011,31/12/2011,,
10183088,MALARIA_EST_MORTALITY,COUNTRY,BOL,AMR,Americas,YEAR,2017,,,,,,,,,0.04 [0-0.08],0.038859859,0,0.077719719,,2025-12-19T14:27:58Z,2017,01/01/2017,31/12/2017,,
10188729,MALARIA_EST_MORTALITY,REGION,EUR,,,YEAR,2018,,,,,,,,,0 [0-0],0,0,0,,2025-12-19T14:27:58Z,2018,01/01/2018,31/12/2018,,
10202237,MALARIA_EST_MORTALITY,REGION,AFR,,,YEAR,2014,,,,,,,,,64.24 [60.50-70.17],64.2398998,60.50108028,70.16623958,,2025-12-19T14:27:58Z,2014,01/01/2014,31/12/2014,,
10212939,MALARIA_EST_MORTALITY,COUNTRY,CIV,AFR,Africa,YEAR,2001,,,,,,,,,174.04 [163.16-186.16],174.0423094,163.1615708,186.1552448,,2025-12-19T14:27:58Z,2001,01/01/2001,31/12/2001,,
10224303,MALARIA_EST_MORTALITY,COUNTRY,RWA,AFR,Africa,YEAR,2005,,,,,,,,,37.23 [36.04-38.47],37.22999145,36.03721806,38.46694162,,2025-12-19T14:27:58Z,2005,01/01/2005,31/12/2005,,
10230342,MALARIA_EST_MORTALITY,COUNTRY,BOL,AMR,Americas,YEAR,2018,,,,,,,,,0.04 [0-0.08],0.03830683,0,0.076613661,,2025-12-19T14:27:58Z,2018,01/01/2018,31/12/2018,,
11819,MALARIA_EST_MORTALITY,COUNTRY,IRN,EMR,Eastern Mediterranean,YEAR,2000,,,,,,,,,0.59 [0.59-0.59],0.589853923,0.589853923,0.589853923,,2025-12-19T14:27:58Z,2000,01/01/2000,31/12/2000,,
18025,MALARIA_EST_MORTALITY,COUNTRY,VEN,AMR,Americas,YEAR,2021,,,,,,,,,1.10 [0.57-1.68],1.097818224,0.566615858,1.678599479,,2025-12-19T14:27:58Z,2021,01/01/2021,31/12/2021,,
37893,MALARIA_EST_MORTALITY,COUNTRY,VUT,WPR,Western Pacific,YEAR,2020,,,,,,,,,0 [0-0],0,0,0,,2025-12-19T14:27:58Z,2020,01/01/2020,31/12/2020,,
49469,MALARIA_EST_MORTALITY,COUNTRY,GIN,AFR,Africa,YEAR,2009,,,,,,,,,124.31 [116.21-132.95],124.3057893,116.2119632,132.9516912,,2025-12-19T14:27:58Z,2009,01/01/2009,31/12/2009,,
49562,MALARIA_EST_MORTALITY,COUNTRY,BEN,AFR,Africa,YEAR,2017,,,,,,,,,93.56 [84.69-103.61],93.56483258,84.68572515,103.6148501,,2025-12-19T14:27:58Z,2017,01/01/2017,31/12/2017,,
50581,MALARIA_EST_MORTALITY,REGION,SEAR,,,YEAR,2002,,,,,,,,,2.95 [1.60-4.59],2.947454513,1.60269968,4.593561068,,2025-12-19T14:27:58Z,2002,01/01/2002,31/12/2002,,
62267,MALARIA_EST_MORTALITY,COUNTRY,COL,AMR,Americas,YEAR,2023,,,,,,,,,0.19 [0.19-0.19],0.189927309,0.189927309,0.189927309,,2025-12-19T14:27:58Z,2023,01/01/2023,31/12/2023,,
75798,MALARIA_EST_MORTALITY,COUNTRY,IDN,WPR,Western Pacific,YEAR,2014,,,,,,,,,0.73 [0.37-1.13],0.732006737,0.368900493,1.125243073,,2025-12-19T14:27:58Z,2014,01/01/2014,31/12/2014,,
94540,MALARIA_EST_MORTALITY,COUNTRY,UGA,AFR,Africa,YEAR,2005,,,,,,,,,110.68 [105.11-116.57],110.6844048,105.1128142,116.5671177,,2025-12-19T14:27:58Z,2005,01/01/2005,31/12/2005,,
107005,MALARIA_EST_MORTALITY,COUNTRY,IDN,WPR,Western Pacific,YEAR,2019,,,,,,,,,0.35 [0.18-0.54],0.353041281,0.175052693,0.539103577,,2025-12-19T14:27:58Z,2019,01/01/2019,31/12/2019,,
107110,MALARIA_EST_MORTALITY,COUNTRY,ZWE,AFR,Africa,YEAR,2008,,,,,,,,,17.28 [2.72-41.72],17.27688805,2.723829287,41.71785382,,2025-12-19T14:27:58Z,2008,01/01/2008,31/12/2008,,
158778,MALARIA_EST_MORTALITY,COUNTRY,TCD,AFR,Africa,YEAR,2023,,,,,,,,,71.74 [54.28-99.06],71.73615414,54.2770595,99.05524108,,2025-12-19T14:27:58Z,2023,01/01/2023,31/12/2023,,
170049,MALARIA_EST_MORTALITY,COUNTRY,SSD,AFR,Africa,YEAR,2018,,,,,,,,,75.49 [43.84-128.81],75.49162662,43.83987043,128.8062296,,2025-12-19T14:27:58Z,2018,01/01/2018,31/12/2018,,
178229,MALARIA_EST_MORTALITY,COUNTRY,TKM,EUR,Europe,YEAR,2019,,,,,,,,,0 [0-0],0,0,0,,2025-12-19T14:27:58Z,2019,01/01/2019,31/12/2019,,
208894,MALARIA_EST_MORTALITY,COUNTRY,EGY,EMR,Eastern Mediterranean,YEAR,2003,,,,,,,,,0 [0-0],0,0,0,,2025-12-19T14:27:58Z,2003,01/01/2003,31/12/2003,,
214534,MALARIA_EST_MORTALITY,COUNTRY,PER,AMR,Americas,YEAR,2018,,,,,,,,,0.38 [0.19-0.60],0.383138888,0.191569444,0.598654512,,2025-12-19T14:27:58Z,2018,01/01/2018,31/12/2018,,
258594,MALARIA_EST_MORTALITY,COUNTRY,PAN,AMR,Americas,YEAR,2018,,,,,,,,,0 [0-0],0,0,0,,2025-12-19T14:27:58Z,2018,01/01/2018,31/12/2018,,
259310,MALARIA_EST_MORTALITY,COUNTRY,PRK,SEAR,South-East Asia,YEAR,2024,,,,,,,,,0 [0-0],0,0,0,,2025-12-19T14:27:58Z,2024,01/01/2024,31/12/2024,,
259563,MALARIA_EST_MORTALITY,COUNTRY,BRA,AMR,Americas,YEAR,2015,,,,,,,,,0.09 [0.09-0.09],0.085490687,0.085490687,0.085490687,,2025-12-19T14:27:58Z,2015,01/01/2015,31/12/2015,,
260298,MALARIA_EST_MORTALITY,COUNTRY,ARM,EUR,Europe,YEAR,2001,,,,,,,,,0 [0-0],0,0,0,,2025-12-19T14:27:58Z,2001,01/01/2001,31/12/2001,,
265009,MALARIA_EST_MORTALITY,COUNTRY,VUT,WPR,Western Pacific,YEAR,2005,,,,,,,,,16.61 [7.12-30.84],16.60656671,7.117100019,30.84076675,,2025-12-19T14:27:58Z,2005,01/01/2005,31/12/2005,,
266151,MALARIA_EST_MORTALITY,COUNTRY,BGD,SEAR,South-East Asia,YEAR,2008,,,,,,,,,1.64 [0.74-2.73],1.638847642,0.73872299,2.72520498,,2025-12-19T14:27:58Z,2008,01/01/2008,31/12/2008,,
353262,MALARIA_EST_MORTALITY,COUNTRY,DOM,AMR,Americas,YEAR,2007,,,,,,,,,0.33 [0.33-0.33],0.326398016,0.326398016,0.326398016,,2025-12-19T14:27:58Z,2007,01/01/2007,31/12/2007,,
354924,MALARIA_EST_MORTALITY,COUNTRY,OMN,EMR,Eastern Mediterranean,YEAR,2021,,,,,,,,,0 [0-0],0,0,0,,2025-12-19T14:27:58Z,2021,01/01/2021,31/12/2021,,
361040,MALARIA_EST_MORTALITY,REGION,SEAR,,,YEAR,2007,,,,,,,,,2.26 [1.20-3.64],2.256631873,1.198087809,3.644615437,,2025-12-19T14:27:58Z,2007,01/01/2007,31/12/2007,,
384576,MALARIA_EST_MORTALITY,COUNTRY,SEN,AFR,Africa,YEAR,2009,,,,,,,,,8.41 [3.45-15.20],8.413449556,3.452918604,15.19770512,,2025-12-19T14:27:58Z,2009,01/01/2009,31/12/2009,,
386382,MALARIA_EST_MORTALITY,COUNTRY,COL,AMR,Americas,YEAR,2003,,,,,,,,,1.30 [1.30-1.30],1.30197745,1.30197745,1.30197745,,2025-12-19T14:27:58Z,2003,01/01/2003,31/12/2003,,
398126,MALARIA_EST_MORTALITY,COUNTRY,GUY,AMR,Americas,YEAR,2002,,,,,,,,,5.50 [2.75-9.04],5.499887383,2.749943692,9.035529272,,2025-12-19T14:27:58Z,2002,01/01/2002,31/12/2002,,
411237,MALARIA_EST_MORTALITY,COUNTRY,GAB,AFR,Africa,YEAR,2024,,,,,,,,,17.29 [14.85-21.54],17.29060545,14.84865206,21.54433071,,2025-12-19T14:27:58Z,2024,01/01/2024,31/12/2024,,
416576,MALARIA_EST_MORTALITY,COUNTRY,TUR,EUR,Europe,YEAR,2002,,,,,,,,,0 [0-0],0,0,0,,2025-12-19T14:27:58Z,2002,01/01/2002,31/12/2002,,
435951,MALARIA_EST_MORTALITY,REGION,AMR,,,YEAR,2006,,,,,,,,,0.45 [0.35-0.62],0.454932937,0.345094677,0.616963846,,2025-12-19T14:27:58Z,2006,01/01/2006,31/12/2006,,
437533,MALARIA_EST_MORTALITY,COUNTRY,ETH,AFR,Africa,YEAR,2005,,,,,,,,,30.98 [8.30-99.35],30.98336928,8.303593634,99.34639747,,2025-12-19T14:27:58Z,2005,01/01/2005,31/12/2005,,
442766,MALARIA_EST_MORTALITY,COUNTRY,TCD,AFR,Africa,YEAR,2013,,,,,,,,,91.46 [82.23-101.43],91.46187011,82.23057224,101.4314724,,2025-12-19T14:27:58Z,2013,01/01/2013,31/12/2013,,
449996,MALARIA_EST_MORTALITY,COUNTRY,BLZ,AMR,Americas,YEAR,2021,,,,,,,,,0 [0-0],0,0,0,,2025-12-19T14:27:58Z,2021,01/01/2021,31/12/2021,,
455684,MALARIA_EST_MORTALITY,COUNTRY,UZB,EUR,Europe,YEAR,2001,,,,,,,,,0 [0-0],0,0,0,,2025-12-19T14:27:58Z,2001,01/01/2001,31/12/2001,,
460989,MALARIA_EST_MORTALITY,COUNTRY,RWA,AFR,Africa,YEAR,2002,,,,,,,,,64.11 [61.33-67.02],64.10576916,61.33172146,67.02237333,,2025-12-19T14:27:58Z,2002,01/01/2002,31/12/2002,,
467998,MALARIA_EST_MORTALITY,COUNTRY,YEM,EMR,Eastern Mediterranean,YEAR,2024,,,,,,,,,13.04 [5.06-25.64],13.039331,5.060971697,25.63514865,,2025-12-19T14:27:58Z,2024,01/01/2024,31/12/2024,,
473518,MALARIA_EST_MORTALITY,COUNTRY,LKA,SEAR,South-East Asia,YEAR,2013,,,,,,,,,0 [0-0],0,0,0,,2025-12-19T14:27:58Z,2013,01/01/2013,31/12/2013,,
486848,MALARIA_EST_MORTALITY,COUNTRY,BDI,AFR,Africa,YEAR,2013,,,,,,,,,48.98 [44.67-54.21],48.97819211,44.66757477,54.20840781,,2025-12-19T14:27:58Z,2013,01/01/2013,31/12/2013,,
492489,MALARIA_EST_MORTALITY,COUNTRY,MDG,AFR,Africa,YEAR,2024,,,,,,,,,65.39 [25.26-121.77],65.39348904,25.26454283,121.7697594,,2025-12-19T14:27:58Z,2024,01/01/2024,31/12/2024,,
500433,MALARIA_EST_MORTALITY,COUNTRY,BOL,AMR,Americas,YEAR,2022,,,,,,,,,0.09 [0.04-0.18],0.091256829,0.036502732,0.182513658,,2025-12-19T14:27:58Z,2022,01/01/2022,31/12/2022,,
519612,MALARIA_EST_MORTALITY,COUNTRY,PHL,WPR,Western Pacific,YEAR,2018,,,,,,,,,0.04 [0.02-0.07],0.039350152,0.015740061,0.07240428,,2025-12-19T14:27:58Z,2018,01/01/2018,31/12/2018,,
531515,MALARIA_EST_MORTALITY,COUNTRY,ARM,EUR,Europe,YEAR,2014,,,,,,,,,0 [0-0],0,0,0,,2025-12-19T14:27:58Z,2014,01/01/2014,31/12/2014,,
537632,MALARIA_EST_MORTALITY,COUNTRY,GMB,AFR,Africa,YEAR,2003,,,,,,,,,30.49 [29.47-31.69],30.48913832,29.47494661,31.69349098,,2025-12-19T14:27:58Z,2003,01/01/2003,31/12/2003,,
543546,MALARIA_EST_MORTALITY,COUNTRY,CRI,AMR,Americas,YEAR,2003,,,,,,,,,0 [0-0],0,0,0,,2025-12-19T14:27:58Z,2003,01/01/2003,31/12/2003,,
543644,MALARIA_EST_MORTALITY,COUNTRY,GHA,AFR,Africa,YEAR,2006,,,,,,,,,64.92 [62.74-67.32],64.92423712,62.73680377,67.31999745,,2025-12-19T14:27:58Z,2006,01/01/2006,31/12/2006,,
551189,MALARIA_EST_MORTALITY,COUNTRY,SAU,EMR,Eastern Mediterranean,YEAR,2023,,,,,,,,,0 [0-0],0,0,0,,2025-12-19T14:27:58Z,2023,01/01/2023,31/12/2023,,
570460,MALARIA_EST_MORTALITY,COUNTRY,BRA,AMR,Americas,YEAR,2021,,,,,,,,,0.14 [0.14-0.14],0.143398804,0.143398804,0.143398804,,2025-12-19T14:27:58Z,2021,01/01/2021,31/12/2021,,
570640,MALARIA_EST_MORTALITY,COUNTRY,IRQ,EMR,Eastern Mediterranean,YEAR,2010,,,,,,,,,0 [0-0],0,0,0,,2025-12-19T14:27:58Z,2010,01/01/2010,31/12/2010,,
582393,MALARIA_EST_MORTALITY,COUNTRY,COM,AFR,Africa,YEAR,2019,,,,,,,,,5.72 [2.67-8.77],5.720983806,2.669792443,8.772175169,,2025-12-19T14:27:58Z,2019,01/01/2019,31/12/2019,,
588195,MALARIA_EST_MORTALITY,COUNTRY,IRQ,EMR,Eastern Mediterranean,YEAR,2012,,,,,,,,,0 [0-0],0,0,0,,2025-12-19T14:27:58Z,2012,01/01/2012,31/12/2012,,
588881,MALARIA_EST_MORTALITY,COUNTRY,PRK,SEAR,South-East Asia,YEAR,2022,,,,,,,,,0 [0-0],0,0,0,,2025-12-19T14:27:58Z,2022,01/01/2022,31/12/2022,,
600289,MALARIA_EST_MORTALITY,COUNTRY,PRY,AMR,Americas,YEAR,2009,,,,,,,,,0 [0-0],0,0,0,,2025-12-19T14:27:58Z,2009,01/01/2009,31/12/2009,,
601624,MALARIA_EST_MORTALITY,COUNTRY,STP,AFR,Africa,YEAR,2009,,,,,,,,,12.93 [12.93-12.93],12.93202814,12.93202814,12.93202814,,2025-12-19T14:27:58Z,2009,01/01/2009,31/12/2009,,
607150,MALARIA_EST_MORTALITY,COUNTRY,PAN,AMR,Americas,YEAR,2009,,,,,,,,,0 [0-0],0,0,0,,2025-12-19T14:27:58Z,2009,01/01/2009,31/12/2009,,
607629,MALARIA_EST_MORTALITY,COUNTRY,BOL,AMR,Americas,YEAR,2008,,,,,,,,,0.13 [0.04-0.25],0.134257082,0.044752361,0.246137983,,2025-12-19T14:27:58Z,2008,01/01/2008,31/12/2008,,
613878,MALARIA_EST_MORTALITY,COUNTRY,MOZ,AFR,Africa,YEAR,2001,,,,,,,,,229.61 [213.47-247.07],229.6128075,213.4726158,247.0744933,,2025-12-19T14:27:58Z,2001,01/01/2001,31/12/2001,,
615091,MALARIA_EST_MORTALITY,COUNTRY,PHL,WPR,Western Pacific,YEAR,2013,,,,,,,,,0.06 [0.03-0.11],0.060765945,0.025319144,0.106340403,,2025-12-19T14:27:58Z,2013,01/01/2013,31/12/2013,,
626939,MALARIA_EST_MORTALITY,COUNTRY,SDN,EMR,Eastern Mediterranean,YEAR,2009,,,,,,,,,8.78 [3.88-14.88],8.77951392,3.884971069,14.88048059,,2025-12-19T14:27:58Z,2009,01/01/2009,31/12/2009,,
632126,MALARIA_EST_MORTALITY,COUNTRY,MEX,AMR,Americas,YEAR,2006,,,,,,,,,0 [0-0],0,0,0,,2025-12-19T14:27:58Z,2006,01/01/2006,31/12/2006,,
634082,MALARIA_EST_MORTALITY,COUNTRY,HND,AMR,Americas,YEAR,2005,,,,,,,,,0.16 [0.06-0.30],0.162388157,0.059050239,0.295251195,,2025-12-19T14:27:58Z,2005,01/01/2005,31/12/2005,,
640512,MALARIA_EST_MORTALITY,COUNTRY,IND,SEAR,South-East Asia,YEAR,2009,,,,,,,,,2.15 [1.01-3.62],2.146480569,1.014203336,3.621910882,,2025-12-19T14:27:58Z,2009,01/01/2009,31/12/2009,,
651588,MALARIA_EST_MORTALITY,COUNTRY,PNG,WPR,Western Pacific,YEAR,2023,,,,,,,,,29.64 [12.50-52.81],29.64492978,12.50260476,52.81249053,,2025-12-19T14:27:58Z,2023,01/01/2023,31/12/2023,,
663562,MALARIA_EST_MORTALITY,COUNTRY,SLV,AMR,Americas,YEAR,2003,,,,,,,,,0 [0-0],0,0,0,,2025-12-19T14:27:58Z,2003,01/01/2003,31/12/2003,,
671757,MALARIA_EST_MORTALITY,COUNTRY,CHN,WPR,Western Pacific,YEAR,2007,,,,,,,,,0 [0-0],0.003246275,0.003246275,0.003246275,,2025-12-19T14:27:58Z,2007,01/01/2007,31/12/2007,,
684283,MALARIA_EST_MORTALITY,COUNTRY,BRA,AMR,Americas,YEAR,2008,,,,,,,,,0.18 [0.18-0.18],0.175962662,0.175962662,0.175962662,,2025-12-19T14:27:58Z,2008,01/01/2008,31/12/2008,,
695630,MALARIA_EST_MORTALITY,COUNTRY,PAK,EMR,Eastern Mediterranean,YEAR,2022,,,,,,,,,1.27 [0.63-2.12],1.273454339,0.634848918,2.120336952,,2025-12-19T14:27:58Z,2022,01/01/2022,31/12/2022,,
696025,MALARIA_EST_MORTALITY,COUNTRY,SDN,EMR,Eastern Mediterranean,YEAR,2016,,,,,,,,,12.91 [5.66-21.77],12.9108433,5.664096261,21.77186988,,2025-12-19T14:27:58Z,2016,01/01/2016,31/12/2016,,
696695,MALARIA_EST_MORTALITY,COUNTRY,VNM,WPR,Western Pacific,YEAR,2004,,,,,,,,,0.19 [0.09-0.32],0.194227432,0.091202446,0.324317589,,2025-12-19T14:27:58Z,2004,01/01/2004,31/12/2004,,
714366,MALARIA_EST_MORTALITY,COUNTRY,THA,SEAR,South-East Asia,YEAR,2018,,,,,,,,,0.11 [0.11-0.11],0.110747498,0.110747498,0.110747498,,2025-12-19T14:27:58Z,2018,01/01/2018,31/12/2018,,
714413,MALARIA_EST_MORTALITY,COUNTRY,MAR,EMR,Eastern Mediterranean,YEAR,2017,,,,,,,,,0 [0-0],0,0,0,,2025-12-19T14:27:58Z,2017,01/01/2017,31/12/2017,,
791653,MALARIA_EST_MORTALITY,COUNTRY,ARE,EMR,Eastern Mediterranean,YEAR,2012,,,,,,,,,0 [0-0],0,0,0,,2025-12-19T14:27:58Z,2012,01/01/2012,31/12/2012,,
792022,MALARIA_EST_MORTALITY,COUNTRY,MOZ,AFR,Africa,YEAR,2009,,,,,,,,,105.66 [97.46-114.64],105.6594788,97.45556219,114.6404675,,2025-12-19T14:27:58Z,2009,01/01/2009,31/12/2009,,
809027,MALARIA_EST_MORTALITY,COUNTRY,BDI,AFR,Africa,YEAR,2006,,,,,,,,,80.54 [74.78-87.04],80.54113472,74.78183968,87.03782293,,2025-12-19T14:27:58Z,2006,01/01/2006,31/12/2006,,
809578,MALARIA_EST_MORTALITY,COUNTRY,BWA,AFR,Africa,YEAR,2008,,,,,,,,,0.93 [0.93-0.93],0.928224284,0.928224284,0.928224284,,2025-12-19T14:27:58Z,2008,01/01/2008,31/12/2008,,
811159,MALARIA_EST_MORTALITY,COUNTRY,UGA,AFR,Africa,YEAR,2006,,,,,,,,,95.71 [90.90-100.74],95.71437497,90.9043456,100.7397269,,2025-12-19T14:27:58Z,2006,01/01/2006,31/12/2006,,
817138,MALARIA_EST_MORTALITY,COUNTRY,ETH,AFR,Africa,YEAR,2018,,,,,,,,,8.48 [3.04-16.65],8.484352303,3.037365492,16.6502477,,2025-12-19T14:27:58Z,2018,01/01/2018,31/12/2018,,
835961,MALARIA_EST_MORTALITY,COUNTRY,AGO,AFR,Africa,YEAR,2023,,,,,,,,,44.00 [30.53-68.93],43.99739145,30.53327538,68.92548242,,2025-12-19T14:27:58Z,2023,01/01/2023,31/12/2023,,
841723,MALARIA_EST_MORTALITY,REGION,SEAR,,,YEAR,2003,,,,,,,,,2.90 [1.60-4.53],2.902770331,1.597343425,4.532079311,,2025-12-19T14:27:58Z,2003,01/01/2003,31/12/2003,,
842087,MALARIA_EST_MORTALITY,COUNTRY,BEN,AFR,Africa,YEAR,2013,,,,,,,,,78.80 [72.88-85.26],78.80410499,72.88352522,85.25672218,,2025-12-19T14:27:58Z,2013,01/01/2013,31/12/2013,,
847288,MALARIA_EST_MORTALITY,COUNTRY,AZE,EUR,Europe,YEAR,2003,,,,,,,,,0 [0-0],0,0,0,,2025-12-19T14:27:58Z,2003,01/01/2003,31/12/2003,,
847321,MALARIA_EST_MORTALITY,COUNTRY,SYR,EMR,Eastern Mediterranean,YEAR,2014,,,,,,,,,0 [0-0],0,0,0,,2025-12-19T14:27:58Z,2014,01/01/2014,31/12/2014,,
854563,MALARIA_EST_MORTALITY,COUNTRY,TLS,SEAR,South-East Asia,YEAR,2014,,,,,,,,,0.09 [0.09-0.09],0.089961146,0.089961146,0.089961146,,2025-12-19T14:27:58Z,2014,01/01/2014,31/12/2014,,
854945,MALARIA_EST_MORTALITY,COUNTRY,MDG,AFR,Africa,YEAR,2013,,,,,,,,,15.74 [6.43-30.92],15.74082024,6.43289371,30.92179405,,2025-12-19T14:27:58Z,2013,01/01/2013,31/12/2013,,
855452,MALARIA_EST_MORTALITY,COUNTRY,SUR,AMR,Americas,YEAR,2002,,,,,,,,,20.45 [20.45-20.45],20.45268612,20.45268612,20.45268612,,2025-12-19T14:27:58Z,2002,01/01/2002,31/12/2002,,
861763,MALARIA_EST_MORTALITY,COUNTRY,SDN,EMR,Eastern Mediterranean,YEAR,2007,,,,,,,,,11.54 [4.95-20.11],11.5400578,4.953587359,20.11078639,,2025-12-19T14:27:58Z,2007,01/01/2007,31/12/2007,,
879051,MALARIA_EST_MORTALITY,COUNTRY,BTN,SEAR,South-East Asia,YEAR,2006,,,,,,,,,1.41 [1.41-1.41],1.41017867,1.41017867,1.41017867,,2025-12-19T14:27:58Z,2006,01/01/2006,31/12/2006,,
880076,MALARIA_EST_MORTALITY,REGION,WPR,,,YEAR,2005,,,,,,,,,0.67 [0.40-1.06],0.672234367,0.403909661,1.058115278,,2025-12-19T14:27:58Z,2005,01/01/2005,31/12/2005,,
898892,MALARIA_EST_MORTALITY,GLOBAL,GLOBAL,,,YEAR,2016,,,,,,,,,14.58 [13.71-16.05],14.58331633,13.71210632,16.04807761,,2025-12-19T14:27:58Z,2016,01/01/2016,31/12/2016,,
910650,MALARIA_EST_MORTALITY,COUNTRY,ARG,AMR,Americas,YEAR,2002,,,,,,,,,0 [0-0],0,0,0,,2025-12-19T14:27:58Z,2002,01/01/2002,31/12/2002,,
930759,MALARIA_EST_MORTALITY,COUNTRY,CHN,WPR,Western Pacific,YEAR,2024,,,,,,,,,0 [0-0],0,0,0,,2025-12-19T14:27:58Z,2024,01/01/2024,31/12/2024,,
955792,MALARIA_EST_MORTALITY,COUNTRY,MOZ,AFR,Africa,YEAR,2018,,,,,,,,,65.41 [51.30-87.92],65.40622642,51.30494726,87.92278509,,2025-12-19T14:27:58Z,2018,01/01/2018,31/12/2018,,
968848,MALARIA_EST_MORTALITY,COUNTRY,PNG,WPR,Western Pacific,YEAR,2002,,,,,,,,,44.48 [11.33-98.90],44.4800585,11.32637846,98.90398435,,2025-12-19T14:27:58Z,2002,01/01/2002,31/12/2002,,
969458,MALARIA_EST_MORTALITY,COUNTRY,TCD,AFR,Africa,YEAR,2002,,,,,,,,,99.60 [93.71-106.18],99.59662259,93.70733455,106.1846397,,2025-12-19T14:27:58Z,2002,01/01/2002,31/12/2002,,
969578,MALARIA_EST_MORTALITY,COUNTRY,BEN,AFR,Africa,YEAR,2000,,,,,,,,,88.66 [83.96-93.69],88.66432859,83.95624305,93.69090228,,2025-12-19T14:27:58Z,2000,01/01/2000,31/12/2000,,
1000129,MALARIA_EST_MORTALITY,COUNTRY,BDI,AFR,Africa,YEAR,2019,,,,,,,,,52.85 [43.83-66.87],52.85044816,43.8258078,66.86883167,,2025-12-19T14:27:58Z,2019,01/01/2019,31/12/2019,,
1000486,MALARIA_EST_MORTALITY,COUNTRY,YEM,EMR,Eastern Mediterranean,YEAR,2007,,,,,,,,,13.53 [4.69-33.84],13.52533819,4.689465391,33.8427345,,2025-12-19T14:27:58Z,2007,01/01/2007,31/12/2007,,
1000491,MALARIA_EST_MORTALITY,COUNTRY,BFA,AFR,Africa,YEAR,2014,,,,,,,,,132.49 [113.53-154.20],132.4943179,113.5305098,154.1955903,,2025-12-19T14:27:58Z,2014,01/01/2014,31/12/2014,,
1019435,MALARIA_EST_MORTALITY,COUNTRY,KOR,WPR,Western Pacific,YEAR,2011,,,,,,,,,0.06 [0.06-0.06],0.05815754,0.05815754,0.05815754,,2025-12-19T14:27:58Z,2011,01/01/2011,31/12/2011,,
1031503,MALARIA_EST_MORTALITY,COUNTRY,NAM,AFR,Africa,YEAR,2000,,,,,,,,,137.51 [137.51-137.51],137.508131,137.508131,137.508131,,2025-12-19T14:27:58Z,2000,01/01/2000,31/12/2000,,
1038345,MALARIA_EST_MORTALITY,COUNTRY,UGA,AFR,Africa,YEAR,2008,,,,,,,,,88.18 [83.57-93.03],88.18073035,83.57031564,93.03026122,,2025-12-19T14:27:58Z,2008,01/01/2008,31/12/2008,,
1039042,MALARIA_EST_MORTALITY,COUNTRY,AZE,EUR,Europe,YEAR,2015,,,,,,,,,0 [0-0],0,0,0,,2025-12-19T14:27:58Z,2015,01/01/2015,31/12/2015,,
1052130,MALARIA_EST_MORTALITY,COUNTRY,IRQ,EMR,Eastern Mediterranean,YEAR,2019,,,,,,,,,0 [0-0],0,0,0,,2025-12-19T14:27:58Z,2019,01/01/2019,31/12/2019,,
1056456,MALARIA_EST_MORTALITY,COUNTRY,GAB,AFR,Africa,YEAR,2009,,,,,,,,,18.84 [17.69-20.22],18.83776412,17.69425767,20.22200877,,2025-12-19T14:27:58Z,2009,01/01/2009,31/12/2009,,
1056704,MALARIA_EST_MORTALITY,COUNTRY,STP,AFR,Africa,YEAR,2021,,,,,,,,,0.45 [0.45-0.45],0.450529598,0.450529598,0.450529598,,2025-12-19T14:27:58Z,2021,01/01/2021,31/12/2021,,
1057209,MALARIA_EST_MORTALITY,COUNTRY,GNB,AFR,Africa,YEAR,2008,,,,,,,,,54.16 [50.54-58.40],54.16470101,50.53580045,58.39841834,,2025-12-19T14:27:58Z,2008,01/01/2008,31/12/2008,,
1057665,MALARIA_EST_MORTALITY,GLOBAL,GLOBAL,,,YEAR,2024,,,,,,,,,13.84 [12.73-16.75],13.84461109,12.72882811,16.75002449,,2025-12-19T14:27:58Z,2024,01/01/2024,31/12/2024,,
1075979,MALARIA_EST_MORTALITY,COUNTRY,SDN,EMR,Eastern Mediterranean,YEAR,2013,,,,,,,,,8.62 [3.70-14.94],8.62492222,3.697085216,14.94210213,,2025-12-19T14:27:58Z,2013,01/01/2013,31/12/2013,,
1083240,MALARIA_EST_MORTALITY,COUNTRY,PHL,WPR,Western Pacific,YEAR,2016,,,,,,,,,0.06 [0.03-0.11],0.061341817,0.025828133,0.111383826,,2025-12-19T14:27:58Z,2016,01/01/2016,31/12/2016,,
1102406,MALARIA_EST_MORTALITY,COUNTRY,SAU,EMR,Eastern Mediterranean,YEAR,2019,,,,,,,,,0 [0-0],0,0,0,,2025-12-19T14:27:58Z,2019,01/01/2019,31/12/2019,,
1138539,MALARIA_EST_MORTALITY,COUNTRY,NGA,AFR,Africa,YEAR,2023,,,,,,,,,81.05 [59.32-116.01],81.04555609,59.32068545,116.0078807,,2025-12-19T14:27:58Z,2023,01/01/2023,31/12/2023,,
1159148,MALARIA_EST_MORTALITY,COUNTRY,SOM,EMR,Eastern Mediterranean,YEAR,2009,,,,,,,,,9.75 [4.13-17.29],9.748184986,4.129811045,17.28923375,,2025-12-19T14:27:58Z,2009,01/01/2009,31/12/2009,,
1184571,MALARIA_EST_MORTALITY,COUNTRY,GTM,AMR,Americas,YEAR,2021,,,,,,,,,0 [0-0],0,0,0,,2025-12-19T14:27:58Z,2021,01/01/2021,31/12/2021,,
1191352,MALARIA_EST_MORTALITY,COUNTRY,COL,AMR,Americas,YEAR,2007,,,,,,,,,0.71 [0.71-0.71],0.710414329,0.710414329,0.710414329,,2025-12-19T14:27:58Z,2007,01/01/2007,31/12/2007,,
1196185,MALARIA_EST_MORTALITY,COUNTRY,MYS,WPR,Western Pacific,YEAR,2015,,,,,,,,,0.32 [0.32-0.32],0.320176481,0.320176481,0.320176481,,2025-12-19T14:27:58Z,2015,01/01/2015,31/12/2015,,
1216698,MALARIA_EST_MORTALITY,COUNTRY,SAU,EMR,Eastern Mediterranean,YEAR,2022,,,,,,,,,0 [0-0],0,0,0,,2025-12-19T14:27:58Z,2022,01/01/2022,31/12/2022,,
1222319,MALARIA_EST_MORTALITY,COUNTRY,MYT,AFR,Africa,YEAR,2006,,,,,,,,,0 [0-2.46],0,0,2.4571232,,2025-12-19T14:27:58Z,2006,01/01/2006,31/12/2006,,
1227592,MALARIA_EST_MORTALITY,REGION,EUR,,,YEAR,2004,,,,,,,,,0 [0-0],0,0,0,,2025-12-19T14:27:58Z,2004,01/01/2004,31/12/2004,,
1227644,MALARIA_EST_MORTALITY,COUNTRY,GMB,AFR,Africa,YEAR,2021,,,,,,,,,24.03 [22.71-25.82],24.02941915,22.70857749,25.8151272,,2025-12-19T14:27:58Z,2021,01/01/2021,31/12/2021,,
1233809,MALARIA_EST_MORTALITY,COUNTRY,TGO,AFR,Africa,YEAR,2004,,,,,,,,,118.11 [111.07-125.73],118.1074441,111.0680438,125.7261466,,2025-12-19T14:27:58Z,2004,01/01/2004,31/12/2004,,
1241669,MALARIA_EST_MORTALITY,COUNTRY,LAO,WPR,Western Pacific,YEAR,2009,,,,,,,,,3.69 [1.48-6.71],3.694864539,1.477945815,6.712337245,,2025-12-19T14:27:58Z,2009,01/01/2009,31/12/2009,,
1253758,MALARIA_EST_MORTALITY,COUNTRY,NAM,AFR,Africa,YEAR,2003,,,,,,,,,72.67 [72.67-72.67],72.66821114,72.66821114,72.66821114,,2025-12-19T14:27:58Z,2003,01/01/2003,31/12/2003,,
1259387,MALARIA_EST_MORTALITY,COUNTRY,OMN,EMR,Eastern Mediterranean,YEAR,2006,,,,,,,,,0 [0-0],0,0,0,,2025-12-19T14:27:58Z,2006,01/01/2006,31/12/2006,,
1259806,MALARIA_EST_MORTALITY,COUNTRY,SYR,EMR,Eastern Mediterranean,YEAR,2022,,,,,,,,,0 [0-0],0,0,0,,2025-12-19T14:27:58Z,2022,01/01/2022,31/12/2022,,
1259965,MALARIA_EST_MORTALITY,COUNTRY,MYS,WPR,Western Pacific,YEAR,2003,,,,,,,,,2.13 [2.13-2.13],2.127263003,2.127263003,2.127263003,,2025-12-19T14:27:58Z,2003,01/01/2003,31/12/2003,,
1260005,MALARIA_EST_MORTALITY,COUNTRY,ARE,EMR,Eastern Mediterranean,YEAR,2014,,,,,,,,,0 [0-0],0,0,0,,2025-12-19T14:27:58Z,2014,01/01/2014,31/12/2014,,
1266629,MALARIA_EST_MORTALITY,COUNTRY,SLE,AFR,Africa,YEAR,2002,,,,,,,,,276.00 [259.54-293.28],275.9968251,259.54282,293.2755418,,2025-12-19T14:27:58Z,2002,01/01/2002,31/12/2002,,
1279579,MALARIA_EST_MORTALITY,COUNTRY,CHN,WPR,Western Pacific,YEAR,2008,,,,,,,,,0 [0-0],0.004123115,0.004123115,0.004123115,,2025-12-19T14:27:58Z,2008,01/01/2008,31/12/2008,,
1284569,MALARIA_EST_MORTALITY,COUNTRY,GHA,AFR,Africa,YEAR,2009,,,,,,,,,66.30 [63.85-69.04],66.30423836,63.85076032,69.03524095,,2025-12-19T14:27:58Z,2009,01/01/2009,31/12/2009,,
1297247,MALARIA_EST_MORTALITY,COUNTRY,BGD,SEAR,South-East Asia,YEAR,2009,,,,,,,,,1.15 [0.53-1.87],1.150082791,0.52891508,1.869653307,,2025-12-19T14:27:58Z,2009,01/01/2009,31/12/2009,,
1298214,MALARIA_EST_MORTALITY,REGION,EMR,,,YEAR,2008,,,,,,,,,1.71 [1.08-2.55],1.707331229,1.081995809,2.552976774,,2025-12-19T14:27:58Z,2008,01/01/2008,31/12/2008,,
1338283,MALARIA_EST_MORTALITY,COUNTRY,KHM,WPR,Western Pacific,YEAR,2002,,,,,,,,,8.78 [3.87-15.20],8.780723785,3.870954197,15.19950942,,2025-12-19T14:27:58Z,2002,01/01/2002,31/12/2002,,
1344936,MALARIA_EST_MORTALITY,COUNTRY,IDN,WPR,Western Pacific,YEAR,2021,,,,,,,,,0.27 [0.14-0.41],0.270633498,0.135488379,0.41118948,,2025-12-19T14:27:58Z,2021,01/01/2021,31/12/2021,,
1356020,MALARIA_EST_MORTALITY,REGION,EUR,,,YEAR,2021,,,,,,,,,0 [0-0],0,0,0,,2025-12-19T14:27:58Z,2021,01/01/2021,31/12/2021,,
1374671,MALARIA_EST_MORTALITY,COUNTRY,SEN,AFR,Africa,YEAR,2023,,,,,,,,,8.88 [3.79-16.39],8.878404197,3.794757183,16.39047454,,2025-12-19T14:27:58Z,2023,01/01/2023,31/12/2023,,
1376429,MALARIA_EST_MORTALITY,COUNTRY,NPL,SEAR,South-East Asia,YEAR,2018,,,,,,,,,0.01 [0-0.01],0.012262795,0,0.012262795,,2025-12-19T14:27:58Z,2018,01/01/2018,31/12/2018,,
1388770,MALARIA_EST_MORTALITY,COUNTRY,HND,AMR,Americas,YEAR,2002,,,,,,,,,0.18 [0.06-0.30],0.175013818,0.063641388,0.302296595,,2025-12-19T14:27:58Z,2002,01/01/2002,31/12/2002,,
1392842,MALARIA_EST_MORTALITY,COUNTRY,LKA,SEAR,South-East Asia,YEAR,2019,,,,,,,,,0 [0-0],0,0,0,,2025-12-19T14:27:58Z,2019,01/01/2019,31/12/2019,,
1402181,MALARIA_EST_MORTALITY,COUNTRY,AZE,EUR,Europe,YEAR,2002,,,,,,,,,0 [0-0],0,0,0,,2025-12-19T14:27:58Z,2002,01/01/2002,31/12/2002,,
1422458,MALARIA_EST_MORTALITY,COUNTRY,TJK,EUR,Europe,YEAR,2013,,,,,,,,,0 [0-0],0,0,0,,2025-12-19T14:27:58Z,2013,01/01/2013,31/12/2013,,
1427164,MALARIA_EST_MORTALITY,REGION,SEAR,,,YEAR,2023,,,,,,,,,0.26 [0.14-0.46],0.25988538,0.141605098,0.463944744,,2025-12-19T14:27:58Z,2023,01/01/2023,31/12/2023,,
1428076,MALARIA_EST_MORTALITY,COUNTRY,GUF,AMR,Americas,YEAR,2003,,,,,,,,,4.88 [4.88-4.88],4.882478737,4.882478737,4.882478737,,2025-12-19T14:27:58Z,2003,01/01/2003,31/12/2003,,
1434142,MALARIA_EST_MORTALITY,COUNTRY,MLI,AFR,Africa,YEAR,2017,,,,,,,,,85.31 [75.68-96.81],85.31263044,75.67754723,96.80520527,,2025-12-19T14:27:58Z,2017,01/01/2017,31/12/2017,,
1452522,MALARIA_EST_MORTALITY,COUNTRY,GEO,EUR,Europe,YEAR,2002,,,,,,,,,0 [0-0],0,0,0,,2025-12-19T14:27:58Z,2002,01/01/2002,31/12/2002,,
1458578,MALARIA_EST_MORTALITY,COUNTRY,MOZ,AFR,Africa,YEAR,2019,,,,,,,,,60.55 [46.18-83.38],60.5533727,46.18466236,83.38486527,,2025-12-19T14:27:58Z,2019,01/01/2019,31/12/2019,,
1459142,MALARIA_EST_MORTALITY,COUNTRY,BFA,AFR,Africa,YEAR,2022,,,,,,,,,73.02 [52.57-105.46],73.01955774,52.57432592,105.4554175,,2025-12-19T14:27:58Z,2022,01/01/2022,31/12/2022,,
1460655,MALARIA_EST_MORTALITY,COUNTRY,ARG,AMR,Americas,YEAR,2011,,,,,,,,,0 [0-0],0,0,0,,2025-12-19T14:27:58Z,2011,01/01/2011,31/12/2011,,
1465839,MALARIA_EST_MORTALITY,COUNTRY,CMR,AFR,Africa,YEAR,2008,,,,,,,,,76.87 [71.87-82.31],76.86527918,71.86892836,82.30835527,,2025-12-19T14:27:58Z,2008,01/01/2008,31/12/2008,,
1471535,MALARIA_EST_MORTALITY,COUNTRY,KOR,WPR,Western Pacific,YEAR,2021,,,,,,,,,0 [0-0],0,0,0,,2025-12-19T14:27:58Z,2021,01/01/2021,31/12/2021,,
1479057,MALARIA_EST_MORTALITY,COUNTRY,ETH,AFR,Africa,YEAR,2001,,,,,,,,,45.17 [10.50-98.82],45.16876628,10.49650554,98.81892448,,2025-12-19T14:27:58Z,2001,01/01/2001,31/12/2001,,
1479204,MALARIA_EST_MORTALITY,COUNTRY,LBR,AFR,Africa,YEAR,2001,,,,,,,,,189.46 [177.92-201.83],189.4647265,177.9237279,201.8348198,,2025-12-19T14:27:58Z,2001,01/01/2001,31/12/2001,,
1510073,MALARIA_EST_MORTALITY,COUNTRY,BTN,SEAR,South-East Asia,YEAR,2023,,,,,,,,,0 [0-0],0,0,0,,2025-12-19T14:27:58Z,2023,01/01/2023,31/12/2023,,
1515642,MALARIA_EST_MORTALITY,COUNTRY,SAU,EMR,Eastern Mediterranean,YEAR,2003,,,,,,,,,0 [0-0],0,0,0,,2025-12-19T14:27:58Z,2003,01/01/2003,31/12/2003,,
1517627,MALARIA_EST_MORTALITY,COUNTRY,GNB,AFR,Africa,YEAR,2005,,,,,,,,,59.86 [56.38-63.98],59.85878538,56.38270537,63.98448159,,2025-12-19T14:27:58Z,2005,01/01/2005,31/12/2005,,
1560598,MALARIA_EST_MORTALITY,COUNTRY,MMR,SEAR,South-East Asia,YEAR,2022,,,,,,,,,1.00 [0.42-4.34],0.99710615,0.424891058,4.338746211,,2025-12-19T14:27:58Z,2022,01/01/2022,31/12/2022,,
1566594,MALARIA_EST_MORTALITY,COUNTRY,UZB,EUR,Europe,YEAR,2000,,,,,,,,,0 [0-0],0,0,0,,2025-12-19T14:27:58Z,2000,01/01/2000,31/12/2000,,
1578781,MALARIA_EST_MORTALITY,COUNTRY,COD,AFR,Africa,YEAR,2004,,,,,,,,,190.80 [172.83-210.33],190.7970353,172.8278582,210.329476,,2025-12-19T14:27:58Z,2004,01/01/2004,31/12/2004,,
1579490,MALARIA_EST_MORTALITY,COUNTRY,PAK,EMR,Eastern Mediterranean,YEAR,2012,,,,,,,,,0.83 [0.31-1.89],0.834151215,0.311031134,1.892697923,,2025-12-19T14:27:58Z,2012,01/01/2012,31/12/2012,,
1599775,MALARIA_EST_MORTALITY,COUNTRY,CHN,WPR,Western Pacific,YEAR,2018,,,,,,,,,0 [0-0],0,0,0,,2025-12-19T14:27:58Z,2018,01/01/2018,31/12/2018,,
1604552,MALARIA_EST_MORTALITY,COUNTRY,EGY,EMR,Eastern Mediterranean,YEAR,2009,,,,,,,,,0 [0-0],0,0,0,,2025-12-19T14:27:58Z,2009,01/01/2009,31/12/2009,,
1616868,MALARIA_EST_MORTALITY,COUNTRY,NAM,AFR,Africa,YEAR,2007,,,,,,,,,11.30 [11.30-11.30],11.29652248,11.29652248,11.29652248,,2025-12-19T14:27:58Z,2007,01/01/2007,31/12/2007,,
1623444,MALARIA_EST_MORTALITY,COUNTRY,BTN,SEAR,South-East Asia,YEAR,2011,,,,,,,,,0.19 [0.19-0.19],0.190498687,0.190498687,0.190498687,,2025-12-19T14:27:58Z,2011,01/01/2011,31/12/2011,,
1623506,MALARIA_EST_MORTALITY,COUNTRY,COL,AMR,Americas,YEAR,2010,,,,,,,,,0.42 [0.42-0.42],0.423675384,0.423675384,0.423675384,,2025-12-19T14:27:58Z,2010,01/01/2010,31/12/2010,,
1623667,MALARIA_EST_MORTALITY,COUNTRY,PHL,WPR,Western Pacific,YEAR,2009,,,,,,,,,0.21 [0.09-0.38],0.211758709,0.0894498,0.381530778,,2025-12-19T14:27:58Z,2009,01/01/2009,31/12/2009,,
1624603,MALARIA_EST_MORTALITY,COUNTRY,AFG,EMR,Eastern Mediterranean,YEAR,2016,,,,,,,,,1.31 [0.56-2.28],1.310112369,0.563609595,2.276926775,,2025-12-19T14:27:58Z,2016,01/01/2016,31/12/2016,,
1629858,MALARIA_EST_MORTALITY,COUNTRY,BTN,SEAR,South-East Asia,YEAR,2017,,,,,,,,,0 [0-0],0,0,0,,2025-12-19T14:27:58Z,2017,01/01/2017,31/12/2017,,
1635960,MALARIA_EST_MORTALITY,REGION,SEAR,,,YEAR,2010,,,,,,,,,2.15 [1.18-3.34],2.154617907,1.177649669,3.338797324,,2025-12-19T14:27:58Z,2010,01/01/2010,31/12/2010,,
1642844,MALARIA_EST_MORTALITY,COUNTRY,IDN,WPR,Western Pacific,YEAR,2016,,,,,,,,,0.72 [0.36-1.10],0.715345377,0.355584847,1.096655071,,2025-12-19T14:27:58Z,2016,01/01/2016,31/12/2016,,
1655920,MALARIA_EST_MORTALITY,GLOBAL,GLOBAL,,,YEAR,2005,,,,,,,,,23.25 [22.28-24.72],23.25129318,22.27712427,24.71524069,,2025-12-19T14:27:58Z,2005,01/01/2005,31/12/2005,,
1661304,MALARIA_EST_MORTALITY,COUNTRY,HND,AMR,Americas,YEAR,2024,,,,,,,,,0 [0-0],0,0,0,,2025-12-19T14:27:58Z,2024,01/01/2024,31/12/2024,,
1680250,MALARIA_EST_MORTALITY,REGION,SEAR,,,YEAR,2011,,,,,,,,,1.72 [0.95-2.63],1.718309007,0.947794628,2.633895632,,2025-12-19T14:27:58Z,2011,01/01/2011,31/12/2011,,
1681603,MALARIA_EST_MORTALITY,COUNTRY,CIV,AFR,Africa,YEAR,2013,,,,,,,,,44.73 [41.62-48.18],44.72890827,41.62100521,48.17505595,,2025-12-19T14:27:58Z,2013,01/01/2013,31/12/2013,,
1681710,MALARIA_EST_MORTALITY,COUNTRY,MMR,SEAR,South-East Asia,YEAR,2010,,,,,,,,,8.48 [3.72-15.28],8.482307716,3.722569492,15.28366459,,2025-12-19T14:27:58Z,2010,01/01/2010,31/12/2010,,
1682047,MALARIA_EST_MORTALITY,COUNTRY,BDI,AFR,Africa,YEAR,2020,,,,,,,,,57.77 [43.17-82.98],57.77109616,43.17178773,82.97511396,,2025-12-19T14:27:58Z,2020,01/01/2020,31/12/2020,,
1686764,MALARIA_EST_MORTALITY,COUNTRY,CIV,AFR,Africa,YEAR,2020,,,,,,,,,39.95 [34.70-46.05],39.9475035,34.70108661,46.04804857,,2025-12-19T14:27:58Z,2020,01/01/2020,31/12/2020,,
1706620,MALARIA_EST_MORTALITY,COUNTRY,GHA,AFR,Africa,YEAR,2015,,,,,,,,,46.21 [44.38-48.35],46.20842292,44.37541911,48.34808896,,2025-12-19T14:27:58Z,2015,01/01/2015,31/12/2015,,
1724575,MALARIA_EST_MORTALITY,COUNTRY,GEO,EUR,Europe,YEAR,2005,,,,,,,,,0 [0-0],0,0,0,,2025-12-19T14:27:58Z,2005,01/01/2005,31/12/2005,,
1724930,MALARIA_EST_MORTALITY,COUNTRY,THA,SEAR,South-East Asia,YEAR,2008,,,,,,,,,0.79 [0.79-0.79],0.787123041,0.787123041,0.787123041,,2025-12-19T14:27:58Z,2008,01/01/2008,31/12/2008,,
1732216,MALARIA_EST_MORTALITY,COUNTRY,MWI,AFR,Africa,YEAR,2002,,,,,,,,,139.04 [132.35-145.89],139.0352546,132.35179,145.8868527,,2025-12-19T14:27:58Z,2002,01/01/2002,31/12/2002,,
1763434,MALARIA_EST_MORTALITY,COUNTRY,KHM,WPR,Western Pacific,YEAR,2004,,,,,,,,,9.49 [4.38-15.53],9.488321564,4.383307389,15.52730923,,2025-12-19T14:27:58Z,2004,01/01/2004,31/12/2004,,
1769833,MALARIA_EST_MORTALITY,COUNTRY,HND,AMR,Americas,YEAR,2018,,,,,,,,,0.01 [0.01-0.01],0.011305405,0.011305405,0.011305405,,2025-12-19T14:27:58Z,2018,01/01/2018,31/12/2018,,
1769937,MALARIA_EST_MORTALITY,COUNTRY,MRT,AFR,Africa,YEAR,2010,,,,,,,,,18.93 [18.34-19.61],18.93266929,18.34286651,19.61094249,,2025-12-19T14:27:58Z,2010,01/01/2010,31/12/2010,,
1770525,MALARIA_EST_MORTALITY,COUNTRY,GNB,AFR,Africa,YEAR,2006,,,,,,,,,57.02 [53.56-60.91],57.01963256,53.55747395,60.90572895,,2025-12-19T14:27:58Z,2006,01/01/2006,31/12/2006,,
1795239,MALARIA_EST_MORTALITY,COUNTRY,LKA,SEAR,South-East Asia,YEAR,2017,,,,,,,,,0 [0-0],0,0,0,,2025-12-19T14:27:58Z,2017,01/01/2017,31/12/2017,,
1807352,MALARIA_EST_MORTALITY,COUNTRY,SAU,EMR,Eastern Mediterranean,YEAR,2006,,,,,,,,,0 [0-0],0,0,0,,2025-12-19T14:27:58Z,2006,01/01/2006,31/12/2006,,
1814177,MALARIA_EST_MORTALITY,COUNTRY,AFG,EMR,Eastern Mediterranean,YEAR,2004,,,,,,,,,1.92 [0.82-3.61],1.924062952,0.818963652,3.611741028,,2025-12-19T14:27:58Z,2004,01/01/2004,31/12/2004,,
1820026,MALARIA_EST_MORTALITY,COUNTRY,SLV,AMR,Americas,YEAR,2011,,,,,,,,,0 [0-0],0,0,0,,2025-12-19T14:27:58Z,2011,01/01/2011,31/12/2011,,
1834006,MALARIA_EST_MORTALITY,COUNTRY,PRY,AMR,Americas,YEAR,2013,,,,,,,,,0 [0-0],0,0,0,,2025-12-19T14:27:58Z,2013,01/01/2013,31/12/2013,,
1860178,MALARIA_EST_MORTALITY,COUNTRY,MRT,AFR,Africa,YEAR,2016,,,,,,,,,24.18 [7.29-56.06],24.17624581,7.291413811,56.06234046,,2025-12-19T14:27:58Z,2016,01/01/2016,31/12/2016,,
1871486,MALARIA_EST_MORTALITY,COUNTRY,MWI,AFR,Africa,YEAR,2001,,,,,,,,,157.21 [149.75-164.97],157.2147746,149.7534128,164.969631,,2025-12-19T14:27:58Z,2001,01/01/2001,31/12/2001,,
1889887,MALARIA_EST_MORTALITY,COUNTRY,NIC,AMR,Americas,YEAR,2000,,,,,,,,,0.09 [0.09-0.09],0.090499437,0.090499437,0.090499437,,2025-12-19T14:27:58Z,2000,01/01/2000,31/12/2000,,
1903528,MALARIA_EST_MORTALITY,COUNTRY,TZA,AFR,Africa,YEAR,2012,,,,,,,,,43.90 [42.55-45.38],43.8972556,42.55264357,45.38329464,,2025-12-19T14:27:58Z,2012,01/01/2012,31/12/2012,,
1909460,MALARIA_EST_MORTALITY,GLOBAL,GLOBAL,,,YEAR,2013,,,,,,,,,15.44 [14.68-16.56],15.44143194,14.67748506,16.5584271,,2025-12-19T14:27:58Z,2013,01/01/2013,31/12/2013,,
1941612,MALARIA_EST_MORTALITY,COUNTRY,TJK,EUR,Europe,YEAR,2008,,,,,,,,,0 [0-0],0,0,0,,2025-12-19T14:27:58Z,2008,01/01/2008,31/12/2008,,
1947267,MALARIA_EST_MORTALITY,COUNTRY,MAR,EMR,Eastern Mediterranean,YEAR,2016,,,,,,,,,0 [0-0],0,0,0,,2025-12-19T14:27:58Z,2016,01/01/2016,31/12/2016,,
1960170,MALARIA_EST_MORTALITY,COUNTRY,NPL,SEAR,South-East Asia,YEAR,2014,,,,,,,,,0.04 [0-0.09],0.037329883,0,0.08710306,,2025-12-19T14:27:58Z,2014,01/01/2014,31/12/2014,,
1978973,MALARIA_EST_MORTALITY,COUNTRY,GEO,EUR,Europe,YEAR,2007,,,,,,,,,0 [0-0],0,0,0,,2025-12-19T14:27:58Z,2007,01/01/2007,31/12/2007,,
1979225,MALARIA_EST_MORTALITY,COUNTRY,BFA,AFR,Africa,YEAR,2002,,,,,,,,,353.93 [330.81-378.48],353.9260948,330.8125861,378.4750305,,2025-12-19T14:27:58Z,2002,01/01/2002,31/12/2002,,
1980304,MALARIA_EST_MORTALITY,COUNTRY,COG,AFR,Africa,YEAR,2007,,,,,,,,,48.24 [45.80-50.87],48.2359946,45.79907196,50.87390056,,2025-12-19T14:27:58Z,2007,01/01/2007,31/12/2007,,
1986096,MALARIA_EST_MORTALITY,COUNTRY,TJK,EUR,Europe,YEAR,2009,,,,,,,,,0 [0-0],0,0,0,,2025-12-19T14:27:58Z,2009,01/01/2009,31/12/2009,,
1991169,MALARIA_EST_MORTALITY,COUNTRY,GTM,AMR,Americas,YEAR,2010,,,,,,,,,0.03 [0.01-0.05],0.02740621,0.009135403,0.054812421,,2025-12-19T14:27:58Z,2010,01/01/2010,31/12/2010,,
1992971,MALARIA_EST_MORTALITY,COUNTRY,GMB,AFR,Africa,YEAR,2015,,,,,,,,,29.85 [28.32-31.65],29.84901523,28.3206018,31.64714868,,2025-12-19T14:27:58Z,2015,01/01/2015,31/12/2015,,
1997451,MALARIA_EST_MORTALITY,COUNTRY,HTI,AMR,Americas,YEAR,2019,,,,,,,,,0.45 [0.17-0.83],0.453557067,0.171343781,0.826481766,,2025-12-19T14:27:58Z,2019,01/01/2019,31/12/2019,,
2036150,MALARIA_EST_MORTALITY,COUNTRY,AFG,EMR,Eastern Mediterranean,YEAR,2022,,,,,,,,,0.42 [0.18-0.71],0.418128921,0.178742134,0.714968537,,2025-12-19T14:27:58Z,2022,01/01/2022,31/12/2022,,
2055308,MALARIA_EST_MORTALITY,COUNTRY,KGZ,EUR,Europe,YEAR,2005,,,,,,,,,0 [0-0],0,0,0,,2025-12-19T14:27:58Z,2005,01/01/2005,31/12/2005,,
2055464,MALARIA_EST_MORTALITY,COUNTRY,BWA,AFR,Africa,YEAR,2015,,,,,,,,,0.34 [0.34-0.34],0.342295778,0.342295778,0.342295778,,2025-12-19T14:27:58Z,2015,01/01/2015,31/12/2015,,
2075659,MALARIA_EST_MORTALITY,COUNTRY,ZAF,AFR,Africa,YEAR,2022,,,,,,,,,0.46 [0.46-0.46],0.464904444,0.464904444,0.464904444,,2025-12-19T14:27:58Z,2022,01/01/2022,31/12/2022,,
2080232,MALARIA_EST_MORTALITY,COUNTRY,BGD,SEAR,South-East Asia,YEAR,2006,,,,,,,,,3.22 [3.22-3.22],3.21963011,3.21963011,3.21963011,,2025-12-19T14:27:58Z,2006,01/01/2006,31/12/2006,,
2124483,MALARIA_EST_MORTALITY,COUNTRY,TKM,EUR,Europe,YEAR,2009,,,,,,,,,0 [0-0],0,0,0,,2025-12-19T14:27:58Z,2009,01/01/2009,31/12/2009,,
2144677,MALARIA_EST_MORTALITY,COUNTRY,TZA,AFR,Africa,YEAR,2018,,,,,,,,,40.53 [38.97-42.32],40.53126318,38.97303807,42.3175637,,2025-12-19T14:27:58Z,2018,01/01/2018,31/12/2018,,
2175547,MALARIA_EST_MORTALITY,COUNTRY,THA,SEAR,South-East Asia,YEAR,2021,,,,,,,,,0 [0-0],0,0,0,,2025-12-19T14:27:58Z,2021,01/01/2021,31/12/2021,,
2182003,MALARIA_EST_MORTALITY,COUNTRY,VNM,WPR,Western Pacific,YEAR,2015,,,,,,,,,0.02 [0.01-0.04],0.02338849,0.010232464,0.035082735,,2025-12-19T14:27:58Z,2015,01/01/2015,31/12/2015,,
2207254,MALARIA_EST_MORTALITY,COUNTRY,DZA,AFR,Africa,YEAR,2019,,,,,,,,,0 [0-0],0,0,0,,2025-12-19T14:27:58Z,2019,01/01/2019,31/12/2019,,
2214137,MALARIA_EST_MORTALITY,COUNTRY,DJI,EMR,Eastern Mediterranean,YEAR,2013,,,,,,,,,2.30 [2.30-2.30],2.30184188,2.30184188,2.30184188,,2025-12-19T14:27:58Z,2013,01/01/2013,31/12/2013,,
2263303,MALARIA_EST_MORTALITY,COUNTRY,GUF,AMR,Americas,YEAR,2006,,,,,,,,,4.28 [4.28-4.28],4.283535802,4.283535802,4.283535802,,2025-12-19T14:27:58Z,2006,01/01/2006,31/12/2006,,
2264224,MALARIA_EST_MORTALITY,COUNTRY,MOZ,AFR,Africa,YEAR,2003,,,,,,,,,190.93 [177.38-206.07],190.9348858,177.3831087,206.0698802,,2025-12-19T14:27:58Z,2003,01/01/2003,31/12/2003,,
2269697,MALARIA_EST_MORTALITY,COUNTRY,MLI,AFR,Africa,YEAR,2016,,,,,,,,,90.07 [80.82-100.85],90.07211553,80.82312762,100.8530485,,2025-12-19T14:27:58Z,2016,01/01/2016,31/12/2016,,
2277614,MALARIA_EST_MORTALITY,COUNTRY,BWA,AFR,Africa,YEAR,2018,,,,,,,,,0.59 [0.59-0.59],0.590441151,0.590441151,0.590441151,,2025-12-19T14:27:58Z,2018,01/01/2018,31/12/2018,,
2295518,MALARIA_EST_MORTALITY,COUNTRY,DOM,AMR,Americas,YEAR,2020,,,,,,,,,0.03 [0.03-0.03],0.032983755,0.032983755,0.032983755,,2025-12-19T14:27:58Z,2020,01/01/2020,31/12/2020,,
2296193,MALARIA_EST_MORTALITY,COUNTRY,PER,AMR,Americas,YEAR,2008,,,,,,,,,0.30 [0.15-0.47],0.301426724,0.150713362,0.470092706,,2025-12-19T14:27:58Z,2008,01/01/2008,31/12/2008,,
2301499,MALARIA_EST_MORTALITY,COUNTRY,MWI,AFR,Africa,YEAR,2011,,,,,,,,,67.24 [63.77-71.05],67.23868462,63.77324579,71.05132243,,2025-12-19T14:27:58Z,2011,01/01/2011,31/12/2011,,
2301900,MALARIA_EST_MORTALITY,COUNTRY,LBR,AFR,Africa,YEAR,2005,,,,,,,,,120.24 [113.03-128.08],120.2357821,113.0258763,128.0818561,,2025-12-19T14:27:58Z,2005,01/01/2005,31/12/2005,,
2303178,MALARIA_EST_MORTALITY,COUNTRY,BLZ,AMR,Americas,YEAR,2001,,,,,,,,,0 [0-0],0,0,0,,2025-12-19T14:27:58Z,2001,01/01/2001,31/12/2001,,
2314533,MALARIA_EST_MORTALITY,COUNTRY,GIN,AFR,Africa,YEAR,2017,,,,,,,,,92.53 [83.74-103.10],92.52636456,83.74180978,103.103113,,2025-12-19T14:27:58Z,2017,01/01/2017,31/12/2017,,
2327205,MALARIA_EST_MORTALITY,REGION,EMR,,,YEAR,2023,,,,,,,,,3.98 [2.42-6.26],3.981386369,2.418783592,6.259998649,,2025-12-19T14:27:58Z,2023,01/01/2023,31/12/2023,,
2334180,MALARIA_EST_MORTALITY,COUNTRY,SEN,AFR,Africa,YEAR,2005,,,,,,,,,31.09 [30.39-31.83],31.08903658,30.39480673,31.82776834,,2025-12-19T14:27:58Z,2005,01/01/2005,31/12/2005,,
2334372,MALARIA_EST_MORTALITY,COUNTRY,MYS,WPR,Western Pacific,YEAR,2010,,,,,,,,,1.13 [1.13-1.13],1.134151842,1.134151842,1.134151842,,2025-12-19T14:27:58Z,2010,01/01/2010,31/12/2010,,
2334395,MALARIA_EST_MORTALITY,GLOBAL,GLOBAL,,,YEAR,2002,,,,,,,,,26.84 [25.87-28.17],26.84078017,25.86749336,28.1691738,,2025-12-19T14:27:58Z,2002,01/01/2002,31/12/2002,,
2341367,MALARIA_EST_MORTALITY,COUNTRY,PAN,AMR,Americas,YEAR,2002,,,,,,,,,0.10 [0.10-0.10],0.09538981,0.09538981,0.09538981,,2025-12-19T14:27:58Z,2002,01/01/2002,31/12/2002,,
2371504,MALARIA_EST_MORTALITY,COUNTRY,MYS,WPR,Western Pacific,YEAR,2009,,,,,,,,,2.04 [2.04-2.04],2.0444608,2.0444608,2.0444608,,2025-12-19T14:27:58Z,2009,01/01/2009,31/12/2009,,
2378874,MALARIA_EST_MORTALITY,COUNTRY,UGA,AFR,Africa,YEAR,2014,,,,,,,,,48.76 [45.73-52.35],48.76421939,45.73088053,52.34707617,,2025-12-19T14:27:58Z,2014,01/01/2014,31/12/2014,,
2403291,MALARIA_EST_MORTALITY,COUNTRY,PNG,WPR,Western Pacific,YEAR,2015,,,,,,,,,21.27 [8.62-39.08],21.27356362,8.62351351,39.08216697,,2025-12-19T14:27:58Z,2015,01/01/2015,31/12/2015,,
2405365,MALARIA_EST_MORTALITY,COUNTRY,ARG,AMR,Americas,YEAR,2005,,,,,,,,,0 [0-0],0,0,0,,2025-12-19T14:27:58Z,2005,01/01/2005,31/12/2005,,
2423036,MALARIA_EST_MORTALITY,COUNTRY,HND,AMR,Americas,YEAR,2013,,,,,,,,,0.06 [0.02-0.11],0.062097091,0.024838836,0.111774763,,2025-12-19T14:27:58Z,2013,01/01/2013,31/12/2013,,
2435058,MALARIA_EST_MORTALITY,COUNTRY,PHL,WPR,Western Pacific,YEAR,2024,,,,,,,,,0.07 [0.03-0.13],0.072879703,0.031234158,0.132373338,,2025-12-19T14:27:58Z,2024,01/01/2024,31/12/2024,,
2436538,MALARIA_EST_MORTALITY,COUNTRY,HND,AMR,Americas,YEAR,2022,,,,,,,,,0 [0-0],0,0,0,,2025-12-19T14:27:58Z,2022,01/01/2022,31/12/2022,,
2461940,MALARIA_EST_MORTALITY,COUNTRY,IRQ,EMR,Eastern Mediterranean,YEAR,2013,,,,,,,,,0 [0-0],0,0,0,,2025-12-19T14:27:58Z,2013,01/01/2013,31/12/2013,,
2474580,MALARIA_EST_MORTALITY,COUNTRY,GMB,AFR,Africa,YEAR,2023,,,,,,,,,23.43 [21.94-25.50],23.42610491,21.94344004,25.50183572,,2025-12-19T14:27:58Z,2023,01/01/2023,31/12/2023,,
2474674,MALARIA_EST_MORTALITY,COUNTRY,HTI,AMR,Americas,YEAR,2011,,,,,,,,,2.35 [0.91-4.65],2.348113996,0.914409777,4.651071954,,2025-12-19T14:27:58Z,2011,01/01/2011,31/12/2011,,
2492411,MALARIA_EST_MORTALITY,COUNTRY,THA,SEAR,South-East Asia,YEAR,2015,,,,,,,,,0.25 [0.25-0.25],0.246529518,0.246529518,0.246529518,,2025-12-19T14:27:58Z,2015,01/01/2015,31/12/2015,,
2497949,MALARIA_EST_MORTALITY,COUNTRY,EGY,EMR,Eastern Mediterranean,YEAR,2010,,,,,,,,,0 [0-0],0,0,0,,2025-12-19T14:27:58Z,2010,01/01/2010,31/12/2010,,
2504651,MALARIA_EST_MORTALITY,COUNTRY,PAK,EMR,Eastern Mediterranean,YEAR,2002,,,,,,,,,0.62 [0.18-1.70],0.623809247,0.175738469,1.703167505,,2025-12-19T14:27:58Z,2002,01/01/2002,31/12/2002,,
2519043,MALARIA_EST_MORTALITY,COUNTRY,CPV,AFR,Africa,YEAR,2023,,,,,,,,,0 [0-0],0,0,0,,2025-12-19T14:27:58Z,2023,01/01/2023,31/12/2023,,
2536620,MALARIA_EST_MORTALITY,REGION,EUR,,,YEAR,2005,,,,,,,,,0 [0-0],0,0,0,,2025-12-19T14:27:58Z,2005,01/01/2005,31/12/2005,,
2562657,MALARIA_EST_MORTALITY,COUNTRY,GNB,AFR,Africa,YEAR,2023,,,,,,,,,41.10 [34.97-51.27],41.09896305,34.96894822,51.26921493,,2025-12-19T14:27:58Z,2023,01/01/2023,31/12/2023,,
2575480,MALARIA_EST_MORTALITY,COUNTRY,PAN,AMR,Americas,YEAR,2021,,,,,,,,,0 [0-0],0,0,0,,2025-12-19T14:27:58Z,2021,01/01/2021,31/12/2021,,
2580798,MALARIA_EST_MORTALITY,COUNTRY,AFG,EMR,Eastern Mediterranean,YEAR,2006,,,,,,,,,1.13 [0.43-2.30],1.130956914,0.427929643,2.302669033,,2025-12-19T14:27:58Z,2006,01/01/2006,31/12/2006,,
2612378,MALARIA_EST_MORTALITY,COUNTRY,THA,SEAR,South-East Asia,YEAR,2013,,,,,,,,,0.35 [0.35-0.35],0.354615066,0.354615066,0.354615066,,2025-12-19T14:27:58Z,2013,01/01/2013,31/12/2013,,
2613530,MALARIA_EST_MORTALITY,COUNTRY,RWA,AFR,Africa,YEAR,2012,,,,,,,,,27.29 [26.42-28.26],27.28556798,26.41760068,28.26433963,,2025-12-19T14:27:58Z,2012,01/01/2012,31/12/2012,,
2643963,MALARIA_EST_MORTALITY,COUNTRY,GNB,AFR,Africa,YEAR,2002,,,,,,,,,94.31 [87.80-101.84],94.31423237,87.79910448,101.8376539,,2025-12-19T14:27:58Z,2002,01/01/2002,31/12/2002,,
2656219,MALARIA_EST_MORTALITY,COUNTRY,UGA,AFR,Africa,YEAR,2010,,,,,,,,,79.45 [75.14-84.11],79.45465751,75.14479188,84.10721303,,2025-12-19T14:27:58Z,2010,01/01/2010,31/12/2010,,
2681636,MALARIA_EST_MORTALITY,COUNTRY,COG,AFR,Africa,YEAR,2022,,,,,,,,,37.05 [32.33-46.64],37.04990005,32.32752907,46.64418376,,2025-12-19T14:27:58Z,2022,01/01/2022,31/12/2022,,
2687870,MALARIA_EST_MORTALITY,COUNTRY,STP,AFR,Africa,YEAR,2024,,,,,,,,,0.42 [0.42-0.42],0.424563549,0.424563549,0.424563549,,2025-12-19T14:27:58Z,2024,01/01/2024,31/12/2024,,
2694479,MALARIA_EST_MORTALITY,COUNTRY,SAU,EMR,Eastern Mediterranean,YEAR,2004,,,,,,,,,0 [0-0],0,0,0,,2025-12-19T14:27:58Z,2004,01/01/2004,31/12/2004,,
2700966,MALARIA_EST_MORTALITY,COUNTRY,LBR,AFR,Africa,YEAR,2008,,,,,,,,,93.14 [87.25-99.53],93.14308311,87.25457687,99.52949527,,2025-12-19T14:27:58Z,2008,01/01/2008,31/12/2008,,
2701298,MALARIA_EST_MORTALITY,COUNTRY,MLI,AFR,Africa,YEAR,2021,,,,,,,,,64.10 [53.25-78.42],64.10396706,53.24566532,78.41926907,,2025-12-19T14:27:58Z,2021,01/01/2021,31/12/2021,,
2701954,MALARIA_EST_MORTALITY,COUNTRY,KHM,WPR,Western Pacific,YEAR,2016,,,,,,,,,1.81 [0.90-2.84],1.808918928,0.895592214,2.837519887,,2025-12-19T14:27:58Z,2016,01/01/2016,31/12/2016,,
2702588,MALARIA_EST_MORTALITY,COUNTRY,GHA,AFR,Africa,YEAR,2010,,,,,,,,,66.30 [63.77-69.13],66.30423544,63.76831728,69.12661098,,2025-12-19T14:27:58Z,2010,01/01/2010,31/12/2010,,
2728501,MALARIA_EST_MORTALITY,COUNTRY,SSD,AFR,Africa,YEAR,2015,,,,,,,,,66.51 [44.89-97.64],66.51325165,44.88834227,97.63642081,,2025-12-19T14:27:58Z,2015,01/01/2015,31/12/2015,,
2728781,MALARIA_EST_MORTALITY,COUNTRY,PRK,SEAR,South-East Asia,YEAR,2010,,,,,,,,,0 [0-0],0,0,0,,2025-12-19T14:27:58Z,2010,01/01/2010,31/12/2010,,
2750569,MALARIA_EST_MORTALITY,COUNTRY,PHL,WPR,Western Pacific,YEAR,2014,,,,,,,,,0.05 [0.02-0.09],0.049813181,0.021544201,0.089663725,,2025-12-19T14:27:58Z,2014,01/01/2014,31/12/2014,,
2762248,MALARIA_EST_MORTALITY,COUNTRY,GAB,AFR,Africa,YEAR,2014,,,,,,,,,19.81 [17.94-22.34],19.81400112,17.94380203,22.34129718,,2025-12-19T14:27:58Z,2014,01/01/2014,31/12/2014,,
2763195,MALARIA_EST_MORTALITY,REGION,AMR,,,YEAR,2024,,,,,,,,,0.32 [0.22-0.48],0.32382808,0.218455451,0.477389411,,2025-12-19T14:27:58Z,2024,01/01/2024,31/12/2024,,
2768318,MALARIA_EST_MORTALITY,COUNTRY,YEM,EMR,Eastern Mediterranean,YEAR,2009,,,,,,,,,10.66 [3.83-29.21],10.66026851,3.834910252,29.20682868,,2025-12-19T14:27:58Z,2009,01/01/2009,31/12/2009,,
2787521,MALARIA_EST_MORTALITY,COUNTRY,ECU,AMR,Americas,YEAR,2018,,,,,,,,,0 [0-0],0,0,0,,2025-12-19T14:27:58Z,2018,01/01/2018,31/12/2018,,
2793957,MALARIA_EST_MORTALITY,COUNTRY,KAZ,EUR,Europe,YEAR,2017,,,,,,,,,0 [0-0],0,0,0,,2025-12-19T14:27:58Z,2017,01/01/2017,31/12/2017,,
2801208,MALARIA_EST_MORTALITY,COUNTRY,TLS,SEAR,South-East Asia,YEAR,2006,,,,,,,,,35.49 [14.70-64.78],35.49272835,14.69790898,64.7796729,,2025-12-19T14:27:58Z,2006,01/01/2006,31/12/2006,,
2824831,MALARIA_EST_MORTALITY,COUNTRY,HND,AMR,Americas,YEAR,2006,,,,,,,,,0.12 [0.04-0.20],0.115347604,0.043255352,0.201858308,,2025-12-19T14:27:58Z,2006,01/01/2006,31/12/2006,,
2832318,MALARIA_EST_MORTALITY,COUNTRY,CMR,AFR,Africa,YEAR,2015,,,,,,,,,53.66 [49.73-57.78],53.65627493,49.72892028,57.78131523,,2025-12-19T14:27:58Z,2015,01/01/2015,31/12/2015,,
2837367,MALARIA_EST_MORTALITY,COUNTRY,IND,SEAR,South-East Asia,YEAR,2018,,,,,,,,,0.49 [0.23-0.82],0.490470306,0.227944129,0.82159226,,2025-12-19T14:27:58Z,2018,01/01/2018,31/12/2018,,
2837376,MALARIA_EST_MORTALITY,COUNTRY,KGZ,EUR,Europe,YEAR,2003,,,,,,,,,0 [0-0],0,0,0,,2025-12-19T14:27:58Z,2003,01/01/2003,31/12/2003,,
2838108,MALARIA_EST_MORTALITY,COUNTRY,UGA,AFR,Africa,YEAR,2015,,,,,,,,,42.00 [39.21-45.34],41.9967843,39.21245238,45.34331146,,2025-12-19T14:27:58Z,2015,01/01/2015,31/12/2015,,
2844551,MALARIA_EST_MORTALITY,COUNTRY,STP,AFR,Africa,YEAR,2010,,,,,,,,,7.70 [7.70-7.70],7.700685361,7.700685361,7.700685361,,2025-12-19T14:27:58Z,2010,01/01/2010,31/12/2010,,
2862968,MALARIA_EST_MORTALITY,COUNTRY,CPV,AFR,Africa,YEAR,2012,,,,,,,,,0 [0-0],0,0,0,,2025-12-19T14:27:58Z,2012,01/01/2012,31/12/2012,,
2894748,MALARIA_EST_MORTALITY,COUNTRY,MLI,AFR,Africa,YEAR,2011,,,,,,,,,134.49 [124.92-144.87],134.488648,124.9191817,144.8719137,,2025-12-19T14:27:58Z,2011,01/01/2011,31/12/2011,,
2895172,MALARIA_EST_MORTALITY,COUNTRY,KOR,WPR,Western Pacific,YEAR,2002,,,,,,,,,0 [0-0],0,0,0,,2025-12-19T14:27:58Z,2002,01/01/2002,31/12/2002,,
2895854,MALARIA_EST_MORTALITY,COUNTRY,BLZ,AMR,Americas,YEAR,2006,,,,,,,,,0.50 [0.50-0.50],0.503433416,0.503433416,0.503433416,,2025-12-19T14:27:58Z,2006,01/01/2006,31/12/2006,,
2901914,MALARIA_EST_MORTALITY,COUNTRY,HND,AMR,Americas,YEAR,2000,,,,,,,,,0.39 [0.15-0.69],0.386026123,0.1510537,0.688133523,,2025-12-19T14:27:58Z,2000,01/01/2000,31/12/2000,,
2907520,MALARIA_EST_MORTALITY,COUNTRY,GAB,AFR,Africa,YEAR,2022,,,,,,,,,17.69 [15.22-21.89],17.6900352,15.2216582,21.88627611,,2025-12-19T14:27:58Z,2022,01/01/2022,31/12/2022,,
2938252,MALARIA_EST_MORTALITY,COUNTRY,TCD,AFR,Africa,YEAR,2014,,,,,,,,,90.44 [80.52-101.14],90.44194271,80.51556183,101.1380991,,2025-12-19T14:27:58Z,2014,01/01/2014,31/12/2014,,
2945085,MALARIA_EST_MORTALITY,COUNTRY,NER,AFR,Africa,YEAR,2007,,,,,,,,,126.49 [117.93-135.69],126.4894257,117.9307019,135.6898848,,2025-12-19T14:27:58Z,2007,01/01/2007,31/12/2007,,
2976149,MALARIA_EST_MORTALITY,COUNTRY,PNG,WPR,Western Pacific,YEAR,2021,,,,,,,,,24.46 [10.51-43.77],24.45845837,10.50645088,43.77354963,,2025-12-19T14:27:58Z,2021,01/01/2021,31/12/2021,,
2983955,MALARIA_EST_MORTALITY,COUNTRY,ZAF,AFR,Africa,YEAR,2000,,,,,,,,,8.99 [8.99-8.99],8.990725346,8.990725346,8.990725346,,2025-12-19T14:27:58Z,2000,01/01/2000,31/12/2000,,
2984223,MALARIA_EST_MORTALITY,COUNTRY,SOM,EMR,Eastern Mediterranean,YEAR,2013,,,,,,,,,10.34 [4.41-18.49],10.3422066,4.40573339,18.48543163,,2025-12-19T14:27:58Z,2013,01/01/2013,31/12/2013,,
2996823,MALARIA_EST_MORTALITY,COUNTRY,IND,SEAR,South-East Asia,YEAR,2013,,,,,,,,,0.95 [0.47-1.54],0.953566219,0.466376965,1.538635172,,2025-12-19T14:27:58Z,2013,01/01/2013,31/12/2013,,
3008272,MALARIA_EST_MORTALITY,COUNTRY,CAF,AFR,Africa,YEAR,2018,,,,,,,,,82.71 [70.49-97.18],82.70718765,70.49071087,97.17838331,,2025-12-19T14:27:58Z,2018,01/01/2018,31/12/2018,,
3027929,MALARIA_EST_MORTALITY,COUNTRY,GIN,AFR,Africa,YEAR,2023,,,,,,,,,70.72 [58.37-87.26],70.72314485,58.36672575,87.25853266,,2025-12-19T14:27:58Z,2023,01/01/2023,31/12/2023,,
3034505,MALARIA_EST_MORTALITY,COUNTRY,NPL,SEAR,South-East Asia,YEAR,2006,,,,,,,,,0.54 [0.54-0.54],0.544395167,0.544395167,0.544395167,,2025-12-19T14:27:58Z,2006,01/01/2006,31/12/2006,,
3040711,MALARIA_EST_MORTALITY,COUNTRY,LKA,SEAR,South-East Asia,YEAR,2011,,,,,,,,,0 [0-0],0,0,0,,2025-12-19T14:27:58Z,2011,01/01/2011,31/12/2011,,
3045720,MALARIA_EST_MORTALITY,COUNTRY,BGD,SEAR,South-East Asia,YEAR,2010,,,,,,,,,1.01 [0.46-1.65],1.012019438,0.4633342,1.646055712,,2025-12-19T14:27:58Z,2010,01/01/2010,31/12/2010,,
3072614,MALARIA_EST_MORTALITY,COUNTRY,KGZ,EUR,Europe,YEAR,2010,,,,,,,,,0 [0-0],0,0,0,,2025-12-19T14:27:58Z,2010,01/01/2010,31/12/2010,,
3117101,MALARIA_EST_MORTALITY,COUNTRY,ARE,EMR,Eastern Mediterranean,YEAR,2019,,,,,,,,,0 [0-0],0,0,0,,2025-12-19T14:27:58Z,2019,01/01/2019,31/12/2019,,
3142168,MALARIA_EST_MORTALITY,COUNTRY,SOM,EMR,Eastern Mediterranean,YEAR,2010,,,,,,,,,10.52 [4.35-19.08],10.52051598,4.346848853,19.07557123,,2025-12-19T14:27:58Z,2010,01/01/2010,31/12/2010,,
3142324,MALARIA_EST_MORTALITY,REGION,AFR,,,YEAR,2013,,,,,,,,,66.68 [63.15-71.71],66.6799464,63.15131284,71.71463837,,2025-12-19T14:27:58Z,2013,01/01/2013,31/12/2013,,
3147035,MALARIA_EST_MORTALITY,COUNTRY,ERI,AFR,Africa,YEAR,2005,,,,,,,,,2.22 [0.83-4.28],2.217033279,0.826690375,4.283759217,,2025-12-19T14:27:58Z,2005,01/01/2005,31/12/2005,,
3160903,MALARIA_EST_MORTALITY,COUNTRY,KEN,AFR,Africa,YEAR,2010,,,,,,,,,23.23 [22.70-23.78],23.23157005,22.70030174,23.78447372,,2025-12-19T14:27:58Z,2010,01/01/2010,31/12/2010,,
3161222,MALARIA_EST_MORTALITY,COUNTRY,MEX,AMR,Americas,YEAR,2021,,,,,,,,,0 [0-0],0,0,0,,2025-12-19T14:27:58Z,2021,01/01/2021,31/12/2021,,
3166981,MALARIA_EST_MORTALITY,COUNTRY,MMR,SEAR,South-East Asia,YEAR,2014,,,,,,,,,1.65 [0.74-2.95],1.650953133,0.740550994,2.953145248,,2025-12-19T14:27:58Z,2014,01/01/2014,31/12/2014,,
3171775,MALARIA_EST_MORTALITY,COUNTRY,GIN,AFR,Africa,YEAR,2007,,,,,,,,,102.84 [96.64-109.57],102.8432213,96.64385632,109.570412,,2025-12-19T14:27:58Z,2007,01/01/2007,31/12/2007,,
3178268,MALARIA_EST_MORTALITY,COUNTRY,CHN,WPR,Western Pacific,YEAR,2017,,,,,,,,,0 [0-0],0,0,0,,2025-12-19T14:27:58Z,2017,01/01/2017,31/12/2017,,
3184893,MALARIA_EST_MORTALITY,COUNTRY,ETH,AFR,Africa,YEAR,2004,,,,,,,,,44.69 [12.02-141.43],44.68564249,12.01947518,141.4296622,,2025-12-19T14:27:58Z,2004,01/01/2004,31/12/2004,,
3192604,MALARIA_EST_MORTALITY,COUNTRY,NPL,SEAR,South-East Asia,YEAR,2001,,,,,,,,,0.39 [0.10-0.94],0.386478924,0.096619731,0.938591674,,2025-12-19T14:27:58Z,2001,01/01/2001,31/12/2001,,
3198560,MALARIA_EST_MORTALITY,COUNTRY,PNG,WPR,Western Pacific,YEAR,2022,,,,,,,,,33.30 [14.03-59.55],33.30337859,14.03485525,59.55061609,,2025-12-19T14:27:58Z,2022,01/01/2022,31/12/2022,,
3205275,MALARIA_EST_MORTALITY,COUNTRY,UGA,AFR,Africa,YEAR,2019,,,,,,,,,37.09 [33.05-42.47],37.08635959,33.05376741,42.46785851,,2025-12-19T14:27:58Z,2019,01/01/2019,31/12/2019,,
3218068,MALARIA_EST_MORTALITY,COUNTRY,TCD,AFR,Africa,YEAR,2003,,,,,,,,,103.33 [96.98-110.29],103.3254578,96.98483825,110.2948111,,2025-12-19T14:27:58Z,2003,01/01/2003,31/12/2003,,
3228680,MALARIA_EST_MORTALITY,COUNTRY,BGD,SEAR,South-East Asia,YEAR,2003,,,,,,,,,3.78 [3.78-3.78],3.778202156,3.778202156,3.778202156,,2025-12-19T14:27:58Z,2003,01/01/2003,31/12/2003,,
3249760,MALARIA_EST_MORTALITY,COUNTRY,SWZ,AFR,Africa,YEAR,2004,,,,,,,,,9.32 [9.32-9.32],9.31829981,9.31829981,9.31829981,,2025-12-19T14:27:58Z,2004,01/01/2004,31/12/2004,,
3254161,MALARIA_EST_MORTALITY,COUNTRY,GNQ,AFR,Africa,YEAR,2005,,,,,,,,,64.81 [60.06-70.72],64.81120833,60.0612012,70.72232831,,2025-12-19T14:27:58Z,2005,01/01/2005,31/12/2005,,
3255352,MALARIA_EST_MORTALITY,COUNTRY,NAM,AFR,Africa,YEAR,2015,,,,,,,,,1.70 [1.70-1.70],1.697973045,1.697973045,1.697973045,,2025-12-19T14:27:58Z,2015,01/01/2015,31/12/2015,,
3268504,MALARIA_EST_MORTALITY,COUNTRY,ARG,AMR,Americas,YEAR,2006,,,,,,,,,0 [0-0],0,0,0,,2025-12-19T14:27:58Z,2006,01/01/2006,31/12/2006,,
3274879,MALARIA_EST_MORTALITY,COUNTRY,NGA,AFR,Africa,YEAR,2015,,,,,,,,,88.66 [77.62-102.59],88.66121306,77.62335041,102.5940621,,2025-12-19T14:27:58Z,2015,01/01/2015,31/12/2015,,
3279863,MALARIA_EST_MORTALITY,COUNTRY,KAZ,EUR,Europe,YEAR,2016,,,,,,,,,0 [0-0],0,0,0,,2025-12-19T14:27:58Z,2016,01/01/2016,31/12/2016,,
3300041,MALARIA_EST_MORTALITY,COUNTRY,MYT,AFR,Africa,YEAR,2010,,,,,,,,,0 [0-0],0,0,0,,2025-12-19T14:27:58Z,2010,01/01/2010,31/12/2010,,
3300325,MALARIA_EST_MORTALITY,COUNTRY,PRY,AMR,Americas,YEAR,2016,,,,,,,,,0 [0-0],0,0,0,,2025-12-19T14:27:58Z,2016,01/01/2016,31/12/2016,,
3313135,MALARIA_EST_MORTALITY,COUNTRY,MWI,AFR,Africa,YEAR,2005,,,,,,,,,91.45 [87.04-96.11],91.44837734,87.0402883,96.10568697,,2025-12-19T14:27:58Z,2005,01/01/2005,31/12/2005,,
3324281,MALARIA_EST_MORTALITY,REGION,EMR,,,YEAR,2006,,,,,,,,,2.93 [1.83-6.07],2.926871927,1.826089534,6.067165223,,2025-12-19T14:27:58Z,2006,01/01/2006,31/12/2006,,
3336276,MALARIA_EST_MORTALITY,COUNTRY,BEN,AFR,Africa,YEAR,2020,,,,,,,,,78.96 [66.47-93.96],78.95842816,66.47178778,93.96225099,,2025-12-19T14:27:58Z,2020,01/01/2020,31/12/2020,,
3343518,MALARIA_EST_MORTALITY,COUNTRY,SLE,AFR,Africa,YEAR,2018,,,,,,,,,114.10 [100.57-129.26],114.1032248,100.5746461,129.2599585,,2025-12-19T14:27:58Z,2018,01/01/2018,31/12/2018,,
3357115,MALARIA_EST_MORTALITY,COUNTRY,UZB,EUR,Europe,YEAR,2011,,,,,,,,,0 [0-0],0,0,0,,2025-12-19T14:27:58Z,2011,01/01/2011,31/12/2011,,
3399751,MALARIA_EST_MORTALITY,COUNTRY,SAU,EMR,Eastern Mediterranean,YEAR,2024,,,,,,,,,0 [0-0],0,0,0,,2025-12-19T14:27:58Z,2024,01/01/2024,31/12/2024,,
3413814,MALARIA_EST_MORTALITY,COUNTRY,TZA,AFR,Africa,YEAR,2019,,,,,,,,,39.81 [38.17-41.72],39.81418403,38.16990554,41.72377774,,2025-12-19T14:27:58Z,2019,01/01/2019,31/12/2019,,
3414273,MALARIA_EST_MORTALITY,COUNTRY,LAO,WPR,Western Pacific,YEAR,2021,,,,,,,,,0.15 [0.05-0.28],0.154712385,0.051570795,0.283639372,,2025-12-19T14:27:58Z,2021,01/01/2021,31/12/2021,,
3420456,MALARIA_EST_MORTALITY,COUNTRY,LBR,AFR,Africa,YEAR,2015,,,,,,,,,73.46 [66.96-81.23],73.46390579,66.96096583,81.23309477,,2025-12-19T14:27:58Z,2015,01/01/2015,31/12/2015,,
3438258,MALARIA_EST_MORTALITY,COUNTRY,MYS,WPR,Western Pacific,YEAR,2020,,,,,,,,,0 [0-0],0,0,0,,2025-12-19T14:27:58Z,2020,01/01/2020,31/12/2020,,
3438491,MALARIA_EST_MORTALITY,COUNTRY,NAM,AFR,Africa,YEAR,2011,,,,,,,,,2.11 [2.11-2.11],2.113116289,2.113116289,2.113116289,,2025-12-19T14:27:58Z,2011,01/01/2011,31/12/2011,,
3457918,MALARIA_EST_MORTALITY,COUNTRY,MUS,AFR,Africa,YEAR,2021,,,,,,,,,0,0,,,,2025-12-19T14:27:58Z,2021,01/01/2021,31/12/2021,,
3458770,MALARIA_EST_MORTALITY,COUNTRY,SSD,AFR,Africa,YEAR,2000,,,,,,,,,192.13 [166.99-219.40],192.1334052,166.9853141,219.4034183,,2025-12-19T14:27:58Z,2000,01/01/2000,31/12/2000,,
3465382,MALARIA_EST_MORTALITY,COUNTRY,MYT,AFR,Africa,YEAR,2016,,,,,,,,,0 [0-0],0,0,0,,2025-12-19T14:27:58Z,2016,01/01/2016,31/12/2016,,
3476354,MALARIA_EST_MORTALITY,COUNTRY,PRY,AMR,Americas,YEAR,2010,,,,,,,,,0 [0-0],0,0,0,,2025-12-19T14:27:58Z,2010,01/01/2010,31/12/2010,,
3477250,MALARIA_EST_MORTALITY,COUNTRY,IDN,WPR,Western Pacific,YEAR,2022,,,,,,,,,0.35 [0.18-0.53],0.350392049,0.175366379,0.53329885,,2025-12-19T14:27:58Z,2022,01/01/2022,31/12/2022,,
3507237,MALARIA_EST_MORTALITY,COUNTRY,DJI,EMR,Eastern Mediterranean,YEAR,2023,,,,,,,,,9.25 [4.51-14.11],9.252683857,4.507791916,14.11034288,,2025-12-19T14:27:58Z,2023,01/01/2023,31/12/2023,,
3526892,MALARIA_EST_MORTALITY,COUNTRY,ECU,AMR,Americas,YEAR,2004,,,,,,,,,0.48 [0.48-0.48],0.479768611,0.479768611,0.479768611,,2025-12-19T14:27:58Z,2004,01/01/2004,31/12/2004,,
3527199,MALARIA_EST_MORTALITY,COUNTRY,AGO,AFR,Africa,YEAR,2000,,,,,,,,,138.10 [124.63-154.41],138.0993041,124.6319204,154.4070937,,2025-12-19T14:27:58Z,2000,01/01/2000,31/12/2000,,
3527244,MALARIA_EST_MORTALITY,COUNTRY,EGY,EMR,Eastern Mediterranean,YEAR,2021,,,,,,,,,0 [0-0],0,0,0,,2025-12-19T14:27:58Z,2021,01/01/2021,31/12/2021,,
3539623,MALARIA_EST_MORTALITY,COUNTRY,LAO,WPR,Western Pacific,YEAR,2016,,,,,,,,,0.89 [0.42-1.53],0.89015043,0.417258014,1.529946051,,2025-12-19T14:27:58Z,2016,01/01/2016,31/12/2016,,
3540267,MALARIA_EST_MORTALITY,COUNTRY,UZB,EUR,Europe,YEAR,2006,,,,,,,,,0 [0-0],0,0,0,,2025-12-19T14:27:58Z,2006,01/01/2006,31/12/2006,,
3545737,MALARIA_EST_MORTALITY,REGION,EMR,,,YEAR,2015,,,,,,,,,1.77 [1.11-2.58],1.771046622,1.112222382,2.581951196,,2025-12-19T14:27:58Z,2015,01/01/2015,31/12/2015,,
3546254,MALARIA_EST_MORTALITY,COUNTRY,BEN,AFR,Africa,YEAR,2014,,,,,,,,,80.22 [73.89-87.19],80.21756658,73.88937247,87.18945951,,2025-12-19T14:27:58Z,2014,01/01/2014,31/12/2014,,
3564091,MALARIA_EST_MORTALITY,COUNTRY,MLI,AFR,Africa,YEAR,2015,,,,,,,,,101.84 [92.13-112.85],101.8392814,92.13120385,112.8543009,,2025-12-19T14:27:58Z,2015,01/01/2015,31/12/2015,,
3564942,MALARIA_EST_MORTALITY,COUNTRY,COG,AFR,Africa,YEAR,2000,,,,,,,,,68.54 [64.54-73.11],68.54216216,64.54386936,73.11163963,,2025-12-19T14:27:58Z,2000,01/01/2000,31/12/2000,,
3595692,MALARIA_EST_MORTALITY,COUNTRY,CRI,AMR,Americas,YEAR,2013,,,,,,,,,0 [0-0],0,0,0,,2025-12-19T14:27:58Z,2013,01/01/2013,31/12/2013,,
3597390,MALARIA_EST_MORTALITY,COUNTRY,MEX,AMR,Americas,YEAR,2018,,,,,,,,,0 [0-0],0,0,0,,2025-12-19T14:27:58Z,2018,01/01/2018,31/12/2018,,
3615323,MALARIA_EST_MORTALITY,COUNTRY,CRI,AMR,Americas,YEAR,2014,,,,,,,,,0 [0-0],0,0,0,,2025-12-19T14:27:58Z,2014,01/01/2014,31/12/2014,,
3626762,MALARIA_EST_MORTALITY,COUNTRY,ETH,AFR,Africa,YEAR,2015,,,,,,,,,29.80 [6.43-75.44],29.80476288,6.42647944,75.44044781,,2025-12-19T14:27:58Z,2015,01/01/2015,31/12/2015,,
3646920,MALARIA_EST_MORTALITY,COUNTRY,COL,AMR,Americas,YEAR,2008,,,,,,,,,0.56 [0.56-0.56],0.55740428,0.55740428,0.55740428,,2025-12-19T14:27:58Z,2008,01/01/2008,31/12/2008,,
3653856,MALARIA_EST_MORTALITY,COUNTRY,HND,AMR,Americas,YEAR,2003,,,,,,,,,0.14 [0.05-0.25],0.139565545,0.046521848,0.248116524,,2025-12-19T14:27:58Z,2003,01/01/2003,31/12/2003,,
3658655,MALARIA_EST_MORTALITY,COUNTRY,MEX,AMR,Americas,YEAR,2005,,,,,,,,,0 [0-0],0,0,0,,2025-12-19T14:27:58Z,2005,01/01/2005,31/12/2005,,
3659907,MALARIA_EST_MORTALITY,COUNTRY,BEN,AFR,Africa,YEAR,2009,,,,,,,,,109.64 [102.46-117.49],109.6386185,102.4562689,117.4939847,,2025-12-19T14:27:58Z,2009,01/01/2009,31/12/2009,,
3697031,MALARIA_EST_MORTALITY,COUNTRY,ARM,EUR,Europe,YEAR,2016,,,,,,,,,0 [0-0],0,0,0,,2025-12-19T14:27:58Z,2016,01/01/2016,31/12/2016,,
3697132,MALARIA_EST_MORTALITY,COUNTRY,IND,SEAR,South-East Asia,YEAR,2001,,,,,,,,,3.09 [1.51-5.00],3.089193555,1.510045149,5.002782856,,2025-12-19T14:27:58Z,2001,01/01/2001,31/12/2001,,
3697749,MALARIA_EST_MORTALITY,COUNTRY,UZB,EUR,Europe,YEAR,2015,,,,,,,,,0 [0-0],0,0,0,,2025-12-19T14:27:58Z,2015,01/01/2015,31/12/2015,,
3697916,MALARIA_EST_MORTALITY,COUNTRY,OMN,EMR,Eastern Mediterranean,YEAR,2007,,,,,,,,,0 [0-0],0,0,0,,2025-12-19T14:27:58Z,2007,01/01/2007,31/12/2007,,
3723740,MALARIA_EST_MORTALITY,COUNTRY,TGO,AFR,Africa,YEAR,2012,,,,,,,,,61.99 [57.64-66.88],61.99357362,57.64191205,66.88039099,,2025-12-19T14:27:58Z,2012,01/01/2012,31/12/2012,,
3730440,MALARIA_EST_MORTALITY,COUNTRY,SOM,EMR,Eastern Mediterranean,YEAR,2020,,,,,,,,,14.46 [5.96-26.06],14.46142888,5.963537741,26.06435336,,2025-12-19T14:27:58Z,2020,01/01/2020,31/12/2020,,
3734696,MALARIA_EST_MORTALITY,COUNTRY,BWA,AFR,Africa,YEAR,2009,,,,,,,,,0.45 [0.45-0.45],0.454622603,0.454622603,0.454622603,,2025-12-19T14:27:58Z,2009,01/01/2009,31/12/2009,,
3734837,MALARIA_EST_MORTALITY,COUNTRY,MRT,AFR,Africa,YEAR,2005,,,,,,,,,20.99 [20.24-21.78],20.99312093,20.24458177,21.77568459,,2025-12-19T14:27:58Z,2005,01/01/2005,31/12/2005,,
3736376,MALARIA_EST_MORTALITY,COUNTRY,MLI,AFR,Africa,YEAR,2020,,,,,,,,,75.01 [58.22-97.23],75.01208331,58.22083018,97.22844905,,2025-12-19T14:27:58Z,2020,01/01/2020,31/12/2020,,
3760169,MALARIA_EST_MORTALITY,COUNTRY,MLI,AFR,Africa,YEAR,2002,,,,,,,,,172.59 [163.08-182.55],172.5904436,163.0771359,182.5513405,,2025-12-19T14:27:58Z,2002,01/01/2002,31/12/2002,,
3766863,MALARIA_EST_MORTALITY,COUNTRY,BRA,AMR,Americas,YEAR,2005,,,,,,,,,0.33 [0.33-0.33],0.328072753,0.328072753,0.328072753,,2025-12-19T14:27:58Z,2005,01/01/2005,31/12/2005,,
3779616,MALARIA_EST_MORTALITY,COUNTRY,UGA,AFR,Africa,YEAR,2017,,,,,,,,,39.33 [35.93-43.68],39.33058067,35.93059609,43.67630867,,2025-12-19T14:27:58Z,2017,01/01/2017,31/12/2017,,
3785610,MALARIA_EST_MORTALITY,REGION,AMR,,,YEAR,2013,,,,,,,,,0.34 [0.24-0.46],0.336496666,0.240965833,0.464821665,,2025-12-19T14:27:58Z,2013,01/01/2013,31/12/2013,,
3792561,MALARIA_EST_MORTALITY,COUNTRY,ETH,AFR,Africa,YEAR,2008,,,,,,,,,18.58 [5.30-54.21],18.58012181,5.296572473,54.21255095,,2025-12-19T14:27:58Z,2008,01/01/2008,31/12/2008,,
3818420,MALARIA_EST_MORTALITY,COUNTRY,NER,AFR,Africa,YEAR,2004,,,,,,,,,134.69 [126.30-143.47],134.6918506,126.3016895,143.4738075,,2025-12-19T14:27:58Z,2004,01/01/2004,31/12/2004,,
3824598,MALARIA_EST_MORTALITY,COUNTRY,GUY,AMR,Americas,YEAR,2005,,,,,,,,,9.07 [4.47-14.59],9.068041855,4.468310479,14.58771951,,2025-12-19T14:27:58Z,2005,01/01/2005,31/12/2005,,
3829234,MALARIA_EST_MORTALITY,COUNTRY,DJI,EMR,Eastern Mediterranean,YEAR,2008,,,,,,,,,0.75 [0.15-1.34],0.746850531,0.149370106,1.344330956,,2025-12-19T14:27:58Z,2008,01/01/2008,31/12/2008,,
3829398,MALARIA_EST_MORTALITY,REGION,EMR,,,YEAR,2000,,,,,,,,,4.03 [2.53-7.25],4.032428503,2.528758123,7.250010619,,2025-12-19T14:27:58Z,2000,01/01/2000,31/12/2000,,
3842282,MALARIA_EST_MORTALITY,COUNTRY,ZMB,AFR,Africa,YEAR,2008,,,,,,,,,48.21 [46.63-49.98],48.21322317,46.63120279,49.97955661,,2025-12-19T14:27:58Z,2008,01/01/2008,31/12/2008,,
3855760,MALARIA_EST_MORTALITY,COUNTRY,HND,AMR,Americas,YEAR,2023,,,,,,,,,0 [0-0],0,0,0,,2025-12-19T14:27:58Z,2023,01/01/2023,31/12/2023,,
3862667,MALARIA_EST_MORTALITY,COUNTRY,GEO,EUR,Europe,YEAR,2004,,,,,,,,,0 [0-0],0,0,0,,2025-12-19T14:27:58Z,2004,01/01/2004,31/12/2004,,
3874321,MALARIA_EST_MORTALITY,COUNTRY,UZB,EUR,Europe,YEAR,2017,,,,,,,,,0 [0-0],0,0,0,,2025-12-19T14:27:58Z,2017,01/01/2017,31/12/2017,,
3900561,MALARIA_EST_MORTALITY,COUNTRY,IDN,WPR,Western Pacific,YEAR,2017,,,,,,,,,0.49 [0.24-0.74],0.48850433,0.24275598,0.744361278,,2025-12-19T14:27:58Z,2017,01/01/2017,31/12/2017,,
3918344,MALARIA_EST_MORTALITY,COUNTRY,PRK,SEAR,South-East Asia,YEAR,2023,,,,,,,,,0 [0-0],0,0,0,,2025-12-19T14:27:58Z,2023,01/01/2023,31/12/2023,,
3943526,MALARIA_EST_MORTALITY,COUNTRY,BWA,AFR,Africa,YEAR,2014,,,,,,,,,1.53 [1.53-1.53],1.527755498,1.527755498,1.527755498,,2025-12-19T14:27:58Z,2014,01/01/2014,31/12/2014,,
3950811,MALARIA_EST_MORTALITY,COUNTRY,TJK,EUR,Europe,YEAR,2020,,,,,,,,,0 [0-0],0,0,0,,2025-12-19T14:27:58Z,2020,01/01/2020,31/12/2020,,
3962637,MALARIA_EST_MORTALITY,COUNTRY,SAU,EMR,Eastern Mediterranean,YEAR,2009,,,,,,,,,0 [0-0],0,0,0,,2025-12-19T14:27:58Z,2009,01/01/2009,31/12/2009,,
3969957,MALARIA_EST_MORTALITY,COUNTRY,MLI,AFR,Africa,YEAR,2004,,,,,,,,,157.02 [147.98-166.29],157.0245594,147.9802302,166.2902219,,2025-12-19T14:27:58Z,2004,01/01/2004,31/12/2004,,
3976177,MALARIA_EST_MORTALITY,COUNTRY,ZMB,AFR,Africa,YEAR,2015,,,,,,,,,48.87 [46.40-51.57],48.87466913,46.3989217,51.56994096,,2025-12-19T14:27:58Z,2015,01/01/2015,31/12/2015,,
4008340,MALARIA_EST_MORTALITY,COUNTRY,ZMB,AFR,Africa,YEAR,2002,,,,,,,,,114.60 [109.00-120.54],114.6042304,108.9975168,120.5396457,,2025-12-19T14:27:58Z,2002,01/01/2002,31/12/2002,,
4019481,MALARIA_EST_MORTALITY,COUNTRY,VEN,AMR,Americas,YEAR,2011,,,,,,,,,0.32 [0.16-0.49],0.322080944,0.164466865,0.48654781,,2025-12-19T14:27:58Z,2011,01/01/2011,31/12/2011,,
4026088,MALARIA_EST_MORTALITY,COUNTRY,KOR,WPR,Western Pacific,YEAR,2024,,,,,,,,,0 [0-0],0,0,0,,2025-12-19T14:27:58Z,2024,01/01/2024,31/12/2024,,
4051344,MALARIA_EST_MORTALITY,COUNTRY,THA,SEAR,South-East Asia,YEAR,2017,,,,,,,,,0.11 [0.11-0.11],0.111083488,0.111083488,0.111083488,,2025-12-19T14:27:58Z,2017,01/01/2017,31/12/2017,,
4065789,MALARIA_EST_MORTALITY,COUNTRY,CIV,AFR,Africa,YEAR,2014,,,,,,,,,38.98 [36.24-42.01],38.98497986,36.24110918,42.00609156,,2025-12-19T14:27:58Z,2014,01/01/2014,31/12/2014,,
4076412,MALARIA_EST_MORTALITY,COUNTRY,KOR,WPR,Western Pacific,YEAR,2001,,,,,,,,,0 [0-0],0,0,0,,2025-12-19T14:27:58Z,2001,01/01/2001,31/12/2001,,
4102685,MALARIA_EST_MORTALITY,COUNTRY,GNB,AFR,Africa,YEAR,2001,,,,,,,,,124.32 [115.12-134.86],124.3188429,115.1217857,134.8637448,,2025-12-19T14:27:58Z,2001,01/01/2001,31/12/2001,,
4109095,MALARIA_EST_MORTALITY,COUNTRY,CAF,AFR,Africa,YEAR,2014,,,,,,,,,126.28 [111.18-143.86],126.276664,111.1788374,143.8619548,,2025-12-19T14:27:58Z,2014,01/01/2014,31/12/2014,,
4115089,MALARIA_EST_MORTALITY,COUNTRY,TJK,EUR,Europe,YEAR,2015,,,,,,,,,0 [0-0],0,0,0,,2025-12-19T14:27:58Z,2015,01/01/2015,31/12/2015,,
4115330,MALARIA_EST_MORTALITY,COUNTRY,ZMB,AFR,Africa,YEAR,2022,,,,,,,,,43.83 [37.56-54.17],43.83479967,37.55779926,54.1707616,,2025-12-19T14:27:58Z,2022,01/01/2022,31/12/2022,,
4140528,MALARIA_EST_MORTALITY,GLOBAL,GLOBAL,,,YEAR,2003,,,,,,,,,25.47 [24.52-26.81],25.46817739,24.51706787,26.80805271,,2025-12-19T14:27:58Z,2003,01/01/2003,31/12/2003,,
4153184,MALARIA_EST_MORTALITY,COUNTRY,TGO,AFR,Africa,YEAR,2015,,,,,,,,,67.22 [60.80-74.32],67.21739431,60.79709573,74.31626104,,2025-12-19T14:27:58Z,2015,01/01/2015,31/12/2015,,
4153889,MALARIA_EST_MORTALITY,COUNTRY,BWA,AFR,Africa,YEAR,2000,,,,,,,,,3.24 [3.24-3.24],3.23720338,3.23720338,3.23720338,,2025-12-19T14:27:58Z,2000,01/01/2000,31/12/2000,,
4154179,MALARIA_EST_MORTALITY,COUNTRY,SUR,AMR,Americas,YEAR,2024,,,,,,,,,0 [0-0],0,0,0,,2025-12-19T14:27:58Z,2024,01/01/2024,31/12/2024,,
4159806,MALARIA_EST_MORTALITY,REGION,EMR,,,YEAR,2011,,,,,,,,,1.77 [1.15-2.61],1.770000845,1.153320107,2.613350955,,2025-12-19T14:27:58Z,2011,01/01/2011,31/12/2011,,
4172524,MALARIA_EST_MORTALITY,COUNTRY,BRA,AMR,Americas,YEAR,2009,,,,,,,,,0.22 [0.22-0.22],0.217992154,0.217992154,0.217992154,,2025-12-19T14:27:58Z,2009,01/01/2009,31/12/2009,,
4177465,MALARIA_EST_MORTALITY,COUNTRY,BTN,SEAR,South-East Asia,YEAR,2021,,,,,,,,,0 [0-0],0,0,0,,2025-12-19T14:27:58Z,2021,01/01/2021,31/12/2021,,
4177942,MALARIA_EST_MORTALITY,COUNTRY,MDG,AFR,Africa,YEAR,2021,,,,,,,,,42.57 [16.31-79.88],42.5717041,16.31112614,79.87945404,,2025-12-19T14:27:58Z,2021,01/01/2021,31/12/2021,,
4184579,MALARIA_EST_MORTALITY,REGION,SEAR,,,YEAR,2004,,,,,,,,,3.14 [1.68-4.93],3.135315454,1.682620016,4.928417189,,2025-12-19T14:27:58Z,2004,01/01/2004,31/12/2004,,
4222199,MALARIA_EST_MORTALITY,COUNTRY,PER,AMR,Americas,YEAR,2017,,,,,,,,,0.52 [0.27-0.83],0.52019562,0.268225866,0.829061769,,2025-12-19T14:27:58Z,2017,01/01/2017,31/12/2017,,
4241884,MALARIA_EST_MORTALITY,COUNTRY,COL,AMR,Americas,YEAR,2013,,,,,,,,,0.10 [0.10-0.10],0.097871309,0.097871309,0.097871309,,2025-12-19T14:27:58Z,2013,01/01/2013,31/12/2013,,
4255195,MALARIA_EST_MORTALITY,COUNTRY,UGA,AFR,Africa,YEAR,2013,,,,,,,,,53.17 [50.10-56.63],53.16800427,50.10040173,56.62613186,,2025-12-19T14:27:58Z,2013,01/01/2013,31/12/2013,,
4259697,MALARIA_EST_MORTALITY,COUNTRY,ZMB,AFR,Africa,YEAR,2003,,,,,,,,,93.28 [88.91-97.86],93.27547128,88.91442192,97.86413283,,2025-12-19T14:27:58Z,2003,01/01/2003,31/12/2003,,
4259880,MALARIA_EST_MORTALITY,COUNTRY,BDI,AFR,Africa,YEAR,2021,,,,,,,,,55.73 [41.44-81.70],55.73260259,41.44080733,81.70155816,,2025-12-19T14:27:58Z,2021,01/01/2021,31/12/2021,,
4265871,MALARIA_EST_MORTALITY,COUNTRY,PER,AMR,Americas,YEAR,2022,,,,,,,,,0.21 [0.10-0.32],0.205357347,0.09887576,0.319444762,,2025-12-19T14:27:58Z,2022,01/01/2022,31/12/2022,,
4267893,MALARIA_EST_MORTALITY,COUNTRY,ZWE,AFR,Africa,YEAR,2004,,,,,,,,,26.26 [4.88-73.35],26.26000797,4.877922286,73.34829993,,2025-12-19T14:27:58Z,2004,01/01/2004,31/12/2004,,
4279500,MALARIA_EST_MORTALITY,REGION,EMR,,,YEAR,2018,,,,,,,,,2.33 [1.40-3.49],2.332798887,1.398203366,3.49448585,,2025-12-19T14:27:58Z,2018,01/01/2018,31/12/2018,,
4286645,MALARIA_EST_MORTALITY,COUNTRY,CMR,AFR,Africa,YEAR,2019,,,,,,,,,44.92 [40.15-50.61],44.92259595,40.15118739,50.60760967,,2025-12-19T14:27:58Z,2019,01/01/2019,31/12/2019,,
4286991,MALARIA_EST_MORTALITY,COUNTRY,TGO,AFR,Africa,YEAR,2002,,,,,,,,,104.67 [98.76-111.08],104.6686543,98.75725832,111.0788242,,2025-12-19T14:27:58Z,2002,01/01/2002,31/12/2002,,
4293249,MALARIA_EST_MORTALITY,COUNTRY,SOM,EMR,Eastern Mediterranean,YEAR,2012,,,,,,,,,8.73 [3.74-15.29],8.731129365,3.739619746,15.28770195,,2025-12-19T14:27:58Z,2012,01/01/2012,31/12/2012,,
4299487,MALARIA_EST_MORTALITY,REGION,EMR,,,YEAR,2016,,,,,,,,,2.07 [1.30-2.96],2.065770611,1.303167989,2.963113532,,2025-12-19T14:27:58Z,2016,01/01/2016,31/12/2016,,
4305294,MALARIA_EST_MORTALITY,COUNTRY,OMN,EMR,Eastern Mediterranean,YEAR,2012,,,,,,,,,0 [0-0],0,0,0,,2025-12-19T14:27:58Z,2012,01/01/2012,31/12/2012,,
4317705,MALARIA_EST_MORTALITY,COUNTRY,CMR,AFR,Africa,YEAR,2004,,,,,,,,,124.90 [116.57-133.76],124.8970003,116.570935,133.764892,,2025-12-19T14:27:58Z,2004,01/01/2004,31/12/2004,,
4331142,MALARIA_EST_MORTALITY,COUNTRY,THA,SEAR,South-East Asia,YEAR,2005,,,,,,,,,1.29 [1.29-1.29],1.285176211,1.285176211,1.285176211,,2025-12-19T14:27:58Z,2005,01/01/2005,31/12/2005,,
4343713,MALARIA_EST_MORTALITY,COUNTRY,AZE,EUR,Europe,YEAR,2005,,,,,,,,,0 [0-0],0,0,0,,2025-12-19T14:27:58Z,2005,01/01/2005,31/12/2005,,
4343811,MALARIA_EST_MORTALITY,COUNTRY,ZWE,AFR,Africa,YEAR,2013,,,,,,,,,20.04 [8.35-35.72],20.03651884,8.346057414,35.72386252,,2025-12-19T14:27:58Z,2013,01/01/2013,31/12/2013,,
4356669,MALARIA_EST_MORTALITY,COUNTRY,PRY,AMR,Americas,YEAR,2000,,,,,,,,,0 [0-0],0,0,0,,2025-12-19T14:27:58Z,2000,01/01/2000,31/12/2000,,
4356689,MALARIA_EST_MORTALITY,COUNTRY,KOR,WPR,Western Pacific,YEAR,2004,,,,,,,,,0 [0-0],0,0,0,,2025-12-19T14:27:58Z,2004,01/01/2004,31/12/2004,,
4361409,MALARIA_EST_MORTALITY,COUNTRY,TJK,EUR,Europe,YEAR,2002,,,,,,,,,0 [0-0],0,0,0,,2025-12-19T14:27:58Z,2002,01/01/2002,31/12/2002,,
4368222,MALARIA_EST_MORTALITY,COUNTRY,PRY,AMR,Americas,YEAR,2008,,,,,,,,,0 [0-0],0,0,0,,2025-12-19T14:27:58Z,2008,01/01/2008,31/12/2008,,
4374249,MALARIA_EST_MORTALITY,COUNTRY,HTI,AMR,Americas,YEAR,2004,,,,,,,,,2.47 [0.90-5.00],2.474685662,0.904453643,4.999618748,,2025-12-19T14:27:58Z,2004,01/01/2004,31/12/2004,,
4381022,MALARIA_EST_MORTALITY,COUNTRY,ARM,EUR,Europe,YEAR,2010,,,,,,,,,0 [0-0],0,0,0,,2025-12-19T14:27:58Z,2010,01/01/2010,31/12/2010,,
4393674,MALARIA_EST_MORTALITY,COUNTRY,BDI,AFR,Africa,YEAR,2004,,,,,,,,,111.55 [102.95-121.43],111.5494971,102.945618,121.4254918,,2025-12-19T14:27:58Z,2004,01/01/2004,31/12/2004,,
4399055,MALARIA_EST_MORTALITY,COUNTRY,HTI,AMR,Americas,YEAR,2017,,,,,,,,,0.87 [0.34-1.60],0.86913362,0.341445351,1.603758465,,2025-12-19T14:27:58Z,2017,01/01/2017,31/12/2017,,
4412088,MALARIA_EST_MORTALITY,COUNTRY,NIC,AMR,Americas,YEAR,2017,,,,,,,,,0.02 [0.02-0.02],0.017991167,0.017991167,0.017991167,,2025-12-19T14:27:58Z,2017,01/01/2017,31/12/2017,,
4419494,MALARIA_EST_MORTALITY,COUNTRY,NIC,AMR,Americas,YEAR,2004,,,,,,,,,0.02 [0.02-0.02],0.021550972,0.021550972,0.021550972,,2025-12-19T14:27:58Z,2004,01/01/2004,31/12/2004,,
4424717,MALARIA_EST_MORTALITY,COUNTRY,TJK,EUR,Europe,YEAR,2016,,,,,,,,,0 [0-0],0,0,0,,2025-12-19T14:27:58Z,2016,01/01/2016,31/12/2016,,
4445198,MALARIA_EST_MORTALITY,COUNTRY,LKA,SEAR,South-East Asia,YEAR,2010,,,,,,,,,0 [0-0],0,0,0,,2025-12-19T14:27:58Z,2010,01/01/2010,31/12/2010,,
4457438,MALARIA_EST_MORTALITY,COUNTRY,ZWE,AFR,Africa,YEAR,2023,,,,,,,,,12.64 [4.75-24.29],12.64454966,4.748506358,24.29451651,,2025-12-19T14:27:58Z,2023,01/01/2023,31/12/2023,,
4470863,MALARIA_EST_MORTALITY,COUNTRY,CRI,AMR,Americas,YEAR,2011,,,,,,,,,0 [0-0],0,0,0,,2025-12-19T14:27:58Z,2011,01/01/2011,31/12/2011,,
4476441,MALARIA_EST_MORTALITY,COUNTRY,STP,AFR,Africa,YEAR,2011,,,,,,,,,10.23 [10.23-10.23],10.234367,10.234367,10.234367,,2025-12-19T14:27:58Z,2011,01/01/2011,31/12/2011,,
4483267,MALARIA_EST_MORTALITY,COUNTRY,IND,SEAR,South-East Asia,YEAR,2010,,,,,,,,,1.98 [0.96-3.25],1.982599031,0.960744201,3.250258357,,2025-12-19T14:27:58Z,2010,01/01/2010,31/12/2010,,
4489242,MALARIA_EST_MORTALITY,COUNTRY,UGA,AFR,Africa,YEAR,2023,,,,,,,,,32.77 [28.26-39.59],32.77047651,28.26132471,39.5876913,,2025-12-19T14:27:58Z,2023,01/01/2023,31/12/2023,,
4513389,MALARIA_EST_MORTALITY,COUNTRY,IND,SEAR,South-East Asia,YEAR,2005,,,,,,,,,3.01 [1.48-5.06],3.010483849,1.483773887,5.056198966,,2025-12-19T14:27:58Z,2005,01/01/2005,31/12/2005,,
4519784,MALARIA_EST_MORTALITY,COUNTRY,VEN,AMR,Americas,YEAR,2002,,,,,,,,,0.18 [0.18-0.18],0.180848391,0.180848391,0.180848391,,2025-12-19T14:27:58Z,2002,01/01/2002,31/12/2002,,
4526427,MALARIA_EST_MORTALITY,COUNTRY,SEN,AFR,Africa,YEAR,2007,,,,,,,,,29.85 [29.18-30.55],29.85469497,29.18351657,30.55136116,,2025-12-19T14:27:58Z,2007,01/01/2007,31/12/2007,,
4527516,MALARIA_EST_MORTALITY,COUNTRY,MYS,WPR,Western Pacific,YEAR,2013,,,,,,,,,0.83 [0.83-0.83],0.828521007,0.828521007,0.828521007,,2025-12-19T14:27:58Z,2013,01/01/2013,31/12/2013,,
4527594,MALARIA_EST_MORTALITY,COUNTRY,COG,AFR,Africa,YEAR,2011,,,,,,,,,40.89 [38.46-43.36],40.89181912,38.46217257,43.36485221,,2025-12-19T14:27:58Z,2011,01/01/2011,31/12/2011,,
4577859,MALARIA_EST_MORTALITY,COUNTRY,CPV,AFR,Africa,YEAR,2014,,,,,,,,,0.75 [0.75-0.75],0.750728206,0.750728206,0.750728206,,2025-12-19T14:27:58Z,2014,01/01/2014,31/12/2014,,
4583310,MALARIA_EST_MORTALITY,COUNTRY,CHN,WPR,Western Pacific,YEAR,2020,,,,,,,,,0 [0-0],0,0,0,,2025-12-19T14:27:58Z,2020,01/01/2020,31/12/2020,,
4583314,MALARIA_EST_MORTALITY,COUNTRY,SSD,AFR,Africa,YEAR,2009,,,,,,,,,75.94 [61.55-93.07],75.94479873,61.54557835,93.07024266,,2025-12-19T14:27:58Z,2009,01/01/2009,31/12/2009,,
4603156,MALARIA_EST_MORTALITY,REGION,EMR,,,YEAR,2004,,,,,,,,,2.82 [1.78-5.34],2.820690731,1.783569634,5.338413551,,2025-12-19T14:27:58Z,2004,01/01/2004,31/12/2004,,
4604002,MALARIA_EST_MORTALITY,COUNTRY,LKA,SEAR,South-East Asia,YEAR,2016,,,,,,,,,0 [0-0],0,0,0,,2025-12-19T14:27:58Z,2016,01/01/2016,31/12/2016,,
4621710,MALARIA_EST_MORTALITY,COUNTRY,SYR,EMR,Eastern Mediterranean,YEAR,2017,,,,,,,,,0 [0-0],0,0,0,,2025-12-19T14:27:58Z,2017,01/01/2017,31/12/2017,,
4622657,MALARIA_EST_MORTALITY,COUNTRY,SAU,EMR,Eastern Mediterranean,YEAR,2005,,,,,,,,,0 [0-0],0,0,0,,2025-12-19T14:27:58Z,2005,01/01/2005,31/12/2005,,
4622845,MALARIA_EST_MORTALITY,COUNTRY,SDN,EMR,Eastern Mediterranean,YEAR,2019,,,,,,,,,16.17 [6.23-31.98],16.16969286,6.23054601,31.98377322,,2025-12-19T14:27:58Z,2019,01/01/2019,31/12/2019,,
4634922,MALARIA_EST_MORTALITY,COUNTRY,YEM,EMR,Eastern Mediterranean,YEAR,2008,,,,,,,,,8.42 [2.97-21.83],8.420433155,2.969579283,21.8280086,,2025-12-19T14:27:58Z,2008,01/01/2008,31/12/2008,,
4652941,MALARIA_EST_MORTALITY,COUNTRY,KHM,WPR,Western Pacific,YEAR,2013,,,,,,,,,2.14 [1.09-3.34],2.140501202,1.093416198,3.335846028,,2025-12-19T14:27:58Z,2013,01/01/2013,31/12/2013,,
4660904,MALARIA_EST_MORTALITY,COUNTRY,GEO,EUR,Europe,YEAR,2006,,,,,,,,,0 [0-0],0,0,0,,2025-12-19T14:27:58Z,2006,01/01/2006,31/12/2006,,
4665464,MALARIA_EST_MORTALITY,COUNTRY,COG,AFR,Africa,YEAR,2021,,,,,,,,,37.66 [32.84-47.03],37.66006589,32.84012055,47.02841035,,2025-12-19T14:27:58Z,2021,01/01/2021,31/12/2021,,
4672969,MALARIA_EST_MORTALITY,COUNTRY,COG,AFR,Africa,YEAR,2001,,,,,,,,,80.92 [75.72-86.84],80.91581547,75.72106901,86.8439379,,2025-12-19T14:27:58Z,2001,01/01/2001,31/12/2001,,
4698050,MALARIA_EST_MORTALITY,COUNTRY,HTI,AMR,Americas,YEAR,2016,,,,,,,,,0.96 [0.39-1.78],0.964958072,0.388080964,1.783074698,,2025-12-19T14:27:58Z,2016,01/01/2016,31/12/2016,,
4717972,MALARIA_EST_MORTALITY,COUNTRY,BOL,AMR,Americas,YEAR,2006,,,,,,,,,0.32 [0.14-0.53],0.324096281,0.138898406,0.53244389,,2025-12-19T14:27:58Z,2006,01/01/2006,31/12/2006,,
4723582,MALARIA_EST_MORTALITY,COUNTRY,DJI,EMR,Eastern Mediterranean,YEAR,2000,,,,,,,,,0.71 [0.18-1.43],0.713740213,0.178435053,1.427480426,,2025-12-19T14:27:58Z,2000,01/01/2000,31/12/2000,,
4737321,MALARIA_EST_MORTALITY,COUNTRY,SEN,AFR,Africa,YEAR,2022,,,,,,,,,9.75 [4.27-16.41],9.750098903,4.266022356,16.41257206,,2025-12-19T14:27:58Z,2022,01/01/2022,31/12/2022,,
4742306,MALARIA_EST_MORTALITY,COUNTRY,AZE,EUR,Europe,YEAR,2006,,,,,,,,,0 [0-0],0,0,0,,2025-12-19T14:27:58Z,2006,01/01/2006,31/12/2006,,
4749188,MALARIA_EST_MORTALITY,COUNTRY,MAR,EMR,Eastern Mediterranean,YEAR,2007,,,,,,,,,0 [0-0],0,0,0,,2025-12-19T14:27:58Z,2007,01/01/2007,31/12/2007,,
4754713,MALARIA_EST_MORTALITY,COUNTRY,ZMB,AFR,Africa,YEAR,2009,,,,,,,,,46.67 [45.18-48.38],46.67026281,45.18031318,48.38259297,,2025-12-19T14:27:58Z,2009,01/01/2009,31/12/2009,,
4755704,MALARIA_EST_MORTALITY,COUNTRY,AFG,EMR,Eastern Mediterranean,YEAR,2021,,,,,,,,,0.29 [0.13-0.50],0.294656142,0.132757163,0.498648856,,2025-12-19T14:27:58Z,2021,01/01/2021,31/12/2021,,
4761075,MALARIA_EST_MORTALITY,COUNTRY,SLB,WPR,Western Pacific,YEAR,2013,,,,,,,,,14.09 [6.45-24.62],14.09180044,6.451667671,24.61820559,,2025-12-19T14:27:58Z,2013,01/01/2013,31/12/2013,,
4761746,MALARIA_EST_MORTALITY,COUNTRY,GMB,AFR,Africa,YEAR,2002,,,,,,,,,31.58 [30.41-32.82],31.58187422,30.40976342,32.81910228,,2025-12-19T14:27:58Z,2002,01/01/2002,31/12/2002,,
4769144,MALARIA_EST_MORTALITY,COUNTRY,AFG,EMR,Eastern Mediterranean,YEAR,2010,,,,,,,,,0.76 [0.31-1.45],0.755579785,0.306811185,1.44704977,,2025-12-19T14:27:58Z,2010,01/01/2010,31/12/2010,,
4793602,MALARIA_EST_MORTALITY,COUNTRY,MDG,AFR,Africa,YEAR,2009,,,,,,,,,11.01 [4.20-22.05],11.01299148,4.195309301,22.05394472,,2025-12-19T14:27:58Z,2009,01/01/2009,31/12/2009,,
4799581,MALARIA_EST_MORTALITY,COUNTRY,GNB,AFR,Africa,YEAR,2020,,,,,,,,,47.39 [38.05-62.73],47.38594962,38.04783795,62.7342289,,2025-12-19T14:27:58Z,2020,01/01/2020,31/12/2020,,
4811519,MALARIA_EST_MORTALITY,COUNTRY,GNB,AFR,Africa,YEAR,2017,,,,,,,,,45.55 [39.64-53.43],45.54968885,39.63622047,53.43431335,,2025-12-19T14:27:58Z,2017,01/01/2017,31/12/2017,,
4812637,MALARIA_EST_MORTALITY,COUNTRY,NAM,AFR,Africa,YEAR,2002,,,,,,,,,100.26 [100.26-100.26],100.2557054,100.2557054,100.2557054,,2025-12-19T14:27:58Z,2002,01/01/2002,31/12/2002,,
4813324,MALARIA_EST_MORTALITY,COUNTRY,GNQ,AFR,Africa,YEAR,2008,,,,,,,,,52.37 [48.22-57.35],52.3729173,48.22365449,57.35203268,,2025-12-19T14:27:58Z,2008,01/01/2008,31/12/2008,,
4818680,MALARIA_EST_MORTALITY,COUNTRY,COG,AFR,Africa,YEAR,2018,,,,,,,,,40.73 [35.42-49.22],40.72500355,35.41780425,49.22381754,,2025-12-19T14:27:58Z,2018,01/01/2018,31/12/2018,,
4824485,MALARIA_EST_MORTALITY,COUNTRY,BFA,AFR,Africa,YEAR,2016,,,,,,,,,93.85 [77.70-114.09],93.84606194,77.70409967,114.0894255,,2025-12-19T14:27:58Z,2016,01/01/2016,31/12/2016,,
4837348,MALARIA_EST_MORTALITY,COUNTRY,TZA,AFR,Africa,YEAR,2002,,,,,,,,,99.51 [95.31-103.87],99.50637716,95.31217631,103.8722219,,2025-12-19T14:27:58Z,2002,01/01/2002,31/12/2002,,
4837417,MALARIA_EST_MORTALITY,COUNTRY,GEO,EUR,Europe,YEAR,2019,,,,,,,,,0 [0-0],0,0,0,,2025-12-19T14:27:58Z,2019,01/01/2019,31/12/2019,,
4844835,MALARIA_EST_MORTALITY,COUNTRY,BDI,AFR,Africa,YEAR,2024,,,,,,,,,45.48 [36.98-60.06],45.48047643,36.98091642,60.05946417,,2025-12-19T14:27:58Z,2024,01/01/2024,31/12/2024,,
4868743,MALARIA_EST_MORTALITY,COUNTRY,GHA,AFR,Africa,YEAR,2022,,,,,,,,,34.58 [32.39-37.74],34.5800701,32.39291008,37.73550527,,2025-12-19T14:27:58Z,2022,01/01/2022,31/12/2022,,
4870087,MALARIA_EST_MORTALITY,COUNTRY,SLE,AFR,Africa,YEAR,2019,,,,,,,,,103.17 [89.68-118.51],103.1687699,89.67935943,118.5076392,,2025-12-19T14:27:58Z,2019,01/01/2019,31/12/2019,,
4874694,MALARIA_EST_MORTALITY,COUNTRY,AGO,AFR,Africa,YEAR,2012,,,,,,,,,44.26 [35.26-56.77],44.26192798,35.2617908,56.76530701,,2025-12-19T14:27:58Z,2012,01/01/2012,31/12/2012,,
4887816,MALARIA_EST_MORTALITY,REGION,WPR,,,YEAR,2013,,,,,,,,,0.65 [0.38-1.01],0.650371778,0.375202793,1.01422575,,2025-12-19T14:27:58Z,2013,01/01/2013,31/12/2013,,
4888861,MALARIA_EST_MORTALITY,COUNTRY,TUR,EUR,Europe,YEAR,2010,,,,,,,,,0 [0-0],0,0,0,,2025-12-19T14:27:58Z,2010,01/01/2010,31/12/2010,,
4914385,MALARIA_EST_MORTALITY,COUNTRY,STP,AFR,Africa,YEAR,2017,,,,,,,,,0.48 [0.48-0.48],0.483161811,0.483161811,0.483161811,,2025-12-19T14:27:58Z,2017,01/01/2017,31/12/2017,,
4921051,MALARIA_EST_MORTALITY,COUNTRY,BLZ,AMR,Americas,YEAR,2024,,,,,,,,,0 [0-0],0,0,0,,2025-12-19T14:27:58Z,2024,01/01/2024,31/12/2024,,
4926616,MALARIA_EST_MORTALITY,COUNTRY,COM,AFR,Africa,YEAR,2020,,,,,,,,,1.37 [0.62-2.12],1.371292368,0.623314713,2.119270024,,2025-12-19T14:27:58Z,2020,01/01/2020,31/12/2020,,
4952638,MALARIA_EST_MORTALITY,COUNTRY,EGY,EMR,Eastern Mediterranean,YEAR,2015,,,,,,,,,0 [0-0],0,0,0,,2025-12-19T14:27:58Z,2015,01/01/2015,31/12/2015,,
4952748,MALARIA_EST_MORTALITY,COUNTRY,AZE,EUR,Europe,YEAR,2000,,,,,,,,,0 [0-0],0,0,0,,2025-12-19T14:27:58Z,2000,01/01/2000,31/12/2000,,
4958642,MALARIA_EST_MORTALITY,COUNTRY,MAR,EMR,Eastern Mediterranean,YEAR,2012,,,,,,,,,0 [0-0],0,0,0,,2025-12-19T14:27:58Z,2012,01/01/2012,31/12/2012,,
4958999,MALARIA_EST_MORTALITY,COUNTRY,TGO,AFR,Africa,YEAR,2010,,,,,,,,,60.05 [56.32-64.18],60.05118387,56.32304952,64.18035258,,2025-12-19T14:27:58Z,2010,01/01/2010,31/12/2010,,
4983901,MALARIA_EST_MORTALITY,COUNTRY,BEN,AFR,Africa,YEAR,2023,,,,,,,,,70.36 [55.57-89.66],70.35628998,55.57335487,89.66050964,,2025-12-19T14:27:58Z,2023,01/01/2023,31/12/2023,,
4988963,MALARIA_EST_MORTALITY,COUNTRY,YEM,EMR,Eastern Mediterranean,YEAR,2014,,,,,,,,,7.76 [3.31-14.43],7.761549172,3.310223621,14.43378291,,2025-12-19T14:27:58Z,2014,01/01/2014,31/12/2014,,
4989641,MALARIA_EST_MORTALITY,COUNTRY,GNB,AFR,Africa,YEAR,2012,,,,,,,,,52.14 [47.05-58.56],52.13707509,47.05053118,58.55580908,,2025-12-19T14:27:58Z,2012,01/01/2012,31/12/2012,,
4995877,MALARIA_EST_MORTALITY,COUNTRY,ARG,AMR,Americas,YEAR,2015,,,,,,,,,0 [0-0],0,0,0,,2025-12-19T14:27:58Z,2015,01/01/2015,31/12/2015,,
4997023,MALARIA_EST_MORTALITY,COUNTRY,LAO,WPR,Western Pacific,YEAR,2011,,,,,,,,,2.18 [0.90-3.92],2.183023494,0.897132943,3.917480516,,2025-12-19T14:27:58Z,2011,01/01/2011,31/12/2011,,
5008792,MALARIA_EST_MORTALITY,REGION,WPR,,,YEAR,2011,,,,,,,,,0.61 [0.37-0.90],0.606831322,0.365731616,0.902294722,,2025-12-19T14:27:58Z,2011,01/01/2011,31/12/2011,,
5009731,MALARIA_EST_MORTALITY,COUNTRY,SAU,EMR,Eastern Mediterranean,YEAR,2020,,,,,,,,,0 [0-0],0,0,0,,2025-12-19T14:27:58Z,2020,01/01/2020,31/12/2020,,
5015071,MALARIA_EST_MORTALITY,COUNTRY,KOR,WPR,Western Pacific,YEAR,2008,,,,,,,,,0 [0-0],0,0,0,,2025-12-19T14:27:58Z,2008,01/01/2008,31/12/2008,,
5027078,MALARIA_EST_MORTALITY,COUNTRY,BTN,SEAR,South-East Asia,YEAR,2000,,,,,,,,,3.40 [3.40-3.40],3.396139269,3.396139269,3.396139269,,2025-12-19T14:27:58Z,2000,01/01/2000,31/12/2000,,
5027241,MALARIA_EST_MORTALITY,COUNTRY,AFG,EMR,Eastern Mediterranean,YEAR,2011,,,,,,,,,0.85 [0.33-1.61],0.84735541,0.326584898,1.610857942,,2025-12-19T14:27:58Z,2011,01/01/2011,31/12/2011,,
5034274,MALARIA_EST_MORTALITY,COUNTRY,VEN,AMR,Americas,YEAR,2012,,,,,,,,,0.38 [0.19-0.58],0.378969545,0.189484773,0.581988945,,2025-12-19T14:27:58Z,2012,01/01/2012,31/12/2012,,
5035412,MALARIA_EST_MORTALITY,COUNTRY,IRN,EMR,Eastern Mediterranean,YEAR,2004,,,,,,,,,0.14 [0.14-0.14],0.139408573,0.139408573,0.139408573,,2025-12-19T14:27:58Z,2004,01/01/2004,31/12/2004,,
5046636,MALARIA_EST_MORTALITY,COUNTRY,VNM,WPR,Western Pacific,YEAR,2003,,,,,,,,,0.34 [0.16-0.57],0.335961748,0.156895842,0.569600121,,2025-12-19T14:27:58Z,2003,01/01/2003,31/12/2003,,
5046803,MALARIA_EST_MORTALITY,REGION,AMR,,,YEAR,2010,,,,,,,,,0.37 [0.26-0.54],0.36900118,0.259557944,0.53686344,,2025-12-19T14:27:58Z,2010,01/01/2010,31/12/2010,,
5058858,MALARIA_EST_MORTALITY,COUNTRY,TLS,SEAR,South-East Asia,YEAR,2001,,,,,,,,,30.11 [7.85-83.25],30.10758881,7.854153604,83.2540282,,2025-12-19T14:27:58Z,2001,01/01/2001,31/12/2001,,
5059951,MALARIA_EST_MORTALITY,COUNTRY,MDG,AFR,Africa,YEAR,2019,,,,,,,,,17.73 [7.16-31.78],17.73238514,7.157891298,31.77947107,,2025-12-19T14:27:58Z,2019,01/01/2019,31/12/2019,,
5066893,MALARIA_EST_MORTALITY,COUNTRY,CMR,AFR,Africa,YEAR,2001,,,,,,,,,124.13 [116.44-132.46],124.125624,116.4439508,132.4603236,,2025-12-19T14:27:58Z,2001,01/01/2001,31/12/2001,,
5066976,MALARIA_EST_MORTALITY,COUNTRY,VEN,AMR,Americas,YEAR,2003,,,,,,,,,0.31 [0.31-0.31],0.308967368,0.308967368,0.308967368,,2025-12-19T14:27:58Z,2003,01/01/2003,31/12/2003,,
5086080,MALARIA_EST_MORTALITY,COUNTRY,VUT,WPR,Western Pacific,YEAR,2017,,,,,,,,,0 [0-0],0,0,0,,2025-12-19T14:27:58Z,2017,01/01/2017,31/12/2017,,
5116908,MALARIA_EST_MORTALITY,COUNTRY,MWI,AFR,Africa,YEAR,2009,,,,,,,,,79.63 [75.33-84.39],79.63440417,75.32741521,84.39274043,,2025-12-19T14:27:58Z,2009,01/01/2009,31/12/2009,,
5128619,MALARIA_EST_MORTALITY,COUNTRY,NIC,AMR,Americas,YEAR,2001,,,,,,,,,0.04 [0.04-0.04],0.044669918,0.044669918,0.044669918,,2025-12-19T14:27:58Z,2001,01/01/2001,31/12/2001,,
5134702,MALARIA_EST_MORTALITY,COUNTRY,TGO,AFR,Africa,YEAR,2016,,,,,,,,,59.07 [53.09-65.69],59.0713831,53.09043737,65.68859964,,2025-12-19T14:27:58Z,2016,01/01/2016,31/12/2016,,
5141148,MALARIA_EST_MORTALITY,COUNTRY,CAF,AFR,Africa,YEAR,2012,,,,,,,,,135.31 [120.43-152.36],135.3113354,120.433378,152.3580912,,2025-12-19T14:27:58Z,2012,01/01/2012,31/12/2012,,
5147494,MALARIA_EST_MORTALITY,COUNTRY,MRT,AFR,Africa,YEAR,2009,,,,,,,,,19.21 [18.60-19.91],19.21175187,18.60282154,19.91202175,,2025-12-19T14:27:58Z,2009,01/01/2009,31/12/2009,,
5153228,MALARIA_EST_MORTALITY,COUNTRY,TGO,AFR,Africa,YEAR,2001,,,,,,,,,98.80 [93.38-104.79],98.79898783,93.37963407,104.7868053,,2025-12-19T14:27:58Z,2001,01/01/2001,31/12/2001,,
5153386,MALARIA_EST_MORTALITY,COUNTRY,CPV,AFR,Africa,YEAR,2001,,,,,,,,,0 [0-0],0,0,0,,2025-12-19T14:27:58Z,2001,01/01/2001,31/12/2001,,
5160000,MALARIA_EST_MORTALITY,COUNTRY,ARG,AMR,Americas,YEAR,2014,,,,,,,,,0 [0-0],0,0,0,,2025-12-19T14:27:58Z,2014,01/01/2014,31/12/2014,,
5166443,MALARIA_EST_MORTALITY,COUNTRY,GNQ,AFR,Africa,YEAR,2013,,,,,,,,,53.48 [46.43-62.32],53.48316543,46.42635888,62.32274416,,2025-12-19T14:27:58Z,2013,01/01/2013,31/12/2013,,
5172432,MALARIA_EST_MORTALITY,COUNTRY,ETH,AFR,Africa,YEAR,2020,,,,,,,,,11.65 [4.25-22.95],11.65413303,4.247841215,22.94719693,,2025-12-19T14:27:58Z,2020,01/01/2020,31/12/2020,,
5192464,MALARIA_EST_MORTALITY,COUNTRY,GHA,AFR,Africa,YEAR,2013,,,,,,,,,57.03 [54.76-59.69],57.02873915,54.76482455,59.69066455,,2025-12-19T14:27:58Z,2013,01/01/2013,31/12/2013,,
5192641,MALARIA_EST_MORTALITY,COUNTRY,BRA,AMR,Americas,YEAR,2001,,,,,,,,,0.40 [0.40-0.40],0.396768361,0.396768361,0.396768361,,2025-12-19T14:27:58Z,2001,01/01/2001,31/12/2001,,
5204825,MALARIA_EST_MORTALITY,COUNTRY,NPL,SEAR,South-East Asia,YEAR,2022,,,,,,,,,0 [0-0],0,0,0,,2025-12-19T14:27:58Z,2022,01/01/2022,31/12/2022,,
5210091,MALARIA_EST_MORTALITY,COUNTRY,THA,SEAR,South-East Asia,YEAR,2003,,,,,,,,,1.66 [1.66-1.66],1.657272343,1.657272343,1.657272343,,2025-12-19T14:27:58Z,2003,01/01/2003,31/12/2003,,
5216382,MALARIA_EST_MORTALITY,COUNTRY,LAO,WPR,Western Pacific,YEAR,2023,,,,,,,,,0 [0-0],0,0,0,,2025-12-19T14:27:58Z,2023,01/01/2023,31/12/2023,,
5217846,MALARIA_EST_MORTALITY,COUNTRY,BDI,AFR,Africa,YEAR,2011,,,,,,,,,48.89 [45.57-52.76],48.88877089,45.56503421,52.75788852,,2025-12-19T14:27:58Z,2011,01/01/2011,31/12/2011,,
5217942,MALARIA_EST_MORTALITY,COUNTRY,GIN,AFR,Africa,YEAR,2021,,,,,,,,,75.72 [65.40-89.52],75.71562056,65.40218444,89.51525009,,2025-12-19T14:27:58Z,2021,01/01/2021,31/12/2021,,
5218186,MALARIA_EST_MORTALITY,COUNTRY,BOL,AMR,Americas,YEAR,2011,,,,,,,,,0.09 [0.02-0.15],0.085197054,0.021299264,0.149094845,,2025-12-19T14:27:58Z,2011,01/01/2011,31/12/2011,,
5230911,MALARIA_EST_MORTALITY,COUNTRY,SSD,AFR,Africa,YEAR,2003,,,,,,,,,140.05 [122.23-159.07],140.0524922,122.2341154,159.0735849,,2025-12-19T14:27:58Z,2003,01/01/2003,31/12/2003,,
5261715,MALARIA_EST_MORTALITY,COUNTRY,UGA,AFR,Africa,YEAR,2009,,,,,,,,,86.47 [81.80-91.34],86.47378279,81.79668846,91.3385491,,2025-12-19T14:27:58Z,2009,01/01/2009,31/12/2009,,
5281331,MALARIA_EST_MORTALITY,COUNTRY,BOL,AMR,Americas,YEAR,2004,,,,,,,,,0.22 [0.07-0.36],0.215532312,0.071844104,0.35922052,,2025-12-19T14:27:58Z,2004,01/01/2004,31/12/2004,,
5292821,MALARIA_EST_MORTALITY,COUNTRY,SAU,EMR,Eastern Mediterranean,YEAR,2001,,,,,,,,,0 [0-0],0,0,0,,2025-12-19T14:27:58Z,2001,01/01/2001,31/12/2001,,
5305269,MALARIA_EST_MORTALITY,COUNTRY,SOM,EMR,Eastern Mediterranean,YEAR,2005,,,,,,,,,33.70 [14.33-59.20],33.69901509,14.32630906,59.19710664,,2025-12-19T14:27:58Z,2005,01/01/2005,31/12/2005,,
5343304,MALARIA_EST_MORTALITY,COUNTRY,IRQ,EMR,Eastern Mediterranean,YEAR,2020,,,,,,,,,0 [0-0],0,0,0,,2025-12-19T14:27:58Z,2020,01/01/2020,31/12/2020,,
5350686,MALARIA_EST_MORTALITY,COUNTRY,COM,AFR,Africa,YEAR,2014,,,,,,,,,0.70 [0.28-1.12],0.702738713,0.281095485,1.124381941,,2025-12-19T14:27:58Z,2014,01/01/2014,31/12/2014,,
5356169,MALARIA_EST_MORTALITY,GLOBAL,GLOBAL,,,YEAR,2023,,,,,,,,,13.76 [12.64-16.66],13.75826462,12.64379808,16.66442863,,2025-12-19T14:27:58Z,2023,01/01/2023,31/12/2023,,
5369809,MALARIA_EST_MORTALITY,COUNTRY,COM,AFR,Africa,YEAR,2012,,,,,,,,,18.34 [8.51-28.17],18.33842163,8.509027638,28.16781563,,2025-12-19T14:27:58Z,2012,01/01/2012,31/12/2012,,
5375999,MALARIA_EST_MORTALITY,COUNTRY,TJK,EUR,Europe,YEAR,2018,,,,,,,,,0 [0-0],0,0,0,,2025-12-19T14:27:58Z,2018,01/01/2018,31/12/2018,,
5389299,MALARIA_EST_MORTALITY,REGION,EUR,,,YEAR,2023,,,,,,,,,0 [0-0],0,0,0,,2025-12-19T14:27:58Z,2023,01/01/2023,31/12/2023,,
5393806,MALARIA_EST_MORTALITY,COUNTRY,AFG,EMR,Eastern Mediterranean,YEAR,2023,,,,,,,,,0.63 [0.27-1.06],0.631125195,0.27494563,1.062368042,,2025-12-19T14:27:58Z,2023,01/01/2023,31/12/2023,,
5394029,MALARIA_EST_MORTALITY,COUNTRY,KOR,WPR,Western Pacific,YEAR,2023,,,,,,,,,0 [0-0],0,0,0,,2025-12-19T14:27:58Z,2023,01/01/2023,31/12/2023,,
5419646,MALARIA_EST_MORTALITY,REGION,AFR,,,YEAR,2015,,,,,,,,,62.45 [58.68-68.70],62.45421003,58.6803241,68.69895806,,2025-12-19T14:27:58Z,2015,01/01/2015,31/12/2015,,
5426904,MALARIA_EST_MORTALITY,COUNTRY,ZWE,AFR,Africa,YEAR,2016,,,,,,,,,16.94 [6.73-31.22],16.93534603,6.732387175,31.21840116,,2025-12-19T14:27:58Z,2016,01/01/2016,31/12/2016,,
5445481,MALARIA_EST_MORTALITY,REGION,WPR,,,YEAR,2006,,,,,,,,,0.74 [0.46-1.14],0.740919185,0.462499882,1.136750977,,2025-12-19T14:27:58Z,2006,01/01/2006,31/12/2006,,
5458493,MALARIA_EST_MORTALITY,COUNTRY,MEX,AMR,Americas,YEAR,2022,,,,,,,,,0 [0-0],0,0,0,,2025-12-19T14:27:58Z,2022,01/01/2022,31/12/2022,,
5476964,MALARIA_EST_MORTALITY,COUNTRY,ERI,AFR,Africa,YEAR,2000,,,,,,,,,4.36 [1.11-10.86],4.361310547,1.112579221,10.8587732,,2025-12-19T14:27:58Z,2000,01/01/2000,31/12/2000,,
5489755,MALARIA_EST_MORTALITY,COUNTRY,DJI,EMR,Eastern Mediterranean,YEAR,2019,,,,,,,,,11.88 [5.76-17.88],11.88079035,5.756671615,17.88242672,,2025-12-19T14:27:58Z,2019,01/01/2019,31/12/2019,,
5520341,MALARIA_EST_MORTALITY,COUNTRY,DJI,EMR,Eastern Mediterranean,YEAR,2024,,,,,,,,,8.21 [3.99-12.44],8.214986189,3.993396064,12.43657631,,2025-12-19T14:27:58Z,2024,01/01/2024,31/12/2024,,
5521166,MALARIA_EST_MORTALITY,COUNTRY,KAZ,EUR,Europe,YEAR,2011,,,,,,,,,0 [0-0],0,0,0,,2025-12-19T14:27:58Z,2011,01/01/2011,31/12/2011,,
5522060,MALARIA_EST_MORTALITY,COUNTRY,PRK,SEAR,South-East Asia,YEAR,2009,,,,,,,,,0 [0-0],0,0,0,,2025-12-19T14:27:58Z,2009,01/01/2009,31/12/2009,,
5527454,MALARIA_EST_MORTALITY,COUNTRY,COD,AFR,Africa,YEAR,2008,,,,,,,,,150.59 [132.06-171.29],150.5886032,132.0595193,171.285781,,2025-12-19T14:27:58Z,2008,01/01/2008,31/12/2008,,
5547418,MALARIA_EST_MORTALITY,COUNTRY,GUY,AMR,Americas,YEAR,2010,,,,,,,,,6.94 [3.20-11.21],6.94021803,3.203177552,11.21112143,,2025-12-19T14:27:58Z,2010,01/01/2010,31/12/2010,,
5559335,MALARIA_EST_MORTALITY,COUNTRY,SOM,EMR,Eastern Mediterranean,YEAR,2022,,,,,,,,,13.99 [5.23-28.45],13.99289076,5.229779725,28.44654702,,2025-12-19T14:27:58Z,2022,01/01/2022,31/12/2022,,
5559532,MALARIA_EST_MORTALITY,COUNTRY,GUY,AMR,Americas,YEAR,2007,,,,,,,,,2.64 [1.19-4.10],2.642496631,1.189123484,4.095869778,,2025-12-19T14:27:58Z,2007,01/01/2007,31/12/2007,,
5560525,MALARIA_EST_MORTALITY,COUNTRY,DJI,EMR,Eastern Mediterranean,YEAR,2002,,,,,,,,,0.67 [0.17-1.34],0.670447993,0.167611998,1.340895987,,2025-12-19T14:27:58Z,2002,01/01/2002,31/12/2002,,
5566285,MALARIA_EST_MORTALITY,COUNTRY,TLS,SEAR,South-East Asia,YEAR,2021,,,,,,,,,0 [0-0],0,0,0,,2025-12-19T14:27:58Z,2021,01/01/2021,31/12/2021,,
5566566,MALARIA_EST_MORTALITY,COUNTRY,CAF,AFR,Africa,YEAR,2000,,,,,,,,,105.65 [97.25-115.95],105.6498956,97.25007669,115.9540212,,2025-12-19T14:27:58Z,2000,01/01/2000,31/12/2000,,
5592034,MALARIA_EST_MORTALITY,COUNTRY,ETH,AFR,Africa,YEAR,2003,,,,,,,,,43.41 [12.39-98.41],43.41494807,12.39074808,98.41446905,,2025-12-19T14:27:58Z,2003,01/01/2003,31/12/2003,,
5615560,MALARIA_EST_MORTALITY,COUNTRY,ZAF,AFR,Africa,YEAR,2008,,,,,,,,,0.84 [0.84-0.84],0.841247088,0.841247088,0.841247088,,2025-12-19T14:27:58Z,2008,01/01/2008,31/12/2008,,
5653497,MALARIA_EST_MORTALITY,COUNTRY,COG,AFR,Africa,YEAR,2020,,,,,,,,,38.90 [33.72-48.43],38.90286278,33.72276756,48.42867548,,2025-12-19T14:27:58Z,2020,01/01/2020,31/12/2020,,
5660547,MALARIA_EST_MORTALITY,COUNTRY,ZAF,AFR,Africa,YEAR,2010,,,,,,,,,1.59 [1.59-1.59],1.585662554,1.585662554,1.585662554,,2025-12-19T14:27:58Z,2010,01/01/2010,31/12/2010,,
5666354,MALARIA_EST_MORTALITY,COUNTRY,GHA,AFR,Africa,YEAR,2001,,,,,,,,,93.88 [90.37-97.73],93.87581774,90.37010239,97.72863363,,2025-12-19T14:27:58Z,2001,01/01/2001,31/12/2001,,
5667329,MALARIA_EST_MORTALITY,COUNTRY,HTI,AMR,Americas,YEAR,2024,,,,,,,,,2.22 [0.85-4.35],2.224792037,0.846181587,4.35450749,,2025-12-19T14:27:58Z,2024,01/01/2024,31/12/2024,,
5679827,MALARIA_EST_MORTALITY,COUNTRY,EGY,EMR,Eastern Mediterranean,YEAR,2002,,,,,,,,,0 [0-0],0,0,0,,2025-12-19T14:27:58Z,2002,01/01/2002,31/12/2002,,
5717365,MALARIA_EST_MORTALITY,COUNTRY,NAM,AFR,Africa,YEAR,2014,,,,,,,,,3.32 [3.32-3.32],3.323781548,3.323781548,3.323781548,,2025-12-19T14:27:58Z,2014,01/01/2014,31/12/2014,,
5723951,MALARIA_EST_MORTALITY,COUNTRY,ZWE,AFR,Africa,YEAR,2011,,,,,,,,,17.26 [6.80-31.72],17.26231138,6.800304482,31.72253301,,2025-12-19T14:27:58Z,2011,01/01/2011,31/12/2011,,
5736396,MALARIA_EST_MORTALITY,COUNTRY,BTN,SEAR,South-East Asia,YEAR,2003,,,,,,,,,2.97 [2.97-2.97],2.966918855,2.966918855,2.966918855,,2025-12-19T14:27:58Z,2003,01/01/2003,31/12/2003,,
5742396,MALARIA_EST_MORTALITY,COUNTRY,AFG,EMR,Eastern Mediterranean,YEAR,2005,,,,,,,,,1.37 [0.55-2.72],1.374571176,0.546644136,2.717299005,,2025-12-19T14:27:58Z,2005,01/01/2005,31/12/2005,,
5742685,MALARIA_EST_MORTALITY,COUNTRY,VNM,WPR,Western Pacific,YEAR,2018,,,,,,,,,0 [0-0],0.001409923,0.001409923,0.001409923,,2025-12-19T14:27:58Z,2018,01/01/2018,31/12/2018,,
5762292,MALARIA_EST_MORTALITY,COUNTRY,YEM,EMR,Eastern Mediterranean,YEAR,2016,,,,,,,,,8.33 [3.49-15.59],8.327421235,3.488589497,15.590689,,2025-12-19T14:27:58Z,2016,01/01/2016,31/12/2016,,
5767701,MALARIA_EST_MORTALITY,COUNTRY,ERI,AFR,Africa,YEAR,2004,,,,,,,,,1.23 [0.42-2.66],1.231582549,0.423356501,2.655599871,,2025-12-19T14:27:58Z,2004,01/01/2004,31/12/2004,,
5769410,MALARIA_EST_MORTALITY,COUNTRY,CPV,AFR,Africa,YEAR,2024,,,,,,,,,1.47 [1.47-1.47],1.465545036,1.465545036,1.465545036,,2025-12-19T14:27:58Z,2024,01/01/2024,31/12/2024,,
5775129,MALARIA_EST_MORTALITY,COUNTRY,SLE,AFR,Africa,YEAR,2023,,,,,,,,,78.42 [62.79-98.74],78.4231498,62.78520733,98.74136459,,2025-12-19T14:27:58Z,2023,01/01/2023,31/12/2023,,
5780968,MALARIA_EST_MORTALITY,COUNTRY,MYT,AFR,Africa,YEAR,2021,,,,,,,,,0 [0-0],0,0,0,,2025-12-19T14:27:58Z,2021,01/01/2021,31/12/2021,,
5805767,MALARIA_EST_MORTALITY,COUNTRY,TKM,EUR,Europe,YEAR,2002,,,,,,,,,0 [0-0],0,0,0,,2025-12-19T14:27:58Z,2002,01/01/2002,31/12/2002,,
5812074,MALARIA_EST_MORTALITY,COUNTRY,COG,AFR,Africa,YEAR,2008,,,,,,,,,43.78 [41.76-46.07],43.78248589,41.76474778,46.06763507,,2025-12-19T14:27:58Z,2008,01/01/2008,31/12/2008,,
5812123,MALARIA_EST_MORTALITY,COUNTRY,AFG,EMR,Eastern Mediterranean,YEAR,2019,,,,,,,,,0.58 [0.23-1.02],0.581636139,0.229233067,1.022995327,,2025-12-19T14:27:58Z,2019,01/01/2019,31/12/2019,,
5813712,MALARIA_EST_MORTALITY,COUNTRY,CIV,AFR,Africa,YEAR,2016,,,,,,,,,37.58 [34.64-40.74],37.57685247,34.63719291,40.73967991,,2025-12-19T14:27:58Z,2016,01/01/2016,31/12/2016,,
5825482,MALARIA_EST_MORTALITY,COUNTRY,PRK,SEAR,South-East Asia,YEAR,2005,,,,,,,,,0 [0-0],0,0,0,,2025-12-19T14:27:58Z,2005,01/01/2005,31/12/2005,,
5831598,MALARIA_EST_MORTALITY,COUNTRY,MEX,AMR,Americas,YEAR,2009,,,,,,,,,0 [0-0],0,0,0,,2025-12-19T14:27:58Z,2009,01/01/2009,31/12/2009,,
5832282,MALARIA_EST_MORTALITY,COUNTRY,VUT,WPR,Western Pacific,YEAR,2001,,,,,,,,,12.56 [5.76-23.03],12.56340594,5.758227722,23.03291089,,2025-12-19T14:27:58Z,2001,01/01/2001,31/12/2001,,
5876003,MALARIA_EST_MORTALITY,COUNTRY,NER,AFR,Africa,YEAR,2022,,,,,,,,,137.49 [113.31-168.53],137.4922453,113.3139641,168.5331878,,2025-12-19T14:27:58Z,2022,01/01/2022,31/12/2022,,
5882921,MALARIA_EST_MORTALITY,COUNTRY,PRK,SEAR,South-East Asia,YEAR,2016,,,,,,,,,0 [0-0],0,0,0,,2025-12-19T14:27:58Z,2016,01/01/2016,31/12/2016,,
5887804,MALARIA_EST_MORTALITY,REGION,EMR,,,YEAR,2009,,,,,,,,,1.64 [1.05-2.58],1.640239742,1.054121652,2.58342939,,2025-12-19T14:27:58Z,2009,01/01/2009,31/12/2009,,
5894187,MALARIA_EST_MORTALITY,COUNTRY,ERI,AFR,Africa,YEAR,2001,,,,,,,,,5.75 [5.75-5.75],5.752401087,5.752401087,5.752401087,,2025-12-19T14:27:58Z,2001,01/01/2001,31/12/2001,,
5901593,MALARIA_EST_MORTALITY,COUNTRY,TUR,EUR,Europe,YEAR,2014,,,,,,,,,0 [0-0],0,0,0,,2025-12-19T14:27:58Z,2014,01/01/2014,31/12/2014,,
5906678,MALARIA_EST_MORTALITY,COUNTRY,GNQ,AFR,Africa,YEAR,2001,,,,,,,,,65.35 [61.61-70.82],65.34770983,61.61355498,70.81557943,,2025-12-19T14:27:58Z,2001,01/01/2001,31/12/2001,,
5929151,MALARIA_EST_MORTALITY,COUNTRY,HTI,AMR,Americas,YEAR,2005,,,,,,,,,2.48 [0.91-5.06],2.482854101,0.91408559,5.064837079,,2025-12-19T14:27:58Z,2005,01/01/2005,31/12/2005,,
5931174,MALARIA_EST_MORTALITY,COUNTRY,ZWE,AFR,Africa,YEAR,2017,,,,,,,,,29.36 [11.37-55.53],29.35591544,11.36855837,55.53124947,,2025-12-19T14:27:58Z,2017,01/01/2017,31/12/2017,,
5936556,MALARIA_EST_MORTALITY,COUNTRY,NER,AFR,Africa,YEAR,2020,,,,,,,,,150.50 [125.02-181.78],150.4957518,125.0208021,181.7767243,,2025-12-19T14:27:58Z,2020,01/01/2020,31/12/2020,,
5948361,MALARIA_EST_MORTALITY,COUNTRY,RWA,AFR,Africa,YEAR,2000,,,,,,,,,75.20 [71.99-78.59],75.20151742,71.9874652,78.58601181,,2025-12-19T14:27:58Z,2000,01/01/2000,31/12/2000,,
5986713,MALARIA_EST_MORTALITY,COUNTRY,AFG,EMR,Eastern Mediterranean,YEAR,2013,,,,,,,,,0.53 [0.19-1.04],0.52835921,0.18840716,1.040335188,,2025-12-19T14:27:58Z,2013,01/01/2013,31/12/2013,,
5992990,MALARIA_EST_MORTALITY,COUNTRY,MRT,AFR,Africa,YEAR,2023,,,,,,,,,10.97 [3.36-25.01],10.97076103,3.364897666,25.00776017,,2025-12-19T14:27:58Z,2023,01/01/2023,31/12/2023,,
5993071,MALARIA_EST_MORTALITY,COUNTRY,MLI,AFR,Africa,YEAR,2000,,,,,,,,,196.29 [185.47-207.99],196.2923328,185.4696525,207.9885529,,2025-12-19T14:27:58Z,2000,01/01/2000,31/12/2000,,
5994093,MALARIA_EST_MORTALITY,REGION,AFR,,,YEAR,2000,,,,,,,,,139.95 [135.92-145.13],139.95399,135.9213043,145.125154,,2025-12-19T14:27:58Z,2000,01/01/2000,31/12/2000,,
5999386,MALARIA_EST_MORTALITY,COUNTRY,TLS,SEAR,South-East Asia,YEAR,2015,,,,,,,,,0 [0-0],0,0,0,,2025-12-19T14:27:58Z,2015,01/01/2015,31/12/2015,,
6000292,MALARIA_EST_MORTALITY,COUNTRY,BOL,AMR,Americas,YEAR,2024,,,,,,,,,0.21 [0.09-0.36],0.213085283,0.088785535,0.355142139,,2025-12-19T14:27:58Z,2024,01/01/2024,31/12/2024,,
6000553,MALARIA_EST_MORTALITY,COUNTRY,RWA,AFR,Africa,YEAR,2024,,,,,,,,,23.92 [22.38-26.92],23.91880345,22.38266915,26.92092892,,2025-12-19T14:27:58Z,2024,01/01/2024,31/12/2024,,
6011797,MALARIA_EST_MORTALITY,COUNTRY,MMR,SEAR,South-East Asia,YEAR,2013,,,,,,,,,2.67 [1.22-4.77],2.669481291,1.217080232,4.765846186,,2025-12-19T14:27:58Z,2013,01/01/2013,31/12/2013,,
6012770,MALARIA_EST_MORTALITY,COUNTRY,SAU,EMR,Eastern Mediterranean,YEAR,2017,,,,,,,,,0 [0-0],0,0,0,,2025-12-19T14:27:58Z,2017,01/01/2017,31/12/2017,,
6055045,MALARIA_EST_MORTALITY,COUNTRY,SWZ,AFR,Africa,YEAR,2016,,,,,,,,,0.93 [0.93-0.93],0.93207648,0.93207648,0.93207648,,2025-12-19T14:27:58Z,2016,01/01/2016,31/12/2016,,
6055360,MALARIA_EST_MORTALITY,COUNTRY,CMR,AFR,Africa,YEAR,2024,,,,,,,,,40.18 [33.65-49.42],40.1802749,33.64952094,49.42015867,,2025-12-19T14:27:58Z,2024,01/01/2024,31/12/2024,,
6067706,MALARIA_EST_MORTALITY,COUNTRY,BGD,SEAR,South-East Asia,YEAR,2022,,,,,,,,,0.22 [0.10-0.36],0.224600258,0.104083046,0.361551635,,2025-12-19T14:27:58Z,2022,01/01/2022,31/12/2022,,
6080582,MALARIA_EST_MORTALITY,COUNTRY,NIC,AMR,Americas,YEAR,2020,,,,,,,,,0 [0-0],0,0,0,,2025-12-19T14:27:58Z,2020,01/01/2020,31/12/2020,,
6087937,MALARIA_EST_MORTALITY,COUNTRY,PHL,WPR,Western Pacific,YEAR,2012,,,,,,,,,0.06 [0.03-0.10],0.060199003,0.025799573,0.104918262,,2025-12-19T14:27:58Z,2012,01/01/2012,31/12/2012,,
6107053,MALARIA_EST_MORTALITY,COUNTRY,GAB,AFR,Africa,YEAR,2005,,,,,,,,,17.49 [16.74-18.52],17.49237271,16.74074732,18.51731642,,2025-12-19T14:27:58Z,2005,01/01/2005,31/12/2005,,
6113519,MALARIA_EST_MORTALITY,COUNTRY,TUR,EUR,Europe,YEAR,2007,,,,,,,,,0 [0-0],0,0,0,,2025-12-19T14:27:58Z,2007,01/01/2007,31/12/2007,,
6126220,MALARIA_EST_MORTALITY,COUNTRY,OMN,EMR,Eastern Mediterranean,YEAR,2014,,,,,,,,,0 [0-0],0,0,0,,2025-12-19T14:27:58Z,2014,01/01/2014,31/12/2014,,
6150656,MALARIA_EST_MORTALITY,COUNTRY,GAB,AFR,Africa,YEAR,2018,,,,,,,,,18.85 [16.45-22.28],18.84901666,16.45333829,22.28432905,,2025-12-19T14:27:58Z,2018,01/01/2018,31/12/2018,,
6199958,MALARIA_EST_MORTALITY,COUNTRY,MMR,SEAR,South-East Asia,YEAR,2002,,,,,,,,,6.96 [3.06-12.96],6.963729175,3.058517023,12.95942552,,2025-12-19T14:27:58Z,2002,01/01/2002,31/12/2002,,
6218545,MALARIA_EST_MORTALITY,COUNTRY,MYS,WPR,Western Pacific,YEAR,2023,,,,,,,,,0 [0-0],0,0,0,,2025-12-19T14:27:58Z,2023,01/01/2023,31/12/2023,,
6244511,MALARIA_EST_MORTALITY,COUNTRY,EGY,EMR,Eastern Mediterranean,YEAR,2016,,,,,,,,,0 [0-0],0,0,0,,2025-12-19T14:27:58Z,2016,01/01/2016,31/12/2016,,
6250528,MALARIA_EST_MORTALITY,COUNTRY,COD,AFR,Africa,YEAR,2001,,,,,,,,,196.71 [179.98-216.33],196.7116728,179.9774368,216.331097,,2025-12-19T14:27:58Z,2001,01/01/2001,31/12/2001,,
6255556,MALARIA_EST_MORTALITY,COUNTRY,PHL,WPR,Western Pacific,YEAR,2005,,,,,,,,,0.33 [0.14-0.57],0.326917266,0.140946366,0.571615818,,2025-12-19T14:27:58Z,2005,01/01/2005,31/12/2005,,
6261722,MALARIA_EST_MORTALITY,COUNTRY,SYR,EMR,Eastern Mediterranean,YEAR,2023,,,,,,,,,0 [0-0],0,0,0,,2025-12-19T14:27:58Z,2023,01/01/2023,31/12/2023,,
6267764,MALARIA_EST_MORTALITY,COUNTRY,SLB,WPR,Western Pacific,YEAR,2007,,,,,,,,,62.61 [27.87-115.32],62.6069114,27.87017346,115.3229406,,2025-12-19T14:27:58Z,2007,01/01/2007,31/12/2007,,
6268899,MALARIA_EST_MORTALITY,COUNTRY,SUR,AMR,Americas,YEAR,2006,,,,,,,,,1.29 [1.29-1.29],1.289623688,1.289623688,1.289623688,,2025-12-19T14:27:58Z,2006,01/01/2006,31/12/2006,,
6331709,MALARIA_EST_MORTALITY,COUNTRY,UZB,EUR,Europe,YEAR,2010,,,,,,,,,0 [0-0],0,0,0,,2025-12-19T14:27:58Z,2010,01/01/2010,31/12/2010,,
6338928,MALARIA_EST_MORTALITY,COUNTRY,MOZ,AFR,Africa,YEAR,2002,,,,,,,,,214.22 [199.24-230.74],214.2170901,199.2366103,230.7430641,,2025-12-19T14:27:58Z,2002,01/01/2002,31/12/2002,,
6362343,MALARIA_EST_MORTALITY,COUNTRY,ARM,EUR,Europe,YEAR,2022,,,,,,,,,0 [0-0],0,0,0,,2025-12-19T14:27:58Z,2022,01/01/2022,31/12/2022,,
6363863,MALARIA_EST_MORTALITY,COUNTRY,BDI,AFR,Africa,YEAR,2012,,,,,,,,,49.95 [46.06-54.55],49.94525385,46.06282954,54.55252975,,2025-12-19T14:27:58Z,2012,01/01/2012,31/12/2012,,
6364093,MALARIA_EST_MORTALITY,COUNTRY,CRI,AMR,Americas,YEAR,2000,,,,,,,,,0 [0-0],0,0,0,,2025-12-19T14:27:58Z,2000,01/01/2000,31/12/2000,,
6374845,MALARIA_EST_MORTALITY,COUNTRY,BWA,AFR,Africa,YEAR,2003,,,,,,,,,1.53 [1.53-1.53],1.52895198,1.52895198,1.52895198,,2025-12-19T14:27:58Z,2003,01/01/2003,31/12/2003,,
6375019,MALARIA_EST_MORTALITY,COUNTRY,PRK,SEAR,South-East Asia,YEAR,2002,,,,,,,,,0 [0-0],0,0,0,,2025-12-19T14:27:58Z,2002,01/01/2002,31/12/2002,,
6389063,MALARIA_EST_MORTALITY,COUNTRY,DZA,AFR,Africa,YEAR,2016,,,,,,,,,0 [0-0],0,0,0,,2025-12-19T14:27:58Z,2016,01/01/2016,31/12/2016,,
6395616,MALARIA_EST_MORTALITY,COUNTRY,PAK,EMR,Eastern Mediterranean,YEAR,2010,,,,,,,,,0.83 [0.28-1.96],0.825020591,0.283345562,1.964095277,,2025-12-19T14:27:58Z,2010,01/01/2010,31/12/2010,,
6400843,MALARIA_EST_MORTALITY,COUNTRY,CMR,AFR,Africa,YEAR,2012,,,,,,,,,58.01 [54.19-62.18],58.00707935,54.18659404,62.18305085,,2025-12-19T14:27:58Z,2012,01/01/2012,31/12/2012,,
6427284,MALARIA_EST_MORTALITY,COUNTRY,KGZ,EUR,Europe,YEAR,2001,,,,,,,,,0 [0-0],0,0,0,,2025-12-19T14:27:58Z,2001,01/01/2001,31/12/2001,,
6432188,MALARIA_EST_MORTALITY,COUNTRY,KGZ,EUR,Europe,YEAR,2002,,,,,,,,,0 [0-0],0,0,0,,2025-12-19T14:27:58Z,2002,01/01/2002,31/12/2002,,
6432583,MALARIA_EST_MORTALITY,COUNTRY,RWA,AFR,Africa,YEAR,2023,,,,,,,,,24.00 [22.43-27.06],23.99947658,22.42990795,27.05942776,,2025-12-19T14:27:58Z,2023,01/01/2023,31/12/2023,,
6458977,MALARIA_EST_MORTALITY,COUNTRY,SOM,EMR,Eastern Mediterranean,YEAR,2011,,,,,,,,,8.60 [3.63-15.30],8.600005021,3.627874058,15.29740064,,2025-12-19T14:27:58Z,2011,01/01/2011,31/12/2011,,
6459008,MALARIA_EST_MORTALITY,COUNTRY,KEN,AFR,Africa,YEAR,2022,,,,,,,,,21.77 [20.58-23.25],21.77044138,20.57971196,23.24687212,,2025-12-19T14:27:58Z,2022,01/01/2022,31/12/2022,,
6470730,MALARIA_EST_MORTALITY,COUNTRY,UZB,EUR,Europe,YEAR,2024,,,,,,,,,0 [0-0],0,0,0,,2025-12-19T14:27:58Z,2024,01/01/2024,31/12/2024,,
6476344,MALARIA_EST_MORTALITY,COUNTRY,BRA,AMR,Americas,YEAR,2012,,,,,,,,,0.15 [0.15-0.15],0.150128172,0.150128172,0.150128172,,2025-12-19T14:27:58Z,2012,01/01/2012,31/12/2012,,
6488765,MALARIA_EST_MORTALITY,COUNTRY,BGD,SEAR,South-East Asia,YEAR,2015,,,,,,,,,0.61 [0.29-0.96],0.611290856,0.285269066,0.960745463,,2025-12-19T14:27:58Z,2015,01/01/2015,31/12/2015,,
6490353,MALARIA_EST_MORTALITY,COUNTRY,HTI,AMR,Americas,YEAR,2018,,,,,,,,,0.41 [0.15-0.76],0.408413606,0.153155102,0.755565171,,2025-12-19T14:27:58Z,2018,01/01/2018,31/12/2018,,
6503090,MALARIA_EST_MORTALITY,COUNTRY,EGY,EMR,Eastern Mediterranean,YEAR,2022,,,,,,,,,0 [0-0],0,0,0,,2025-12-19T14:27:58Z,2022,01/01/2022,31/12/2022,,
6520389,MALARIA_EST_MORTALITY,COUNTRY,MYT,AFR,Africa,YEAR,2003,,,,,,,,,5.30 [0-7.94],5.295067644,0,7.942601467,,2025-12-19T14:27:58Z,2003,01/01/2003,31/12/2003,,
6526709,MALARIA_EST_MORTALITY,COUNTRY,ZAF,AFR,Africa,YEAR,2006,,,,,,,,,1.74 [1.74-1.74],1.740060206,1.740060206,1.740060206,,2025-12-19T14:27:58Z,2006,01/01/2006,31/12/2006,,
6527091,MALARIA_EST_MORTALITY,COUNTRY,GUF,AMR,Americas,YEAR,2019,,,,,,,,,0 [0-0],0,0,0,,2025-12-19T14:27:58Z,2019,01/01/2019,31/12/2019,,
6553587,MALARIA_EST_MORTALITY,COUNTRY,COD,AFR,Africa,YEAR,2022,,,,,,,,,68.38 [43.62-111.49],68.38483733,43.62114023,111.4945366,,2025-12-19T14:27:58Z,2022,01/01/2022,31/12/2022,,
6553980,MALARIA_EST_MORTALITY,COUNTRY,SLB,WPR,Western Pacific,YEAR,2024,,,,,,,,,27.50 [13.93-43.03],27.49671396,13.93331245,43.03297386,,2025-12-19T14:27:58Z,2024,01/01/2024,31/12/2024,,
6603147,MALARIA_EST_MORTALITY,REGION,AMR,,,YEAR,2018,,,,,,,,,0.39 [0.26-0.52],0.386849747,0.259250092,0.521200706,,2025-12-19T14:27:58Z,2018,01/01/2018,31/12/2018,,
6610430,MALARIA_EST_MORTALITY,COUNTRY,ZAF,AFR,Africa,YEAR,2002,,,,,,,,,2.00 [2.00-2.00],1.999191577,1.999191577,1.999191577,,2025-12-19T14:27:58Z,2002,01/01/2002,31/12/2002,,
6616242,MALARIA_EST_MORTALITY,COUNTRY,CPV,AFR,Africa,YEAR,2016,,,,,,,,,0.75 [0.75-0.75],0.750390203,0.750390203,0.750390203,,2025-12-19T14:27:58Z,2016,01/01/2016,31/12/2016,,
6628188,MALARIA_EST_MORTALITY,COUNTRY,CAF,AFR,Africa,YEAR,2024,,,,,,,,,94.96 [73.52-123.36],94.95958215,73.517701,123.361164,,2025-12-19T14:27:58Z,2024,01/01/2024,31/12/2024,,
6629664,MALARIA_EST_MORTALITY,COUNTRY,BEN,AFR,Africa,YEAR,2004,,,,,,,,,139.48 [131.41-148.13],139.4762703,131.4116494,148.1291918,,2025-12-19T14:27:58Z,2004,01/01/2004,31/12/2004,,
6634898,MALARIA_EST_MORTALITY,COUNTRY,KGZ,EUR,Europe,YEAR,2014,,,,,,,,,0 [0-0],0,0,0,,2025-12-19T14:27:58Z,2014,01/01/2014,31/12/2014,,
6636419,MALARIA_EST_MORTALITY,REGION,SEAR,,,YEAR,2008,,,,,,,,,2.31 [1.24-3.66],2.312888826,1.242518793,3.664317475,,2025-12-19T14:27:58Z,2008,01/01/2008,31/12/2008,,
6648027,MALARIA_EST_MORTALITY,COUNTRY,GNB,AFR,Africa,YEAR,2019,,,,,,,,,42.99 [37.20-51.33],42.9944463,37.20086843,51.32906709,,2025-12-19T14:27:58Z,2019,01/01/2019,31/12/2019,,
6678727,MALARIA_EST_MORTALITY,COUNTRY,IRN,EMR,Eastern Mediterranean,YEAR,2010,,,,,,,,,0 [0-0],0,0,0,,2025-12-19T14:27:58Z,2010,01/01/2010,31/12/2010,,
6679589,MALARIA_EST_MORTALITY,REGION,AFR,,,YEAR,2003,,,,,,,,,121.24 [117.23-126.75],121.2420837,117.2252611,126.7511648,,2025-12-19T14:27:58Z,2003,01/01/2003,31/12/2003,,
6686937,MALARIA_EST_MORTALITY,COUNTRY,ARE,EMR,Eastern Mediterranean,YEAR,2022,,,,,,,,,0 [0-0],0,0,0,,2025-12-19T14:27:58Z,2022,01/01/2022,31/12/2022,,
6692390,MALARIA_EST_MORTALITY,COUNTRY,NGA,AFR,Africa,YEAR,2011,,,,,,,,,107.23 [98.17-117.10],107.2286335,98.16743238,117.096786,,2025-12-19T14:27:58Z,2011,01/01/2011,31/12/2011,,
6723188,MALARIA_EST_MORTALITY,COUNTRY,ZAF,AFR,Africa,YEAR,2019,,,,,,,,,1.33 [1.33-1.33],1.325772959,1.325772959,1.325772959,,2025-12-19T14:27:58Z,2019,01/01/2019,31/12/2019,,
6723411,MALARIA_EST_MORTALITY,COUNTRY,IND,SEAR,South-East Asia,YEAR,2007,,,,,,,,,2.16 [1.05-3.64],2.161126966,1.049257522,3.636497894,,2025-12-19T14:27:58Z,2007,01/01/2007,31/12/2007,,
6723865,MALARIA_EST_MORTALITY,COUNTRY,BRA,AMR,Americas,YEAR,2022,,,,,,,,,0.16 [0.16-0.16],0.16396437,0.16396437,0.16396437,,2025-12-19T14:27:58Z,2022,01/01/2022,31/12/2022,,
6730357,MALARIA_EST_MORTALITY,COUNTRY,PRK,SEAR,South-East Asia,YEAR,2000,,,,,,,,,0 [0-0],0,0,0,,2025-12-19T14:27:58Z,2000,01/01/2000,31/12/2000,,
6741823,MALARIA_EST_MORTALITY,COUNTRY,ECU,AMR,Americas,YEAR,2009,,,,,,,,,0.07 [0.07-0.07],0.071412691,0.071412691,0.071412691,,2025-12-19T14:27:58Z,2009,01/01/2009,31/12/2009,,
6743464,MALARIA_EST_MORTALITY,COUNTRY,LAO,WPR,Western Pacific,YEAR,2012,,,,,,,,,5.13 [2.18-9.05],5.129629269,2.181566471,9.050552791,,2025-12-19T14:27:58Z,2012,01/01/2012,31/12/2012,,
6762571,MALARIA_EST_MORTALITY,COUNTRY,TUR,EUR,Europe,YEAR,2003,,,,,,,,,0 [0-0],0,0,0,,2025-12-19T14:27:58Z,2003,01/01/2003,31/12/2003,,
6780239,MALARIA_EST_MORTALITY,COUNTRY,PER,AMR,Americas,YEAR,2020,,,,,,,,,0.18 [0.09-0.32],0.178326645,0.085286656,0.317886628,,2025-12-19T14:27:58Z,2020,01/01/2020,31/12/2020,,
6798955,MALARIA_EST_MORTALITY,COUNTRY,MRT,AFR,Africa,YEAR,2013,,,,,,,,,18.26 [17.75-18.85],18.26304027,17.75424589,18.8521706,,2025-12-19T14:27:58Z,2013,01/01/2013,31/12/2013,,
6812525,MALARIA_EST_MORTALITY,COUNTRY,UZB,EUR,Europe,YEAR,2020,,,,,,,,,0 [0-0],0,0,0,,2025-12-19T14:27:58Z,2020,01/01/2020,31/12/2020,,
6817527,MALARIA_EST_MORTALITY,COUNTRY,LBR,AFR,Africa,YEAR,2012,,,,,,,,,67.50 [63.11-72.63],67.50448143,63.11394606,72.62677271,,2025-12-19T14:27:58Z,2012,01/01/2012,31/12/2012,,
6818062,MALARIA_EST_MORTALITY,COUNTRY,SLB,WPR,Western Pacific,YEAR,2021,,,,,,,,,21.86 [11.13-34.04],21.8553178,11.12634361,34.04131317,,2025-12-19T14:27:58Z,2021,01/01/2021,31/12/2021,,
6818202,MALARIA_EST_MORTALITY,REGION,AMR,,,YEAR,2012,,,,,,,,,0.31 [0.22-0.44],0.310299787,0.221539616,0.440210762,,2025-12-19T14:27:58Z,2012,01/01/2012,31/12/2012,,
6831678,MALARIA_EST_MORTALITY,COUNTRY,SYR,EMR,Eastern Mediterranean,YEAR,2016,,,,,,,,,0 [0-0],0,0,0,,2025-12-19T14:27:58Z,2016,01/01/2016,31/12/2016,,
6831822,MALARIA_EST_MORTALITY,COUNTRY,BLZ,AMR,Americas,YEAR,2010,,,,,,,,,0 [0-0],0,0,0,,2025-12-19T14:27:58Z,2010,01/01/2010,31/12/2010,,
6838211,MALARIA_EST_MORTALITY,COUNTRY,VNM,WPR,Western Pacific,YEAR,2017,,,,,,,,,0.01 [0.01-0.02],0.012830678,0.005702523,0.019958832,,2025-12-19T14:27:58Z,2017,01/01/2017,31/12/2017,,
6868728,MALARIA_EST_MORTALITY,COUNTRY,NAM,AFR,Africa,YEAR,2018,,,,,,,,,2.84 [2.84-2.84],2.835143263,2.835143263,2.835143263,,2025-12-19T14:27:58Z,2018,01/01/2018,31/12/2018,,
6875920,MALARIA_EST_MORTALITY,COUNTRY,TKM,EUR,Europe,YEAR,2012,,,,,,,,,0 [0-0],0,0,0,,2025-12-19T14:27:58Z,2012,01/01/2012,31/12/2012,,
6882834,MALARIA_EST_MORTALITY,COUNTRY,UZB,EUR,Europe,YEAR,2023,,,,,,,,,0 [0-0],0,0,0,,2025-12-19T14:27:58Z,2023,01/01/2023,31/12/2023,,
6887774,MALARIA_EST_MORTALITY,COUNTRY,RWA,AFR,Africa,YEAR,2009,,,,,,,,,29.51 [28.71-30.37],29.5116581,28.70652361,30.36649225,,2025-12-19T14:27:58Z,2009,01/01/2009,31/12/2009,,
6901098,MALARIA_EST_MORTALITY,COUNTRY,TZA,AFR,Africa,YEAR,2009,,,,,,,,,50.23 [48.54-52.06],50.22690916,48.54473398,52.06263439,,2025-12-19T14:27:58Z,2009,01/01/2009,31/12/2009,,
6914165,MALARIA_EST_MORTALITY,COUNTRY,CIV,AFR,Africa,YEAR,2002,,,,,,,,,175.28 [164.42-187.49],175.2849177,164.4244253,187.4911785,,2025-12-19T14:27:58Z,2002,01/01/2002,31/12/2002,,
6918732,MALARIA_EST_MORTALITY,COUNTRY,GNB,AFR,Africa,YEAR,2007,,,,,,,,,55.00 [51.55-58.93],54.99712264,51.55118764,58.92548855,,2025-12-19T14:27:58Z,2007,01/01/2007,31/12/2007,,
6945850,MALARIA_EST_MORTALITY,COUNTRY,DOM,AMR,Americas,YEAR,2009,,,,,,,,,0.26 [0.26-0.26],0.262155348,0.262155348,0.262155348,,2025-12-19T14:27:58Z,2009,01/01/2009,31/12/2009,,
6951662,MALARIA_EST_MORTALITY,COUNTRY,SAU,EMR,Eastern Mediterranean,YEAR,2012,,,,,,,,,0 [0-0],0,0,0,,2025-12-19T14:27:58Z,2012,01/01/2012,31/12/2012,,
6952459,MALARIA_EST_MORTALITY,COUNTRY,SLV,AMR,Americas,YEAR,2017,,,,,,,,,0 [0-0],0,0,0,,2025-12-19T14:27:58Z,2017,01/01/2017,31/12/2017,,
6957469,MALARIA_EST_MORTALITY,COUNTRY,GEO,EUR,Europe,YEAR,2015,,,,,,,,,0 [0-0],0,0,0,,2025-12-19T14:27:58Z,2015,01/01/2015,31/12/2015,,
6964622,MALARIA_EST_MORTALITY,COUNTRY,LAO,WPR,Western Pacific,YEAR,2014,,,,,,,,,3.84 [1.72-6.62],3.841852163,1.720232312,6.6228944,,2025-12-19T14:27:58Z,2014,01/01/2014,31/12/2014,,
6982509,MALARIA_EST_MORTALITY,COUNTRY,TJK,EUR,Europe,YEAR,2019,,,,,,,,,0 [0-0],0,0,0,,2025-12-19T14:27:58Z,2019,01/01/2019,31/12/2019,,
6988431,MALARIA_EST_MORTALITY,COUNTRY,DZA,AFR,Africa,YEAR,2001,,,,,,,,,0.05 [0.05-0.05],0.054336162,0.054336162,0.054336162,,2025-12-19T14:27:58Z,2001,01/01/2001,31/12/2001,,
6990091,MALARIA_EST_MORTALITY,REGION,WPR,,,YEAR,2000,,,,,,,,,0.94 [0.60-1.42],0.936180851,0.604690849,1.418434379,,2025-12-19T14:27:58Z,2000,01/01/2000,31/12/2000,,
6994725,MALARIA_EST_MORTALITY,COUNTRY,SSD,AFR,Africa,YEAR,2004,,,,,,,,,123.97 [108.31-141.42],123.9727523,108.3085247,141.420462,,2025-12-19T14:27:58Z,2004,01/01/2004,31/12/2004,,
7014204,MALARIA_EST_MORTALITY,COUNTRY,BEN,AFR,Africa,YEAR,2001,,,,,,,,,102.18 [96.71-108.10],102.1812089,96.71455448,108.1041733,,2025-12-19T14:27:58Z,2001,01/01/2001,31/12/2001,,
7033203,MALARIA_EST_MORTALITY,COUNTRY,VEN,AMR,Americas,YEAR,2010,,,,,,,,,0.37 [0.19-0.59],0.367888218,0.187414752,0.590009405,,2025-12-19T14:27:58Z,2010,01/01/2010,31/12/2010,,
7034166,MALARIA_EST_MORTALITY,COUNTRY,CMR,AFR,Africa,YEAR,2021,,,,,,,,,48.15 [39.79-59.62],48.15394759,39.78710167,59.6231583,,2025-12-19T14:27:58Z,2021,01/01/2021,31/12/2021,,
7045327,MALARIA_EST_MORTALITY,COUNTRY,ARE,EMR,Eastern Mediterranean,YEAR,2020,,,,,,,,,0 [0-0],0,0,0,,2025-12-19T14:27:58Z,2020,01/01/2020,31/12/2020,,
7052490,MALARIA_EST_MORTALITY,COUNTRY,NPL,SEAR,South-East Asia,YEAR,2007,,,,,,,,,0.50 [0.15-1.23],0.501300425,0.154246285,1.233970276,,2025-12-19T14:27:58Z,2007,01/01/2007,31/12/2007,,
7063844,MALARIA_EST_MORTALITY,COUNTRY,MAR,EMR,Eastern Mediterranean,YEAR,2006,,,,,,,,,0 [0-0],0,0,0,,2025-12-19T14:27:58Z,2006,01/01/2006,31/12/2006,,
7071866,MALARIA_EST_MORTALITY,GLOBAL,GLOBAL,,,YEAR,2014,,,,,,,,,15.10 [14.24-16.49],15.09984621,14.23847274,16.4860275,,2025-12-19T14:27:58Z,2014,01/01/2014,31/12/2014,,
7077572,MALARIA_EST_MORTALITY,COUNTRY,ETH,AFR,Africa,YEAR,2007,,,,,,,,,21.96 [5.31-71.62],21.95887265,5.306963504,71.61783945,,2025-12-19T14:27:58Z,2007,01/01/2007,31/12/2007,,
7078032,MALARIA_EST_MORTALITY,COUNTRY,PAN,AMR,Americas,YEAR,2017,,,,,,,,,0 [0-0],0,0,0,,2025-12-19T14:27:58Z,2017,01/01/2017,31/12/2017,,
7085016,MALARIA_EST_MORTALITY,COUNTRY,VUT,WPR,Western Pacific,YEAR,2016,,,,,,,,,0 [0-0],0,0,0,,2025-12-19T14:27:58Z,2016,01/01/2016,31/12/2016,,
7090001,MALARIA_EST_MORTALITY,COUNTRY,MYT,AFR,Africa,YEAR,2018,,,,,,,,,0 [0-0],0,0,0,,2025-12-19T14:27:58Z,2018,01/01/2018,31/12/2018,,
7096021,MALARIA_EST_MORTALITY,COUNTRY,SOM,EMR,Eastern Mediterranean,YEAR,2014,,,,,,,,,11.93 [4.97-21.31],11.92699182,4.970204635,21.3128447,,2025-12-19T14:27:58Z,2014,01/01/2014,31/12/2014,,
7109762,MALARIA_EST_MORTALITY,COUNTRY,AGO,AFR,Africa,YEAR,2018,,,,,,,,,46.01 [32.81-67.27],46.00737671,32.8112092,67.26505972,,2025-12-19T14:27:58Z,2018,01/01/2018,31/12/2018,,
7115273,MALARIA_EST_MORTALITY,COUNTRY,KOR,WPR,Western Pacific,YEAR,2017,,,,,,,,,0 [0-0],0,0,0,,2025-12-19T14:27:58Z,2017,01/01/2017,31/12/2017,,
7128300,MALARIA_EST_MORTALITY,COUNTRY,GAB,AFR,Africa,YEAR,2004,,,,,,,,,17.80 [17.02-18.85],17.79674847,17.0229768,18.85189166,,2025-12-19T14:27:58Z,2004,01/01/2004,31/12/2004,,
7135271,MALARIA_EST_MORTALITY,COUNTRY,SLB,WPR,Western Pacific,YEAR,2000,,,,,,,,,109.16 [40.82-220.38],109.1582887,40.81969619,220.3804946,,2025-12-19T14:27:58Z,2000,01/01/2000,31/12/2000,,
7140724,MALARIA_EST_MORTALITY,COUNTRY,CHN,WPR,Western Pacific,YEAR,2001,,,,,,,,,0.01 [0.01-0.01],0.005609695,0.005609695,0.005609695,,2025-12-19T14:27:58Z,2001,01/01/2001,31/12/2001,,
7152682,MALARIA_EST_MORTALITY,COUNTRY,CMR,AFR,Africa,YEAR,2020,,,,,,,,,51.59 [42.94-62.81],51.59371273,42.93680051,62.81066202,,2025-12-19T14:27:58Z,2020,01/01/2020,31/12/2020,,
7154334,MALARIA_EST_MORTALITY,COUNTRY,MDG,AFR,Africa,YEAR,2023,,,,,,,,,51.21 [19.62-95.69],51.20539434,19.62427345,95.68931936,,2025-12-19T14:27:58Z,2023,01/01/2023,31/12/2023,,
7158907,MALARIA_EST_MORTALITY,COUNTRY,SUR,AMR,Americas,YEAR,2020,,,,,,,,,0 [0-0],0,0,0,,2025-12-19T14:27:58Z,2020,01/01/2020,31/12/2020,,
7171598,MALARIA_EST_MORTALITY,COUNTRY,BDI,AFR,Africa,YEAR,2022,,,,,,,,,53.64 [39.79-78.45],53.64423065,39.79383229,78.44699277,,2025-12-19T14:27:58Z,2022,01/01/2022,31/12/2022,,
7197984,MALARIA_EST_MORTALITY,COUNTRY,DJI,EMR,Eastern Mediterranean,YEAR,2020,,,,,,,,,15.56 [7.72-23.17],15.56463426,7.721989088,23.16596726,,2025-12-19T14:27:58Z,2020,01/01/2020,31/12/2020,,
7204902,MALARIA_EST_MORTALITY,COUNTRY,CIV,AFR,Africa,YEAR,2004,,,,,,,,,174.32 [163.11-186.51],174.3199796,163.1079357,186.5118653,,2025-12-19T14:27:58Z,2004,01/01/2004,31/12/2004,,
7229348,MALARIA_EST_MORTALITY,COUNTRY,SSD,AFR,Africa,YEAR,2020,,,,,,,,,66.70 [37.35-123.99],66.70114513,37.35091205,123.9899604,,2025-12-19T14:27:58Z,2020,01/01/2020,31/12/2020,,
7249321,MALARIA_EST_MORTALITY,COUNTRY,DJI,EMR,Eastern Mediterranean,YEAR,2016,,,,,,,,,3.86 [1.80-5.91],3.855268095,1.799125111,5.91141108,,2025-12-19T14:27:58Z,2016,01/01/2016,31/12/2016,,
7272802,MALARIA_EST_MORTALITY,COUNTRY,DOM,AMR,Americas,YEAR,2002,,,,,,,,,0.23 [0.23-0.23],0.225595305,0.225595305,0.225595305,,2025-12-19T14:27:58Z,2002,01/01/2002,31/12/2002,,
7285747,MALARIA_EST_MORTALITY,COUNTRY,NIC,AMR,Americas,YEAR,2016,,,,,,,,,0.04 [0.04-0.04],0.036464776,0.036464776,0.036464776,,2025-12-19T14:27:58Z,2016,01/01/2016,31/12/2016,,
7286952,MALARIA_EST_MORTALITY,COUNTRY,AZE,EUR,Europe,YEAR,2004,,,,,,,,,0 [0-0],0,0,0,,2025-12-19T14:27:58Z,2004,01/01/2004,31/12/2004,,
7298667,MALARIA_EST_MORTALITY,REGION,SEAR,,,YEAR,2021,,,,,,,,,0.42 [0.18-0.77],0.421464656,0.181058635,0.767377142,,2025-12-19T14:27:58Z,2021,01/01/2021,31/12/2021,,
7305205,MALARIA_EST_MORTALITY,COUNTRY,ZAF,AFR,Africa,YEAR,2015,,,,,,,,,1.94 [1.94-1.94],1.93923051,1.93923051,1.93923051,,2025-12-19T14:27:58Z,2015,01/01/2015,31/12/2015,,
7305875,MALARIA_EST_MORTALITY,REGION,EUR,,,YEAR,2016,,,,,,,,,0 [0-0],0,0,0,,2025-12-19T14:27:58Z,2016,01/01/2016,31/12/2016,,
7311856,MALARIA_EST_MORTALITY,COUNTRY,AFG,EMR,Eastern Mediterranean,YEAR,2020,,,,,,,,,0.36 [0.15-0.63],0.364669288,0.14918289,0.633198491,,2025-12-19T14:27:58Z,2020,01/01/2020,31/12/2020,,
7317827,MALARIA_EST_MORTALITY,COUNTRY,CRI,AMR,Americas,YEAR,2009,,,,,,,,,0.06 [0.06-0.06],0.063495047,0.063495047,0.063495047,,2025-12-19T14:27:58Z,2009,01/01/2009,31/12/2009,,
7330060,MALARIA_EST_MORTALITY,COUNTRY,BWA,AFR,Africa,YEAR,2021,,,,,,,,,0.31 [0.31-0.31],0.314049244,0.314049244,0.314049244,,2025-12-19T14:27:58Z,2021,01/01/2021,31/12/2021,,
7331979,MALARIA_EST_MORTALITY,COUNTRY,SWZ,AFR,Africa,YEAR,2015,,,,,,,,,1.56 [1.56-1.56],1.562563479,1.562563479,1.562563479,,2025-12-19T14:27:58Z,2015,01/01/2015,31/12/2015,,
7336906,MALARIA_EST_MORTALITY,COUNTRY,MOZ,AFR,Africa,YEAR,2016,,,,,,,,,76.68 [62.57-97.49],76.68332388,62.57411173,97.49030109,,2025-12-19T14:27:58Z,2016,01/01/2016,31/12/2016,,
7337052,MALARIA_EST_MORTALITY,COUNTRY,LAO,WPR,Western Pacific,YEAR,2007,,,,,,,,,3.65 [1.43-6.85],3.64931423,1.427992525,6.85436412,,2025-12-19T14:27:58Z,2007,01/01/2007,31/12/2007,,
7342746,MALARIA_EST_MORTALITY,COUNTRY,PNG,WPR,Western Pacific,YEAR,2012,,,,,,,,,33.89 [8.61-78.45],33.8926843,8.612070448,78.45339725,,2025-12-19T14:27:58Z,2012,01/01/2012,31/12/2012,,
7349413,MALARIA_EST_MORTALITY,COUNTRY,DJI,EMR,Eastern Mediterranean,YEAR,2017,,,,,,,,,3.29 [1.52-4.80],3.286791523,1.516980703,4.803772225,,2025-12-19T14:27:58Z,2017,01/01/2017,31/12/2017,,
7368852,MALARIA_EST_MORTALITY,COUNTRY,MOZ,AFR,Africa,YEAR,2012,,,,,,,,,95.74 [85.30-108.19],95.74388793,85.3033584,108.185519,,2025-12-19T14:27:58Z,2012,01/01/2012,31/12/2012,,
7374237,MALARIA_EST_MORTALITY,COUNTRY,UGA,AFR,Africa,YEAR,2003,,,,,,,,,170.00 [161.03-179.43],169.9976822,161.0343629,179.4276621,,2025-12-19T14:27:58Z,2003,01/01/2003,31/12/2003,,
7375722,MALARIA_EST_MORTALITY,COUNTRY,OMN,EMR,Eastern Mediterranean,YEAR,2020,,,,,,,,,0 [0-0],0,0,0,,2025-12-19T14:27:58Z,2020,01/01/2020,31/12/2020,,
7386674,MALARIA_EST_MORTALITY,COUNTRY,VUT,WPR,Western Pacific,YEAR,2024,,,,,,,,,0 [0-0],0,0,0,,2025-12-19T14:27:58Z,2024,01/01/2024,31/12/2024,,
7394942,MALARIA_EST_MORTALITY,COUNTRY,BRA,AMR,Americas,YEAR,2014,,,,,,,,,0.09 [0.09-0.09],0.088632227,0.088632227,0.088632227,,2025-12-19T14:27:58Z,2014,01/01/2014,31/12/2014,,
7399268,MALARIA_EST_MORTALITY,COUNTRY,NAM,AFR,Africa,YEAR,2006,,,,,,,,,36.12 [36.12-36.12],36.11501145,36.11501145,36.11501145,,2025-12-19T14:27:58Z,2006,01/01/2006,31/12/2006,,
7400457,MALARIA_EST_MORTALITY,COUNTRY,BRA,AMR,Americas,YEAR,2017,,,,,,,,,0.08 [0.08-0.08],0.081819671,0.081819671,0.081819671,,2025-12-19T14:27:58Z,2017,01/01/2017,31/12/2017,,
7400675,MALARIA_EST_MORTALITY,COUNTRY,RWA,AFR,Africa,YEAR,2007,,,,,,,,,32.00 [31.09-32.99],32.0002245,31.08922335,32.99499588,,2025-12-19T14:27:58Z,2007,01/01/2007,31/12/2007,,
7407653,MALARIA_EST_MORTALITY,COUNTRY,MEX,AMR,Americas,YEAR,2007,,,,,,,,,0 [0-0],0,0,0,,2025-12-19T14:27:58Z,2007,01/01/2007,31/12/2007,,
7430960,MALARIA_EST_MORTALITY,COUNTRY,UGA,AFR,Africa,YEAR,2018,,,,,,,,,36.70 [33.25-41.22],36.69841221,33.25327479,41.22376382,,2025-12-19T14:27:58Z,2018,01/01/2018,31/12/2018,,
7444018,MALARIA_EST_MORTALITY,COUNTRY,SAU,EMR,Eastern Mediterranean,YEAR,2014,,,,,,,,,0 [0-0],0,0,0,,2025-12-19T14:27:58Z,2014,01/01/2014,31/12/2014,,
7444589,MALARIA_EST_MORTALITY,COUNTRY,MOZ,AFR,Africa,YEAR,2006,,,,,,,,,131.39 [121.49-142.04],131.3892674,121.4888898,142.0401109,,2025-12-19T14:27:58Z,2006,01/01/2006,31/12/2006,,
7450856,MALARIA_EST_MORTALITY,COUNTRY,VEN,AMR,Americas,YEAR,2018,,,,,,,,,2.50 [1.28-3.79],2.502718099,1.2815527,3.790980499,,2025-12-19T14:27:58Z,2018,01/01/2018,31/12/2018,,
7470343,MALARIA_EST_MORTALITY,REGION,EMR,,,YEAR,2017,,,,,,,,,2.21 [1.36-3.21],2.214286429,1.35870764,3.207640744,,2025-12-19T14:27:58Z,2017,01/01/2017,31/12/2017,,
7470697,MALARIA_EST_MORTALITY,COUNTRY,IRN,EMR,Eastern Mediterranean,YEAR,2020,,,,,,,,,0 [0-0],0,0,0,,2025-12-19T14:27:58Z,2020,01/01/2020,31/12/2020,,
7475552,MALARIA_EST_MORTALITY,COUNTRY,IRQ,EMR,Eastern Mediterranean,YEAR,2005,,,,,,,,,0 [0-0],0,0,0,,2025-12-19T14:27:58Z,2005,01/01/2005,31/12/2005,,
7494287,MALARIA_EST_MORTALITY,COUNTRY,SLB,WPR,Western Pacific,YEAR,2004,,,,,,,,,138.76 [53.84-274.76],138.7635571,53.84004733,274.7603562,,2025-12-19T14:27:58Z,2004,01/01/2004,31/12/2004,,
7513786,MALARIA_EST_MORTALITY,COUNTRY,HND,AMR,Americas,YEAR,2012,,,,,,,,,0.05 [0.01-0.09],0.050670651,0.012667663,0.08867364,,2025-12-19T14:27:58Z,2012,01/01/2012,31/12/2012,,
7513916,MALARIA_EST_MORTALITY,COUNTRY,GIN,AFR,Africa,YEAR,2020,,,,,,,,,83.15 [69.23-102.00],83.14896296,69.23078534,102.0029417,,2025-12-19T14:27:58Z,2020,01/01/2020,31/12/2020,,
7514935,MALARIA_EST_MORTALITY,COUNTRY,BOL,AMR,Americas,YEAR,2005,,,,,,,,,0.28 [0.12-0.49],0.282572816,0.117738673,0.494502428,,2025-12-19T14:27:58Z,2005,01/01/2005,31/12/2005,,
7520915,MALARIA_EST_MORTALITY,COUNTRY,PRY,AMR,Americas,YEAR,2023,,,,,,,,,0 [0-0],0,0,0,,2025-12-19T14:27:58Z,2023,01/01/2023,31/12/2023,,
7539559,MALARIA_EST_MORTALITY,COUNTRY,YEM,EMR,Eastern Mediterranean,YEAR,2022,,,,,,,,,9.76 [3.93-19.27],9.76351562,3.926542918,19.27095235,,2025-12-19T14:27:58Z,2022,01/01/2022,31/12/2022,,
7550877,MALARIA_EST_MORTALITY,COUNTRY,CMR,AFR,Africa,YEAR,2022,,,,,,,,,46.25 [37.65-58.52],46.24581444,37.64732824,58.52109439,,2025-12-19T14:27:58Z,2022,01/01/2022,31/12/2022,,
7565112,MALARIA_EST_MORTALITY,COUNTRY,ZMB,AFR,Africa,YEAR,2010,,,,,,,,,45.49 [44.04-47.17],45.49036726,44.036795,47.17307406,,2025-12-19T14:27:58Z,2010,01/01/2010,31/12/2010,,
7572028,MALARIA_EST_MORTALITY,COUNTRY,AZE,EUR,Europe,YEAR,2008,,,,,,,,,0 [0-0],0,0,0,,2025-12-19T14:27:58Z,2008,01/01/2008,31/12/2008,,
7595348,MALARIA_EST_MORTALITY,COUNTRY,MYT,AFR,Africa,YEAR,2022,,,,,,,,,0 [0-0],0,0,0,,2025-12-19T14:27:58Z,2022,01/01/2022,31/12/2022,,
7597022,MALARIA_EST_MORTALITY,COUNTRY,PRY,AMR,Americas,YEAR,2015,,,,,,,,,0 [0-0],0,0,0,,2025-12-19T14:27:58Z,2015,01/01/2015,31/12/2015,,
7615625,MALARIA_EST_MORTALITY,COUNTRY,SYR,EMR,Eastern Mediterranean,YEAR,2013,,,,,,,,,0 [0-0],0,0,0,,2025-12-19T14:27:58Z,2013,01/01/2013,31/12/2013,,
7640660,MALARIA_EST_MORTALITY,COUNTRY,THA,SEAR,South-East Asia,YEAR,2016,,,,,,,,,0.20 [0.20-0.20],0.200797792,0.200797792,0.200797792,,2025-12-19T14:27:58Z,2016,01/01/2016,31/12/2016,,
7640886,MALARIA_EST_MORTALITY,REGION,EUR,,,YEAR,2019,,,,,,,,,0 [0-0],0,0,0,,2025-12-19T14:27:58Z,2019,01/01/2019,31/12/2019,,
7640968,MALARIA_EST_MORTALITY,COUNTRY,VUT,WPR,Western Pacific,YEAR,2015,,,,,,,,,0 [0-0],0,0,0,,2025-12-19T14:27:58Z,2015,01/01/2015,31/12/2015,,
7647469,MALARIA_EST_MORTALITY,COUNTRY,VEN,AMR,Americas,YEAR,2006,,,,,,,,,0.24 [0.12-0.37],0.242427038,0.117540382,0.367313695,,2025-12-19T14:27:58Z,2006,01/01/2006,31/12/2006,,
7672569,MALARIA_EST_MORTALITY,COUNTRY,GUF,AMR,Americas,YEAR,2004,,,,,,,,,0.93 [0.93-0.93],0.933349511,0.933349511,0.933349511,,2025-12-19T14:27:58Z,2004,01/01/2004,31/12/2004,,
7679434,MALARIA_EST_MORTALITY,COUNTRY,EGY,EMR,Eastern Mediterranean,YEAR,2007,,,,,,,,,0 [0-0],0,0,0,,2025-12-19T14:27:58Z,2007,01/01/2007,31/12/2007,,
7683739,MALARIA_EST_MORTALITY,COUNTRY,ETH,AFR,Africa,YEAR,2009,,,,,,,,,26.74 [6.71-81.57],26.74066114,6.705509442,81.57434769,,2025-12-19T14:27:58Z,2009,01/01/2009,31/12/2009,,
7696424,MALARIA_EST_MORTALITY,COUNTRY,ECU,AMR,Americas,YEAR,2007,,,,,,,,,0.10 [0.10-0.10],0.098520772,0.098520772,0.098520772,,2025-12-19T14:27:58Z,2007,01/01/2007,31/12/2007,,
7697971,MALARIA_EST_MORTALITY,COUNTRY,IRN,EMR,Eastern Mediterranean,YEAR,2005,,,,,,,,,0.14 [0.14-0.14],0.13635719,0.13635719,0.13635719,,2025-12-19T14:27:58Z,2005,01/01/2005,31/12/2005,,
7723482,MALARIA_EST_MORTALITY,COUNTRY,NER,AFR,Africa,YEAR,2014,,,,,,,,,159.75 [145.25-176.40],159.7530463,145.2545128,176.4011008,,2025-12-19T14:27:58Z,2014,01/01/2014,31/12/2014,,
7739827,MALARIA_EST_MORTALITY,COUNTRY,UZB,EUR,Europe,YEAR,2007,,,,,,,,,0 [0-0],0,0,0,,2025-12-19T14:27:58Z,2007,01/01/2007,31/12/2007,,
7741897,MALARIA_EST_MORTALITY,COUNTRY,ARG,AMR,Americas,YEAR,2009,,,,,,,,,0 [0-0],0,0,0,,2025-12-19T14:27:58Z,2009,01/01/2009,31/12/2009,,
7765279,MALARIA_EST_MORTALITY,COUNTRY,UGA,AFR,Africa,YEAR,2021,,,,,,,,,37.98 [30.29-50.35],37.98224083,30.28902921,50.34536438,,2025-12-19T14:27:58Z,2021,01/01/2021,31/12/2021,,
7784787,MALARIA_EST_MORTALITY,COUNTRY,GNB,AFR,Africa,YEAR,2003,,,,,,,,,73.10 [68.47-78.40],73.09642207,68.47102606,78.40425354,,2025-12-19T14:27:58Z,2003,01/01/2003,31/12/2003,,
7792528,MALARIA_EST_MORTALITY,COUNTRY,MRT,AFR,Africa,YEAR,2007,,,,,,,,,19.66 [18.98-20.40],19.65691569,18.97797617,20.40051612,,2025-12-19T14:27:58Z,2007,01/01/2007,31/12/2007,,
7796916,MALARIA_EST_MORTALITY,COUNTRY,IDN,WPR,Western Pacific,YEAR,2015,,,,,,,,,0.63 [0.32-0.96],0.630635881,0.319710619,0.963715522,,2025-12-19T14:27:58Z,2015,01/01/2015,31/12/2015,,
7803732,MALARIA_EST_MORTALITY,COUNTRY,SLE,AFR,Africa,YEAR,2003,,,,,,,,,247.66 [232.56-263.05],247.6588484,232.5555794,263.0518222,,2025-12-19T14:27:58Z,2003,01/01/2003,31/12/2003,,
7804468,MALARIA_EST_MORTALITY,COUNTRY,GIN,AFR,Africa,YEAR,2005,,,,,,,,,106.03 [99.85-112.76],106.0260156,99.85026786,112.7644485,,2025-12-19T14:27:58Z,2005,01/01/2005,31/12/2005,,
7816308,MALARIA_EST_MORTALITY,COUNTRY,TJK,EUR,Europe,YEAR,2005,,,,,,,,,0 [0-0],0,0,0,,2025-12-19T14:27:58Z,2005,01/01/2005,31/12/2005,,
7816544,MALARIA_EST_MORTALITY,COUNTRY,TGO,AFR,Africa,YEAR,2020,,,,,,,,,41.26 [35.19-49.07],41.25854122,35.19144794,49.06732859,,2025-12-19T14:27:58Z,2020,01/01/2020,31/12/2020,,
7823255,MALARIA_EST_MORTALITY,COUNTRY,BEN,AFR,Africa,YEAR,2010,,,,,,,,,94.74 [88.40-101.75],94.7386084,88.40024643,101.7506127,,2025-12-19T14:27:58Z,2010,01/01/2010,31/12/2010,,
7830476,MALARIA_EST_MORTALITY,COUNTRY,TCD,AFR,Africa,YEAR,2000,,,,,,,,,117.26 [110.20-125.03],117.2601835,110.2046174,125.0284331,,2025-12-19T14:27:58Z,2000,01/01/2000,31/12/2000,,
7835104,MALARIA_EST_MORTALITY,COUNTRY,OMN,EMR,Eastern Mediterranean,YEAR,2022,,,,,,,,,0 [0-0],0,0,0,,2025-12-19T14:27:58Z,2022,01/01/2022,31/12/2022,,
7847872,MALARIA_EST_MORTALITY,COUNTRY,NGA,AFR,Africa,YEAR,2016,,,,,,,,,87.92 [75.59-103.90],87.91636671,75.59096302,103.8989233,,2025-12-19T14:27:58Z,2016,01/01/2016,31/12/2016,,
7860576,MALARIA_EST_MORTALITY,COUNTRY,VNM,WPR,Western Pacific,YEAR,2007,,,,,,,,,0.09 [0.04-0.14],0.085987484,0.040560134,0.139526861,,2025-12-19T14:27:58Z,2007,01/01/2007,31/12/2007,,
7866871,MALARIA_EST_MORTALITY,COUNTRY,ETH,AFR,Africa,YEAR,2002,,,,,,,,,41.50 [9.54-89.95],41.50299173,9.537610031,89.95481435,,2025-12-19T14:27:58Z,2002,01/01/2002,31/12/2002,,
7867911,MALARIA_EST_MORTALITY,COUNTRY,ZMB,AFR,Africa,YEAR,2019,,,,,,,,,43.66 [40.14-48.29],43.66463379,40.13754252,48.2936035,,2025-12-19T14:27:58Z,2019,01/01/2019,31/12/2019,,
7868057,MALARIA_EST_MORTALITY,COUNTRY,MYT,AFR,Africa,YEAR,2013,,,,,,,,,0 [0-0],0,0,0,,2025-12-19T14:27:58Z,2013,01/01/2013,31/12/2013,,
7874217,MALARIA_EST_MORTALITY,COUNTRY,PNG,WPR,Western Pacific,YEAR,2003,,,,,,,,,45.98 [11.20-100.44],45.98304016,11.2010179,100.4409375,,2025-12-19T14:27:58Z,2003,01/01/2003,31/12/2003,,
7893373,MALARIA_EST_MORTALITY,COUNTRY,TGO,AFR,Africa,YEAR,2011,,,,,,,,,58.14 [54.36-62.31],58.13655918,54.36296009,62.31498882,,2025-12-19T14:27:58Z,2011,01/01/2011,31/12/2011,,
7894104,MALARIA_EST_MORTALITY,COUNTRY,BLZ,AMR,Americas,YEAR,2017,,,,,,,,,0 [0-0],0,0,0,,2025-12-19T14:27:58Z,2017,01/01/2017,31/12/2017,,
7900140,MALARIA_EST_MORTALITY,COUNTRY,MDG,AFR,Africa,YEAR,2007,,,,,,,,,7.58 [1.88-17.48],7.579268692,1.884850927,17.47673546,,2025-12-19T14:27:58Z,2007,01/01/2007,31/12/2007,,
7900629,MALARIA_EST_MORTALITY,COUNTRY,TUR,EUR,Europe,YEAR,2000,,,,,,,,,0 [0-0],0,0,0,,2025-12-19T14:27:58Z,2000,01/01/2000,31/12/2000,,
7905240,MALARIA_EST_MORTALITY,COUNTRY,GNB,AFR,Africa,YEAR,2016,,,,,,,,,46.67 [40.83-54.32],46.67303167,40.83207917,54.31539943,,2025-12-19T14:27:58Z,2016,01/01/2016,31/12/2016,,
7918099,MALARIA_EST_MORTALITY,COUNTRY,KHM,WPR,Western Pacific,YEAR,2019,,,,,,,,,0.22 [0.11-0.33],0.221756723,0.110878361,0.332635084,,2025-12-19T14:27:58Z,2019,01/01/2019,31/12/2019,,
7924024,MALARIA_EST_MORTALITY,COUNTRY,LAO,WPR,Western Pacific,YEAR,2018,,,,,,,,,0.62 [0.27-1.11],0.620116916,0.269616051,1.105425807,,2025-12-19T14:27:58Z,2018,01/01/2018,31/12/2018,,
7925393,MALARIA_EST_MORTALITY,COUNTRY,NGA,AFR,Africa,YEAR,2010,,,,,,,,,119.56 [110.24-129.37],119.5568596,110.2447308,129.3665193,,2025-12-19T14:27:58Z,2010,01/01/2010,31/12/2010,,
7932048,MALARIA_EST_MORTALITY,COUNTRY,CIV,AFR,Africa,YEAR,2009,,,,,,,,,151.61 [140.94-163.07],151.6142035,140.9404763,163.0652763,,2025-12-19T14:27:58Z,2009,01/01/2009,31/12/2009,,
7937319,MALARIA_EST_MORTALITY,COUNTRY,CMR,AFR,Africa,YEAR,2005,,,,,,,,,120.35 [112.25-128.85],120.3542526,112.2484962,128.8524049,,2025-12-19T14:27:58Z,2005,01/01/2005,31/12/2005,,
7937709,MALARIA_EST_MORTALITY,COUNTRY,IRQ,EMR,Eastern Mediterranean,YEAR,2009,,,,,,,,,0 [0-0],0,0,0,,2025-12-19T14:27:58Z,2009,01/01/2009,31/12/2009,,
7976620,MALARIA_EST_MORTALITY,COUNTRY,GNQ,AFR,Africa,YEAR,2000,,,,,,,,,68.96 [64.98-74.65],68.96267342,64.9813232,74.65031659,,2025-12-19T14:27:58Z,2000,01/01/2000,31/12/2000,,
7981783,MALARIA_EST_MORTALITY,COUNTRY,TKM,EUR,Europe,YEAR,2000,,,,,,,,,0 [0-0],0,0,0,,2025-12-19T14:27:58Z,2000,01/01/2000,31/12/2000,,
7983094,MALARIA_EST_MORTALITY,COUNTRY,TJK,EUR,Europe,YEAR,2007,,,,,,,,,0 [0-0],0,0,0,,2025-12-19T14:27:58Z,2007,01/01/2007,31/12/2007,,
7983163,MALARIA_EST_MORTALITY,COUNTRY,MLI,AFR,Africa,YEAR,2019,,,,,,,,,66.36 [57.47-77.89],66.36478017,57.46994409,77.89389267,,2025-12-19T14:27:58Z,2019,01/01/2019,31/12/2019,,
7989526,MALARIA_EST_MORTALITY,COUNTRY,COD,AFR,Africa,YEAR,2012,,,,,,,,,88.06 [72.31-106.10],88.06407263,72.30933209,106.0957345,,2025-12-19T14:27:58Z,2012,01/01/2012,31/12/2012,,
8001840,MALARIA_EST_MORTALITY,COUNTRY,NPL,SEAR,South-East Asia,YEAR,2020,,,,,,,,,0 [0-0],0,0,0,,2025-12-19T14:27:58Z,2020,01/01/2020,31/12/2020,,
8013230,MALARIA_EST_MORTALITY,COUNTRY,TZA,AFR,Africa,YEAR,2024,,,,,,,,,38.01 [35.76-40.86],38.01333185,35.76271711,40.86050299,,2025-12-19T14:27:58Z,2024,01/01/2024,31/12/2024,,
8033712,MALARIA_EST_MORTALITY,COUNTRY,PAK,EMR,Eastern Mediterranean,YEAR,2008,,,,,,,,,0.36 [0.10-1.04],0.364468905,0.102523654,1.038669281,,2025-12-19T14:27:58Z,2008,01/01/2008,31/12/2008,,
8033715,MALARIA_EST_MORTALITY,COUNTRY,ZMB,AFR,Africa,YEAR,2001,,,,,,,,,140.30 [133.16-148.33],140.2977283,133.1595996,148.3266402,,2025-12-19T14:27:58Z,2001,01/01/2001,31/12/2001,,
8050962,MALARIA_EST_MORTALITY,COUNTRY,DJI,EMR,Eastern Mediterranean,YEAR,2012,,,,,,,,,0.69 [0.28-1.38],0.689672295,0.275868918,1.379344591,,2025-12-19T14:27:58Z,2012,01/01/2012,31/12/2012,,
8057175,MALARIA_EST_MORTALITY,COUNTRY,EGY,EMR,Eastern Mediterranean,YEAR,2014,,,,,,,,,0 [0-0],0,0,0,,2025-12-19T14:27:58Z,2014,01/01/2014,31/12/2014,,
8057351,MALARIA_EST_MORTALITY,COUNTRY,SLV,AMR,Americas,YEAR,2019,,,,,,,,,0 [0-0],0,0,0,,2025-12-19T14:27:58Z,2019,01/01/2019,31/12/2019,,
8063667,MALARIA_EST_MORTALITY,COUNTRY,PER,AMR,Americas,YEAR,2016,,,,,,,,,0.57 [0.29-0.90],0.569160273,0.288704486,0.899108258,,2025-12-19T14:27:58Z,2016,01/01/2016,31/12/2016,,
8082588,MALARIA_EST_MORTALITY,COUNTRY,YEM,EMR,Eastern Mediterranean,YEAR,2005,,,,,,,,,17.01 [5.12-81.23],17.00909486,5.119771638,81.22507477,,2025-12-19T14:27:58Z,2005,01/01/2005,31/12/2005,,
8095284,MALARIA_EST_MORTALITY,COUNTRY,AFG,EMR,Eastern Mediterranean,YEAR,2024,,,,,,,,,0.82 [0.36-1.39],0.819990518,0.36444023,1.390946879,,2025-12-19T14:27:58Z,2024,01/01/2024,31/12/2024,,
8095631,MALARIA_EST_MORTALITY,COUNTRY,TGO,AFR,Africa,YEAR,2003,,,,,,,,,110.30 [103.94-117.34],110.2992958,103.9409665,117.3420427,,2025-12-19T14:27:58Z,2003,01/01/2003,31/12/2003,,
8096516,MALARIA_EST_MORTALITY,COUNTRY,MRT,AFR,Africa,YEAR,2011,,,,,,,,,18.90 [18.30-19.53],18.89910703,18.29958853,19.52717403,,2025-12-19T14:27:58Z,2011,01/01/2011,31/12/2011,,
8103324,MALARIA_EST_MORTALITY,COUNTRY,MLI,AFR,Africa,YEAR,2014,,,,,,,,,121.45 [110.78-133.34],121.4521473,110.7808287,133.3443136,,2025-12-19T14:27:58Z,2014,01/01/2014,31/12/2014,,
8108900,MALARIA_EST_MORTALITY,COUNTRY,MYS,WPR,Western Pacific,YEAR,2001,,,,,,,,,4.89 [4.89-4.89],4.888099709,4.888099709,4.888099709,,2025-12-19T14:27:58Z,2001,01/01/2001,31/12/2001,,
8133084,MALARIA_EST_MORTALITY,COUNTRY,AGO,AFR,Africa,YEAR,2002,,,,,,,,,125.18 [112.27-140.98],125.1810757,112.2653389,140.9823659,,2025-12-19T14:27:58Z,2002,01/01/2002,31/12/2002,,
8134496,MALARIA_EST_MORTALITY,COUNTRY,TCD,AFR,Africa,YEAR,2001,,,,,,,,,91.69 [86.36-97.55],91.68877541,86.35988212,97.54564858,,2025-12-19T14:27:58Z,2001,01/01/2001,31/12/2001,,
8134601,MALARIA_EST_MORTALITY,COUNTRY,MEX,AMR,Americas,YEAR,2015,,,,,,,,,0 [0-0],0,0,0,,2025-12-19T14:27:58Z,2015,01/01/2015,31/12/2015,,
8146541,MALARIA_EST_MORTALITY,REGION,SEAR,,,YEAR,2022,,,,,,,,,0.25 [0.13-0.42],0.246057081,0.134755405,0.417009328,,2025-12-19T14:27:58Z,2022,01/01/2022,31/12/2022,,
8171545,MALARIA_EST_MORTALITY,COUNTRY,PRK,SEAR,South-East Asia,YEAR,2006,,,,,,,,,0 [0-0],0,0,0,,2025-12-19T14:27:58Z,2006,01/01/2006,31/12/2006,,
8178505,MALARIA_EST_MORTALITY,COUNTRY,COM,AFR,Africa,YEAR,2021,,,,,,,,,3.18 [1.47-5.01],3.177808144,1.466680682,5.011158996,,2025-12-19T14:27:58Z,2021,01/01/2021,31/12/2021,,
8184740,MALARIA_EST_MORTALITY,COUNTRY,SEN,AFR,Africa,YEAR,2012,,,,,,,,,13.58 [5.62-24.46],13.57575459,5.619626139,24.46208984,,2025-12-19T14:27:58Z,2012,01/01/2012,31/12/2012,,
8191851,MALARIA_EST_MORTALITY,COUNTRY,DJI,EMR,Eastern Mediterranean,YEAR,2009,,,,,,,,,0.88 [0.44-1.46],0.877742213,0.438871106,1.462903688,,2025-12-19T14:27:58Z,2009,01/01/2009,31/12/2009,,
8203667,MALARIA_EST_MORTALITY,COUNTRY,RWA,AFR,Africa,YEAR,2019,,,,,,,,,24.57 [23.26-26.60],24.56930724,23.2621794,26.60435659,,2025-12-19T14:27:58Z,2019,01/01/2019,31/12/2019,,
8204783,MALARIA_EST_MORTALITY,COUNTRY,SLB,WPR,Western Pacific,YEAR,2010,,,,,,,,,30.89 [14.02-56.86],30.89239213,14.02476698,56.85716343,,2025-12-19T14:27:58Z,2010,01/01/2010,31/12/2010,,
8222453,MALARIA_EST_MORTALITY,COUNTRY,BDI,AFR,Africa,YEAR,2003,,,,,,,,,132.20 [121.86-143.81],132.1992959,121.8630176,143.8134109,,2025-12-19T14:27:58Z,2003,01/01/2003,31/12/2003,,
8260257,MALARIA_EST_MORTALITY,COUNTRY,DOM,AMR,Americas,YEAR,2015,,,,,,,,,0.05 [0.05-0.05],0.052194682,0.052194682,0.052194682,,2025-12-19T14:27:58Z,2015,01/01/2015,31/12/2015,,
8317309,MALARIA_EST_MORTALITY,COUNTRY,PAK,EMR,Eastern Mediterranean,YEAR,2007,,,,,,,,,0.48 [0.16-1.31],0.484625573,0.159336508,1.308888768,,2025-12-19T14:27:58Z,2007,01/01/2007,31/12/2007,,
8318047,MALARIA_EST_MORTALITY,COUNTRY,COD,AFR,Africa,YEAR,2014,,,,,,,,,76.73 [60.73-96.57],76.72641904,60.73345794,96.57129357,,2025-12-19T14:27:58Z,2014,01/01/2014,31/12/2014,,
8318760,MALARIA_EST_MORTALITY,COUNTRY,BFA,AFR,Africa,YEAR,2015,,,,,,,,,114.38 [96.43-135.97],114.3816529,96.42917074,135.9660108,,2025-12-19T14:27:58Z,2015,01/01/2015,31/12/2015,,
8343494,MALARIA_EST_MORTALITY,COUNTRY,GUF,AMR,Americas,YEAR,2005,,,,,,,,,1.79 [1.79-1.79],1.785570802,1.785570802,1.785570802,,2025-12-19T14:27:58Z,2005,01/01/2005,31/12/2005,,
8350208,MALARIA_EST_MORTALITY,COUNTRY,KEN,AFR,Africa,YEAR,2016,,,,,,,,,21.78 [21.30-22.29],21.77621138,21.30258969,22.28930155,,2025-12-19T14:27:58Z,2016,01/01/2016,31/12/2016,,
8380815,MALARIA_EST_MORTALITY,COUNTRY,SYR,EMR,Eastern Mediterranean,YEAR,2007,,,,,,,,,0 [0-0],0,0,0,,2025-12-19T14:27:58Z,2007,01/01/2007,31/12/2007,,
8381043,MALARIA_EST_MORTALITY,COUNTRY,SEN,AFR,Africa,YEAR,2020,,,,,,,,,9.11 [4.00-15.39],9.107034699,3.99661235,15.39082908,,2025-12-19T14:27:58Z,2020,01/01/2020,31/12/2020,,
8381424,MALARIA_EST_MORTALITY,COUNTRY,TGO,AFR,Africa,YEAR,2008,,,,,,,,,75.81 [71.16-80.89],75.80691658,71.15926801,80.89420759,,2025-12-19T14:27:58Z,2008,01/01/2008,31/12/2008,,
8405359,MALARIA_EST_MORTALITY,COUNTRY,MDG,AFR,Africa,YEAR,2008,,,,,,,,,7.39 [2.61-16.03],7.388701118,2.609463655,16.03434169,,2025-12-19T14:27:58Z,2008,01/01/2008,31/12/2008,,
8406010,MALARIA_EST_MORTALITY,COUNTRY,TZA,AFR,Africa,YEAR,2003,,,,,,,,,89.31 [85.54-93.23],89.30816237,85.54429947,93.22570735,,2025-12-19T14:27:58Z,2003,01/01/2003,31/12/2003,,
8411601,MALARIA_EST_MORTALITY,COUNTRY,GUF,AMR,Americas,YEAR,2014,,,,,,,,,0 [0-0],0,0,0,,2025-12-19T14:27:58Z,2014,01/01/2014,31/12/2014,,
8413126,MALARIA_EST_MORTALITY,COUNTRY,GIN,AFR,Africa,YEAR,2006,,,,,,,,,102.65 [96.56-109.23],102.6461763,96.55582942,109.2343428,,2025-12-19T14:27:58Z,2006,01/01/2006,31/12/2006,,
8431445,MALARIA_EST_MORTALITY,COUNTRY,CHN,WPR,Western Pacific,YEAR,2005,,,,,,,,,0.01 [0.01-0.01],0.00876105,0.00876105,0.00876105,,2025-12-19T14:27:58Z,2005,01/01/2005,31/12/2005,,
8437259,MALARIA_EST_MORTALITY,COUNTRY,KHM,WPR,Western Pacific,YEAR,2011,,,,,,,,,6.12 [3.04-9.58],6.120247881,3.03601532,9.576851217,,2025-12-19T14:27:58Z,2011,01/01/2011,31/12/2011,,
8450688,MALARIA_EST_MORTALITY,COUNTRY,UGA,AFR,Africa,YEAR,2012,,,,,,,,,65.45 [61.64-69.61],65.44751724,61.64408835,69.61498029,,2025-12-19T14:27:58Z,2012,01/01/2012,31/12/2012,,
8450850,MALARIA_EST_MORTALITY,COUNTRY,NGA,AFR,Africa,YEAR,2006,,,,,,,,,159.71 [149.50-170.32],159.7144215,149.5049553,170.3163015,,2025-12-19T14:27:58Z,2006,01/01/2006,31/12/2006,,
8451072,MALARIA_EST_MORTALITY,COUNTRY,CRI,AMR,Americas,YEAR,2002,,,,,,,,,0 [0-0],0,0,0,,2025-12-19T14:27:58Z,2002,01/01/2002,31/12/2002,,
8457111,MALARIA_EST_MORTALITY,COUNTRY,GNQ,AFR,Africa,YEAR,2015,,,,,,,,,53.72 [45.53-64.86],53.71673741,45.53198484,64.8590056,,2025-12-19T14:27:58Z,2015,01/01/2015,31/12/2015,,
8463111,MALARIA_EST_MORTALITY,COUNTRY,GIN,AFR,Africa,YEAR,2003,,,,,,,,,137.39 [129.44-146.06],137.3948923,129.4361793,146.063802,,2025-12-19T14:27:58Z,2003,01/01/2003,31/12/2003,,
8463706,MALARIA_EST_MORTALITY,COUNTRY,MWI,AFR,Africa,YEAR,2013,,,,,,,,,51.80 [49.19-54.73],51.80111268,49.19001981,54.7339516,,2025-12-19T14:27:58Z,2013,01/01/2013,31/12/2013,,
8482078,MALARIA_EST_MORTALITY,COUNTRY,AZE,EUR,Europe,YEAR,2020,,,,,,,,,0 [0-0],0,0,0,,2025-12-19T14:27:58Z,2020,01/01/2020,31/12/2020,,
8482394,MALARIA_EST_MORTALITY,COUNTRY,BFA,AFR,Africa,YEAR,2013,,,,,,,,,148.86 [129.97-170.05],148.8578196,129.9715649,170.0498983,,2025-12-19T14:27:58Z,2013,01/01/2013,31/12/2013,,
8487584,MALARIA_EST_MORTALITY,COUNTRY,IRN,EMR,Eastern Mediterranean,YEAR,2001,,,,,,,,,0.29 [0.29-0.29],0.290408954,0.290408954,0.290408954,,2025-12-19T14:27:58Z,2001,01/01/2001,31/12/2001,,
8489601,MALARIA_EST_MORTALITY,COUNTRY,SLB,WPR,Western Pacific,YEAR,2023,,,,,,,,,31.31 [16.04-48.61],31.31293363,16.0352523,48.61080422,,2025-12-19T14:27:58Z,2023,01/01/2023,31/12/2023,,
8495450,MALARIA_EST_MORTALITY,COUNTRY,NGA,AFR,Africa,YEAR,2013,,,,,,,,,90.51 [81.53-101.10],90.50953004,81.52743944,101.0994549,,2025-12-19T14:27:58Z,2013,01/01/2013,31/12/2013,,
8495875,MALARIA_EST_MORTALITY,COUNTRY,KAZ,EUR,Europe,YEAR,2018,,,,,,,,,0 [0-0],0,0,0,,2025-12-19T14:27:58Z,2018,01/01/2018,31/12/2018,,
8508188,MALARIA_EST_MORTALITY,COUNTRY,VNM,WPR,Western Pacific,YEAR,2000,,,,,,,,,0.74 [0.34-1.27],0.740393478,0.341178942,1.269792402,,2025-12-19T14:27:58Z,2000,01/01/2000,31/12/2000,,
8519242,MALARIA_EST_MORTALITY,COUNTRY,LBR,AFR,Africa,YEAR,2016,,,,,,,,,83.77 [74.99-94.39],83.77477706,74.98515437,94.39381883,,2025-12-19T14:27:58Z,2016,01/01/2016,31/12/2016,,
8533602,MALARIA_EST_MORTALITY,COUNTRY,GMB,AFR,Africa,YEAR,2019,,,,,,,,,24.34 [23.16-25.76],24.34016975,23.15979362,25.76476162,,2025-12-19T14:27:58Z,2019,01/01/2019,31/12/2019,,
8545570,MALARIA_EST_MORTALITY,COUNTRY,NGA,AFR,Africa,YEAR,2004,,,,,,,,,160.45 [150.77-170.58],160.4521065,150.7651567,170.5848864,,2025-12-19T14:27:58Z,2004,01/01/2004,31/12/2004,,
8546074,MALARIA_EST_MORTALITY,COUNTRY,SDN,EMR,Eastern Mediterranean,YEAR,2003,,,,,,,,,15.47 [6.40-27.79],15.46693399,6.402186778,27.78654427,,2025-12-19T14:27:58Z,2003,01/01/2003,31/12/2003,,
8551176,MALARIA_EST_MORTALITY,COUNTRY,NER,AFR,Africa,YEAR,2009,,,,,,,,,164.02 [151.96-177.53],164.0211557,151.9599465,177.5312154,,2025-12-19T14:27:58Z,2009,01/01/2009,31/12/2009,,
8576758,MALARIA_EST_MORTALITY,COUNTRY,ARM,EUR,Europe,YEAR,2004,,,,,,,,,0 [0-0],0,0,0,,2025-12-19T14:27:58Z,2004,01/01/2004,31/12/2004,,
8583725,MALARIA_EST_MORTALITY,REGION,EMR,,,YEAR,2010,,,,,,,,,2.00 [1.28-3.08],1.99585881,1.283421547,3.081206831,,2025-12-19T14:27:58Z,2010,01/01/2010,31/12/2010,,
8590181,MALARIA_EST_MORTALITY,COUNTRY,ERI,AFR,Africa,YEAR,2024,,,,,,,,,22.23 [8.97-41.04],22.23100275,8.965938766,41.03967555,,2025-12-19T14:27:58Z,2024,01/01/2024,31/12/2024,,
8590271,MALARIA_EST_MORTALITY,COUNTRY,ZWE,AFR,Africa,YEAR,2014,,,,,,,,,25.01 [10.57-43.68],25.01059911,10.57430789,43.68385387,,2025-12-19T14:27:58Z,2014,01/01/2014,31/12/2014,,
8590624,MALARIA_EST_MORTALITY,REGION,EUR,,,YEAR,2011,,,,,,,,,0 [0-0],0,0,0,,2025-12-19T14:27:58Z,2011,01/01/2011,31/12/2011,,
8608243,MALARIA_EST_MORTALITY,COUNTRY,PER,AMR,Americas,YEAR,2023,,,,,,,,,0.15 [0.08-0.24],0.150452818,0.075226409,0.240724509,,2025-12-19T14:27:58Z,2023,01/01/2023,31/12/2023,,
8627187,MALARIA_EST_MORTALITY,COUNTRY,TLS,SEAR,South-East Asia,YEAR,2007,,,,,,,,,23.91 [10.48-40.74],23.91263635,10.47500442,40.73612829,,2025-12-19T14:27:58Z,2007,01/01/2007,31/12/2007,,
8633843,MALARIA_EST_MORTALITY,COUNTRY,SLE,AFR,Africa,YEAR,2008,,,,,,,,,225.12 [210.49-240.27],225.1166382,210.4933871,240.2662076,,2025-12-19T14:27:58Z,2008,01/01/2008,31/12/2008,,
8684242,MALARIA_EST_MORTALITY,COUNTRY,OMN,EMR,Eastern Mediterranean,YEAR,2023,,,,,,,,,0 [0-0],0,0,0,,2025-12-19T14:27:58Z,2023,01/01/2023,31/12/2023,,
8689577,MALARIA_EST_MORTALITY,COUNTRY,GUY,AMR,Americas,YEAR,2001,,,,,,,,,6.80 [3.27-10.99],6.802035902,3.270209568,10.98790415,,2025-12-19T14:27:58Z,2001,01/01/2001,31/12/2001,,
8690389,MALARIA_EST_MORTALITY,COUNTRY,NPL,SEAR,South-East Asia,YEAR,2005,,,,,,,,,0.13 [0.13-0.13],0.130878969,0.130878969,0.130878969,,2025-12-19T14:27:58Z,2005,01/01/2005,31/12/2005,,
8716836,MALARIA_EST_MORTALITY,COUNTRY,VUT,WPR,Western Pacific,YEAR,2010,,,,,,,,,11.33 [5.04-20.15],11.33277649,5.03678955,20.1471582,,2025-12-19T14:27:58Z,2010,01/01/2010,31/12/2010,,
8721839,MALARIA_EST_MORTALITY,REGION,EMR,,,YEAR,2012,,,,,,,,,1.75 [1.13-2.55],1.752148779,1.12812874,2.553132615,,2025-12-19T14:27:58Z,2012,01/01/2012,31/12/2012,,
8727597,MALARIA_EST_MORTALITY,COUNTRY,MYT,AFR,Africa,YEAR,2015,,,,,,,,,0 [0-0],0,0,0,,2025-12-19T14:27:58Z,2015,01/01/2015,31/12/2015,,
8728185,MALARIA_EST_MORTALITY,REGION,EUR,,,YEAR,2000,,,,,,,,,0 [0-0],0,0,0,,2025-12-19T14:27:58Z,2000,01/01/2000,31/12/2000,,
8740995,MALARIA_EST_MORTALITY,COUNTRY,BTN,SEAR,South-East Asia,YEAR,2012,,,,,,,,,0.19 [0.19-0.19],0.188399845,0.188399845,0.188399845,,2025-12-19T14:27:58Z,2012,01/01/2012,31/12/2012,,
8752544,MALARIA_EST_MORTALITY,COUNTRY,HND,AMR,Americas,YEAR,2001,,,,,,,,,0.25 [0.10-0.44],0.245042384,0.098016954,0.441076291,,2025-12-19T14:27:58Z,2001,01/01/2001,31/12/2001,,
8760079,MALARIA_EST_MORTALITY,COUNTRY,ARG,AMR,Americas,YEAR,2004,,,,,,,,,0 [0-0],0,0,0,,2025-12-19T14:27:58Z,2004,01/01/2004,31/12/2004,,
8766132,MALARIA_EST_MORTALITY,COUNTRY,PHL,WPR,Western Pacific,YEAR,2002,,,,,,,,,0.37 [0.16-0.65],0.373350669,0.16178529,0.6512895,,2025-12-19T14:27:58Z,2002,01/01/2002,31/12/2002,,
8777888,MALARIA_EST_MORTALITY,COUNTRY,NGA,AFR,Africa,YEAR,2014,,,,,,,,,89.24 [79.46-101.33],89.23547763,79.46057093,101.3276767,,2025-12-19T14:27:58Z,2014,01/01/2014,31/12/2014,,
8778930,MALARIA_EST_MORTALITY,COUNTRY,IRQ,EMR,Eastern Mediterranean,YEAR,2017,,,,,,,,,0 [0-0],0,0,0,,2025-12-19T14:27:58Z,2017,01/01/2017,31/12/2017,,
8791082,MALARIA_EST_MORTALITY,COUNTRY,STP,AFR,Africa,YEAR,2000,,,,,,,,,176.37 [176.37-176.37],176.366843,176.366843,176.366843,,2025-12-19T14:27:58Z,2000,01/01/2000,31/12/2000,,
8810033,MALARIA_EST_MORTALITY,COUNTRY,KOR,WPR,Western Pacific,YEAR,2013,,,,,,,,,0 [0-0],0,0,0,,2025-12-19T14:27:58Z,2013,01/01/2013,31/12/2013,,
8810791,MALARIA_EST_MORTALITY,COUNTRY,SYR,EMR,Eastern Mediterranean,YEAR,2009,,,,,,,,,0 [0-0],0,0,0,,2025-12-19T14:27:58Z,2009,01/01/2009,31/12/2009,,
8815260,MALARIA_EST_MORTALITY,COUNTRY,MMR,SEAR,South-East Asia,YEAR,2012,,,,,,,,,7.86 [3.52-14.54],7.85798258,3.516689024,14.54147083,,2025-12-19T14:27:58Z,2012,01/01/2012,31/12/2012,,
8816382,MALARIA_EST_MORTALITY,COUNTRY,KAZ,EUR,Europe,YEAR,2024,,,,,,,,,0 [0-0],0,0,0,,2025-12-19T14:27:58Z,2024,01/01/2024,31/12/2024,,
8822372,MALARIA_EST_MORTALITY,COUNTRY,COL,AMR,Americas,YEAR,2009,,,,,,,,,0.29 [0.29-0.29],0.285677089,0.285677089,0.285677089,,2025-12-19T14:27:58Z,2009,01/01/2009,31/12/2009,,
8829492,MALARIA_EST_MORTALITY,COUNTRY,BOL,AMR,Americas,YEAR,2010,,,,,,,,,0.22 [0.09-0.35],0.216477206,0.086590882,0.346363529,,2025-12-19T14:27:58Z,2010,01/01/2010,31/12/2010,,
8834065,MALARIA_EST_MORTALITY,COUNTRY,AFG,EMR,Eastern Mediterranean,YEAR,2001,,,,,,,,,6.16 [2.59-11.97],6.161773303,2.585869579,11.97251709,,2025-12-19T14:27:58Z,2001,01/01/2001,31/12/2001,,
8834449,MALARIA_EST_MORTALITY,COUNTRY,STP,AFR,Africa,YEAR,2013,,,,,,,,,5.70 [5.70-5.70],5.695144113,5.695144113,5.695144113,,2025-12-19T14:27:58Z,2013,01/01/2013,31/12/2013,,
8835290,MALARIA_EST_MORTALITY,COUNTRY,AZE,EUR,Europe,YEAR,2017,,,,,,,,,0 [0-0],0,0,0,,2025-12-19T14:27:58Z,2017,01/01/2017,31/12/2017,,
8836114,MALARIA_EST_MORTALITY,COUNTRY,GMB,AFR,Africa,YEAR,2018,,,,,,,,,25.00 [23.84-26.38],25.00383392,23.83698834,26.37904479,,2025-12-19T14:27:58Z,2018,01/01/2018,31/12/2018,,
8860093,MALARIA_EST_MORTALITY,GLOBAL,GLOBAL,,,YEAR,2018,,,,,,,,,14.12 [13.17-15.93],14.11554695,13.17476548,15.92855438,,2025-12-19T14:27:58Z,2018,01/01/2018,31/12/2018,,
8860099,MALARIA_EST_MORTALITY,COUNTRY,MYS,WPR,Western Pacific,YEAR,2007,,,,,,,,,1.39 [1.39-1.39],1.388972484,1.388972484,1.388972484,,2025-12-19T14:27:58Z,2007,01/01/2007,31/12/2007,,
8873431,MALARIA_EST_MORTALITY,COUNTRY,GAB,AFR,Africa,YEAR,2006,,,,,,,,,17.24 [16.51-18.23],17.23752716,16.50824716,18.23199988,,2025-12-19T14:27:58Z,2006,01/01/2006,31/12/2006,,
8873757,MALARIA_EST_MORTALITY,COUNTRY,PAK,EMR,Eastern Mediterranean,YEAR,2021,,,,,,,,,0.20 [0.10-0.32],0.195384658,0.098117078,0.318137192,,2025-12-19T14:27:58Z,2021,01/01/2021,31/12/2021,,
8880457,MALARIA_EST_MORTALITY,COUNTRY,CHN,WPR,Western Pacific,YEAR,2009,,,,,,,,,0 [0-0],0.002137247,0.002137247,0.002137247,,2025-12-19T14:27:58Z,2009,01/01/2009,31/12/2009,,
8886540,MALARIA_EST_MORTALITY,COUNTRY,RWA,AFR,Africa,YEAR,2016,,,,,,,,,25.61 [24.57-26.89],25.61417171,24.57383195,26.8894269,,2025-12-19T14:27:58Z,2016,01/01/2016,31/12/2016,,
8898093,MALARIA_EST_MORTALITY,COUNTRY,ZAF,AFR,Africa,YEAR,2016,,,,,,,,,0.59 [0.59-0.59],0.593787412,0.593787412,0.593787412,,2025-12-19T14:27:58Z,2016,01/01/2016,31/12/2016,,
8910548,MALARIA_EST_MORTALITY,COUNTRY,KEN,AFR,Africa,YEAR,2009,,,,,,,,,23.41 [22.88-23.98],23.40821479,22.87862837,23.97987116,,2025-12-19T14:27:58Z,2009,01/01/2009,31/12/2009,,
8929038,MALARIA_EST_MORTALITY,COUNTRY,LKA,SEAR,South-East Asia,YEAR,2004,,,,,,,,,0.02 [0.02-0.02],0.021644324,0.021644324,0.021644324,,2025-12-19T14:27:58Z,2004,01/01/2004,31/12/2004,,
8948297,MALARIA_EST_MORTALITY,COUNTRY,BGD,SEAR,South-East Asia,YEAR,2000,,,,,,,,,3.34 [3.34-3.34],3.33796004,3.33796004,3.33796004,,2025-12-19T14:27:58Z,2000,01/01/2000,31/12/2000,,
8955187,MALARIA_EST_MORTALITY,COUNTRY,MLI,AFR,Africa,YEAR,2008,,,,,,,,,132.54 [124.29-141.30],132.53657,124.290683,141.3045181,,2025-12-19T14:27:58Z,2008,01/01/2008,31/12/2008,,
9006809,MALARIA_EST_MORTALITY,COUNTRY,SUR,AMR,Americas,YEAR,2014,,,,,,,,,1.18 [1.18-1.18],1.176719776,1.176719776,1.176719776,,2025-12-19T14:27:58Z,2014,01/01/2014,31/12/2014,,
9031343,MALARIA_EST_MORTALITY,COUNTRY,COD,AFR,Africa,YEAR,2011,,,,,,,,,110.77 [92.22-131.56],110.7745423,92.21670483,131.5637353,,2025-12-19T14:27:58Z,2011,01/01/2011,31/12/2011,,
9062868,MALARIA_EST_MORTALITY,COUNTRY,VNM,WPR,Western Pacific,YEAR,2019,,,,,,,,,0 [0-0],0,0,0,,2025-12-19T14:27:58Z,2019,01/01/2019,31/12/2019,,
9070625,MALARIA_EST_MORTALITY,COUNTRY,SYR,EMR,Eastern Mediterranean,YEAR,2015,,,,,,,,,0 [0-0],0,0,0,,2025-12-19T14:27:58Z,2015,01/01/2015,31/12/2015,,
9075787,MALARIA_EST_MORTALITY,COUNTRY,IRN,EMR,Eastern Mediterranean,YEAR,2016,,,,,,,,,0 [0-0],0,0,0,,2025-12-19T14:27:58Z,2016,01/01/2016,31/12/2016,,
9076795,MALARIA_EST_MORTALITY,COUNTRY,SSD,AFR,Africa,YEAR,2013,,,,,,,,,61.17 [45.02-82.65],61.16632449,45.01904171,82.65066014,,2025-12-19T14:27:58Z,2013,01/01/2013,31/12/2013,,
9089991,MALARIA_EST_MORTALITY,COUNTRY,AZE,EUR,Europe,YEAR,2022,,,,,,,,,0 [0-0],0,0,0,,2025-12-19T14:27:58Z,2022,01/01/2022,31/12/2022,,
9107348,MALARIA_EST_MORTALITY,COUNTRY,ARM,EUR,Europe,YEAR,2012,,,,,,,,,0 [0-0],0,0,0,,2025-12-19T14:27:58Z,2012,01/01/2012,31/12/2012,,
9115170,MALARIA_EST_MORTALITY,COUNTRY,SLE,AFR,Africa,YEAR,2022,,,,,,,,,99.00 [69.17-140.22],98.99954161,69.16919401,140.2234751,,2025-12-19T14:27:58Z,2022,01/01/2022,31/12/2022,,
9120568,MALARIA_EST_MORTALITY,COUNTRY,SLB,WPR,Western Pacific,YEAR,2012,,,,,,,,,15.67 [7.22-28.18],15.67260112,7.219962315,28.17546269,,2025-12-19T14:27:58Z,2012,01/01/2012,31/12/2012,,
9120967,MALARIA_EST_MORTALITY,REGION,EUR,,,YEAR,2009,,,,,,,,,0 [0-0],0,0,0,,2025-12-19T14:27:58Z,2009,01/01/2009,31/12/2009,,
9127393,MALARIA_EST_MORTALITY,COUNTRY,HTI,AMR,Americas,YEAR,2013,,,,,,,,,1.75 [0.68-3.44],1.751915035,0.678867076,3.438133256,,2025-12-19T14:27:58Z,2013,01/01/2013,31/12/2013,,
9133319,MALARIA_EST_MORTALITY,COUNTRY,SLE,AFR,Africa,YEAR,2001,,,,,,,,,294.75 [276.92-313.21],294.7547422,276.9185855,313.208878,,2025-12-19T14:27:58Z,2001,01/01/2001,31/12/2001,,
9146855,MALARIA_EST_MORTALITY,COUNTRY,EGY,EMR,Eastern Mediterranean,YEAR,2017,,,,,,,,,0 [0-0],0,0,0,,2025-12-19T14:27:58Z,2017,01/01/2017,31/12/2017,,
9159047,MALARIA_EST_MORTALITY,REGION,WPR,,,YEAR,2020,,,,,,,,,0.39 [0.22-0.62],0.394757236,0.217760628,0.624449032,,2025-12-19T14:27:58Z,2020,01/01/2020,31/12/2020,,
9164123,MALARIA_EST_MORTALITY,COUNTRY,KOR,WPR,Western Pacific,YEAR,2009,,,,,,,,,0.03 [0.03-0.03],0.029426755,0.029426755,0.029426755,,2025-12-19T14:27:58Z,2009,01/01/2009,31/12/2009,,
9191479,MALARIA_EST_MORTALITY,COUNTRY,GTM,AMR,Americas,YEAR,2011,,,,,,,,,0.02 [0.01-0.04],0.01791012,0.00895506,0.0447753,,2025-12-19T14:27:58Z,2011,01/01/2011,31/12/2011,,
9203493,MALARIA_EST_MORTALITY,COUNTRY,ETH,AFR,Africa,YEAR,2022,,,,,,,,,12.40 [4.48-24.23],12.39718168,4.477998075,24.22678473,,2025-12-19T14:27:58Z,2022,01/01/2022,31/12/2022,,
9215478,MALARIA_EST_MORTALITY,COUNTRY,BWA,AFR,Africa,YEAR,2013,,,,,,,,,0.49 [0.49-0.49],0.493225547,0.493225547,0.493225547,,2025-12-19T14:27:58Z,2013,01/01/2013,31/12/2013,,
9234547,MALARIA_EST_MORTALITY,REGION,WPR,,,YEAR,2015,,,,,,,,,0.41 [0.25-0.59],0.408727648,0.254197731,0.589150288,,2025-12-19T14:27:58Z,2015,01/01/2015,31/12/2015,,
9234641,MALARIA_EST_MORTALITY,COUNTRY,THA,SEAR,South-East Asia,YEAR,2019,,,,,,,,,0.10 [0.10-0.10],0.095784975,0.095784975,0.095784975,,2025-12-19T14:27:58Z,2019,01/01/2019,31/12/2019,,
9241070,MALARIA_EST_MORTALITY,REGION,AFR,,,YEAR,2007,,,,,,,,,100.43 [96.56-105.83],100.4282198,96.55970491,105.8294878,,2025-12-19T14:27:58Z,2007,01/01/2007,31/12/2007,,
9260596,MALARIA_EST_MORTALITY,COUNTRY,THA,SEAR,South-East Asia,YEAR,2009,,,,,,,,,0.54 [0.54-0.54],0.541516692,0.541516692,0.541516692,,2025-12-19T14:27:58Z,2009,01/01/2009,31/12/2009,,
9266189,MALARIA_EST_MORTALITY,REGION,EUR,,,YEAR,2010,,,,,,,,,0 [0-0],0,0,0,,2025-12-19T14:27:58Z,2010,01/01/2010,31/12/2010,,
9291195,MALARIA_EST_MORTALITY,COUNTRY,LBR,AFR,Africa,YEAR,2003,,,,,,,,,157.17 [147.68-167.46],157.1710115,147.6824088,167.4610166,,2025-12-19T14:27:58Z,2003,01/01/2003,31/12/2003,,
9341602,MALARIA_EST_MORTALITY,COUNTRY,KEN,AFR,Africa,YEAR,2024,,,,,,,,,20.65 [19.95-21.48],20.65460204,19.95111224,21.47863312,,2025-12-19T14:27:58Z,2024,01/01/2024,31/12/2024,,
9342703,MALARIA_EST_MORTALITY,COUNTRY,MRT,AFR,Africa,YEAR,2003,,,,,,,,,22.91 [22.13-23.84],22.91182943,22.12668886,23.83972283,,2025-12-19T14:27:58Z,2003,01/01/2003,31/12/2003,,
9373221,MALARIA_EST_MORTALITY,COUNTRY,ERI,AFR,Africa,YEAR,2006,,,,,,,,,1.74 [1.74-1.74],1.73848586,1.73848586,1.73848586,,2025-12-19T14:27:58Z,2006,01/01/2006,31/12/2006,,
9381511,MALARIA_EST_MORTALITY,COUNTRY,COG,AFR,Africa,YEAR,2003,,,,,,,,,68.78 [64.80-73.31],68.78034171,64.80443166,73.30765534,,2025-12-19T14:27:58Z,2003,01/01/2003,31/12/2003,,
9399567,MALARIA_EST_MORTALITY,COUNTRY,TLS,SEAR,South-East Asia,YEAR,2012,,,,,,,,,0.84 [0.37-1.41],0.843194019,0.374752897,1.405323365,,2025-12-19T14:27:58Z,2012,01/01/2012,31/12/2012,,
9399623,MALARIA_EST_MORTALITY,COUNTRY,GNQ,AFR,Africa,YEAR,2002,,,,,,,,,62.03 [58.27-67.05],62.03341784,58.27381676,67.04621928,,2025-12-19T14:27:58Z,2002,01/01/2002,31/12/2002,,
9404896,MALARIA_EST_MORTALITY,COUNTRY,VEN,AMR,Americas,YEAR,2016,,,,,,,,,1.70 [0.88-2.59],1.696693593,0.884100876,2.58729521,,2025-12-19T14:27:58Z,2016,01/01/2016,31/12/2016,,
9405508,MALARIA_EST_MORTALITY,COUNTRY,NIC,AMR,Americas,YEAR,2005,,,,,,,,,0.13 [0.13-0.13],0.127631007,0.127631007,0.127631007,,2025-12-19T14:27:58Z,2005,01/01/2005,31/12/2005,,
9412759,MALARIA_EST_MORTALITY,COUNTRY,MMR,SEAR,South-East Asia,YEAR,2015,,,,,,,,,1.08 [0.51-1.76],1.080625029,0.509983122,1.756858155,,2025-12-19T14:27:58Z,2015,01/01/2015,31/12/2015,,
