Id,IndicatorCode,SpatialDimension,SpatialDimensionValueCode,ParentLocationCode,ParentLocation,TimeDimension,TimeDim,DisaggregatingDimension1,DisaggregatingDimension1ValueCode,DisaggregatingDimension2,DisaggregatingDimension2ValueCode,DisaggregatingDimension3,DisaggregatingDimension3ValueCode,DataSourceDimension,DataSourceDimensionValueCode,Value,NumericValue,Low,High,Comments,Date,TimeDimensionValue,TimeDimensionBegin,TimeDimensionEnd,,
9413539,MALARIA_EST_INCIDENCE,COUNTRY,GAB,AFR,Africa,YEAR,2017,,,,,,,,,184.66 [114.34-284.61],184.6590013,114.3375562,284.6133224,,2025-12-19T14:24:05Z,2017,01/01/2017,31/12/2017,,
9422901,MALARIA_EST_INCIDENCE,COUNTRY,DZA,AFR,Africa,YEAR,2014,,,,,,,,,0 [0-0],0,0,0,,2025-12-19T14:24:05Z,2014,01/01/2014,31/12/2014,,
9424593,MALARIA_EST_INCIDENCE,COUNTRY,STP,AFR,Africa,YEAR,2020,,,,,,,,,8.89 [8.89-8.89],8.890053993,8.890053993,8.890053993,,2025-12-19T14:24:05Z,2020,01/01/2020,31/12/2020,,
9435080,MALARIA_EST_INCIDENCE,COUNTRY,KHM,WPR,Western Pacific,YEAR,2017,,,,,,,,,17.73 [15.27-20.75],17.72691511,15.26842026,20.75389152,,2025-12-19T14:24:05Z,2017,01/01/2017,31/12/2017,,
9437335,MALARIA_EST_INCIDENCE,COUNTRY,UGA,AFR,Africa,YEAR,2004,,,,,,,,,442.78 [343.35-564.05],442.7841558,343.3523799,564.0452776,,2025-12-19T14:24:05Z,2004,01/01/2004,31/12/2004,,
9437500,MALARIA_EST_INCIDENCE,COUNTRY,ECU,AMR,Americas,YEAR,2022,,,,,,,,,0.13 [0.13-0.13],0.133454749,0.133454749,0.133454749,,2025-12-19T14:24:05Z,2022,01/01/2022,31/12/2022,,
9438633,MALARIA_EST_INCIDENCE,COUNTRY,SEN,AFR,Africa,YEAR,2018,,,,,,,,,65.83 [45.83-88.10],65.83047734,45.83155089,88.09923662,,2025-12-19T14:24:05Z,2018,01/01/2018,31/12/2018,,
9443050,MALARIA_EST_INCIDENCE,COUNTRY,COL,AMR,Americas,YEAR,2019,,,,,,,,,11.16 [8.33-14.32],11.15898015,8.331781929,14.31791495,,2025-12-19T14:24:05Z,2019,01/01/2019,31/12/2019,,
9447976,MALARIA_EST_INCIDENCE,COUNTRY,AFG,EMR,Eastern Mediterranean,YEAR,2019,,,,,,,,,14.15 [10.92-17.96],14.14675946,10.916378,17.96388176,,2025-12-19T14:24:05Z,2019,01/01/2019,31/12/2019,,
9449430,MALARIA_EST_INCIDENCE,COUNTRY,GTM,AMR,Americas,YEAR,2022,,,,,,,,,0.14 [0.14-0.14],0.137749644,0.137749644,0.137749644,,2025-12-19T14:24:05Z,2022,01/01/2022,31/12/2022,,
9450414,MALARIA_EST_INCIDENCE,COUNTRY,PRY,AMR,Americas,YEAR,2015,,,,,,,,,0 [0-0],0,0,0,,2025-12-19T14:24:05Z,2015,01/01/2015,31/12/2015,,
9460513,MALARIA_EST_INCIDENCE,COUNTRY,ZWE,AFR,Africa,YEAR,2024,,,,,,,,,11.36 [6.83-16.36],11.36272542,6.827783476,16.36238798,,2025-12-19T14:24:05Z,2024,01/01/2024,31/12/2024,,
9461617,MALARIA_EST_INCIDENCE,COUNTRY,NAM,AFR,Africa,YEAR,2022,,,,,,,,,7.38 [5.84-9.03],7.378135206,5.842604142,9.029659467,,2025-12-19T14:24:05Z,2022,01/01/2022,31/12/2022,,
9462903,MALARIA_EST_INCIDENCE,COUNTRY,CAF,AFR,Africa,YEAR,2022,,,,,,,,,354.50 [169.76-661.86],354.5004265,169.7585778,661.8623553,,2025-12-19T14:24:05Z,2022,01/01/2022,31/12/2022,,
9485958,MALARIA_EST_INCIDENCE,COUNTRY,MAR,EMR,Eastern Mediterranean,YEAR,2007,,,,,,,,,0 [0-0],0,0,0,,2025-12-19T14:24:05Z,2007,01/01/2007,31/12/2007,,
9493738,MALARIA_EST_INCIDENCE,COUNTRY,AFG,EMR,Eastern Mediterranean,YEAR,2015,,,,,,,,,14.10 [9.67-19.68],14.09739894,9.667464512,19.68083471,,2025-12-19T14:24:05Z,2015,01/01/2015,31/12/2015,,
9505104,MALARIA_EST_INCIDENCE,COUNTRY,YEM,EMR,Eastern Mediterranean,YEAR,2014,,,,,,,,,30.42 [21.15-44.03],30.41936164,21.15283652,44.03397086,,2025-12-19T14:24:05Z,2014,01/01/2014,31/12/2014,,
9505516,MALARIA_EST_INCIDENCE,COUNTRY,AZE,EUR,Europe,YEAR,2021,,,,,,,,,0 [0-0],0,0,0,,2025-12-19T14:24:05Z,2021,01/01/2021,31/12/2021,,
9506597,MALARIA_EST_INCIDENCE,COUNTRY,GHA,AFR,Africa,YEAR,2018,,,,,,,,,212.76 [162.36-273.66],212.7630234,162.3576299,273.6587054,,2025-12-19T14:24:05Z,2018,01/01/2018,31/12/2018,,
9507415,MALARIA_EST_INCIDENCE,COUNTRY,COD,AFR,Africa,YEAR,2023,,,,,,,,,325.29 [246.42-420.46],325.2947774,246.4222286,420.4573864,,2025-12-19T14:24:05Z,2023,01/01/2023,31/12/2023,,
9526282,MALARIA_EST_INCIDENCE,COUNTRY,TZA,AFR,Africa,YEAR,2009,,,,,,,,,155.42 [115.05-205.55],155.4170819,115.0536287,205.5478659,,2025-12-19T14:24:05Z,2009,01/01/2009,31/12/2009,,
9530075,MALARIA_EST_INCIDENCE,COUNTRY,SAU,EMR,Eastern Mediterranean,YEAR,2014,,,,,,,,,0.01 [0.01-0.01],0.009647788,0.009647788,0.009647788,,2025-12-19T14:24:05Z,2014,01/01/2014,31/12/2014,,
9538088,MALARIA_EST_INCIDENCE,COUNTRY,LKA,SEAR,South-East Asia,YEAR,2004,,,,,,,,,0.81 [0.81-0.81],0.805168838,0.805168838,0.805168838,,2025-12-19T14:24:05Z,2004,01/01/2004,31/12/2004,,
9540001,MALARIA_EST_INCIDENCE,COUNTRY,TUR,EUR,Europe,YEAR,2003,,,,,,,,,2.09 [2.09-2.09],2.091601343,2.091601343,2.091601343,,2025-12-19T14:24:05Z,2003,01/01/2003,31/12/2003,,
9557968,MALARIA_EST_INCIDENCE,COUNTRY,CRI,AMR,Americas,YEAR,2004,,,,,,,,,0.88 [0.88-0.88],0.876854643,0.876854643,0.876854643,,2025-12-19T14:24:05Z,2004,01/01/2004,31/12/2004,,
9567839,MALARIA_EST_INCIDENCE,COUNTRY,SEN,AFR,Africa,YEAR,2016,,,,,,,,,45.50 [31.24-61.43],45.5038804,31.24255879,61.42858402,,2025-12-19T14:24:05Z,2016,01/01/2016,31/12/2016,,
9569937,MALARIA_EST_INCIDENCE,COUNTRY,SLV,AMR,Americas,YEAR,2000,,,,,,,,,0.62 [0.62-0.62],0.624117802,0.624117802,0.624117802,,2025-12-19T14:24:05Z,2000,01/01/2000,31/12/2000,,
9571086,MALARIA_EST_INCIDENCE,COUNTRY,ZWE,AFR,Africa,YEAR,2019,,,,,,,,,65.09 [39.08-93.49],65.09225256,39.08498957,93.49224667,,2025-12-19T14:24:05Z,2019,01/01/2019,31/12/2019,,
9589093,MALARIA_EST_INCIDENCE,COUNTRY,ARM,EUR,Europe,YEAR,2015,,,,,,,,,0 [0-0],0,0,0,,2025-12-19T14:24:05Z,2015,01/01/2015,31/12/2015,,
9590084,MALARIA_EST_INCIDENCE,COUNTRY,YEM,EMR,Eastern Mediterranean,YEAR,2021,,,,,,,,,44.26 [28.07-67.19],44.25520896,28.06751507,67.19466169,,2025-12-19T14:24:05Z,2021,01/01/2021,31/12/2021,,
9600635,MALARIA_EST_INCIDENCE,COUNTRY,NPL,SEAR,South-East Asia,YEAR,2010,,,,,,,,,3.80 [1.87-7.96],3.802783679,1.873137948,7.959081035,,2025-12-19T14:24:05Z,2010,01/01/2010,31/12/2010,,
9602358,MALARIA_EST_INCIDENCE,COUNTRY,BWA,AFR,Africa,YEAR,2007,,,,,,,,,1.02 [0.39-2.53],1.019660829,0.387502683,2.531019945,,2025-12-19T14:24:05Z,2007,01/01/2007,31/12/2007,,
9608295,MALARIA_EST_INCIDENCE,COUNTRY,PER,AMR,Americas,YEAR,2014,,,,,,,,,7.10 [5.81-8.47],7.096206882,5.812838896,8.465153588,,2025-12-19T14:24:05Z,2014,01/01/2014,31/12/2014,,
9621646,MALARIA_EST_INCIDENCE,COUNTRY,BEN,AFR,Africa,YEAR,2018,,,,,,,,,407.71 [323.78-507.24],407.709079,323.7784946,507.2398944,,2025-12-19T14:24:05Z,2018,01/01/2018,31/12/2018,,
9627096,MALARIA_EST_INCIDENCE,COUNTRY,IND,SEAR,South-East Asia,YEAR,2011,,,,,,,,,10.54 [8.28-13.32],10.54455854,8.280671637,13.31586639,,2025-12-19T14:24:05Z,2011,01/01/2011,31/12/2011,,
9627245,MALARIA_EST_INCIDENCE,COUNTRY,STP,AFR,Africa,YEAR,2017,,,,,,,,,10.82 [10.82-10.82],10.81799295,10.81799295,10.81799295,,2025-12-19T14:24:05Z,2017,01/01/2017,31/12/2017,,
9631240,MALARIA_EST_INCIDENCE,COUNTRY,KGZ,EUR,Europe,YEAR,2017,,,,,,,,,0 [0-0],0,0,0,,2025-12-19T14:24:05Z,2017,01/01/2017,31/12/2017,,
9638318,MALARIA_EST_INCIDENCE,COUNTRY,PAN,AMR,Americas,YEAR,2009,,,,,,,,,0.34 [0.33-0.37],0.342945437,0.330383333,0.36597596,,2025-12-19T14:24:05Z,2009,01/01/2009,31/12/2009,,
9645282,MALARIA_EST_INCIDENCE,COUNTRY,MMR,SEAR,South-East Asia,YEAR,2014,,,,,,,,,8.69 [6.39-12.05],8.689697833,6.386417221,12.05395759,,2025-12-19T14:24:05Z,2014,01/01/2014,31/12/2014,,
9653279,MALARIA_EST_INCIDENCE,COUNTRY,THA,SEAR,South-East Asia,YEAR,2010,,,,,,,,,2.50 [2.50-2.50],2.495843782,2.495843782,2.495843782,,2025-12-19T14:24:05Z,2010,01/01/2010,31/12/2010,,
9658413,MALARIA_EST_INCIDENCE,REGION,EMR,,,YEAR,2012,,,,,,,,,9.38 [7.18-13.27],9.376964286,7.184803971,13.26971963,,2025-12-19T14:24:05Z,2012,01/01/2012,31/12/2012,,
9658844,MALARIA_EST_INCIDENCE,COUNTRY,VEN,AMR,Americas,YEAR,2007,,,,,,,,,3.53 [3.15-4.12],3.532378071,3.150154061,4.116570574,,2025-12-19T14:24:05Z,2007,01/01/2007,31/12/2007,,
9659442,MALARIA_EST_INCIDENCE,REGION,AMR,,,YEAR,2004,,,,,,,,,9.19 [8.57-9.89],9.188659366,8.56724223,9.889306114,,2025-12-19T14:24:05Z,2004,01/01/2004,31/12/2004,,
9677736,MALARIA_EST_INCIDENCE,COUNTRY,SAU,EMR,Eastern Mediterranean,YEAR,2013,,,,,,,,,0.01 [0.01-0.01],0.011313098,0.011313098,0.011313098,,2025-12-19T14:24:05Z,2013,01/01/2013,31/12/2013,,
9687859,MALARIA_EST_INCIDENCE,COUNTRY,IDN,WPR,Western Pacific,YEAR,2008,,,,,,,,,5.28 [4.36-6.50],5.283877749,4.359532882,6.500628047,,2025-12-19T14:24:05Z,2008,01/01/2008,31/12/2008,,
9696291,MALARIA_EST_INCIDENCE,COUNTRY,CRI,AMR,Americas,YEAR,2012,,,,,,,,,0 [0-0],0.004288228,0.004288228,0.004288228,,2025-12-19T14:24:05Z,2012,01/01/2012,31/12/2012,,
9698046,MALARIA_EST_INCIDENCE,COUNTRY,TCD,AFR,Africa,YEAR,2009,,,,,,,,,245.10 [186.50-318.48],245.1041848,186.501472,318.4824567,,2025-12-19T14:24:05Z,2009,01/01/2009,31/12/2009,,
9700556,MALARIA_EST_INCIDENCE,COUNTRY,BLZ,AMR,Americas,YEAR,2014,,,,,,,,,0.08 [0.08-0.08],0.078918075,0.078918075,0.078918075,,2025-12-19T14:24:05Z,2014,01/01/2014,31/12/2014,,
9707436,MALARIA_EST_INCIDENCE,COUNTRY,NGA,AFR,Africa,YEAR,2005,,,,,,,,,395.90 [318.82-487.01],395.897142,318.8226207,487.0066284,,2025-12-19T14:24:05Z,2005,01/01/2005,31/12/2005,,
9708887,MALARIA_EST_INCIDENCE,COUNTRY,MAR,EMR,Eastern Mediterranean,YEAR,2001,,,,,,,,,0 [0-0],0,0,0,,2025-12-19T14:24:05Z,2001,01/01/2001,31/12/2001,,
9714335,MALARIA_EST_INCIDENCE,REGION,EMR,,,YEAR,2019,,,,,,,,,10.90 [8.49-14.28],10.89825621,8.488892745,14.2835954,,2025-12-19T14:24:05Z,2019,01/01/2019,31/12/2019,,
9719864,MALARIA_EST_INCIDENCE,COUNTRY,CHN,WPR,Western Pacific,YEAR,2020,,,,,,,,,0 [0-0],0,0,0,,2025-12-19T14:24:05Z,2020,01/01/2020,31/12/2020,,
9726311,MALARIA_EST_INCIDENCE,COUNTRY,GEO,EUR,Europe,YEAR,2016,,,,,,,,,0 [0-0],0,0,0,,2025-12-19T14:24:05Z,2016,01/01/2016,31/12/2016,,
9729478,MALARIA_EST_INCIDENCE,COUNTRY,KOR,WPR,Western Pacific,YEAR,2011,,,,,,,,,0.15 [0.15-0.15],0.146847789,0.146847789,0.146847789,,2025-12-19T14:24:05Z,2011,01/01/2011,31/12/2011,,
9732399,MALARIA_EST_INCIDENCE,COUNTRY,IRN,EMR,Eastern Mediterranean,YEAR,2007,,,,,,,,,20.63 [20.63-20.63],20.62773322,20.62773322,20.62773322,,2025-12-19T14:24:05Z,2007,01/01/2007,31/12/2007,,
9739629,MALARIA_EST_INCIDENCE,COUNTRY,MMR,SEAR,South-East Asia,YEAR,2017,,,,,,,,,2.67 [2.16-3.20],2.670778958,2.163803714,3.202347021,,2025-12-19T14:24:05Z,2017,01/01/2017,31/12/2017,,
9745078,MALARIA_EST_INCIDENCE,COUNTRY,COD,AFR,Africa,YEAR,2021,,,,,,,,,338.04 [259.47-435.74],338.0367627,259.4746485,435.7402049,,2025-12-19T14:24:05Z,2021,01/01/2021,31/12/2021,,
9747871,MALARIA_EST_INCIDENCE,COUNTRY,GMB,AFR,Africa,YEAR,2004,,,,,,,,,277.25 [204.40-360.19],277.24724,204.4023633,360.186895,,2025-12-19T14:24:05Z,2004,01/01/2004,31/12/2004,,
9752102,MALARIA_EST_INCIDENCE,COUNTRY,PRY,AMR,Americas,YEAR,2023,,,,,,,,,0 [0-0],0,0,0,,2025-12-19T14:24:05Z,2023,01/01/2023,31/12/2023,,
9754566,MALARIA_EST_INCIDENCE,COUNTRY,AGO,AFR,Africa,YEAR,2016,,,,,,,,,189.78 [146.79-240.67],189.7796222,146.7869008,240.669909,,2025-12-19T14:24:05Z,2016,01/01/2016,31/12/2016,,
9758579,MALARIA_EST_INCIDENCE,COUNTRY,SUR,AMR,Americas,YEAR,2018,,,,,,,,,0.34 [0.34-0.34],0.338803122,0.338803122,0.338803122,,2025-12-19T14:24:05Z,2018,01/01/2018,31/12/2018,,
9777663,MALARIA_EST_INCIDENCE,REGION,EUR,,,YEAR,2011,,,,,,,,,0 [0-0],0.002126984,0.002126984,0.002126984,,2025-12-19T14:24:05Z,2011,01/01/2011,31/12/2011,,
9778110,MALARIA_EST_INCIDENCE,COUNTRY,SAU,EMR,Eastern Mediterranean,YEAR,2024,,,,,,,,,0 [0-0],0,0,0,,2025-12-19T14:24:05Z,2024,01/01/2024,31/12/2024,,
9789573,MALARIA_EST_INCIDENCE,COUNTRY,VUT,WPR,Western Pacific,YEAR,2023,,,,,,,,,17.94 [10.73-28.33],17.93962698,10.73303413,28.32677399,,2025-12-19T14:24:05Z,2023,01/01/2023,31/12/2023,,
9813277,MALARIA_EST_INCIDENCE,COUNTRY,BLZ,AMR,Americas,YEAR,2013,,,,,,,,,0.08 [0.08-0.08],0.084845708,0.084845708,0.084845708,,2025-12-19T14:24:05Z,2013,01/01/2013,31/12/2013,,
9813735,MALARIA_EST_INCIDENCE,COUNTRY,ZWE,AFR,Africa,YEAR,2015,,,,,,,,,94.12 [64.15-128.16],94.11756094,64.14672613,128.1554781,,2025-12-19T14:24:05Z,2015,01/01/2015,31/12/2015,,
9817829,MALARIA_EST_INCIDENCE,COUNTRY,VEN,AMR,Americas,YEAR,2021,,,,,,,,,14.48 [12.87-16.73],14.47873501,12.87400099,16.72590517,,2025-12-19T14:24:05Z,2021,01/01/2021,31/12/2021,,
9818957,MALARIA_EST_INCIDENCE,COUNTRY,ARM,EUR,Europe,YEAR,2003,,,,,,,,,0.01 [0.01-0.01],0.009542713,0.009542713,0.009542713,,2025-12-19T14:24:05Z,2003,01/01/2003,31/12/2003,,
9826537,MALARIA_EST_INCIDENCE,COUNTRY,LKA,SEAR,South-East Asia,YEAR,2001,,,,,,,,,14.76 [14.76-14.76],14.75616132,14.75616132,14.75616132,,2025-12-19T14:24:05Z,2001,01/01/2001,31/12/2001,,
9831211,MALARIA_EST_INCIDENCE,COUNTRY,YEM,EMR,Eastern Mediterranean,YEAR,2011,,,,,,,,,44.65 [27.75-73.00],44.65442027,27.74800473,73.00256817,,2025-12-19T14:24:05Z,2011,01/01/2011,31/12/2011,,
9831272,MALARIA_EST_INCIDENCE,COUNTRY,SSD,AFR,Africa,YEAR,2004,,,,,,,,,315.50 [212.09-454.09],315.4955156,212.0908377,454.087876,,2025-12-19T14:24:05Z,2004,01/01/2004,31/12/2004,,
9833022,MALARIA_EST_INCIDENCE,COUNTRY,BTN,SEAR,South-East Asia,YEAR,2023,,,,,,,,,0 [0-0],0,0,0,,2025-12-19T14:24:05Z,2023,01/01/2023,31/12/2023,,
9833641,MALARIA_EST_INCIDENCE,COUNTRY,SSD,AFR,Africa,YEAR,2022,,,,,,,,,274.78 [177.23-408.65],274.7837187,177.22787,408.6503397,,2025-12-19T14:24:05Z,2022,01/01/2022,31/12/2022,,
9838225,MALARIA_EST_INCIDENCE,COUNTRY,DJI,EMR,Eastern Mediterranean,YEAR,2002,,,,,,,,,3.07 [2.37-3.78],3.07232793,2.366681417,3.776298323,,2025-12-19T14:24:05Z,2002,01/01/2002,31/12/2002,,
9840577,MALARIA_EST_INCIDENCE,COUNTRY,TKM,EUR,Europe,YEAR,2017,,,,,,,,,0 [0-0],0,0,0,,2025-12-19T14:24:05Z,2017,01/01/2017,31/12/2017,,
9843820,MALARIA_EST_INCIDENCE,REGION,AMR,,,YEAR,2022,,,,,,,,,3.45 [3.21-3.72],3.454793884,3.213775614,3.715067613,,2025-12-19T14:24:05Z,2022,01/01/2022,31/12/2022,,
9849502,MALARIA_EST_INCIDENCE,COUNTRY,IDN,WPR,Western Pacific,YEAR,2002,,,,,,,,,5.28 [4.37-6.48],5.283880194,4.36654159,6.484464673,,2025-12-19T14:24:05Z,2002,01/01/2002,31/12/2002,,
9858441,MALARIA_EST_INCIDENCE,COUNTRY,NGA,AFR,Africa,YEAR,2013,,,,,,,,,297.83 [239.60-366.29],297.8264948,239.5965318,366.2851341,,2025-12-19T14:24:05Z,2013,01/01/2013,31/12/2013,,
9859303,MALARIA_EST_INCIDENCE,COUNTRY,HTI,AMR,Americas,YEAR,2002,,,,,,,,,9.71 [5.57-15.67],9.71374358,5.567447978,15.67110147,,2025-12-19T14:24:05Z,2002,01/01/2002,31/12/2002,,
9862980,MALARIA_EST_INCIDENCE,COUNTRY,BWA,AFR,Africa,YEAR,2008,,,,,,,,,1.90 [0.92-3.77],1.900539221,0.920489081,3.767101566,,2025-12-19T14:24:05Z,2008,01/01/2008,31/12/2008,,
9863158,MALARIA_EST_INCIDENCE,COUNTRY,PAK,EMR,Eastern Mediterranean,YEAR,2009,,,,,,,,,5.32 [2.30-11.97],5.315151617,2.297244767,11.97090695,,2025-12-19T14:24:05Z,2009,01/01/2009,31/12/2009,,
9864664,MALARIA_EST_INCIDENCE,COUNTRY,MLI,AFR,Africa,YEAR,2009,,,,,,,,,364.79 [252.99-503.65],364.7853746,252.9895988,503.6498714,,2025-12-19T14:24:05Z,2009,01/01/2009,31/12/2009,,
9875460,MALARIA_EST_INCIDENCE,COUNTRY,ZMB,AFR,Africa,YEAR,2018,,,,,,,,,222.00 [175.56-275.55],221.9995372,175.5618959,275.5452367,,2025-12-19T14:24:05Z,2018,01/01/2018,31/12/2018,,
9878155,MALARIA_EST_INCIDENCE,COUNTRY,GHA,AFR,Africa,YEAR,2013,,,,,,,,,344.33 [280.49-420.26],344.3307489,280.4884493,420.2636214,,2025-12-19T14:24:05Z,2013,01/01/2013,31/12/2013,,
9881587,MALARIA_EST_INCIDENCE,COUNTRY,NPL,SEAR,South-East Asia,YEAR,2003,,,,,,,,,9.77 [4.06-20.05],9.765713226,4.063284519,20.05075608,,2025-12-19T14:24:05Z,2003,01/01/2003,31/12/2003,,
9881787,MALARIA_EST_INCIDENCE,COUNTRY,TCD,AFR,Africa,YEAR,2011,,,,,,,,,228.36 [180.78-285.15],228.3630494,180.7821778,285.1462732,,2025-12-19T14:24:05Z,2011,01/01/2011,31/12/2011,,
9896071,MALARIA_EST_INCIDENCE,COUNTRY,PNG,WPR,Western Pacific,YEAR,2002,,,,,,,,,208.62 [61.81-377.76],208.6163697,61.80707116,377.7554805,,2025-12-19T14:24:05Z,2002,01/01/2002,31/12/2002,,
9900999,MALARIA_EST_INCIDENCE,COUNTRY,COM,AFR,Africa,YEAR,2007,,,,,,,,,57.75 [38.71-77.63],57.75084856,38.71452978,77.62843518,,2025-12-19T14:24:05Z,2007,01/01/2007,31/12/2007,,
9901567,MALARIA_EST_INCIDENCE,COUNTRY,UZB,EUR,Europe,YEAR,2005,,,,,,,,,3.87 [3.87-3.87],3.870086508,3.870086508,3.870086508,,2025-12-19T14:24:05Z,2005,01/01/2005,31/12/2005,,
9908130,MALARIA_EST_INCIDENCE,COUNTRY,BLZ,AMR,Americas,YEAR,2020,,,,,,,,,0 [0-0],0,0,0,,2025-12-19T14:24:05Z,2020,01/01/2020,31/12/2020,,
9908332,MALARIA_EST_INCIDENCE,COUNTRY,STP,AFR,Africa,YEAR,2000,,,,,,,,,222.02 [222.02-222.02],222.0208585,222.0208585,222.0208585,,2025-12-19T14:24:05Z,2000,01/01/2000,31/12/2000,,
9908962,MALARIA_EST_INCIDENCE,COUNTRY,IRQ,EMR,Eastern Mediterranean,YEAR,2013,,,,,,,,,0 [0-0],0,0,0,,2025-12-19T14:24:05Z,2013,01/01/2013,31/12/2013,,
9913017,MALARIA_EST_INCIDENCE,COUNTRY,SDN,EMR,Eastern Mediterranean,YEAR,2011,,,,,,,,,32.03 [24.42-41.20],32.03359659,24.41749639,41.19503588,,2025-12-19T14:24:05Z,2011,01/01/2011,31/12/2011,,
9921686,MALARIA_EST_INCIDENCE,COUNTRY,PNG,WPR,Western Pacific,YEAR,2016,,,,,,,,,134.90 [90.44-185.25],134.9033896,90.44059581,185.2512275,,2025-12-19T14:24:05Z,2016,01/01/2016,31/12/2016,,
9927206,MALARIA_EST_INCIDENCE,COUNTRY,SYR,EMR,Eastern Mediterranean,YEAR,2008,,,,,,,,,0 [0-0],0,0,0,,2025-12-19T14:24:05Z,2008,01/01/2008,31/12/2008,,
9929036,MALARIA_EST_INCIDENCE,REGION,EMR,,,YEAR,2016,,,,,,,,,10.66 [9.08-12.77],10.6583577,9.084766968,12.76813477,,2025-12-19T14:24:05Z,2016,01/01/2016,31/12/2016,,
9951013,MALARIA_EST_INCIDENCE,COUNTRY,BDI,AFR,Africa,YEAR,2007,,,,,,,,,287.94 [205.31-392.90],287.9413478,205.3111118,392.8954858,,2025-12-19T14:24:05Z,2007,01/01/2007,31/12/2007,,
9959578,MALARIA_EST_INCIDENCE,COUNTRY,CPV,AFR,Africa,YEAR,2005,,,,,,,,,0.54 [0.54-0.54],0.539126298,0.539126298,0.539126298,,2025-12-19T14:24:05Z,2005,01/01/2005,31/12/2005,,
9959654,MALARIA_EST_INCIDENCE,COUNTRY,LKA,SEAR,South-East Asia,YEAR,2000,,,,,,,,,47.33 [47.33-47.33],47.33377774,47.33377774,47.33377774,,2025-12-19T14:24:05Z,2000,01/01/2000,31/12/2000,,
9960448,MALARIA_EST_INCIDENCE,COUNTRY,ZAF,AFR,Africa,YEAR,2001,,,,,,,,,5.57 [5.57-5.57],5.572374009,5.572374009,5.572374009,,2025-12-19T14:24:05Z,2001,01/01/2001,31/12/2001,,
9960534,MALARIA_EST_INCIDENCE,COUNTRY,ERI,AFR,Africa,YEAR,2007,,,,,,,,,13.69 [8.81-19.16],13.69484497,8.805940606,19.16332327,,2025-12-19T14:24:05Z,2007,01/01/2007,31/12/2007,,
9966833,MALARIA_EST_INCIDENCE,COUNTRY,DOM,AMR,Americas,YEAR,2002,,,,,,,,,0.35 [0.28-0.41],0.34557099,0.279943265,0.413254709,,2025-12-19T14:24:05Z,2002,01/01/2002,31/12/2002,,
9972550,MALARIA_EST_INCIDENCE,COUNTRY,TZA,AFR,Africa,YEAR,2010,,,,,,,,,145.56 [107.54-192.99],145.5640581,107.53831,192.9914655,,2025-12-19T14:24:05Z,2010,01/01/2010,31/12/2010,,
9979206,MALARIA_EST_INCIDENCE,COUNTRY,BEN,AFR,Africa,YEAR,2007,,,,,,,,,496.75 [394.80-615.28],496.751999,394.7956124,615.2760664,,2025-12-19T14:24:05Z,2007,01/01/2007,31/12/2007,,
9988840,MALARIA_EST_INCIDENCE,COUNTRY,MWI,AFR,Africa,YEAR,2006,,,,,,,,,359.15 [285.10-446.44],359.1515831,285.0995477,446.444826,,2025-12-19T14:24:05Z,2006,01/01/2006,31/12/2006,,
9992257,MALARIA_EST_INCIDENCE,COUNTRY,YEM,EMR,Eastern Mediterranean,YEAR,2009,,,,,,,,,42.07 [21.63-98.35],42.06641425,21.6330225,98.35052868,,2025-12-19T14:24:05Z,2009,01/01/2009,31/12/2009,,
10015302,MALARIA_EST_INCIDENCE,COUNTRY,RWA,AFR,Africa,YEAR,2021,,,,,,,,,118.74 [92.22-146.43],118.7353148,92.22065126,146.4344517,,2025-12-19T14:24:05Z,2021,01/01/2021,31/12/2021,,
10020615,MALARIA_EST_INCIDENCE,COUNTRY,GUF,AMR,Americas,YEAR,2009,,,,,,,,,31.74 [28.29-37.03],31.73695385,28.28983963,37.0333665,,2025-12-19T14:24:05Z,2009,01/01/2009,31/12/2009,,
10021054,MALARIA_EST_INCIDENCE,COUNTRY,NGA,AFR,Africa,YEAR,2001,,,,,,,,,394.49 [306.73-501.43],394.491681,306.7339686,501.4309215,,2025-12-19T14:24:05Z,2001,01/01/2001,31/12/2001,,
10040560,MALARIA_EST_INCIDENCE,COUNTRY,IND,SEAR,South-East Asia,YEAR,2022,,,,,,,,,1.40 [1.12-1.71],1.397859002,1.12172522,1.713820368,,2025-12-19T14:24:05Z,2022,01/01/2022,31/12/2022,,
10040732,MALARIA_EST_INCIDENCE,COUNTRY,VEN,AMR,Americas,YEAR,2016,,,,,,,,,18.32 [16.31-21.05],18.32019533,16.31233074,21.04834212,,2025-12-19T14:24:05Z,2016,01/01/2016,31/12/2016,,
10043688,MALARIA_EST_INCIDENCE,COUNTRY,IDN,WPR,Western Pacific,YEAR,2024,,,,,,,,,2.23 [2.08-2.42],2.226659174,2.075229005,2.416626785,,2025-12-19T14:24:05Z,2024,01/01/2024,31/12/2024,,
10050720,MALARIA_EST_INCIDENCE,COUNTRY,MEX,AMR,Americas,YEAR,2004,,,,,,,,,1.54 [1.54-1.54],1.538979421,1.538979421,1.538979421,,2025-12-19T14:24:05Z,2004,01/01/2004,31/12/2004,,
10058322,MALARIA_EST_INCIDENCE,COUNTRY,GHA,AFR,Africa,YEAR,2008,,,,,,,,,314.58 [247.31-392.75],314.5808655,247.312894,392.7509509,,2025-12-19T14:24:05Z,2008,01/01/2008,31/12/2008,,
10065835,MALARIA_EST_INCIDENCE,REGION,EMR,,,YEAR,2014,,,,,,,,,8.26 [6.75-10.45],8.264750511,6.746805448,10.45172371,,2025-12-19T14:24:05Z,2014,01/01/2014,31/12/2014,,
10071537,MALARIA_EST_INCIDENCE,COUNTRY,BDI,AFR,Africa,YEAR,2005,,,,,,,,,284.48 [209.95-377.37],284.4830552,209.9455089,377.368323,,2025-12-19T14:24:05Z,2005,01/01/2005,31/12/2005,,
10071907,MALARIA_EST_INCIDENCE,COUNTRY,ETH,AFR,Africa,YEAR,2002,,,,,,,,,193.55 [69.43-376.41],193.5459594,69.42656566,376.4131048,,2025-12-19T14:24:05Z,2002,01/01/2002,31/12/2002,,
10075326,MALARIA_EST_INCIDENCE,COUNTRY,ARM,EUR,Europe,YEAR,2022,,,,,,,,,0 [0-0],0,0,0,,2025-12-19T14:24:05Z,2022,01/01/2022,31/12/2022,,
10077092,MALARIA_EST_INCIDENCE,COUNTRY,SWZ,AFR,Africa,YEAR,2000,,,,,,,,,2.70 [1.15-4.70],2.702378299,1.152283132,4.70172671,,2025-12-19T14:24:05Z,2000,01/01/2000,31/12/2000,,
10077615,MALARIA_EST_INCIDENCE,COUNTRY,GMB,AFR,Africa,YEAR,2022,,,,,,,,,95.52 [74.30-119.16],95.51824978,74.30148077,119.1578323,,2025-12-19T14:24:05Z,2022,01/01/2022,31/12/2022,,
10082122,MALARIA_EST_INCIDENCE,COUNTRY,PAN,AMR,Americas,YEAR,2004,,,,,,,,,2.46 [2.37-2.62],2.462960336,2.37114448,2.621801767,,2025-12-19T14:24:05Z,2004,01/01/2004,31/12/2004,,
10082311,MALARIA_EST_INCIDENCE,COUNTRY,THA,SEAR,South-East Asia,YEAR,2001,,,,,,,,,5.26 [5.26-5.26],5.25961962,5.25961962,5.25961962,,2025-12-19T14:24:05Z,2001,01/01/2001,31/12/2001,,
10087985,MALARIA_EST_INCIDENCE,COUNTRY,TUR,EUR,Europe,YEAR,2002,,,,,,,,,2.35 [2.35-2.35],2.345938239,2.345938239,2.345938239,,2025-12-19T14:24:05Z,2002,01/01/2002,31/12/2002,,
10095261,MALARIA_EST_INCIDENCE,COUNTRY,VEN,AMR,Americas,YEAR,2017,,,,,,,,,31.56 [28.09-36.42],31.56014519,28.08775743,36.41649023,,2025-12-19T14:24:05Z,2017,01/01/2017,31/12/2017,,
10095703,MALARIA_EST_INCIDENCE,COUNTRY,TJK,EUR,Europe,YEAR,2010,,,,,,,,,0.04 [0.04-0.04],0.04343039,0.04343039,0.04343039,,2025-12-19T14:24:05Z,2010,01/01/2010,31/12/2010,,
10096134,MALARIA_EST_INCIDENCE,COUNTRY,SAU,EMR,Eastern Mediterranean,YEAR,2021,,,,,,,,,0 [0-0],0,0,0,,2025-12-19T14:24:05Z,2021,01/01/2021,31/12/2021,,
10096396,MALARIA_EST_INCIDENCE,COUNTRY,BLZ,AMR,Americas,YEAR,2003,,,,,,,,,7.27 [7.27-7.27],7.274405521,7.274405521,7.274405521,,2025-12-19T14:24:05Z,2003,01/01/2003,31/12/2003,,
10104306,MALARIA_EST_INCIDENCE,COUNTRY,ZAF,AFR,Africa,YEAR,2008,,,,,,,,,1.53 [1.53-1.53],1.525200535,1.525200535,1.525200535,,2025-12-19T14:24:05Z,2008,01/01/2008,31/12/2008,,
10107364,MALARIA_EST_INCIDENCE,COUNTRY,MOZ,AFR,Africa,YEAR,2013,,,,,,,,,372.38 [303.17-453.25],372.3830775,303.1662485,453.2515114,,2025-12-19T14:24:05Z,2013,01/01/2013,31/12/2013,,
10110528,MALARIA_EST_INCIDENCE,COUNTRY,GAB,AFR,Africa,YEAR,2020,,,,,,,,,193.57 [144.55-253.52],193.5747903,144.5463349,253.5195964,,2025-12-19T14:24:05Z,2020,01/01/2020,31/12/2020,,
10115696,MALARIA_EST_INCIDENCE,COUNTRY,ZAF,AFR,Africa,YEAR,2003,,,,,,,,,2.78 [2.78-2.78],2.775032093,2.775032093,2.775032093,,2025-12-19T14:24:05Z,2003,01/01/2003,31/12/2003,,
10126314,MALARIA_EST_INCIDENCE,COUNTRY,GNB,AFR,Africa,YEAR,2012,,,,,,,,,126.55 [63.93-226.17],126.5544236,63.93074186,226.1733718,,2025-12-19T14:24:05Z,2012,01/01/2012,31/12/2012,,
10129450,MALARIA_EST_INCIDENCE,COUNTRY,PER,AMR,Americas,YEAR,2010,,,,,,,,,3.31 [2.89-3.77],3.312988426,2.888609988,3.772296057,,2025-12-19T14:24:05Z,2010,01/01/2010,31/12/2010,,
10134336,MALARIA_EST_INCIDENCE,COUNTRY,MLI,AFR,Africa,YEAR,2022,,,,,,,,,346.22 [243.90-492.24],346.2195843,243.8980556,492.2391545,,2025-12-19T14:24:05Z,2022,01/01/2022,31/12/2022,,
10135133,MALARIA_EST_INCIDENCE,COUNTRY,MAR,EMR,Eastern Mediterranean,YEAR,2012,,,,,,,,,0 [0-0],0,0,0,,2025-12-19T14:24:05Z,2012,01/01/2012,31/12/2012,,
10158110,MALARIA_EST_INCIDENCE,COUNTRY,TKM,EUR,Europe,YEAR,2014,,,,,,,,,0 [0-0],0,0,0,,2025-12-19T14:24:05Z,2014,01/01/2014,31/12/2014,,
10160213,MALARIA_EST_INCIDENCE,COUNTRY,GUY,AMR,Americas,YEAR,2008,,,,,,,,,21.69 [17.96-25.74],21.68681405,17.96165814,25.74200974,,2025-12-19T14:24:05Z,2008,01/01/2008,31/12/2008,,
10167302,MALARIA_EST_INCIDENCE,COUNTRY,BFA,AFR,Africa,YEAR,2018,,,,,,,,,356.23 [239.33-507.98],356.2296901,239.3302426,507.9776569,,2025-12-19T14:24:05Z,2018,01/01/2018,31/12/2018,,
10171051,MALARIA_EST_INCIDENCE,COUNTRY,BOL,AMR,Americas,YEAR,2021,,,,,,,,,2.49 [1.95-3.06],2.488357291,1.948617712,3.055979176,,2025-12-19T14:24:05Z,2021,01/01/2021,31/12/2021,,
10178705,MALARIA_EST_INCIDENCE,COUNTRY,PER,AMR,Americas,YEAR,2006,,,,,,,,,7.20 [6.13-8.34],7.196041755,6.130757186,8.33802034,,2025-12-19T14:24:05Z,2006,01/01/2006,31/12/2006,,
10179930,MALARIA_EST_INCIDENCE,COUNTRY,MWI,AFR,Africa,YEAR,2022,,,,,,,,,285.50 [200.36-395.10],285.5038484,200.3636734,395.0983345,,2025-12-19T14:24:05Z,2022,01/01/2022,31/12/2022,,
10184625,MALARIA_EST_INCIDENCE,COUNTRY,KOR,WPR,Western Pacific,YEAR,2019,,,,,,,,,0.13 [0.13-0.13],0.133839292,0.133839292,0.133839292,,2025-12-19T14:24:05Z,2019,01/01/2019,31/12/2019,,
10185147,MALARIA_EST_INCIDENCE,COUNTRY,IRQ,EMR,Eastern Mediterranean,YEAR,2009,,,,,,,,,0 [0-0],0,0,0,,2025-12-19T14:24:05Z,2009,01/01/2009,31/12/2009,,
10210323,MALARIA_EST_INCIDENCE,COUNTRY,MMR,SEAR,South-East Asia,YEAR,2000,,,,,,,,,34.40 [23.92-50.75],34.40253775,23.92336942,50.753889,,2025-12-19T14:24:05Z,2000,01/01/2000,31/12/2000,,
10220389,MALARIA_EST_INCIDENCE,REGION,WPR,,,YEAR,2008,,,,,,,,,3.13 [2.26-4.25],3.129053033,2.255460251,4.246313191,,2025-12-19T14:24:05Z,2008,01/01/2008,31/12/2008,,
10226093,MALARIA_EST_INCIDENCE,COUNTRY,TJK,EUR,Europe,YEAR,2007,,,,,,,,,0.26 [0.26-0.26],0.264257966,0.264257966,0.264257966,,2025-12-19T14:24:05Z,2007,01/01/2007,31/12/2007,,
10226487,MALARIA_EST_INCIDENCE,COUNTRY,NIC,AMR,Americas,YEAR,2003,,,,,,,,,1.86 [1.54-2.18],1.855136254,1.540017145,2.183334217,,2025-12-19T14:24:05Z,2003,01/01/2003,31/12/2003,,
10226698,MALARIA_EST_INCIDENCE,COUNTRY,GAB,AFR,Africa,YEAR,2004,,,,,,,,,196.66 [124.61-296.83],196.6582912,124.6071526,296.8270613,,2025-12-19T14:24:05Z,2004,01/01/2004,31/12/2004,,
10231853,MALARIA_EST_INCIDENCE,COUNTRY,TGO,AFR,Africa,YEAR,2018,,,,,,,,,322.45 [251.39-406.16],322.4549685,251.3873542,406.157512,,2025-12-19T14:24:05Z,2018,01/01/2018,31/12/2018,,
1626,MALARIA_EST_INCIDENCE,COUNTRY,SEN,AFR,Africa,YEAR,2006,,,,,,,,,121.53 [38.41-214.47],121.5337892,38.41200994,214.4673057,,2025-12-19T14:24:05Z,2006,01/01/2006,31/12/2006,,
3356,MALARIA_EST_INCIDENCE,COUNTRY,SLV,AMR,Americas,YEAR,2006,,,,,,,,,0.04 [0.04-0.04],0.040214367,0.040214367,0.040214367,,2025-12-19T14:24:05Z,2006,01/01/2006,31/12/2006,,
13197,MALARIA_EST_INCIDENCE,COUNTRY,PRK,SEAR,South-East Asia,YEAR,2016,,,,,,,,,0.50 [0.50-0.50],0.500978416,0.500978416,0.500978416,,2025-12-19T14:24:05Z,2016,01/01/2016,31/12/2016,,
15879,MALARIA_EST_INCIDENCE,COUNTRY,LBR,AFR,Africa,YEAR,2021,,,,,,,,,216.07 [151.95-303.09],216.0652616,151.951658,303.0931643,,2025-12-19T14:24:05Z,2021,01/01/2021,31/12/2021,,
20760,MALARIA_EST_INCIDENCE,COUNTRY,BRA,AMR,Americas,YEAR,2012,,,,,,,,,6.46 [6.20-6.89],6.457888422,6.204943721,6.887831736,,2025-12-19T14:24:05Z,2012,01/01/2012,31/12/2012,,
22653,MALARIA_EST_INCIDENCE,COUNTRY,IND,SEAR,South-East Asia,YEAR,2004,,,,,,,,,21.75 [16.76-28.47],21.75377239,16.76005007,28.47154509,,2025-12-19T14:24:05Z,2004,01/01/2004,31/12/2004,,
22673,MALARIA_EST_INCIDENCE,COUNTRY,COD,AFR,Africa,YEAR,2003,,,,,,,,,467.36 [375.32-577.83],467.3582712,375.3229351,577.8331337,,2025-12-19T14:24:05Z,2003,01/01/2003,31/12/2003,,
26644,MALARIA_EST_INCIDENCE,COUNTRY,IND,SEAR,South-East Asia,YEAR,2001,,,,,,,,,21.63 [17.06-27.34],21.63095643,17.05985787,27.33998032,,2025-12-19T14:24:05Z,2001,01/01/2001,31/12/2001,,
27196,MALARIA_EST_INCIDENCE,COUNTRY,BRA,AMR,Americas,YEAR,2008,,,,,,,,,8.69 [8.34-9.27],8.68670733,8.344351917,9.271218419,,2025-12-19T14:24:05Z,2008,01/01/2008,31/12/2008,,
34014,MALARIA_EST_INCIDENCE,COUNTRY,DJI,EMR,Eastern Mediterranean,YEAR,2014,,,,,,,,,12.55 [12.55-12.55],12.55257947,12.55257947,12.55257947,,2025-12-19T14:24:05Z,2014,01/01/2014,31/12/2014,,
39454,MALARIA_EST_INCIDENCE,COUNTRY,ARM,EUR,Europe,YEAR,2001,,,,,,,,,0.03 [0.03-0.03],0.025613185,0.025613185,0.025613185,,2025-12-19T14:24:05Z,2001,01/01/2001,31/12/2001,,
39755,MALARIA_EST_INCIDENCE,COUNTRY,CMR,AFR,Africa,YEAR,2019,,,,,,,,,243.44 [183.87-317.10],243.4369903,183.8744994,317.0954521,,2025-12-19T14:24:05Z,2019,01/01/2019,31/12/2019,,
41794,MALARIA_EST_INCIDENCE,COUNTRY,THA,SEAR,South-East Asia,YEAR,2008,,,,,,,,,2.23 [2.23-2.23],2.226467145,2.226467145,2.226467145,,2025-12-19T14:24:05Z,2008,01/01/2008,31/12/2008,,
45594,MALARIA_EST_INCIDENCE,COUNTRY,BRA,AMR,Americas,YEAR,2014,,,,,,,,,3.61 [3.47-3.84],3.609276643,3.466577526,3.842429257,,2025-12-19T14:24:05Z,2014,01/01/2014,31/12/2014,,
47876,MALARIA_EST_INCIDENCE,COUNTRY,GIN,AFR,Africa,YEAR,2003,,,,,,,,,425.18 [300.55-581.55],425.1776704,300.5499628,581.5474252,,2025-12-19T14:24:05Z,2003,01/01/2003,31/12/2003,,
71801,MALARIA_EST_INCIDENCE,COUNTRY,TZA,AFR,Africa,YEAR,2013,,,,,,,,,131.80 [98.46-174.17],131.7988925,98.46420196,174.1676789,,2025-12-19T14:24:05Z,2013,01/01/2013,31/12/2013,,
80632,MALARIA_EST_INCIDENCE,COUNTRY,VNM,WPR,Western Pacific,YEAR,2001,,,,,,,,,3.22 [2.57-4.19],3.222010937,2.569670102,4.190814781,,2025-12-19T14:24:05Z,2001,01/01/2001,31/12/2001,,
85213,MALARIA_EST_INCIDENCE,COUNTRY,VUT,WPR,Western Pacific,YEAR,2024,,,,,,,,,12.25 [7.37-19.21],12.24613075,7.367814093,19.21161338,,2025-12-19T14:24:05Z,2024,01/01/2024,31/12/2024,,
87019,MALARIA_EST_INCIDENCE,COUNTRY,AZE,EUR,Europe,YEAR,2017,,,,,,,,,0 [0-0],0,0,0,,2025-12-19T14:24:05Z,2017,01/01/2017,31/12/2017,,
93555,MALARIA_EST_INCIDENCE,COUNTRY,PAN,AMR,Americas,YEAR,2006,,,,,,,,,0.77 [0.75-0.83],0.774344991,0.745600031,0.825201458,,2025-12-19T14:24:05Z,2006,01/01/2006,31/12/2006,,
102691,MALARIA_EST_INCIDENCE,COUNTRY,SLV,AMR,Americas,YEAR,2005,,,,,,,,,0.05 [0.05-0.05],0.054957133,0.054957133,0.054957133,,2025-12-19T14:24:05Z,2005,01/01/2005,31/12/2005,,
102708,MALARIA_EST_INCIDENCE,COUNTRY,IRQ,EMR,Eastern Mediterranean,YEAR,2022,,,,,,,,,0 [0-0],0,0,0,,2025-12-19T14:24:05Z,2022,01/01/2022,31/12/2022,,
105677,MALARIA_EST_INCIDENCE,COUNTRY,GIN,AFR,Africa,YEAR,2018,,,,,,,,,350.28 [252.49-474.41],350.284153,252.4940546,474.4108829,,2025-12-19T14:24:05Z,2018,01/01/2018,31/12/2018,,
110621,MALARIA_EST_INCIDENCE,COUNTRY,DZA,AFR,Africa,YEAR,2019,,,,,,,,,0 [0-0],0,0,0,,2025-12-19T14:24:05Z,2019,01/01/2019,31/12/2019,,
116491,MALARIA_EST_INCIDENCE,COUNTRY,PHL,WPR,Western Pacific,YEAR,2017,,,,,,,,,0.26 [0.19-0.35],0.264313704,0.185892086,0.353412808,,2025-12-19T14:24:05Z,2017,01/01/2017,31/12/2017,,
122538,MALARIA_EST_INCIDENCE,COUNTRY,MAR,EMR,Eastern Mediterranean,YEAR,2014,,,,,,,,,0 [0-0],0,0,0,,2025-12-19T14:24:05Z,2014,01/01/2014,31/12/2014,,
124981,MALARIA_EST_INCIDENCE,COUNTRY,CRI,AMR,Americas,YEAR,2021,,,,,,,,,0.11 [0.11-0.11],0.106719669,0.106719669,0.106719669,,2025-12-19T14:24:05Z,2021,01/01/2021,31/12/2021,,
125180,MALARIA_EST_INCIDENCE,REGION,EMR,,,YEAR,2007,,,,,,,,,11.43 [9.18-15.38],11.42775116,9.178477184,15.38481815,,2025-12-19T14:24:05Z,2007,01/01/2007,31/12/2007,,
130552,MALARIA_EST_INCIDENCE,COUNTRY,GNQ,AFR,Africa,YEAR,2008,,,,,,,,,332.63 [238.33-450.72],332.62611450000003,238.332273,450.716739,,2025-12-19T14:24:05Z,2008,01/01/2008,31/12/2008,,
142011,MALARIA_EST_INCIDENCE,COUNTRY,CIV,AFR,Africa,YEAR,2021,,,,,,,,,283.64 [217.90-366.07],283.6400432,217.8976139,366.0719397,,2025-12-19T14:24:05Z,2021,01/01/2021,31/12/2021,,
146852,MALARIA_EST_INCIDENCE,COUNTRY,UGA,AFR,Africa,YEAR,2007,,,,,,,,,417.91 [333.55-516.79],417.9052811,333.5510083,516.7928078,,2025-12-19T14:24:05Z,2007,01/01/2007,31/12/2007,,
162446,MALARIA_EST_INCIDENCE,COUNTRY,TKM,EUR,Europe,YEAR,2019,,,,,,,,,0 [0-0],0,0,0,,2025-12-19T14:24:05Z,2019,01/01/2019,31/12/2019,,
166496,MALARIA_EST_INCIDENCE,COUNTRY,TZA,AFR,Africa,YEAR,2021,,,,,,,,,133.33 [97.30-178.35],133.3293979,97.29596155,178.3490318,,2025-12-19T14:24:05Z,2021,01/01/2021,31/12/2021,,
167059,MALARIA_EST_INCIDENCE,COUNTRY,ETH,AFR,Africa,YEAR,2019,,,,,,,,,33.61 [18.66-50.03],33.61048632,18.65889904,50.03388344,,2025-12-19T14:24:05Z,2019,01/01/2019,31/12/2019,,
168718,MALARIA_EST_INCIDENCE,COUNTRY,GHA,AFR,Africa,YEAR,2005,,,,,,,,,323.73 [255.86-405.34],323.7259659,255.8560831,405.3439601,,2025-12-19T14:24:05Z,2005,01/01/2005,31/12/2005,,
169400,MALARIA_EST_INCIDENCE,COUNTRY,SYR,EMR,Eastern Mediterranean,YEAR,2022,,,,,,,,,0 [0-0],0,0,0,,2025-12-19T14:24:05Z,2022,01/01/2022,31/12/2022,,
179012,MALARIA_EST_INCIDENCE,COUNTRY,ARM,EUR,Europe,YEAR,2005,,,,,,,,,0 [0-0],0.002328404,0.002328404,0.002328404,,2025-12-19T14:24:05Z,2005,01/01/2005,31/12/2005,,
187145,MALARIA_EST_INCIDENCE,COUNTRY,VNM,WPR,Western Pacific,YEAR,2009,,,,,,,,,0.36 [0.32-0.41],0.358646751,0.322724009,0.412052992,,2025-12-19T14:24:05Z,2009,01/01/2009,31/12/2009,,
206948,MALARIA_EST_INCIDENCE,COUNTRY,IND,SEAR,South-East Asia,YEAR,2013,,,,,,,,,6.26 [4.96-7.73],6.255635557,4.961242567,7.725374311,,2025-12-19T14:24:05Z,2013,01/01/2013,31/12/2013,,
207442,MALARIA_EST_INCIDENCE,COUNTRY,PRY,AMR,Americas,YEAR,2013,,,,,,,,,0 [0-0],0,0,0,,2025-12-19T14:24:05Z,2013,01/01/2013,31/12/2013,,
219676,MALARIA_EST_INCIDENCE,COUNTRY,MYT,AFR,Africa,YEAR,2018,,,,,,,,,0.05 [0.05-0.05],0.050563786,0.050563786,0.050563786,,2025-12-19T14:24:05Z,2018,01/01/2018,31/12/2018,,
219814,MALARIA_EST_INCIDENCE,REGION,AFR,,,YEAR,2009,,,,,,,,,292.64 [269.16-321.09],292.6373388,269.157238,321.0902277,,2025-12-19T14:24:05Z,2009,01/01/2009,31/12/2009,,
223404,MALARIA_EST_INCIDENCE,COUNTRY,NAM,AFR,Africa,YEAR,2018,,,,,,,,,24.55 [19.42-30.15],24.54696366,19.42459301,30.14644493,,2025-12-19T14:24:05Z,2018,01/01/2018,31/12/2018,,
223722,MALARIA_EST_INCIDENCE,COUNTRY,COL,AMR,Americas,YEAR,2024,,,,,,,,,15.19 [11.58-19.03],15.19151195,11.57980194,19.03472875,,2025-12-19T14:24:05Z,2024,01/01/2024,31/12/2024,,
232526,MALARIA_EST_INCIDENCE,COUNTRY,CRI,AMR,Americas,YEAR,2003,,,,,,,,,0.50 [0.50-0.50],0.49565987,0.49565987,0.49565987,,2025-12-19T14:24:05Z,2003,01/01/2003,31/12/2003,,
254260,MALARIA_EST_INCIDENCE,COUNTRY,YEM,EMR,Eastern Mediterranean,YEAR,2005,,,,,,,,,68.36 [30.30-326.54],68.36326764,30.29918862,326.5363661,,2025-12-19T14:24:05Z,2005,01/01/2005,31/12/2005,,
255660,MALARIA_EST_INCIDENCE,COUNTRY,COD,AFR,Africa,YEAR,2018,,,,,,,,,337.42 [260.69-427.11],337.4244232,260.6853258,427.1135401,,2025-12-19T14:24:05Z,2018,01/01/2018,31/12/2018,,
260532,MALARIA_EST_INCIDENCE,COUNTRY,NER,AFR,Africa,YEAR,2001,,,,,,,,,350.71 [196.76-582.73],350.7139336,196.7605324,582.7277748,,2025-12-19T14:24:05Z,2001,01/01/2001,31/12/2001,,
270573,MALARIA_EST_INCIDENCE,COUNTRY,CRI,AMR,Americas,YEAR,2018,,,,,,,,,0.04 [0.04-0.04],0.040340334,0.040340334,0.040340334,,2025-12-19T14:24:05Z,2018,01/01/2018,31/12/2018,,
276170,MALARIA_EST_INCIDENCE,COUNTRY,MWI,AFR,Africa,YEAR,2004,,,,,,,,,376.52 [300.01-465.22],376.5224402,300.0060556,465.2235824,,2025-12-19T14:24:05Z,2004,01/01/2004,31/12/2004,,
279685,MALARIA_EST_INCIDENCE,COUNTRY,GTM,AMR,Americas,YEAR,2012,,,,,,,,,0.55 [0.49-0.64],0.549709322,0.48931328,0.636267472,,2025-12-19T14:24:05Z,2012,01/01/2012,31/12/2012,,
280245,MALARIA_EST_INCIDENCE,COUNTRY,ECU,AMR,Americas,YEAR,2005,,,,,,,,,2.17 [2.17-2.17],2.172910119,2.172910119,2.172910119,,2025-12-19T14:24:05Z,2005,01/01/2005,31/12/2005,,
299187,MALARIA_EST_INCIDENCE,COUNTRY,AZE,EUR,Europe,YEAR,2020,,,,,,,,,0 [0-0],0,0,0,,2025-12-19T14:24:05Z,2020,01/01/2020,31/12/2020,,
306615,MALARIA_EST_INCIDENCE,REGION,EMR,,,YEAR,2013,,,,,,,,,8.79 [6.99-11.75],8.787440026,6.991269116,11.74877039,,2025-12-19T14:24:05Z,2013,01/01/2013,31/12/2013,,
307331,MALARIA_EST_INCIDENCE,COUNTRY,ZAF,AFR,Africa,YEAR,2019,,,,,,,,,0.81 [0.81-0.81],0.809057144,0.809057144,0.809057144,,2025-12-19T14:24:05Z,2019,01/01/2019,31/12/2019,,
313608,MALARIA_EST_INCIDENCE,COUNTRY,COG,AFR,Africa,YEAR,2001,,,,,,,,,349.06 [238.25-495.64],349.0573216,238.2471917,495.6388881,,2025-12-19T14:24:05Z,2001,01/01/2001,31/12/2001,,
318481,MALARIA_EST_INCIDENCE,COUNTRY,PRY,AMR,Americas,YEAR,2006,,,,,,,,,4.14 [4.14-4.14],4.13754825,4.13754825,4.13754825,,2025-12-19T14:24:05Z,2006,01/01/2006,31/12/2006,,
318904,MALARIA_EST_INCIDENCE,COUNTRY,YEM,EMR,Eastern Mediterranean,YEAR,2023,,,,,,,,,38.86 [24.10-59.96],38.85602932,24.10462422,59.9554975,,2025-12-19T14:24:05Z,2023,01/01/2023,31/12/2023,,
319127,MALARIA_EST_INCIDENCE,COUNTRY,GUY,AMR,Americas,YEAR,2023,,,,,,,,,42.66 [36.20-49.50],42.66336541,36.19851323,49.50066739,,2025-12-19T14:24:05Z,2023,01/01/2023,31/12/2023,,
327877,MALARIA_EST_INCIDENCE,COUNTRY,PRK,SEAR,South-East Asia,YEAR,2005,,,,,,,,,0.71 [0.71-0.71],0.705434308,0.705434308,0.705434308,,2025-12-19T14:24:05Z,2005,01/01/2005,31/12/2005,,
332530,MALARIA_EST_INCIDENCE,COUNTRY,GTM,AMR,Americas,YEAR,2009,,,,,,,,,0.77 [0.69-0.89],0.772015559,0.688058284,0.893993551,,2025-12-19T14:24:05Z,2009,01/01/2009,31/12/2009,,
337936,MALARIA_EST_INCIDENCE,REGION,WPR,,,YEAR,2020,,,,,,,,,2.07 [1.62-2.56],2.066526251,1.621788047,2.555432872,,2025-12-19T14:24:05Z,2020,01/01/2020,31/12/2020,,
343044,MALARIA_EST_INCIDENCE,COUNTRY,ZAF,AFR,Africa,YEAR,2022,,,,,,,,,0.33 [0.33-0.33],0.327517165,0.327517165,0.327517165,,2025-12-19T14:24:05Z,2022,01/01/2022,31/12/2022,,
346070,MALARIA_EST_INCIDENCE,REGION,AMR,,,YEAR,2014,,,,,,,,,3.35 [3.13-3.60],3.348632076,3.12768891,3.601158478,,2025-12-19T14:24:05Z,2014,01/01/2014,31/12/2014,,
357690,MALARIA_EST_INCIDENCE,COUNTRY,BTN,SEAR,South-East Asia,YEAR,2002,,,,,,,,,14.09 [14.09-14.09],14.09118257,14.09118257,14.09118257,,2025-12-19T14:24:05Z,2002,01/01/2002,31/12/2002,,
358753,MALARIA_EST_INCIDENCE,COUNTRY,DOM,AMR,Americas,YEAR,2003,,,,,,,,,0.40 [0.33-0.48],0.400872904,0.32647995,0.479106799,,2025-12-19T14:24:05Z,2003,01/01/2003,31/12/2003,,
381021,MALARIA_EST_INCIDENCE,COUNTRY,LKA,SEAR,South-East Asia,YEAR,2012,,,,,,,,,0 [0-0],0.004723787,0.004723787,0.004723787,,2025-12-19T14:24:05Z,2012,01/01/2012,31/12/2012,,
381816,MALARIA_EST_INCIDENCE,COUNTRY,STP,AFR,Africa,YEAR,2008,,,,,,,,,36.01 [36.01-36.01],36.00835477,36.00835477,36.00835477,,2025-12-19T14:24:05Z,2008,01/01/2008,31/12/2008,,
382073,MALARIA_EST_INCIDENCE,COUNTRY,TGO,AFR,Africa,YEAR,2024,,,,,,,,,249.25 [166.34-356.96],249.252173,166.3377153,356.9556059,,2025-12-19T14:24:05Z,2024,01/01/2024,31/12/2024,,
384403,MALARIA_EST_INCIDENCE,COUNTRY,TJK,EUR,Europe,YEAR,2006,,,,,,,,,0.57 [0.57-0.57],0.570161465,0.570161465,0.570161465,,2025-12-19T14:24:05Z,2006,01/01/2006,31/12/2006,,
384487,MALARIA_EST_INCIDENCE,COUNTRY,NIC,AMR,Americas,YEAR,2020,,,,,,,,,5.62 [4.67-6.67],5.619969004,4.670758679,6.666692341,,2025-12-19T14:24:05Z,2020,01/01/2020,31/12/2020,,
388273,MALARIA_EST_INCIDENCE,COUNTRY,PRK,SEAR,South-East Asia,YEAR,2014,,,,,,,,,1.06 [1.06-1.06],1.058820041,1.058820041,1.058820041,,2025-12-19T14:24:05Z,2014,01/01/2014,31/12/2014,,
393915,MALARIA_EST_INCIDENCE,COUNTRY,HTI,AMR,Americas,YEAR,2004,,,,,,,,,9.71 [5.52-15.73],9.713706505,5.524327479,15.73349871,,2025-12-19T14:24:05Z,2004,01/01/2004,31/12/2004,,
394995,MALARIA_EST_INCIDENCE,COUNTRY,KEN,AFR,Africa,YEAR,2003,,,,,,,,,220.14 [173.69-274.36],220.1384438,173.6853142,274.357977,,2025-12-19T14:24:05Z,2003,01/01/2003,31/12/2003,,
401863,MALARIA_EST_INCIDENCE,COUNTRY,MOZ,AFR,Africa,YEAR,2012,,,,,,,,,375.23 [306.83-454.07],375.2321795,306.8349639,454.0731717,,2025-12-19T14:24:05Z,2012,01/01/2012,31/12/2012,,
403544,MALARIA_EST_INCIDENCE,COUNTRY,CPV,AFR,Africa,YEAR,2019,,,,,,,,,0 [0-0],0,0,0,,2025-12-19T14:24:05Z,2019,01/01/2019,31/12/2019,,
407418,MALARIA_EST_INCIDENCE,COUNTRY,MMR,SEAR,South-East Asia,YEAR,2018,,,,,,,,,2.39 [1.93-2.88],2.386383773,1.932735689,2.87824757,,2025-12-19T14:24:05Z,2018,01/01/2018,31/12/2018,,
412260,MALARIA_EST_INCIDENCE,COUNTRY,PER,AMR,Americas,YEAR,2005,,,,,,,,,9.80 [8.35-11.39],9.79739185,8.347629917,11.38698774,,2025-12-19T14:24:05Z,2005,01/01/2005,31/12/2005,,
413009,MALARIA_EST_INCIDENCE,COUNTRY,LAO,WPR,Western Pacific,YEAR,2016,,,,,,,,,7.47 [5.42-9.89],7.472256515,5.422100989,9.893500455,,2025-12-19T14:24:05Z,2016,01/01/2016,31/12/2016,,
415954,MALARIA_EST_INCIDENCE,COUNTRY,VEN,AMR,Americas,YEAR,2022,,,,,,,,,10.92 [9.69-12.60],10.92325613,9.689311487,12.59690385,,2025-12-19T14:24:05Z,2022,01/01/2022,31/12/2022,,
419333,MALARIA_EST_INCIDENCE,COUNTRY,AGO,AFR,Africa,YEAR,2010,,,,,,,,,170.36 [129.14-219.72],170.3617864,129.1448755,219.719428,,2025-12-19T14:24:05Z,2010,01/01/2010,31/12/2010,,
421680,MALARIA_EST_INCIDENCE,COUNTRY,SLB,WPR,Western Pacific,YEAR,2011,,,,,,,,,114.49 [80.06-165.80],114.4944877,80.06074002,165.7998959,,2025-12-19T14:24:05Z,2011,01/01/2011,31/12/2011,,
426836,MALARIA_EST_INCIDENCE,COUNTRY,HND,AMR,Americas,YEAR,2002,,,,,,,,,4.02 [2.93-5.15],4.017521747,2.926063981,5.145736393,,2025-12-19T14:24:05Z,2002,01/01/2002,31/12/2002,,
428788,MALARIA_EST_INCIDENCE,COUNTRY,GAB,AFR,Africa,YEAR,2016,,,,,,,,,182.55 [107.75-291.14],182.548162,107.7451214,291.1408147,,2025-12-19T14:24:05Z,2016,01/01/2016,31/12/2016,,
435284,MALARIA_EST_INCIDENCE,COUNTRY,ECU,AMR,Americas,YEAR,2002,,,,,,,,,11.65 [11.65-11.65],11.65216051,11.65216051,11.65216051,,2025-12-19T14:24:05Z,2002,01/01/2002,31/12/2002,,
437935,MALARIA_EST_INCIDENCE,COUNTRY,SYR,EMR,Eastern Mediterranean,YEAR,2023,,,,,,,,,0 [0-0],0,0,0,,2025-12-19T14:24:05Z,2023,01/01/2023,31/12/2023,,
444952,MALARIA_EST_INCIDENCE,COUNTRY,MWI,AFR,Africa,YEAR,2008,,,,,,,,,359.36 [282.98-450.15],359.3578383,282.9810262,450.1536016,,2025-12-19T14:24:05Z,2008,01/01/2008,31/12/2008,,
453870,MALARIA_EST_INCIDENCE,COUNTRY,SWZ,AFR,Africa,YEAR,2019,,,,,,,,,0.76 [0.76-0.76],0.762794978,0.762794978,0.762794978,,2025-12-19T14:24:05Z,2019,01/01/2019,31/12/2019,,
454132,MALARIA_EST_INCIDENCE,COUNTRY,BDI,AFR,Africa,YEAR,2017,,,,,,,,,346.29 [281.93-421.17],346.2885562,281.9285912,421.1705191,,2025-12-19T14:24:05Z,2017,01/01/2017,31/12/2017,,
458424,MALARIA_EST_INCIDENCE,COUNTRY,KEN,AFR,Africa,YEAR,2019,,,,,,,,,71.67 [52.87-94.18],71.67133565,52.87011985,94.18054056,,2025-12-19T14:24:05Z,2019,01/01/2019,31/12/2019,,
464236,MALARIA_EST_INCIDENCE,COUNTRY,OMN,EMR,Eastern Mediterranean,YEAR,2007,,,,,,,,,0 [0-0],0.001556315,0.001556315,0.001556315,,2025-12-19T14:24:05Z,2007,01/01/2007,31/12/2007,,
465934,MALARIA_EST_INCIDENCE,COUNTRY,CPV,AFR,Africa,YEAR,2010,,,,,,,,,0.35 [0.35-0.35],0.354601903,0.354601903,0.354601903,,2025-12-19T14:24:05Z,2010,01/01/2010,31/12/2010,,
476522,MALARIA_EST_INCIDENCE,COUNTRY,CHN,WPR,Western Pacific,YEAR,2014,,,,,,,,,0 [0-0],9.1e-5,9.1e-5,9.1e-5,,2025-12-19T14:24:05Z,2014,01/01/2014,31/12/2014,,
491638,MALARIA_EST_INCIDENCE,COUNTRY,BOL,AMR,Americas,YEAR,2002,,,,,,,,,4.90 [3.76-6.07],4.895706202,3.756472546,6.071847114,,2025-12-19T14:24:05Z,2002,01/01/2002,31/12/2002,,
504126,MALARIA_EST_INCIDENCE,COUNTRY,NGA,AFR,Africa,YEAR,2023,,,,,,,,,299.00 [215.62-406.20],298.9976001,215.6198428,406.1951295,,2025-12-19T14:24:05Z,2023,01/01/2023,31/12/2023,,
510802,MALARIA_EST_INCIDENCE,COUNTRY,SLE,AFR,Africa,YEAR,2016,,,,,,,,,363.56 [291.70-447.98],363.5640182,291.7037295,447.9831348,,2025-12-19T14:24:05Z,2016,01/01/2016,31/12/2016,,
514219,MALARIA_EST_INCIDENCE,COUNTRY,TCD,AFR,Africa,YEAR,2017,,,,,,,,,217.09 [135.27-336.62],217.0853296,135.2744949,336.6186489,,2025-12-19T14:24:05Z,2017,01/01/2017,31/12/2017,,
515811,MALARIA_EST_INCIDENCE,COUNTRY,UGA,AFR,Africa,YEAR,2008,,,,,,,,,417.70 [335.29-512.77],417.7022309,335.2851754,512.7652732,,2025-12-19T14:24:05Z,2008,01/01/2008,31/12/2008,,
532975,MALARIA_EST_INCIDENCE,REGION,SEAR,,,YEAR,2018,,,,,,,,,3.28 [2.33-4.29],3.277922645,2.329792995,4.286346912,,2025-12-19T14:24:05Z,2018,01/01/2018,31/12/2018,,
533785,MALARIA_EST_INCIDENCE,COUNTRY,IRQ,EMR,Eastern Mediterranean,YEAR,2016,,,,,,,,,0 [0-0],9.9979e-4,9.9979e-4,9.9979e-4,,2025-12-19T14:24:05Z,2016,01/01/2016,31/12/2016,,
553038,MALARIA_EST_INCIDENCE,COUNTRY,GEO,EUR,Europe,YEAR,2024,,,,,,,,,0 [0-0],0,0,0,,2025-12-19T14:24:05Z,2024,01/01/2024,31/12/2024,,
561840,MALARIA_EST_INCIDENCE,COUNTRY,TLS,SEAR,South-East Asia,YEAR,2022,,,,,,,,,0 [0-0],0,0,0,,2025-12-19T14:24:05Z,2022,01/01/2022,31/12/2022,,
574475,MALARIA_EST_INCIDENCE,COUNTRY,CMR,AFR,Africa,YEAR,2014,,,,,,,,,272.51 [192.31-374.67],272.5068975,192.314004,374.6711351,,2025-12-19T14:24:05Z,2014,01/01/2014,31/12/2014,,
580025,MALARIA_EST_INCIDENCE,COUNTRY,SLE,AFR,Africa,YEAR,2013,,,,,,,,,396.12 [319.82-487.22],396.1229964,319.8211035,487.2156318,,2025-12-19T14:24:05Z,2013,01/01/2013,31/12/2013,,
584401,MALARIA_EST_INCIDENCE,COUNTRY,BGD,SEAR,South-East Asia,YEAR,2008,,,,,,,,,7.51 [5.97-9.33],7.51405436,5.966457631,9.331567434,,2025-12-19T14:24:05Z,2008,01/01/2008,31/12/2008,,
584665,MALARIA_EST_INCIDENCE,COUNTRY,RWA,AFR,Africa,YEAR,2001,,,,,,,,,171.34 [82.44-319.67],171.3430546,82.43939311,319.6724932,,2025-12-19T14:24:05Z,2001,01/01/2001,31/12/2001,,
586880,MALARIA_EST_INCIDENCE,COUNTRY,ZAF,AFR,Africa,YEAR,2014,,,,,,,,,2.11 [2.11-2.11],2.1054116,2.1054116,2.1054116,,2025-12-19T14:24:05Z,2014,01/01/2014,31/12/2014,,
592120,MALARIA_EST_INCIDENCE,COUNTRY,BEN,AFR,Africa,YEAR,2016,,,,,,,,,415.92 [335.97-510.79],415.9183733,335.9661219,510.7936007,,2025-12-19T14:24:05Z,2016,01/01/2016,31/12/2016,,
609168,MALARIA_EST_INCIDENCE,COUNTRY,HND,AMR,Americas,YEAR,2001,,,,,,,,,5.78 [4.21-7.42],5.783817074,4.208023014,7.424829165,,2025-12-19T14:24:05Z,2001,01/01/2001,31/12/2001,,
616523,MALARIA_EST_INCIDENCE,COUNTRY,GTM,AMR,Americas,YEAR,2007,,,,,,,,,1.75 [1.56-2.03],1.745745618,1.556725865,2.031110309,,2025-12-19T14:24:05Z,2007,01/01/2007,31/12/2007,,
617566,MALARIA_EST_INCIDENCE,COUNTRY,KAZ,EUR,Europe,YEAR,2012,,,,,,,,,0 [0-0],0,0,0,,2025-12-19T14:24:05Z,2012,01/01/2012,31/12/2012,,
619022,MALARIA_EST_INCIDENCE,COUNTRY,BRA,AMR,Americas,YEAR,2011,,,,,,,,,7.16 [6.88-7.65],7.164579516,6.883190469,7.651322998,,2025-12-19T14:24:05Z,2011,01/01/2011,31/12/2011,,
622058,MALARIA_EST_INCIDENCE,COUNTRY,SUR,AMR,Americas,YEAR,2014,,,,,,,,,4.72 [4.72-4.72],4.718646302,4.718646302,4.718646302,,2025-12-19T14:24:05Z,2014,01/01/2014,31/12/2014,,
622309,MALARIA_EST_INCIDENCE,COUNTRY,MEX,AMR,Americas,YEAR,2000,,,,,,,,,3.53 [3.53-3.53],3.53490739,3.53490739,3.53490739,,2025-12-19T14:24:05Z,2000,01/01/2000,31/12/2000,,
649153,MALARIA_EST_INCIDENCE,COUNTRY,AZE,EUR,Europe,YEAR,2011,,,,,,,,,0.02 [0.02-0.02],0.018788958,0.018788958,0.018788958,,2025-12-19T14:24:05Z,2011,01/01/2011,31/12/2011,,
654459,MALARIA_EST_INCIDENCE,COUNTRY,COD,AFR,Africa,YEAR,2009,,,,,,,,,405.23 [327.36-494.64],405.2270097,327.360102,494.640925,,2025-12-19T14:24:05Z,2009,01/01/2009,31/12/2009,,
662530,MALARIA_EST_INCIDENCE,COUNTRY,ERI,AFR,Africa,YEAR,2019,,,,,,,,,61.84 [39.60-85.97],61.84259338,39.6024667,85.97043881,,2025-12-19T14:24:05Z,2019,01/01/2019,31/12/2019,,
667577,MALARIA_EST_INCIDENCE,COUNTRY,GUF,AMR,Americas,YEAR,2011,,,,,,,,,10.66 [9.52-12.35],10.66246104,9.523018993,12.34521321,,2025-12-19T14:24:05Z,2011,01/01/2011,31/12/2011,,
667602,MALARIA_EST_INCIDENCE,COUNTRY,BFA,AFR,Africa,YEAR,2013,,,,,,,,,487.14 [392.27-598.67],487.1444339,392.2744524,598.6742423,,2025-12-19T14:24:05Z,2013,01/01/2013,31/12/2013,,
675823,MALARIA_EST_INCIDENCE,COUNTRY,MLI,AFR,Africa,YEAR,2014,,,,,,,,,429.54 [308.64-595.35],429.5430268,308.6351117,595.3528633,,2025-12-19T14:24:05Z,2014,01/01/2014,31/12/2014,,
681634,MALARIA_EST_INCIDENCE,COUNTRY,MWI,AFR,Africa,YEAR,2010,,,,,,,,,389.81 [314.85-476.91],389.8138079,314.8456834,476.9122683,,2025-12-19T14:24:05Z,2010,01/01/2010,31/12/2010,,
698735,MALARIA_EST_INCIDENCE,COUNTRY,KOR,WPR,Western Pacific,YEAR,2018,,,,,,,,,0.14 [0.14-0.14],0.138594502,0.138594502,0.138594502,,2025-12-19T14:24:05Z,2018,01/01/2018,31/12/2018,,
706682,MALARIA_EST_INCIDENCE,COUNTRY,BOL,AMR,Americas,YEAR,2016,,,,,,,,,1.48 [1.16-1.82],1.480666848,1.157325486,1.821555394,,2025-12-19T14:24:05Z,2016,01/01/2016,31/12/2016,,
712301,MALARIA_EST_INCIDENCE,COUNTRY,DOM,AMR,Americas,YEAR,2008,,,,,,,,,0.45 [0.37-0.53],0.448505245,0.367527765,0.533275581,,2025-12-19T14:24:05Z,2008,01/01/2008,31/12/2008,,
713715,MALARIA_EST_INCIDENCE,COUNTRY,PAK,EMR,Eastern Mediterranean,YEAR,2018,,,,,,,,,3.16 [2.45-4.38],3.16244487,2.449630745,4.381768606,,2025-12-19T14:24:05Z,2018,01/01/2018,31/12/2018,,
723128,MALARIA_EST_INCIDENCE,REGION,SEAR,,,YEAR,2023,,,,,,,,,1.85 [1.45-3.75],1.854164179,1.44600898,3.749553815,,2025-12-19T14:24:05Z,2023,01/01/2023,31/12/2023,,
724281,MALARIA_EST_INCIDENCE,COUNTRY,GUY,AMR,Americas,YEAR,2010,,,,,,,,,39.55 [32.29-47.30],39.54723085,32.29066567,47.29898726,,2025-12-19T14:24:05Z,2010,01/01/2010,31/12/2010,,
732330,MALARIA_EST_INCIDENCE,COUNTRY,GUF,AMR,Americas,YEAR,2008,,,,,,,,,31.05 [27.66-35.89],31.04865141,27.65920028,35.89300846,,2025-12-19T14:24:05Z,2008,01/01/2008,31/12/2008,,
744097,MALARIA_EST_INCIDENCE,COUNTRY,NIC,AMR,Americas,YEAR,2018,,,,,,,,,3.58 [2.98-4.22],3.579145856,2.97936194,4.224561307,,2025-12-19T14:24:05Z,2018,01/01/2018,31/12/2018,,
751590,MALARIA_EST_INCIDENCE,REGION,EMR,,,YEAR,2022,,,,,,,,,15.11 [12.02-19.45],15.1078604,12.02102541,19.44584131,,2025-12-19T14:24:05Z,2022,01/01/2022,31/12/2022,,
757116,MALARIA_EST_INCIDENCE,COUNTRY,CHN,WPR,Western Pacific,YEAR,2008,,,,,,,,,0.03 [0.03-0.03],0.02984777,0.02984777,0.02984777,,2025-12-19T14:24:05Z,2008,01/01/2008,31/12/2008,,
763665,MALARIA_EST_INCIDENCE,COUNTRY,ERI,AFR,Africa,YEAR,2011,,,,,,,,,25.57 [16.41-35.51],25.57224732,16.41158785,35.51160836,,2025-12-19T14:24:05Z,2011,01/01/2011,31/12/2011,,
768705,MALARIA_EST_INCIDENCE,COUNTRY,SYR,EMR,Eastern Mediterranean,YEAR,2000,,,,,,,,,0 [0-0],3.60623e-4,3.60623e-4,3.60623e-4,,2025-12-19T14:24:05Z,2000,01/01/2000,31/12/2000,,
773612,MALARIA_EST_INCIDENCE,COUNTRY,SEN,AFR,Africa,YEAR,2022,,,,,,,,,38.10 [30.08-46.81],38.09999862,30.08006638,46.81492709,,2025-12-19T14:24:05Z,2022,01/01/2022,31/12/2022,,
774424,MALARIA_EST_INCIDENCE,COUNTRY,SLB,WPR,Western Pacific,YEAR,2019,,,,,,,,,195.76 [151.42-265.50],195.7550998,151.4245039,265.4987758,,2025-12-19T14:24:05Z,2019,01/01/2019,31/12/2019,,
775133,MALARIA_EST_INCIDENCE,COUNTRY,TJK,EUR,Europe,YEAR,2016,,,,,,,,,0 [0-0],0,0,0,,2025-12-19T14:24:05Z,2016,01/01/2016,31/12/2016,,
776644,MALARIA_EST_INCIDENCE,COUNTRY,SYR,EMR,Eastern Mediterranean,YEAR,2005,,,,,,,,,0 [0-0],0,0,0,,2025-12-19T14:24:05Z,2005,01/01/2005,31/12/2005,,
782372,MALARIA_EST_INCIDENCE,COUNTRY,CIV,AFR,Africa,YEAR,2001,,,,,,,,,502.24 [401.05-622.26],502.2425708,401.0459289,622.2632013,,2025-12-19T14:24:05Z,2001,01/01/2001,31/12/2001,,
786356,MALARIA_EST_INCIDENCE,COUNTRY,DOM,AMR,Americas,YEAR,2010,,,,,,,,,0.59 [0.48-0.71],0.591960139,0.48381002,0.705476167,,2025-12-19T14:24:05Z,2010,01/01/2010,31/12/2010,,
789323,MALARIA_EST_INCIDENCE,COUNTRY,GTM,AMR,Americas,YEAR,2016,,,,,,,,,0.48 [0.43-0.55],0.476810373,0.425188485,0.547652051,,2025-12-19T14:24:05Z,2016,01/01/2016,31/12/2016,,
789349,MALARIA_EST_INCIDENCE,COUNTRY,GIN,AFR,Africa,YEAR,2009,,,,,,,,,393.80 [302.53-504.28],393.802791,302.5294069,504.2788539,,2025-12-19T14:24:05Z,2009,01/01/2009,31/12/2009,,
793138,MALARIA_EST_INCIDENCE,COUNTRY,BRA,AMR,Americas,YEAR,2017,,,,,,,,,5.32 [4.76-5.75],5.316185021,4.75691147,5.753655553,,2025-12-19T14:24:05Z,2017,01/01/2017,31/12/2017,,
798494,MALARIA_EST_INCIDENCE,COUNTRY,MMR,SEAR,South-East Asia,YEAR,2022,,,,,,,,,12.51 [7.52-53.57],12.50567544,7.520921881,53.57495436,,2025-12-19T14:24:05Z,2022,01/01/2022,31/12/2022,,
801121,MALARIA_EST_INCIDENCE,COUNTRY,DJI,EMR,Eastern Mediterranean,YEAR,2009,,,,,,,,,3.93 [3.93-3.93],3.929359307,3.929359307,3.929359307,,2025-12-19T14:24:05Z,2009,01/01/2009,31/12/2009,,
805754,MALARIA_EST_INCIDENCE,COUNTRY,OMN,EMR,Eastern Mediterranean,YEAR,2019,,,,,,,,,0 [0-0],0,0,0,,2025-12-19T14:24:05Z,2019,01/01/2019,31/12/2019,,
814652,MALARIA_EST_INCIDENCE,COUNTRY,UGA,AFR,Africa,YEAR,2000,,,,,,,,,482.77 [385.13-599.63],482.7711493,385.1283721,599.6268669,,2025-12-19T14:24:05Z,2000,01/01/2000,31/12/2000,,
819243,MALARIA_EST_INCIDENCE,COUNTRY,NAM,AFR,Africa,YEAR,2001,,,,,,,,,69.81 [37.79-125.44],69.80992937,37.78614561,125.436999,,2025-12-19T14:24:05Z,2001,01/01/2001,31/12/2001,,
820918,MALARIA_EST_INCIDENCE,COUNTRY,COM,AFR,Africa,YEAR,2003,,,,,,,,,62.56 [41.94-84.09],62.55561191,41.93598773,84.08784181,,2025-12-19T14:24:05Z,2003,01/01/2003,31/12/2003,,
837580,MALARIA_EST_INCIDENCE,REGION,EMR,,,YEAR,2000,,,,,,,,,20.15 [16.06-32.25],20.14655606,16.06093747,32.25142704,,2025-12-19T14:24:05Z,2000,01/01/2000,31/12/2000,,
846445,MALARIA_EST_INCIDENCE,COUNTRY,NAM,AFR,Africa,YEAR,2008,,,,,,,,,7.44 [0.99-20.26],7.443148598,0.987783488,20.25625442,,2025-12-19T14:24:05Z,2008,01/01/2008,31/12/2008,,
858193,MALARIA_EST_INCIDENCE,COUNTRY,CHN,WPR,Western Pacific,YEAR,2015,,,,,,,,,0 [0-0],6.7e-5,6.7e-5,6.7e-5,,2025-12-19T14:24:05Z,2015,01/01/2015,31/12/2015,,
859299,MALARIA_EST_INCIDENCE,COUNTRY,TKM,EUR,Europe,YEAR,2011,,,,,,,,,0 [0-0],0,0,0,,2025-12-19T14:24:05Z,2011,01/01/2011,31/12/2011,,
862787,MALARIA_EST_INCIDENCE,COUNTRY,NER,AFR,Africa,YEAR,2018,,,,,,,,,349.75 [220.67-528.99],349.7528334,220.6724659,528.9866583,,2025-12-19T14:24:05Z,2018,01/01/2018,31/12/2018,,
883610,MALARIA_EST_INCIDENCE,COUNTRY,COL,AMR,Americas,YEAR,2004,,,,,,,,,21.47 [16.44-26.74],21.46991457,16.43914828,26.74325086,,2025-12-19T14:24:05Z,2004,01/01/2004,31/12/2004,,
894425,MALARIA_EST_INCIDENCE,COUNTRY,DZA,AFR,Africa,YEAR,2021,,,,,,,,,0 [0-0],0,0,0,,2025-12-19T14:24:05Z,2021,01/01/2021,31/12/2021,,
894582,MALARIA_EST_INCIDENCE,COUNTRY,MYT,AFR,Africa,YEAR,2020,,,,,,,,,0.03 [0.03-0.03],0.031968798,0.031968798,0.031968798,,2025-12-19T14:24:05Z,2020,01/01/2020,31/12/2020,,
897601,MALARIA_EST_INCIDENCE,COUNTRY,KHM,WPR,Western Pacific,YEAR,2021,,,,,,,,,0.36 [0.36-0.36],0.362890316,0.362890316,0.362890316,,2025-12-19T14:24:05Z,2021,01/01/2021,31/12/2021,,
900708,MALARIA_EST_INCIDENCE,COUNTRY,IRQ,EMR,Eastern Mediterranean,YEAR,2012,,,,,,,,,0 [0-0],0,0,0,,2025-12-19T14:24:05Z,2012,01/01/2012,31/12/2012,,
902307,MALARIA_EST_INCIDENCE,COUNTRY,SDN,EMR,Eastern Mediterranean,YEAR,2014,,,,,,,,,37.10 [26.45-50.50],37.1022384,26.45240033,50.50182535,,2025-12-19T14:24:05Z,2014,01/01/2014,31/12/2014,,
910407,MALARIA_EST_INCIDENCE,COUNTRY,SUR,AMR,Americas,YEAR,2012,,,,,,,,,6.85 [6.85-6.85],6.847172082,6.847172082,6.847172082,,2025-12-19T14:24:05Z,2012,01/01/2012,31/12/2012,,
915460,MALARIA_EST_INCIDENCE,COUNTRY,HTI,AMR,Americas,YEAR,2008,,,,,,,,,10.52 [6.28-16.58],10.51722469,6.27805936,16.58295248,,2025-12-19T14:24:05Z,2008,01/01/2008,31/12/2008,,
920073,MALARIA_EST_INCIDENCE,COUNTRY,SLV,AMR,Americas,YEAR,2010,,,,,,,,,0.01 [0.01-0.01],0.013800337,0.013800337,0.013800337,,2025-12-19T14:24:05Z,2010,01/01/2010,31/12/2010,,
926030,MALARIA_EST_INCIDENCE,COUNTRY,UGA,AFR,Africa,YEAR,2022,,,,,,,,,266.58 [160.03-417.76],266.5834318,160.0256619,417.7585952,,2025-12-19T14:24:05Z,2022,01/01/2022,31/12/2022,,
926153,MALARIA_EST_INCIDENCE,COUNTRY,KHM,WPR,Western Pacific,YEAR,2004,,,,,,,,,42.78 [34.77-52.69],42.78171692,34.77231849,52.69126318,,2025-12-19T14:24:05Z,2004,01/01/2004,31/12/2004,,
932070,MALARIA_EST_INCIDENCE,COUNTRY,MEX,AMR,Americas,YEAR,2019,,,,,,,,,0.23 [0.23-0.23],0.232167806,0.232167806,0.232167806,,2025-12-19T14:24:05Z,2019,01/01/2019,31/12/2019,,
934397,MALARIA_EST_INCIDENCE,COUNTRY,PAK,EMR,Eastern Mediterranean,YEAR,2010,,,,,,,,,7.38 [3.27-15.42],7.380789413,3.27371068,15.41830721,,2025-12-19T14:24:05Z,2010,01/01/2010,31/12/2010,,
935252,MALARIA_EST_INCIDENCE,COUNTRY,BEN,AFR,Africa,YEAR,2014,,,,,,,,,369.11 [284.90-470.69],369.1138615,284.8999338,470.6866671,,2025-12-19T14:24:05Z,2014,01/01/2014,31/12/2014,,
935328,MALARIA_EST_INCIDENCE,COUNTRY,VNM,WPR,Western Pacific,YEAR,2010,,,,,,,,,0.36 [0.32-0.41],0.35621038,0.324450653,0.405285694,,2025-12-19T14:24:05Z,2010,01/01/2010,31/12/2010,,
938897,MALARIA_EST_INCIDENCE,COUNTRY,KHM,WPR,Western Pacific,YEAR,2008,,,,,,,,,21.49 [16.21-29.21],21.49380026,16.20544447,29.20513359,,2025-12-19T14:24:05Z,2008,01/01/2008,31/12/2008,,
941332,MALARIA_EST_INCIDENCE,COUNTRY,NIC,AMR,Americas,YEAR,2002,,,,,,,,,2.15 [1.78-2.54],2.150302741,1.784889186,2.536044326,,2025-12-19T14:24:05Z,2002,01/01/2002,31/12/2002,,
947479,MALARIA_EST_INCIDENCE,COUNTRY,DOM,AMR,Americas,YEAR,2019,,,,,,,,,0.25 [0.22-0.29],0.254638784,0.22447542,0.287968467,,2025-12-19T14:24:05Z,2019,01/01/2019,31/12/2019,,
951503,MALARIA_EST_INCIDENCE,COUNTRY,BFA,AFR,Africa,YEAR,2016,,,,,,,,,373.17 [276.76-494.19],373.1719736,276.7622242,494.1937035,,2025-12-19T14:24:05Z,2016,01/01/2016,31/12/2016,,
953965,MALARIA_EST_INCIDENCE,COUNTRY,NGA,AFR,Africa,YEAR,2018,,,,,,,,,291.07 [228.98-367.07],291.073537,228.9833585,367.0693166,,2025-12-19T14:24:05Z,2018,01/01/2018,31/12/2018,,
958472,MALARIA_EST_INCIDENCE,COUNTRY,TZA,AFR,Africa,YEAR,2023,,,,,,,,,138.45 [100.93-186.28],138.4507573,100.925264,186.2766759,,2025-12-19T14:24:05Z,2023,01/01/2023,31/12/2023,,
959334,MALARIA_EST_INCIDENCE,REGION,AFR,,,YEAR,2023,,,,,,,,,235.47 [212.33-263.41],235.4706903,212.3314544,263.4128591,,2025-12-19T14:24:05Z,2023,01/01/2023,31/12/2023,,
965582,MALARIA_EST_INCIDENCE,COUNTRY,DOM,AMR,Americas,YEAR,2001,,,,,,,,,0.27 [0.23-0.32],0.273769774,0.226927037,0.32415174,,2025-12-19T14:24:05Z,2001,01/01/2001,31/12/2001,,
971303,MALARIA_EST_INCIDENCE,COUNTRY,ZAF,AFR,Africa,YEAR,2007,,,,,,,,,1.25 [1.25-1.25],1.252162637,1.252162637,1.252162637,,2025-12-19T14:24:05Z,2007,01/01/2007,31/12/2007,,
973296,MALARIA_EST_INCIDENCE,COUNTRY,IND,SEAR,South-East Asia,YEAR,2018,,,,,,,,,3.43 [2.42-4.52],3.434665461,2.423910891,4.518576091,,2025-12-19T14:24:05Z,2018,01/01/2018,31/12/2018,,
979965,MALARIA_EST_INCIDENCE,COUNTRY,MRT,AFR,Africa,YEAR,2004,,,,,,,,,86.37 [30.95-166.75],86.371944,30.95404549,166.750216,,2025-12-19T14:24:05Z,2004,01/01/2004,31/12/2004,,
1001596,MALARIA_EST_INCIDENCE,COUNTRY,BTN,SEAR,South-East Asia,YEAR,2006,,,,,,,,,3.76 [3.76-3.76],3.763162507,3.763162507,3.763162507,,2025-12-19T14:24:05Z,2006,01/01/2006,31/12/2006,,
1002430,MALARIA_EST_INCIDENCE,GLOBAL,GLOBAL,,,YEAR,2005,,,,,,,,,76.08 [70.52-83.68],76.07828766,70.52045867,83.684751790000007,,2025-12-19T14:24:05Z,2005,01/01/2005,31/12/2005,,
1009536,MALARIA_EST_INCIDENCE,COUNTRY,NIC,AMR,Americas,YEAR,2019,,,,,,,,,2.93 [2.44-3.45],2.929919248,2.4391748620000002,3.454139411,,2025-12-19T14:24:05Z,2019,01/01/2019,31/12/2019,,
1010195,MALARIA_EST_INCIDENCE,COUNTRY,KOR,WPR,Western Pacific,YEAR,2013,,,,,,,,,0.11 [0.11-0.11],0.10927306,0.10927306,0.10927306,,2025-12-19T14:24:05Z,2013,01/01/2013,31/12/2013,,
1015649,MALARIA_EST_INCIDENCE,REGION,AMR,,,YEAR,2011,,,,,,,,,4.49 [4.16-4.91],4.493745367,4.157059481,4.909600354,,2025-12-19T14:24:05Z,2011,01/01/2011,31/12/2011,,
1023832,MALARIA_EST_INCIDENCE,COUNTRY,SDN,EMR,Eastern Mediterranean,YEAR,2007,,,,,,,,,45.08 [32.89-60.55],45.08191793,32.88858863,60.54600741,,2025-12-19T14:24:05Z,2007,01/01/2007,31/12/2007,,
1024212,MALARIA_EST_INCIDENCE,COUNTRY,ZMB,AFR,Africa,YEAR,2002,,,,,,,,,369.96 [287.37-468.57],369.9612949,287.3677128,468.5707736,,2025-12-19T14:24:05Z,2002,01/01/2002,31/12/2002,,
1026992,MALARIA_EST_INCIDENCE,COUNTRY,BWA,AFR,Africa,YEAR,2020,,,,,,,,,1.13 [0.78-1.74],1.133538195,0.782256111,1.739212899,,2025-12-19T14:24:05Z,2020,01/01/2020,31/12/2020,,
1061332,MALARIA_EST_INCIDENCE,COUNTRY,AZE,EUR,Europe,YEAR,2015,,,,,,,,,0 [0-0],0,0,0,,2025-12-19T14:24:05Z,2015,01/01/2015,31/12/2015,,
1080458,MALARIA_EST_INCIDENCE,COUNTRY,MDG,AFR,Africa,YEAR,2009,,,,,,,,,44.57 [26.51-71.80],44.56571988,26.50821015,71.79525545,,2025-12-19T14:24:05Z,2009,01/01/2009,31/12/2009,,
1090732,MALARIA_EST_INCIDENCE,COUNTRY,BRA,AMR,Americas,YEAR,2010,,,,,,,,,9.92 [8.86-10.73],9.918850737,8.855684669,10.7318667,,2025-12-19T14:24:05Z,2010,01/01/2010,31/12/2010,,
1092116,MALARIA_EST_INCIDENCE,COUNTRY,SEN,AFR,Africa,YEAR,2004,,,,,,,,,129.20 [28.10-240.82],129.1973617,28.09641413,240.8189557,,2025-12-19T14:24:05Z,2004,01/01/2004,31/12/2004,,
1110121,MALARIA_EST_INCIDENCE,COUNTRY,MRT,AFR,Africa,YEAR,2020,,,,,,,,,64.11 [21.40-131.73],64.10621784,21.39959166,131.7292323,,2025-12-19T14:24:05Z,2020,01/01/2020,31/12/2020,,
1110522,MALARIA_EST_INCIDENCE,COUNTRY,UZB,EUR,Europe,YEAR,2013,,,,,,,,,0 [0-0],0,0,0,,2025-12-19T14:24:05Z,2013,01/01/2013,31/12/2013,,
1115709,MALARIA_EST_INCIDENCE,COUNTRY,ZAF,AFR,Africa,YEAR,2011,,,,,,,,,1.86 [1.86-1.86],1.861678039,1.861678039,1.861678039,,2025-12-19T14:24:05Z,2011,01/01/2011,31/12/2011,,
1116164,MALARIA_EST_INCIDENCE,COUNTRY,CIV,AFR,Africa,YEAR,2010,,,,,,,,,458.12 [375.98-553.85],458.1223177,375.9838719,553.8472698,,2025-12-19T14:24:05Z,2010,01/01/2010,31/12/2010,,
1123217,MALARIA_EST_INCIDENCE,COUNTRY,ZAF,AFR,Africa,YEAR,2004,,,,,,,,,2.73 [2.73-2.73],2.734968695,2.734968695,2.734968695,,2025-12-19T14:24:05Z,2004,01/01/2004,31/12/2004,,
1129504,MALARIA_EST_INCIDENCE,COUNTRY,ERI,AFR,Africa,YEAR,2024,,,,,,,,,102.42 [65.72-142.83],102.4243955,65.71928466,142.8278783,,2025-12-19T14:24:05Z,2024,01/01/2024,31/12/2024,,
1136493,MALARIA_EST_INCIDENCE,COUNTRY,LAO,WPR,Western Pacific,YEAR,2015,,,,,,,,,17.66 [12.80-23.44],17.65654434,12.79995626,23.4404549,,2025-12-19T14:24:05Z,2015,01/01/2015,31/12/2015,,
1142272,MALARIA_EST_INCIDENCE,COUNTRY,ETH,AFR,Africa,YEAR,2001,,,,,,,,,210.90 [77.50-398.53],210.895939,77.49931759,398.5325024,,2025-12-19T14:24:05Z,2001,01/01/2001,31/12/2001,,
1143258,MALARIA_EST_INCIDENCE,COUNTRY,MEX,AMR,Americas,YEAR,2008,,,,,,,,,1.01 [1.01-1.01],1.007293368,1.007293368,1.007293368,,2025-12-19T14:24:05Z,2008,01/01/2008,31/12/2008,,
1149972,MALARIA_EST_INCIDENCE,COUNTRY,BLZ,AMR,Americas,YEAR,2001,,,,,,,,,6.78 [6.78-6.78],6.780214843,6.780214843,6.780214843,,2025-12-19T14:24:05Z,2001,01/01/2001,31/12/2001,,
1154160,MALARIA_EST_INCIDENCE,COUNTRY,GAB,AFR,Africa,YEAR,2001,,,,,,,,,353.69 [243.16-499.79],353.687572,243.1634224,499.7875859,,2025-12-19T14:24:05Z,2001,01/01/2001,31/12/2001,,
1159820,MALARIA_EST_INCIDENCE,COUNTRY,BEN,AFR,Africa,YEAR,2009,,,,,,,,,448.56 [354.62-556.87],448.5608643,354.6153536,556.8659791,,2025-12-19T14:24:05Z,2009,01/01/2009,31/12/2009,,
1162392,MALARIA_EST_INCIDENCE,COUNTRY,BFA,AFR,Africa,YEAR,2009,,,,,,,,,568.59 [454.96-697.22],568.5942101,454.9623092,697.2176929,,2025-12-19T14:24:05Z,2009,01/01/2009,31/12/2009,,
1173091,MALARIA_EST_INCIDENCE,COUNTRY,BOL,AMR,Americas,YEAR,2001,,,,,,,,,5.62 [4.22-7.08],5.62347687,4.220251921,7.082130716,,2025-12-19T14:24:05Z,2001,01/01/2001,31/12/2001,,
1185933,MALARIA_EST_INCIDENCE,COUNTRY,KEN,AFR,Africa,YEAR,2001,,,,,,,,,243.23 [193.87-301.32],243.2262453,193.8703317,301.3162474,,2025-12-19T14:24:05Z,2001,01/01/2001,31/12/2001,,
1188633,MALARIA_EST_INCIDENCE,GLOBAL,GLOBAL,,,YEAR,2006,,,,,,,,,72.97 [67.77-80.21],72.96763641,67.77261906,80.20941474,,2025-12-19T14:24:05Z,2006,01/01/2006,31/12/2006,,
1188658,MALARIA_EST_INCIDENCE,COUNTRY,RWA,AFR,Africa,YEAR,2000,,,,,,,,,180.43 [74.77-373.78],180.4321439,74.76782734,373.7771597,,2025-12-19T14:24:05Z,2000,01/01/2000,31/12/2000,,
1199723,MALARIA_EST_INCIDENCE,COUNTRY,AGO,AFR,Africa,YEAR,2019,,,,,,,,,243.10 [160.15-352.11],243.1031771,160.147561,352.1128561,,2025-12-19T14:24:05Z,2019,01/01/2019,31/12/2019,,
1206223,MALARIA_EST_INCIDENCE,COUNTRY,CAF,AFR,Africa,YEAR,2016,,,,,,,,,395.97 [221.75-656.32],395.974638,221.7459383,656.3228003,,2025-12-19T14:24:05Z,2016,01/01/2016,31/12/2016,,
1233428,MALARIA_EST_INCIDENCE,COUNTRY,ZAF,AFR,Africa,YEAR,2018,,,,,,,,,1.63 [1.63-1.63],1.631378704,1.631378704,1.631378704,,2025-12-19T14:24:05Z,2018,01/01/2018,31/12/2018,,
1236356,MALARIA_EST_INCIDENCE,COUNTRY,BGD,SEAR,South-East Asia,YEAR,2022,,,,,,,,,1.23 [1.05-1.42],1.229878145,1.046850847,1.424957164,,2025-12-19T14:24:05Z,2022,01/01/2022,31/12/2022,,
1244872,MALARIA_EST_INCIDENCE,COUNTRY,CAF,AFR,Africa,YEAR,2017,,,,,,,,,387.44 [207.40-658.18],387.4411444,207.4041621,658.1849104,,2025-12-19T14:24:05Z,2017,01/01/2017,31/12/2017,,
1250422,MALARIA_EST_INCIDENCE,COUNTRY,ARE,EMR,Eastern Mediterranean,YEAR,2023,,,,,,,,,0 [0-0],0,0,0,,2025-12-19T14:24:05Z,2023,01/01/2023,31/12/2023,,
1258249,MALARIA_EST_INCIDENCE,COUNTRY,SWZ,AFR,Africa,YEAR,2008,,,,,,,,,0.19 [0.19-0.19],0.188639357,0.188639357,0.188639357,,2025-12-19T14:24:05Z,2008,01/01/2008,31/12/2008,,
1262519,MALARIA_EST_INCIDENCE,COUNTRY,BDI,AFR,Africa,YEAR,2013,,,,,,,,,234.96 [173.99-309.54],234.9596814,173.9891028,309.5428542,,2025-12-19T14:24:05Z,2013,01/01/2013,31/12/2013,,
1265300,MALARIA_EST_INCIDENCE,COUNTRY,GNQ,AFR,Africa,YEAR,2023,,,,,,,,,229.81 [147.87-340.49],229.8104137,147.874806,340.4949612,,2025-12-19T14:24:05Z,2023,01/01/2023,31/12/2023,,
1268063,MALARIA_EST_INCIDENCE,COUNTRY,GUF,AMR,Americas,YEAR,2016,,,,,,,,,1.79 [1.59-2.05],1.785642898,1.585757499,2.052156763,,2025-12-19T14:24:05Z,2016,01/01/2016,31/12/2016,,
1290200,MALARIA_EST_INCIDENCE,COUNTRY,SSD,AFR,Africa,YEAR,2008,,,,,,,,,268.10 [212.44-333.71],268.0990745,212.4397331,333.7106345,,2025-12-19T14:24:05Z,2008,01/01/2008,31/12/2008,,
1294234,MALARIA_EST_INCIDENCE,COUNTRY,IRQ,EMR,Eastern Mediterranean,YEAR,2002,,,,,,,,,0.28 [0.28-0.28],0.281585825,0.281585825,0.281585825,,2025-12-19T14:24:05Z,2002,01/01/2002,31/12/2002,,
1296462,MALARIA_EST_INCIDENCE,COUNTRY,TZA,AFR,Africa,YEAR,2004,,,,,,,,,264.95 [206.89-335.48],264.9470208,206.8850337,335.4774614,,2025-12-19T14:24:05Z,2004,01/01/2004,31/12/2004,,
1302281,MALARIA_EST_INCIDENCE,COUNTRY,OMN,EMR,Eastern Mediterranean,YEAR,2009,,,,,,,,,0 [0-0],0,0,0,,2025-12-19T14:24:05Z,2009,01/01/2009,31/12/2009,,
1306660,MALARIA_EST_INCIDENCE,COUNTRY,LAO,WPR,Western Pacific,YEAR,2000,,,,,,,,,31.76 [25.08-39.23],31.75982067,25.07649356,39.230889,,2025-12-19T14:24:05Z,2000,01/01/2000,31/12/2000,,
1314711,MALARIA_EST_INCIDENCE,COUNTRY,GNB,AFR,Africa,YEAR,2002,,,,,,,,,251.22 [137.52-426.60],251.2179023,137.5234137,426.5963808,,2025-12-19T14:24:05Z,2002,01/01/2002,31/12/2002,,
1321414,MALARIA_EST_INCIDENCE,COUNTRY,MOZ,AFR,Africa,YEAR,2022,,,,,,,,,304.50 [244.41-374.71],304.5014421,244.4148005,374.7066373,,2025-12-19T14:24:05Z,2022,01/01/2022,31/12/2022,,
1328219,MALARIA_EST_INCIDENCE,COUNTRY,MMR,SEAR,South-East Asia,YEAR,2024,,,,,,,,,14.78 [8.88-61.97],14.77952057,8.877542147,61.96961092,,2025-12-19T14:24:05Z,2024,01/01/2024,31/12/2024,,
1346597,MALARIA_EST_INCIDENCE,COUNTRY,ARG,AMR,Americas,YEAR,2004,,,,,,,,,0.60 [0.60-0.60],0.597694753,0.597694753,0.597694753,,2025-12-19T14:24:05Z,2004,01/01/2004,31/12/2004,,
1370685,MALARIA_EST_INCIDENCE,COUNTRY,TCD,AFR,Africa,YEAR,2001,,,,,,,,,276.62 [161.81-445.00],276.6169047,161.809156,445.0035388,,2025-12-19T14:24:05Z,2001,01/01/2001,31/12/2001,,
1379280,MALARIA_EST_INCIDENCE,COUNTRY,NPL,SEAR,South-East Asia,YEAR,2018,,,,,,,,,0.34 [0.25-0.48],0.335510061,0.246850056,0.484993528,,2025-12-19T14:24:05Z,2018,01/01/2018,31/12/2018,,
1394440,MALARIA_EST_INCIDENCE,COUNTRY,OMN,EMR,Eastern Mediterranean,YEAR,2005,,,,,,,,,0 [0-0],0,0,0,,2025-12-19T14:24:05Z,2005,01/01/2005,31/12/2005,,
1396858,MALARIA_EST_INCIDENCE,COUNTRY,SDN,EMR,Eastern Mediterranean,YEAR,2010,,,,,,,,,32.39 [24.46-41.97],32.38993269,24.46335529,41.96968442,,2025-12-19T14:24:05Z,2010,01/01/2010,31/12/2010,,
1404702,MALARIA_EST_INCIDENCE,COUNTRY,GAB,AFR,Africa,YEAR,2009,,,,,,,,,147.03 [70.21-274.67],147.0332628,70.20527746,274.6675706,,2025-12-19T14:24:05Z,2009,01/01/2009,31/12/2009,,
1405534,MALARIA_EST_INCIDENCE,COUNTRY,PAN,AMR,Americas,YEAR,2019,,,,,,,,,0.65 [0.63-0.70],0.652040057,0.627368271,0.695039455,,2025-12-19T14:24:05Z,2019,01/01/2019,31/12/2019,,
1405576,MALARIA_EST_INCIDENCE,COUNTRY,ZMB,AFR,Africa,YEAR,2007,,,,,,,,,194.66 [151.47-246.24],194.6593278,151.4668186,246.2442594,,2025-12-19T14:24:05Z,2007,01/01/2007,31/12/2007,,
1413147,MALARIA_EST_INCIDENCE,COUNTRY,DOM,AMR,Americas,YEAR,2018,,,,,,,,,0.09 [0.08-0.10],0.086883753,0.076275853,0.098670308,,2025-12-19T14:24:05Z,2018,01/01/2018,31/12/2018,,
1413763,MALARIA_EST_INCIDENCE,COUNTRY,AGO,AFR,Africa,YEAR,2012,,,,,,,,,153.05 [113.46-201.93],153.0532906,113.4606981,201.9277819,,2025-12-19T14:24:05Z,2012,01/01/2012,31/12/2012,,
1413861,MALARIA_EST_INCIDENCE,COUNTRY,TZA,AFR,Africa,YEAR,2015,,,,,,,,,141.80 [106.00-186.66],141.8033753,106.0000419,186.658681,,2025-12-19T14:24:05Z,2015,01/01/2015,31/12/2015,,
1417847,MALARIA_EST_INCIDENCE,COUNTRY,CMR,AFR,Africa,YEAR,2015,,,,,,,,,271.06 [195.67-364.92],271.055607,195.674334,364.9242168,,2025-12-19T14:24:05Z,2015,01/01/2015,31/12/2015,,
1419025,MALARIA_EST_INCIDENCE,COUNTRY,YEM,EMR,Eastern Mediterranean,YEAR,2020,,,,,,,,,36.48 [23.51-55.31],36.47733788,23.51152718,55.31172036,,2025-12-19T14:24:05Z,2020,01/01/2020,31/12/2020,,
1419278,MALARIA_EST_INCIDENCE,COUNTRY,PER,AMR,Americas,YEAR,2017,,,,,,,,,5.91 [4.86-7.04],5.913323705,4.855930604,7.043448689,,2025-12-19T14:24:05Z,2017,01/01/2017,31/12/2017,,
1423048,MALARIA_EST_INCIDENCE,COUNTRY,MLI,AFR,Africa,YEAR,2015,,,,,,,,,381.71 [270.75-541.04],381.7113885,270.7481055,541.0357622,,2025-12-19T14:24:05Z,2015,01/01/2015,31/12/2015,,
1424449,MALARIA_EST_INCIDENCE,COUNTRY,ECU,AMR,Americas,YEAR,2018,,,,,,,,,0.17 [0.17-0.17],0.171082981,0.171082981,0.171082981,,2025-12-19T14:24:05Z,2018,01/01/2018,31/12/2018,,
1455671,MALARIA_EST_INCIDENCE,COUNTRY,GNQ,AFR,Africa,YEAR,2012,,,,,,,,,312.77 [220.16-431.67],312.7679297,220.1637169,431.6689512,,2025-12-19T14:24:05Z,2012,01/01/2012,31/12/2012,,
1457997,MALARIA_EST_INCIDENCE,COUNTRY,IND,SEAR,South-East Asia,YEAR,2008,,,,,,,,,14.54 [10.95-19.47],14.53795722,10.95419275,19.47467241,,2025-12-19T14:24:05Z,2008,01/01/2008,31/12/2008,,
1461402,MALARIA_EST_INCIDENCE,COUNTRY,ZMB,AFR,Africa,YEAR,2008,,,,,,,,,171.62 [133.14-216.07],171.6153442,133.1391474,216.0749226,,2025-12-19T14:24:05Z,2008,01/01/2008,31/12/2008,,
1462258,MALARIA_EST_INCIDENCE,COUNTRY,MLI,AFR,Africa,YEAR,2023,,,,,,,,,346.22 [244.35-492.21],346.2195915,244.3470588,492.212284,,2025-12-19T14:24:05Z,2023,01/01/2023,31/12/2023,,
1462639,MALARIA_EST_INCIDENCE,COUNTRY,LBR,AFR,Africa,YEAR,2005,,,,,,,,,403.18 [275.88-558.11],403.1845972,275.8845767,558.1114091,,2025-12-19T14:24:05Z,2005,01/01/2005,31/12/2005,,
1468635,MALARIA_EST_INCIDENCE,COUNTRY,NER,AFR,Africa,YEAR,2004,,,,,,,,,302.78 [190.33-453.04],302.7813701,190.3267819,453.036682,,2025-12-19T14:24:05Z,2004,01/01/2004,31/12/2004,,
1481636,MALARIA_EST_INCIDENCE,COUNTRY,MOZ,AFR,Africa,YEAR,2000,,,,,,,,,473.67 [387.33-574.48],473.6679998,387.3301884,574.4839683,,2025-12-19T14:24:05Z,2000,01/01/2000,31/12/2000,,
1488132,MALARIA_EST_INCIDENCE,COUNTRY,VEN,AMR,Americas,YEAR,2013,,,,,,,,,6.16 [5.48-7.15],6.163505604,5.478768227,7.154713271,,2025-12-19T14:24:05Z,2013,01/01/2013,31/12/2013,,
1489884,MALARIA_EST_INCIDENCE,COUNTRY,MOZ,AFR,Africa,YEAR,2021,,,,,,,,,312.45 [248.91-390.14],312.4499019,248.9057621,390.1358254,,2025-12-19T14:24:05Z,2021,01/01/2021,31/12/2021,,
1505891,MALARIA_EST_INCIDENCE,COUNTRY,BGD,SEAR,South-East Asia,YEAR,2001,,,,,,,,,6.62 [2.93-10.45],6.616702382,2.930609272,10.44603732,,2025-12-19T14:24:05Z,2001,01/01/2001,31/12/2001,,
1506881,MALARIA_EST_INCIDENCE,COUNTRY,GMB,AFR,Africa,YEAR,2024,,,,,,,,,75.44 [58.73-93.92],75.44419593,58.73319331,93.91907462,,2025-12-19T14:24:05Z,2024,01/01/2024,31/12/2024,,
1532719,MALARIA_EST_INCIDENCE,COUNTRY,MEX,AMR,Americas,YEAR,2003,,,,,,,,,1.75 [1.75-1.75],1.749312001,1.749312001,1.749312001,,2025-12-19T14:24:05Z,2003,01/01/2003,31/12/2003,,
1550063,MALARIA_EST_INCIDENCE,COUNTRY,MLI,AFR,Africa,YEAR,2002,,,,,,,,,405.09 [270.83-588.70],405.0914666,270.8275028,588.6974981,,2025-12-19T14:24:05Z,2002,01/01/2002,31/12/2002,,
1551567,MALARIA_EST_INCIDENCE,COUNTRY,ETH,AFR,Africa,YEAR,2020,,,,,,,,,52.28 [29.17-78.48],52.28211767,29.16769617,78.47779938,,2025-12-19T14:24:05Z,2020,01/01/2020,31/12/2020,,
1556713,MALARIA_EST_INCIDENCE,COUNTRY,PER,AMR,Americas,YEAR,2012,,,,,,,,,3.48 [2.85-4.15],3.484085792,2.854592558,4.148215682,,2025-12-19T14:24:05Z,2012,01/01/2012,31/12/2012,,
1556769,MALARIA_EST_INCIDENCE,COUNTRY,COM,AFR,Africa,YEAR,2000,,,,,,,,,66.37 [44.49-89.21],66.37081475,44.4915768,89.21446279,,2025-12-19T14:24:05Z,2000,01/01/2000,31/12/2000,,
1558667,MALARIA_EST_INCIDENCE,COUNTRY,ECU,AMR,Americas,YEAR,2000,,,,,,,,,14.54 [14.54-14.54],14.53600431,14.53600431,14.53600431,,2025-12-19T14:24:05Z,2000,01/01/2000,31/12/2000,,
1563914,MALARIA_EST_INCIDENCE,COUNTRY,CRI,AMR,Americas,YEAR,2002,,,,,,,,,0.72 [0.72-0.72],0.715739827,0.715739827,0.715739827,,2025-12-19T14:24:05Z,2002,01/01/2002,31/12/2002,,
1583247,MALARIA_EST_INCIDENCE,GLOBAL,GLOBAL,,,YEAR,2015,,,,,,,,,59.01 [54.91-63.83],59.00762516,54.90920186,63.83148047,,2025-12-19T14:24:05Z,2015,01/01/2015,31/12/2015,,
1583797,MALARIA_EST_INCIDENCE,COUNTRY,KHM,WPR,Western Pacific,YEAR,2020,,,,,,,,,0.94 [0.87-1.02],0.937700213,0.867774016,1.022588683,,2025-12-19T14:24:05Z,2020,01/01/2020,31/12/2020,,
1587344,MALARIA_EST_INCIDENCE,COUNTRY,NPL,SEAR,South-East Asia,YEAR,2009,,,,,,,,,3.25 [1.48-7.55],3.249469077,1.484006157,7.54669013,,2025-12-19T14:24:05Z,2009,01/01/2009,31/12/2009,,
1587381,MALARIA_EST_INCIDENCE,COUNTRY,CAF,AFR,Africa,YEAR,2010,,,,,,,,,453.11 [292.48-674.29],453.1091176,292.4791704,674.2904009,,2025-12-19T14:24:05Z,2010,01/01/2010,31/12/2010,,
1590418,MALARIA_EST_INCIDENCE,COUNTRY,VUT,WPR,Western Pacific,YEAR,2005,,,,,,,,,121.58 [79.09-184.78],121.5790473,79.08984153,184.7755741,,2025-12-19T14:24:05Z,2005,01/01/2005,31/12/2005,,
1597060,MALARIA_EST_INCIDENCE,COUNTRY,SWZ,AFR,Africa,YEAR,2020,,,,,,,,,0.70 [0.70-0.70],0.697679989,0.697679989,0.697679989,,2025-12-19T14:24:05Z,2020,01/01/2020,31/12/2020,,
1600501,MALARIA_EST_INCIDENCE,COUNTRY,MYT,AFR,Africa,YEAR,2022,,,,,,,,,0 [0-0],0,0,0,,2025-12-19T14:24:05Z,2022,01/01/2022,31/12/2022,,
1601434,MALARIA_EST_INCIDENCE,COUNTRY,KOR,WPR,Western Pacific,YEAR,2012,,,,,,,,,0.11 [0.11-0.11],0.113480243,0.113480243,0.113480243,,2025-12-19T14:24:05Z,2012,01/01/2012,31/12/2012,,
1602225,MALARIA_EST_INCIDENCE,COUNTRY,NAM,AFR,Africa,YEAR,2023,,,,,,,,,8.24 [6.54-10.09],8.238249355,6.537526637,10.09332232,,2025-12-19T14:24:05Z,2023,01/01/2023,31/12/2023,,
1607954,MALARIA_EST_INCIDENCE,COUNTRY,BDI,AFR,Africa,YEAR,2000,,,,,,,,,427.48 [302.29-579.13],427.481375,302.289638,579.1310244,,2025-12-19T14:24:05Z,2000,01/01/2000,31/12/2000,,
1612637,MALARIA_EST_INCIDENCE,COUNTRY,TUR,EUR,Europe,YEAR,2020,,,,,,,,,0 [0-0],0,0,0,,2025-12-19T14:24:05Z,2020,01/01/2020,31/12/2020,,
1620176,MALARIA_EST_INCIDENCE,COUNTRY,KOR,WPR,Western Pacific,YEAR,2015,,,,,,,,,0.18 [0.18-0.18],0.175685714,0.175685714,0.175685714,,2025-12-19T14:24:05Z,2015,01/01/2015,31/12/2015,,
1633655,MALARIA_EST_INCIDENCE,COUNTRY,YEM,EMR,Eastern Mediterranean,YEAR,2013,,,,,,,,,37.12 [25.94-53.48],37.12470527,25.93938863,53.484956939999996,,2025-12-19T14:24:05Z,2013,01/01/2013,31/12/2013,,
1635021,MALARIA_EST_INCIDENCE,COUNTRY,ARG,AMR,Americas,YEAR,2005,,,,,,,,,1.18 [1.18-1.18],1.178072551,1.178072551,1.178072551,,2025-12-19T14:24:05Z,2005,01/01/2005,31/12/2005,,
1640284,MALARIA_EST_INCIDENCE,COUNTRY,AFG,EMR,Eastern Mediterranean,YEAR,2024,,,,,,,,,17.76 [13.67-22.63],17.76269535,13.67089787,22.63151281,,2025-12-19T14:24:05Z,2024,01/01/2024,31/12/2024,,
1658461,MALARIA_EST_INCIDENCE,COUNTRY,COL,AMR,Americas,YEAR,2015,,,,,,,,,8.16 [6.06-10.47],8.158827928,6.064676509,10.46808848,,2025-12-19T14:24:05Z,2015,01/01/2015,31/12/2015,,
1664908,MALARIA_EST_INCIDENCE,COUNTRY,SDN,EMR,Eastern Mediterranean,YEAR,2008,,,,,,,,,37.18 [27.81-48.51],37.180668,27.81010168,48.50970122,,2025-12-19T14:24:05Z,2008,01/01/2008,31/12/2008,,
1669881,MALARIA_EST_INCIDENCE,COUNTRY,AGO,AFR,Africa,YEAR,2021,,,,,,,,,258.61 [169.51-375.20],258.6080753,169.5137743,375.1996182,,2025-12-19T14:24:05Z,2021,01/01/2021,31/12/2021,,
1676468,MALARIA_EST_INCIDENCE,GLOBAL,GLOBAL,,,YEAR,2022,,,,,,,,,60.28 [54.73-67.04],60.27679469,54.72758349,67.03566542,,2025-12-19T14:24:05Z,2022,01/01/2022,31/12/2022,,
1682808,MALARIA_EST_INCIDENCE,COUNTRY,COD,AFR,Africa,YEAR,2017,,,,,,,,,324.07 [248.65-412.35],324.0694053,248.6514826,412.3534701,,2025-12-19T14:24:05Z,2017,01/01/2017,31/12/2017,,
1683714,MALARIA_EST_INCIDENCE,COUNTRY,GNQ,AFR,Africa,YEAR,2017,,,,,,,,,291.23 [190.92-426.01],291.2323708,190.9181577,426.0109479,,2025-12-19T14:24:05Z,2017,01/01/2017,31/12/2017,,
1683731,MALARIA_EST_INCIDENCE,COUNTRY,ARG,AMR,Americas,YEAR,2013,,,,,,,,,0 [0-0],0,0,0,,2025-12-19T14:24:05Z,2013,01/01/2013,31/12/2013,,
1689375,MALARIA_EST_INCIDENCE,COUNTRY,ETH,AFR,Africa,YEAR,2015,,,,,,,,,130.06 [49.52-238.81],130.0601358,49.51826995,238.8060232,,2025-12-19T14:24:05Z,2015,01/01/2015,31/12/2015,,
1695102,MALARIA_EST_INCIDENCE,COUNTRY,CIV,AFR,Africa,YEAR,2012,,,,,,,,,375.19 [300.30-468.53],375.1917047,300.3035423,468.5273556,,2025-12-19T14:24:05Z,2012,01/01/2012,31/12/2012,,
1704125,MALARIA_EST_INCIDENCE,COUNTRY,CMR,AFR,Africa,YEAR,2003,,,,,,,,,441.40 [350.65-545.52],441.4048838,350.6514869,545.5220744,,2025-12-19T14:24:05Z,2003,01/01/2003,31/12/2003,,
1715852,MALARIA_EST_INCIDENCE,COUNTRY,MDG,AFR,Africa,YEAR,2013,,,,,,,,,63.67 [40.80-97.79],63.67437614,40.80219181,97.78841061,,2025-12-19T14:24:05Z,2013,01/01/2013,31/12/2013,,
1720770,MALARIA_EST_INCIDENCE,COUNTRY,MWI,AFR,Africa,YEAR,2024,,,,,,,,,294.53 [191.30-431.34],294.5279965,191.2981685,431.3356252,,2025-12-19T14:24:05Z,2024,01/01/2024,31/12/2024,,
1722238,MALARIA_EST_INCIDENCE,COUNTRY,BGD,SEAR,South-East Asia,YEAR,2009,,,,,,,,,4.96 [4.19-5.79],4.957225838,4.189607077,5.794633714,,2025-12-19T14:24:05Z,2009,01/01/2009,31/12/2009,,
1722801,MALARIA_EST_INCIDENCE,COUNTRY,TUR,EUR,Europe,YEAR,2009,,,,,,,,,0.01 [0.01-0.01],0.008067572,0.008067572,0.008067572,,2025-12-19T14:24:05Z,2009,01/01/2009,31/12/2009,,
1730188,MALARIA_EST_INCIDENCE,COUNTRY,MYS,WPR,Western Pacific,YEAR,2021,,,,,,,,,0 [0-0],0,0,0,,2025-12-19T14:24:05Z,2021,01/01/2021,31/12/2021,,
1741787,MALARIA_EST_INCIDENCE,COUNTRY,ARM,EUR,Europe,YEAR,2007,,,,,,,,,0 [0-0],0,0,0,,2025-12-19T14:24:05Z,2007,01/01/2007,31/12/2007,,
1742069,MALARIA_EST_INCIDENCE,REGION,EMR,,,YEAR,2017,,,,,,,,,11.08 [9.50-13.10],11.0836242,9.503200824,13.09850634,,2025-12-19T14:24:05Z,2017,01/01/2017,31/12/2017,,
1742662,MALARIA_EST_INCIDENCE,COUNTRY,COG,AFR,Africa,YEAR,2016,,,,,,,,,215.75 [132.91-332.07],215.7471006,132.906092,332.0715501,,2025-12-19T14:24:05Z,2016,01/01/2016,31/12/2016,,
1746492,MALARIA_EST_INCIDENCE,COUNTRY,CIV,AFR,Africa,YEAR,2000,,,,,,,,,490.52 [388.38-610.04],490.516924,388.3822968,610.0391158,,2025-12-19T14:24:05Z,2000,01/01/2000,31/12/2000,,
1752281,MALARIA_EST_INCIDENCE,COUNTRY,PAN,AMR,Americas,YEAR,2024,,,,,,,,,3.50 [3.50-3.50],3.503627246,3.503627246,3.503627246,,2025-12-19T14:24:05Z,2024,01/01/2024,31/12/2024,,
1753939,MALARIA_EST_INCIDENCE,COUNTRY,TLS,SEAR,South-East Asia,YEAR,2020,,,,,,,,,0 [0-0],0.002405456,0.002405456,0.002405456,,2025-12-19T14:24:05Z,2020,01/01/2020,31/12/2020,,
1761630,MALARIA_EST_INCIDENCE,REGION,SEAR,,,YEAR,2008,,,,,,,,,14.97 [11.56-19.52],14.96895453,11.55742036,19.52188481,,2025-12-19T14:24:05Z,2008,01/01/2008,31/12/2008,,
1774951,MALARIA_EST_INCIDENCE,COUNTRY,IDN,WPR,Western Pacific,YEAR,2009,,,,,,,,,5.28 [4.36-6.50],5.283878185,4.364085305,6.502733607,,2025-12-19T14:24:05Z,2009,01/01/2009,31/12/2009,,
1803750,MALARIA_EST_INCIDENCE,COUNTRY,BWA,AFR,Africa,YEAR,2011,,,,,,,,,0.50 [0.38-0.68],0.496104272,0.381171024,0.683052656,,2025-12-19T14:24:05Z,2011,01/01/2011,31/12/2011,,
1804391,MALARIA_EST_INCIDENCE,COUNTRY,DZA,AFR,Africa,YEAR,2023,,,,,,,,,0 [0-0],0,0,0,,2025-12-19T14:24:05Z,2023,01/01/2023,31/12/2023,,
1806098,MALARIA_EST_INCIDENCE,COUNTRY,AFG,EMR,Eastern Mediterranean,YEAR,2005,,,,,,,,,28.42 [16.69-45.67],28.41896717,16.69160487,45.66593462,,2025-12-19T14:24:05Z,2005,01/01/2005,31/12/2005,,
1810392,MALARIA_EST_INCIDENCE,COUNTRY,CPV,AFR,Africa,YEAR,2009,,,,,,,,,0.49 [0.49-0.49],0.493935986,0.493935986,0.493935986,,2025-12-19T14:24:05Z,2009,01/01/2009,31/12/2009,,
1811802,MALARIA_EST_INCIDENCE,COUNTRY,SUR,AMR,Americas,YEAR,2005,,,,,,,,,119.05 [119.05-119.05],119.0451357,119.0451357,119.0451357,,2025-12-19T14:24:05Z,2005,01/01/2005,31/12/2005,,
1812532,MALARIA_EST_INCIDENCE,COUNTRY,MWI,AFR,Africa,YEAR,2014,,,,,,,,,275.05 [205.07-359.29],275.0492764,205.0661843,359.2903752,,2025-12-19T14:24:05Z,2014,01/01/2014,31/12/2014,,
1819377,MALARIA_EST_INCIDENCE,COUNTRY,HTI,AMR,Americas,YEAR,2006,,,,,,,,,9.86 [5.73-15.62],9.861116846,5.734203802,15.62324969,,2025-12-19T14:24:05Z,2006,01/01/2006,31/12/2006,,
1823185,MALARIA_EST_INCIDENCE,COUNTRY,BTN,SEAR,South-East Asia,YEAR,2005,,,,,,,,,3.73 [3.73-3.73],3.726162767,3.726162767,3.726162767,,2025-12-19T14:24:05Z,2005,01/01/2005,31/12/2005,,
1831640,MALARIA_EST_INCIDENCE,COUNTRY,COL,AMR,Americas,YEAR,2008,,,,,,,,,11.35 [8.68-14.12],11.35102204,8.683396124,14.1206323,,2025-12-19T14:24:05Z,2008,01/01/2008,31/12/2008,,
1838038,MALARIA_EST_INCIDENCE,COUNTRY,NAM,AFR,Africa,YEAR,2017,,,,,,,,,44.81 [35.59-54.80],44.80569541,35.58663021,54.80377814,,2025-12-19T14:24:05Z,2017,01/01/2017,31/12/2017,,
1838748,MALARIA_EST_INCIDENCE,COUNTRY,ZWE,AFR,Africa,YEAR,2013,,,,,,,,,78.27 [55.67-102.49],78.2694755,55.66515126,102.4878134,,2025-12-19T14:24:05Z,2013,01/01/2013,31/12/2013,,
1849474,MALARIA_EST_INCIDENCE,COUNTRY,HTI,AMR,Americas,YEAR,2000,,,,,,,,,9.71 [5.61-15.62],9.713675863,5.608623978,15.62090324,,2025-12-19T14:24:05Z,2000,01/01/2000,31/12/2000,,
1863497,MALARIA_EST_INCIDENCE,COUNTRY,SLB,WPR,Western Pacific,YEAR,2009,,,,,,,,,146.81 [104.77-209.09],146.8051053,104.7720188,209.0856677,,2025-12-19T14:24:05Z,2009,01/01/2009,31/12/2009,,
1867277,MALARIA_EST_INCIDENCE,REGION,AFR,,,YEAR,2020,,,,,,,,,237.77 [215.47-264.63],237.7702237,215.4718285,264.6304367,,2025-12-19T14:24:05Z,2020,01/01/2020,31/12/2020,,
1870251,MALARIA_EST_INCIDENCE,COUNTRY,GMB,AFR,Africa,YEAR,2003,,,,,,,,,285.25 [211.84-371.48],285.2515607,211.8355697,371.4814837,,2025-12-19T14:24:05Z,2003,01/01/2003,31/12/2003,,
1900752,MALARIA_EST_INCIDENCE,COUNTRY,ERI,AFR,Africa,YEAR,2021,,,,,,,,,27.74 [17.84-38.42],27.74117115,17.83931654,38.42317718,,2025-12-19T14:24:05Z,2021,01/01/2021,31/12/2021,,
1901535,MALARIA_EST_INCIDENCE,COUNTRY,KAZ,EUR,Europe,YEAR,2011,,,,,,,,,0 [0-0],0,0,0,,2025-12-19T14:24:05Z,2011,01/01/2011,31/12/2011,,
1905539,MALARIA_EST_INCIDENCE,COUNTRY,CAF,AFR,Africa,YEAR,2008,,,,,,,,,465.74 [312.18-669.70],465.7435661,312.1775185,669.6978526,,2025-12-19T14:24:05Z,2008,01/01/2008,31/12/2008,,
1905904,MALARIA_EST_INCIDENCE,COUNTRY,OMN,EMR,Eastern Mediterranean,YEAR,2014,,,,,,,,,0 [0-0],0,0,0,,2025-12-19T14:24:05Z,2014,01/01/2014,31/12/2014,,
1906867,MALARIA_EST_INCIDENCE,COUNTRY,NER,AFR,Africa,YEAR,2002,,,,,,,,,327.87 [184.43-535.75],327.8655589,184.4298358,535.7454168,,2025-12-19T14:24:05Z,2002,01/01/2002,31/12/2002,,
1913717,MALARIA_EST_INCIDENCE,COUNTRY,LBR,AFR,Africa,YEAR,2008,,,,,,,,,357.06 [279.06-453.18],357.0604367,279.0609756,453.1820637,,2025-12-19T14:24:05Z,2008,01/01/2008,31/12/2008,,
1917642,MALARIA_EST_INCIDENCE,COUNTRY,HTI,AMR,Americas,YEAR,2005,,,,,,,,,9.71 [5.60-15.68],9.713765215,5.599932284,15.68225001,,2025-12-19T14:24:05Z,2005,01/01/2005,31/12/2005,,
1919784,MALARIA_EST_INCIDENCE,COUNTRY,GNB,AFR,Africa,YEAR,2005,,,,,,,,,93.26 [42.63-180.22],93.26389618,42.63492655,180.2152238,,2025-12-19T14:24:05Z,2005,01/01/2005,31/12/2005,,
1923665,MALARIA_EST_INCIDENCE,REGION,AMR,,,YEAR,2005,,,,,,,,,10.06 [9.49-10.72],10.05804043,9.486854865,10.71607377,,2025-12-19T14:24:05Z,2005,01/01/2005,31/12/2005,,
1927013,MALARIA_EST_INCIDENCE,COUNTRY,PRK,SEAR,South-East Asia,YEAR,2019,,,,,,,,,0.18 [0.18-0.18],0.183613556,0.183613556,0.183613556,,2025-12-19T14:24:05Z,2019,01/01/2019,31/12/2019,,
1937257,MALARIA_EST_INCIDENCE,COUNTRY,AGO,AFR,Africa,YEAR,2002,,,,,,,,,315.70 [214.33-455.72],315.6971967,214.3326402,455.7211246,,2025-12-19T14:24:05Z,2002,01/01/2002,31/12/2002,,
1938691,MALARIA_EST_INCIDENCE,COUNTRY,SAU,EMR,Eastern Mediterranean,YEAR,2010,,,,,,,,,0.01 [0.01-0.01],0.010750125,0.010750125,0.010750125,,2025-12-19T14:24:05Z,2010,01/01/2010,31/12/2010,,
1949844,MALARIA_EST_INCIDENCE,COUNTRY,YEM,EMR,Eastern Mediterranean,YEAR,2008,,,,,,,,,33.40 [17.20-74.15],33.40362941,17.19598617,74.15127014,,2025-12-19T14:24:05Z,2008,01/01/2008,31/12/2008,,
1962726,MALARIA_EST_INCIDENCE,COUNTRY,PER,AMR,Americas,YEAR,2021,,,,,,,,,1.79 [1.46-2.12],1.785398344,1.46156932,2.124510762,,2025-12-19T14:24:05Z,2021,01/01/2021,31/12/2021,,
1968089,MALARIA_EST_INCIDENCE,COUNTRY,ETH,AFR,Africa,YEAR,2003,,,,,,,,,208.94 [86.26-498.13],208.9400694,86.2592994,498.1251323,,2025-12-19T14:24:05Z,2003,01/01/2003,31/12/2003,,
1968409,MALARIA_EST_INCIDENCE,REGION,EUR,,,YEAR,2013,,,,,,,,,0 [0-0],1.19818e-4,1.19818e-4,1.19818e-4,,2025-12-19T14:24:05Z,2013,01/01/2013,31/12/2013,,
1980785,MALARIA_EST_INCIDENCE,COUNTRY,MYT,AFR,Africa,YEAR,2006,,,,,,,,,7.81 [7.81-7.81],7.813651777,7.813651777,7.813651777,,2025-12-19T14:24:05Z,2006,01/01/2006,31/12/2006,,
1983153,MALARIA_EST_INCIDENCE,COUNTRY,TLS,SEAR,South-East Asia,YEAR,2024,,,,,,,,,0 [0-0],0,0,0,,2025-12-19T14:24:05Z,2024,01/01/2024,31/12/2024,,
1984563,MALARIA_EST_INCIDENCE,REGION,AMR,,,YEAR,2003,,,,,,,,,9.43 [8.67-10.26],9.428839627,8.667013335,10.26027411,,2025-12-19T14:24:05Z,2003,01/01/2003,31/12/2003,,
2003731,MALARIA_EST_INCIDENCE,COUNTRY,SAU,EMR,Eastern Mediterranean,YEAR,2015,,,,,,,,,0.03 [0.03-0.03],0.025822381,0.025822381,0.025822381,,2025-12-19T14:24:05Z,2015,01/01/2015,31/12/2015,,
2016027,MALARIA_EST_INCIDENCE,COUNTRY,SAU,EMR,Eastern Mediterranean,YEAR,2019,,,,,,,,,0.01 [0.01-0.01],0.011629142,0.011629142,0.011629142,,2025-12-19T14:24:05Z,2019,01/01/2019,31/12/2019,,
2019955,MALARIA_EST_INCIDENCE,COUNTRY,MLI,AFR,Africa,YEAR,2005,,,,,,,,,419.83 [291.44-605.11],419.8340073,291.4404232,605.1105197,,2025-12-19T14:24:05Z,2005,01/01/2005,31/12/2005,,
2031788,MALARIA_EST_INCIDENCE,COUNTRY,NPL,SEAR,South-East Asia,YEAR,2014,,,,,,,,,0.61 [0.38-1.23],0.611214619,0.375165325,1.234004612,,2025-12-19T14:24:05Z,2014,01/01/2014,31/12/2014,,
2040116,MALARIA_EST_INCIDENCE,COUNTRY,PRY,AMR,Americas,YEAR,2000,,,,,,,,,37.32 [37.32-37.32],37.31940685,37.31940685,37.31940685,,2025-12-19T14:24:05Z,2000,01/01/2000,31/12/2000,,
2046757,MALARIA_EST_INCIDENCE,COUNTRY,BTN,SEAR,South-East Asia,YEAR,2020,,,,,,,,,0.04 [0.04-0.04],0.038609768,0.038609768,0.038609768,,2025-12-19T14:24:05Z,2020,01/01/2020,31/12/2020,,
2052114,MALARIA_EST_INCIDENCE,COUNTRY,GNQ,AFR,Africa,YEAR,2014,,,,,,,,,334.00 [236.48-463.30],333.9969868,236.47974,463.3028224,,2025-12-19T14:24:05Z,2014,01/01/2014,31/12/2014,,
2053826,MALARIA_EST_INCIDENCE,COUNTRY,ZMB,AFR,Africa,YEAR,2011,,,,,,,,,181.12 [141.59-227.56],181.1215632,141.5864975,227.5588014,,2025-12-19T14:24:05Z,2011,01/01/2011,31/12/2011,,
2065881,MALARIA_EST_INCIDENCE,COUNTRY,ZMB,AFR,Africa,YEAR,2016,,,,,,,,,229.08 [182.77-283.60],229.0813586,182.7669631,283.603647,,2025-12-19T14:24:05Z,2016,01/01/2016,31/12/2016,,
2088685,MALARIA_EST_INCIDENCE,COUNTRY,MWI,AFR,Africa,YEAR,2023,,,,,,,,,291.01 [198.81-409.30],291.0135392,198.8099578,409.2992036,,2025-12-19T14:24:05Z,2023,01/01/2023,31/12/2023,,
2089829,MALARIA_EST_INCIDENCE,COUNTRY,AZE,EUR,Europe,YEAR,2023,,,,,,,,,0 [0-0],0,0,0,,2025-12-19T14:24:05Z,2023,01/01/2023,31/12/2023,,
2092104,MALARIA_EST_INCIDENCE,COUNTRY,SSD,AFR,Africa,YEAR,2000,,,,,,,,,344.59 [247.01-466.66],344.5878639,247.0074393,466.6594002,,2025-12-19T14:24:05Z,2000,01/01/2000,31/12/2000,,
2094881,MALARIA_EST_INCIDENCE,COUNTRY,SEN,AFR,Africa,YEAR,2001,,,,,,,,,176.61 [65.49-265.86],176.6104223,65.4944726,265.8601214,,2025-12-19T14:24:05Z,2001,01/01/2001,31/12/2001,,
2103205,MALARIA_EST_INCIDENCE,COUNTRY,GUF,AMR,Americas,YEAR,2002,,,,,,,,,44.47 [39.12-52.44],44.47217421,39.12283034,52.44095777,,2025-12-19T14:24:05Z,2002,01/01/2002,31/12/2002,,
2105169,MALARIA_EST_INCIDENCE,REGION,AFR,,,YEAR,2012,,,,,,,,,263.15 [242.97-288.02],263.1450073,242.9692929,288.0177449,,2025-12-19T14:24:05Z,2012,01/01/2012,31/12/2012,,
2110869,MALARIA_EST_INCIDENCE,COUNTRY,NPL,SEAR,South-East Asia,YEAR,2008,,,,,,,,,3.96 [1.64-9.38],3.955323459,1.640525359,9.384356704,,2025-12-19T14:24:05Z,2008,01/01/2008,31/12/2008,,
2111460,MALARIA_EST_INCIDENCE,COUNTRY,NER,AFR,Africa,YEAR,2023,,,,,,,,,305.14 [175.96-495.59],305.1436384,175.9578379,495.5894236,,2025-12-19T14:24:05Z,2023,01/01/2023,31/12/2023,,
2114631,MALARIA_EST_INCIDENCE,COUNTRY,ARM,EUR,Europe,YEAR,2006,,,,,,,,,0 [0-0],0,0,0,,2025-12-19T14:24:05Z,2006,01/01/2006,31/12/2006,,
2117136,MALARIA_EST_INCIDENCE,COUNTRY,MOZ,AFR,Africa,YEAR,2019,,,,,,,,,323.97 [255.76-404.12],323.9677718,255.761796,404.1198303,,2025-12-19T14:24:05Z,2019,01/01/2019,31/12/2019,,
2122879,MALARIA_EST_INCIDENCE,COUNTRY,ZAF,AFR,Africa,YEAR,2009,,,,,,,,,1.17 [1.17-1.17],1.173820781,1.173820781,1.173820781,,2025-12-19T14:24:05Z,2009,01/01/2009,31/12/2009,,
2124149,MALARIA_EST_INCIDENCE,COUNTRY,LAO,WPR,Western Pacific,YEAR,2005,,,,,,,,,11.46 [7.49-16.60],11.46056938,7.493122414,16.5976316,,2025-12-19T14:24:05Z,2005,01/01/2005,31/12/2005,,
2126558,MALARIA_EST_INCIDENCE,COUNTRY,SDN,EMR,Eastern Mediterranean,YEAR,2019,,,,,,,,,63.16 [37.62-102.09],63.16463832,37.6211846,102.0949204,,2025-12-19T14:24:05Z,2019,01/01/2019,31/12/2019,,
2130033,MALARIA_EST_INCIDENCE,COUNTRY,IRN,EMR,Eastern Mediterranean,YEAR,2003,,,,,,,,,33.56 [33.56-33.56],33.55769696,33.55769696,33.55769696,,2025-12-19T14:24:05Z,2003,01/01/2003,31/12/2003,,
2132808,MALARIA_EST_INCIDENCE,COUNTRY,GEO,EUR,Europe,YEAR,2007,,,,,,,,,0.60 [0.60-0.60],0.604914934,0.604914934,0.604914934,,2025-12-19T14:24:05Z,2007,01/01/2007,31/12/2007,,
2139455,MALARIA_EST_INCIDENCE,COUNTRY,ERI,AFR,Africa,YEAR,2002,,,,,,,,,13.72 [5.09-26.66],13.71638185,5.090069779,26.65560444,,2025-12-19T14:24:05Z,2002,01/01/2002,31/12/2002,,
2141643,MALARIA_EST_INCIDENCE,COUNTRY,SAU,EMR,Eastern Mediterranean,YEAR,2001,,,,,,,,,1.68 [1.68-1.68],1.682190722,1.682190722,1.682190722,,2025-12-19T14:24:05Z,2001,01/01/2001,31/12/2001,,
2160525,MALARIA_EST_INCIDENCE,COUNTRY,ZWE,AFR,Africa,YEAR,2004,,,,,,,,,102.59 [21.98-251.45],102.5885158,21.9836088,251.4467883,,2025-12-19T14:24:05Z,2004,01/01/2004,31/12/2004,,
2164326,MALARIA_EST_INCIDENCE,COUNTRY,MRT,AFR,Africa,YEAR,2019,,,,,,,,,60.21 [21.31-122.10],60.21141041,21.31401605,122.0987976,,2025-12-19T14:24:05Z,2019,01/01/2019,31/12/2019,,
2166790,MALARIA_EST_INCIDENCE,COUNTRY,AFG,EMR,Eastern Mediterranean,YEAR,2017,,,,,,,,,28.99 [22.06-37.09],28.99223169,22.05683508,37.09223544,,2025-12-19T14:24:05Z,2017,01/01/2017,31/12/2017,,
2168009,MALARIA_EST_INCIDENCE,COUNTRY,ARE,EMR,Eastern Mediterranean,YEAR,2017,,,,,,,,,0 [0-0],0,0,0,,2025-12-19T14:24:05Z,2017,01/01/2017,31/12/2017,,
2171613,MALARIA_EST_INCIDENCE,COUNTRY,BDI,AFR,Africa,YEAR,2003,,,,,,,,,343.45 [257.37-447.80],343.447836,257.3725138,447.7951746,,2025-12-19T14:24:05Z,2003,01/01/2003,31/12/2003,,
2172623,MALARIA_EST_INCIDENCE,COUNTRY,EGY,EMR,Eastern Mediterranean,YEAR,2007,,,,,,,,,0 [0-0],0,0,0,,2025-12-19T14:24:05Z,2007,01/01/2007,31/12/2007,,
2177568,MALARIA_EST_INCIDENCE,COUNTRY,MOZ,AFR,Africa,YEAR,2011,,,,,,,,,375.99 [309.26-453.35],375.9882167,309.2642232,453.3525897,,2025-12-19T14:24:05Z,2011,01/01/2011,31/12/2011,,
2178816,MALARIA_EST_INCIDENCE,COUNTRY,BGD,SEAR,South-East Asia,YEAR,2004,,,,,,,,,6.62 [2.84-10.71],6.616721679,2.844464055,10.70667798,,2025-12-19T14:24:05Z,2004,01/01/2004,31/12/2004,,
2191748,MALARIA_EST_INCIDENCE,COUNTRY,IRQ,EMR,Eastern Mediterranean,YEAR,2020,,,,,,,,,0 [0-0],0,0,0,,2025-12-19T14:24:05Z,2020,01/01/2020,31/12/2020,,
2199248,MALARIA_EST_INCIDENCE,COUNTRY,HND,AMR,Americas,YEAR,2018,,,,,,,,,0.11 [0.08-0.14],0.107288289,0.080720588,0.136795395,,2025-12-19T14:24:05Z,2018,01/01/2018,31/12/2018,,
2204283,MALARIA_EST_INCIDENCE,COUNTRY,ARM,EUR,Europe,YEAR,2018,,,,,,,,,0 [0-0],0,0,0,,2025-12-19T14:24:05Z,2018,01/01/2018,31/12/2018,,
2212055,MALARIA_EST_INCIDENCE,COUNTRY,TCD,AFR,Africa,YEAR,2020,,,,,,,,,208.74 [126.78-324.18],208.7426512,126.7810727,324.1776697,,2025-12-19T14:24:05Z,2020,01/01/2020,31/12/2020,,
2215187,MALARIA_EST_INCIDENCE,COUNTRY,NER,AFR,Africa,YEAR,2017,,,,,,,,,367.77 [233.99-552.94],367.771494,233.9928616,552.9402432,,2025-12-19T14:24:05Z,2017,01/01/2017,31/12/2017,,
2216841,MALARIA_EST_INCIDENCE,COUNTRY,SSD,AFR,Africa,YEAR,2012,,,,,,,,,278.40 [210.43-359.72],278.3962611,210.4304594,359.7176221,,2025-12-19T14:24:05Z,2012,01/01/2012,31/12/2012,,
2221508,MALARIA_EST_INCIDENCE,COUNTRY,CPV,AFR,Africa,YEAR,2013,,,,,,,,,0.17 [0.17-0.17],0.165192449,0.165192449,0.165192449,,2025-12-19T14:24:05Z,2013,01/01/2013,31/12/2013,,
2228664,MALARIA_EST_INCIDENCE,COUNTRY,COD,AFR,Africa,YEAR,2022,,,,,,,,,327.94 [247.45-422.29],327.9426594,247.4510388,422.28563810000003,,2025-12-19T14:24:05Z,2022,01/01/2022,31/12/2022,,
2229525,MALARIA_EST_INCIDENCE,GLOBAL,GLOBAL,,,YEAR,2014,,,,,,,,,58.69 [54.50-63.41],58.6853316,54.49613707,63.4143779,,2025-12-19T14:24:05Z,2014,01/01/2014,31/12/2014,,
2234793,MALARIA_EST_INCIDENCE,COUNTRY,NPL,SEAR,South-East Asia,YEAR,2015,,,,,,,,,0.54 [0.30-1.14],0.540815815,0.300356976,1.141901036,,2025-12-19T14:24:05Z,2015,01/01/2015,31/12/2015,,
2236163,MALARIA_EST_INCIDENCE,COUNTRY,UGA,AFR,Africa,YEAR,2019,,,,,,,,,250.82 [197.18-314.09],250.8240477,197.1771378,314.094805,,2025-12-19T14:24:05Z,2019,01/01/2019,31/12/2019,,
2236390,MALARIA_EST_INCIDENCE,COUNTRY,AZE,EUR,Europe,YEAR,2001,,,,,,,,,5.55 [5.55-5.55],5.553506507,5.553506507,5.553506507,,2025-12-19T14:24:05Z,2001,01/01/2001,31/12/2001,,
2236556,MALARIA_EST_INCIDENCE,COUNTRY,TKM,EUR,Europe,YEAR,2005,,,,,,,,,0 [0-0],0.003045104,0.003045104,0.003045104,,2025-12-19T14:24:05Z,2005,01/01/2005,31/12/2005,,
2237471,MALARIA_EST_INCIDENCE,COUNTRY,KGZ,EUR,Europe,YEAR,2001,,,,,,,,,0 [0-0],0.003791589,0.003791589,0.003791589,,2025-12-19T14:24:05Z,2001,01/01/2001,31/12/2001,,
2241722,MALARIA_EST_INCIDENCE,COUNTRY,COG,AFR,Africa,YEAR,2000,,,,,,,,,349.60 [247.76-480.70],349.6005674,247.7560216,480.6952349,,2025-12-19T14:24:05Z,2000,01/01/2000,31/12/2000,,
2242371,MALARIA_EST_INCIDENCE,COUNTRY,GNB,AFR,Africa,YEAR,2015,,,,,,,,,89.59 [36.93-185.24],89.59470594,36.92541266,185.2420938,,2025-12-19T14:24:05Z,2015,01/01/2015,31/12/2015,,
2253172,MALARIA_EST_INCIDENCE,COUNTRY,UZB,EUR,Europe,YEAR,2007,,,,,,,,,1.11 [1.11-1.11],1.107992318,1.107992318,1.107992318,,2025-12-19T14:24:05Z,2007,01/01/2007,31/12/2007,,
2254717,MALARIA_EST_INCIDENCE,COUNTRY,SAU,EMR,Eastern Mediterranean,YEAR,2007,,,,,,,,,0.19 [0.19-0.19],0.194697394,0.194697394,0.194697394,,2025-12-19T14:24:05Z,2007,01/01/2007,31/12/2007,,
2267042,MALARIA_EST_INCIDENCE,COUNTRY,CMR,AFR,Africa,YEAR,2008,,,,,,,,,391.63 [305.44-494.93],391.6347619,305.4367056,494.9271796,,2025-12-19T14:24:05Z,2008,01/01/2008,31/12/2008,,
2268541,MALARIA_EST_INCIDENCE,COUNTRY,PAK,EMR,Eastern Mediterranean,YEAR,2005,,,,,,,,,4.90 [2.17-11.51],4.899825762,2.16795651,11.51488882,,2025-12-19T14:24:05Z,2005,01/01/2005,31/12/2005,,
2269315,MALARIA_EST_INCIDENCE,COUNTRY,PRK,SEAR,South-East Asia,YEAR,2024,,,,,,,,,0.51 [0.51-0.51],0.50515084,0.50515084,0.50515084,,2025-12-19T14:24:05Z,2024,01/01/2024,31/12/2024,,
2274910,MALARIA_EST_INCIDENCE,COUNTRY,EGY,EMR,Eastern Mediterranean,YEAR,2005,,,,,,,,,0 [0-0],0,0,0,,2025-12-19T14:24:05Z,2005,01/01/2005,31/12/2005,,
2286760,MALARIA_EST_INCIDENCE,COUNTRY,GUY,AMR,Americas,YEAR,2015,,,,,,,,,23.76 [17.82-32.60],23.76179688,17.81801996,32.60492817,,2025-12-19T14:24:05Z,2015,01/01/2015,31/12/2015,,
2293808,MALARIA_EST_INCIDENCE,COUNTRY,IND,SEAR,South-East Asia,YEAR,2003,,,,,,,,,20.28 [15.84-25.99],20.27791195,15.84207586,25.98778818,,2025-12-19T14:24:05Z,2003,01/01/2003,31/12/2003,,
2298567,MALARIA_EST_INCIDENCE,COUNTRY,MAR,EMR,Eastern Mediterranean,YEAR,2010,,,,,,,,,0 [0-0],0,0,0,,2025-12-19T14:24:05Z,2010,01/01/2010,31/12/2010,,
2314015,MALARIA_EST_INCIDENCE,COUNTRY,PRY,AMR,Americas,YEAR,2014,,,,,,,,,0 [0-0],0,0,0,,2025-12-19T14:24:05Z,2014,01/01/2014,31/12/2014,,
2323178,MALARIA_EST_INCIDENCE,COUNTRY,GUF,AMR,Americas,YEAR,2024,,,,,,,,,1.44 [1.44-1.44],1.441133223,1.441133223,1.441133223,,2025-12-19T14:24:05Z,2024,01/01/2024,31/12/2024,,
2323378,MALARIA_EST_INCIDENCE,COUNTRY,COG,AFR,Africa,YEAR,2014,,,,,,,,,213.06 [136.64-316.42],213.0581927,136.6423427,316.4187189,,2025-12-19T14:24:05Z,2014,01/01/2014,31/12/2014,,
2324144,MALARIA_EST_INCIDENCE,COUNTRY,SYR,EMR,Eastern Mediterranean,YEAR,2001,,,,,,,,,0 [0-0],0.003694725,0.003694725,0.003694725,,2025-12-19T14:24:05Z,2001,01/01/2001,31/12/2001,,
2324974,MALARIA_EST_INCIDENCE,COUNTRY,MOZ,AFR,Africa,YEAR,2008,,,,,,,,,369.61 [304.52-443.89],369.6138546,304.5215162,443.8891022,,2025-12-19T14:24:05Z,2008,01/01/2008,31/12/2008,,
2342613,MALARIA_EST_INCIDENCE,COUNTRY,OMN,EMR,Eastern Mediterranean,YEAR,2013,,,,,,,,,0 [0-0],0,0,0,,2025-12-19T14:24:05Z,2013,01/01/2013,31/12/2013,,
2345232,MALARIA_EST_INCIDENCE,COUNTRY,BWA,AFR,Africa,YEAR,2023,,,,,,,,,0.47 [0.36-0.66],0.471310279,0.361236524,0.658025167,,2025-12-19T14:24:05Z,2023,01/01/2023,31/12/2023,,
2349126,MALARIA_EST_INCIDENCE,COUNTRY,COM,AFR,Africa,YEAR,2022,,,,,,,,,24.78 [24.78-24.78],24.78458093,24.78458093,24.78458093,,2025-12-19T14:24:05Z,2022,01/01/2022,31/12/2022,,
2357545,MALARIA_EST_INCIDENCE,COUNTRY,NGA,AFR,Africa,YEAR,2009,,,,,,,,,389.96 [319.67-471.62],389.9603704,319.6747391,471.6200167,,2025-12-19T14:24:05Z,2009,01/01/2009,31/12/2009,,
2361279,MALARIA_EST_INCIDENCE,COUNTRY,KHM,WPR,Western Pacific,YEAR,2013,,,,,,,,,15.64 [13.56-18.21],15.64196735,13.55750836,18.20784684,,2025-12-19T14:24:05Z,2013,01/01/2013,31/12/2013,,
2364292,MALARIA_EST_INCIDENCE,COUNTRY,SAU,EMR,Eastern Mediterranean,YEAR,2018,,,,,,,,,0.02 [0.02-0.02],0.018734034,0.018734034,0.018734034,,2025-12-19T14:24:05Z,2018,01/01/2018,31/12/2018,,
2368936,MALARIA_EST_INCIDENCE,COUNTRY,MYS,WPR,Western Pacific,YEAR,2019,,,,,,,,,0 [0-0],0,0,0,,2025-12-19T14:24:05Z,2019,01/01/2019,31/12/2019,,
2370472,MALARIA_EST_INCIDENCE,COUNTRY,LBR,AFR,Africa,YEAR,2009,,,,,,,,,342.42 [267.28-431.50],342.4176401,267.2807972,431.5027579,,2025-12-19T14:24:05Z,2009,01/01/2009,31/12/2009,,
2374692,MALARIA_EST_INCIDENCE,COUNTRY,EGY,EMR,Eastern Mediterranean,YEAR,2024,,,,,,,,,0 [0-0],0,0,0,,2025-12-19T14:24:05Z,2024,01/01/2024,31/12/2024,,
2375376,MALARIA_EST_INCIDENCE,COUNTRY,KEN,AFR,Africa,YEAR,2020,,,,,,,,,85.00 [63.79-110.61],84.99876851,63.78514199,110.6056436,,2025-12-19T14:24:05Z,2020,01/01/2020,31/12/2020,,
2377645,MALARIA_EST_INCIDENCE,COUNTRY,CMR,AFR,Africa,YEAR,2021,,,,,,,,,270.65 [207.36-346.13],270.6524929,207.3611349,346.1296223,,2025-12-19T14:24:05Z,2021,01/01/2021,31/12/2021,,
2380410,MALARIA_EST_INCIDENCE,COUNTRY,CPV,AFR,Africa,YEAR,2012,,,,,,,,,0.01 [0.01-0.01],0.007512696,0.007512696,0.007512696,,2025-12-19T14:24:05Z,2012,01/01/2012,31/12/2012,,
2380506,MALARIA_EST_INCIDENCE,COUNTRY,PNG,WPR,Western Pacific,YEAR,2008,,,,,,,,,164.32 [52.22-300.44],164.3207345,52.21803533,300.4367151,,2025-12-19T14:24:05Z,2008,01/01/2008,31/12/2008,,
2408475,MALARIA_EST_INCIDENCE,COUNTRY,LKA,SEAR,South-East Asia,YEAR,2013,,,,,,,,,0 [0-0],0,0,0,,2025-12-19T14:24:05Z,2013,01/01/2013,31/12/2013,,
2408480,MALARIA_EST_INCIDENCE,COUNTRY,BEN,AFR,Africa,YEAR,2008,,,,,,,,,473.51 [372.36-590.83],473.5126076,372.3649738,590.8289308,,2025-12-19T14:24:05Z,2008,01/01/2008,31/12/2008,,
2418989,MALARIA_EST_INCIDENCE,COUNTRY,MYT,AFR,Africa,YEAR,2015,,,,,,,,,0.02 [0.02-0.02],0.018509264,0.018509264,0.018509264,,2025-12-19T14:24:05Z,2015,01/01/2015,31/12/2015,,
2433185,MALARIA_EST_INCIDENCE,COUNTRY,SYR,EMR,Eastern Mediterranean,YEAR,2018,,,,,,,,,0 [0-0],0,0,0,,2025-12-19T14:24:05Z,2018,01/01/2018,31/12/2018,,
2434353,MALARIA_EST_INCIDENCE,COUNTRY,PAN,AMR,Americas,YEAR,2007,,,,,,,,,0.59 [0.56-0.62],0.585727696,0.563583802,0.624805155,,2025-12-19T14:24:05Z,2007,01/01/2007,31/12/2007,,
2438459,MALARIA_EST_INCIDENCE,COUNTRY,LKA,SEAR,South-East Asia,YEAR,2014,,,,,,,,,0 [0-0],0,0,0,,2025-12-19T14:24:05Z,2014,01/01/2014,31/12/2014,,
2440734,MALARIA_EST_INCIDENCE,COUNTRY,PAN,AMR,Americas,YEAR,2020,,,,,,,,,0.71 [0.69-0.76],0.71302326,0.686254469,0.75856497,,2025-12-19T14:24:05Z,2020,01/01/2020,31/12/2020,,
2444355,MALARIA_EST_INCIDENCE,COUNTRY,ETH,AFR,Africa,YEAR,2012,,,,,,,,,159.67 [78.75-366.04],159.6738451,78.7492631,366.039927,,2025-12-19T14:24:05Z,2012,01/01/2012,31/12/2012,,
2451211,MALARIA_EST_INCIDENCE,COUNTRY,SLV,AMR,Americas,YEAR,2013,,,,,,,,,0 [0-0],0.004814698,0.004814698,0.004814698,,2025-12-19T14:24:05Z,2013,01/01/2013,31/12/2013,,
2456471,MALARIA_EST_INCIDENCE,COUNTRY,GIN,AFR,Africa,YEAR,2014,,,,,,,,,396.69 [302.60-507.22],396.6860584,302.5952517,507.2225398,,2025-12-19T14:24:05Z,2014,01/01/2014,31/12/2014,,
2475411,MALARIA_EST_INCIDENCE,COUNTRY,MYS,WPR,Western Pacific,YEAR,2013,,,,,,,,,0.85 [0.85-0.85],0.851719595,0.851719595,0.851719595,,2025-12-19T14:24:05Z,2013,01/01/2013,31/12/2013,,
2477380,MALARIA_EST_INCIDENCE,COUNTRY,GEO,EUR,Europe,YEAR,2002,,,,,,,,,11.48 [11.48-11.48],11.48311449,11.48311449,11.48311449,,2025-12-19T14:24:05Z,2002,01/01/2002,31/12/2002,,
2478004,MALARIA_EST_INCIDENCE,COUNTRY,KHM,WPR,Western Pacific,YEAR,2016,,,,,,,,,11.01 [9.50-12.91],11.00753769,9.495846758,12.91119653,,2025-12-19T14:24:05Z,2016,01/01/2016,31/12/2016,,
2482424,MALARIA_EST_INCIDENCE,COUNTRY,ETH,AFR,Africa,YEAR,2000,,,,,,,,,189.18 [123.45-282.58],189.1843586,123.4499201,282.5755449,,2025-12-19T14:24:05Z,2000,01/01/2000,31/12/2000,,
2495181,MALARIA_EST_INCIDENCE,COUNTRY,TCD,AFR,Africa,YEAR,2015,,,,,,,,,215.03 [132.84-327.64],215.0271111,132.8429474,327.6377594,,2025-12-19T14:24:05Z,2015,01/01/2015,31/12/2015,,
2508790,MALARIA_EST_INCIDENCE,COUNTRY,SDN,EMR,Eastern Mediterranean,YEAR,2018,,,,,,,,,59.35 [41.12-84.24],59.35359768,41.11749365,84.24360933,,2025-12-19T14:24:05Z,2018,01/01/2018,31/12/2018,,
2509093,MALARIA_EST_INCIDENCE,COUNTRY,VEN,AMR,Americas,YEAR,2024,,,,,,,,,7.79 [6.90-9.00],7.788128105,6.90392917,8.998497547,,2025-12-19T14:24:05Z,2024,01/01/2024,31/12/2024,,
2509380,MALARIA_EST_INCIDENCE,COUNTRY,TZA,AFR,Africa,YEAR,2014,,,,,,,,,146.36 [109.13-192.11],146.359004,109.1291421,192.1086122,,2025-12-19T14:24:05Z,2014,01/01/2014,31/12/2014,,
2513206,MALARIA_EST_INCIDENCE,COUNTRY,ETH,AFR,Africa,YEAR,2021,,,,,,,,,45.56 [25.25-67.99],45.55933568,25.25301448,67.99392993,,2025-12-19T14:24:05Z,2021,01/01/2021,31/12/2021,,
2514179,MALARIA_EST_INCIDENCE,COUNTRY,MOZ,AFR,Africa,YEAR,2004,,,,,,,,,459.30 [371.94-555.47],459.3048003,371.9389999,555.4709369,,2025-12-19T14:24:05Z,2004,01/01/2004,31/12/2004,,
2519589,MALARIA_EST_INCIDENCE,REGION,AFR,,,YEAR,2010,,,,,,,,,285.86 [262.17-315.85],285.8645476,262.1651757,315.8471969,,2025-12-19T14:24:05Z,2010,01/01/2010,31/12/2010,,
2528926,MALARIA_EST_INCIDENCE,COUNTRY,MWI,AFR,Africa,YEAR,2009,,,,,,,,,377.56 [301.34-463.71],377.5624509,301.340043,463.7091853,,2025-12-19T14:24:05Z,2009,01/01/2009,31/12/2009,,
2529518,MALARIA_EST_INCIDENCE,COUNTRY,SLB,WPR,Western Pacific,YEAR,2000,,,,,,,,,583.82 [303.87-955.22],583.8179717,303.8720234,955.2211373,,2025-12-19T14:24:05Z,2000,01/01/2000,31/12/2000,,
2545033,MALARIA_EST_INCIDENCE,COUNTRY,COM,AFR,Africa,YEAR,2012,,,,,,,,,73.12 [73.12-73.12],73.11895474,73.11895474,73.11895474,,2025-12-19T14:24:05Z,2012,01/01/2012,31/12/2012,,
2551015,MALARIA_EST_INCIDENCE,COUNTRY,MRT,AFR,Africa,YEAR,2016,,,,,,,,,94.53 [40.26-177.39],94.53058931,40.2552784,177.3898574,,2025-12-19T14:24:05Z,2016,01/01/2016,31/12/2016,,
2552475,MALARIA_EST_INCIDENCE,COUNTRY,AZE,EUR,Europe,YEAR,2002,,,,,,,,,2.64 [2.64-2.64],2.637061947,2.637061947,2.637061947,,2025-12-19T14:24:05Z,2002,01/01/2002,31/12/2002,,
2559482,MALARIA_EST_INCIDENCE,COUNTRY,MLI,AFR,Africa,YEAR,2018,,,,,,,,,377.17 [266.19-535.86],377.1709055,266.18714,535.8584858,,2025-12-19T14:24:05Z,2018,01/01/2018,31/12/2018,,
2567694,MALARIA_EST_INCIDENCE,COUNTRY,VNM,WPR,Western Pacific,YEAR,2012,,,,,,,,,0.36 [0.33-0.41],0.361356216,0.332311896,0.406047861,,2025-12-19T14:24:05Z,2012,01/01/2012,31/12/2012,,
2577364,MALARIA_EST_INCIDENCE,COUNTRY,TKM,EUR,Europe,YEAR,2020,,,,,,,,,0 [0-0],0,0,0,,2025-12-19T14:24:05Z,2020,01/01/2020,31/12/2020,,
2579025,MALARIA_EST_INCIDENCE,COUNTRY,VUT,WPR,Western Pacific,YEAR,2018,,,,,,,,,4.79 [3.26-7.04],4.792153068,3.256700951,7.042747267,,2025-12-19T14:24:05Z,2018,01/01/2018,31/12/2018,,
2579674,MALARIA_EST_INCIDENCE,COUNTRY,IND,SEAR,South-East Asia,YEAR,2010,,,,,,,,,13.09 [10.19-16.84],13.09211972,10.19457362,16.84405806,,2025-12-19T14:24:05Z,2010,01/01/2010,31/12/2010,,
2579767,MALARIA_EST_INCIDENCE,COUNTRY,SLE,AFR,Africa,YEAR,2001,,,,,,,,,425.06 [277.66-630.02],425.0596936,277.664449,630.0167707,,2025-12-19T14:24:05Z,2001,01/01/2001,31/12/2001,,
2598802,MALARIA_EST_INCIDENCE,COUNTRY,BTN,SEAR,South-East Asia,YEAR,2014,,,,,,,,,0.04 [0.04-0.04],0.035021557,0.035021557,0.035021557,,2025-12-19T14:24:05Z,2014,01/01/2014,31/12/2014,,
2604018,MALARIA_EST_INCIDENCE,COUNTRY,PER,AMR,Americas,YEAR,2016,,,,,,,,,6.01 [4.93-7.17],6.00802285,4.927583429,7.172920707,,2025-12-19T14:24:05Z,2016,01/01/2016,31/12/2016,,
2608564,MALARIA_EST_INCIDENCE,COUNTRY,BDI,AFR,Africa,YEAR,2002,,,,,,,,,388.13 [288.60-506.13],388.125259,288.5997516,506.1301972,,2025-12-19T14:24:05Z,2002,01/01/2002,31/12/2002,,
2610968,MALARIA_EST_INCIDENCE,COUNTRY,VNM,WPR,Western Pacific,YEAR,2016,,,,,,,,,0.07 [0.07-0.08],0.072520408,0.066731694,0.081499211,,2025-12-19T14:24:05Z,2016,01/01/2016,31/12/2016,,
2622717,MALARIA_EST_INCIDENCE,COUNTRY,EGY,EMR,Eastern Mediterranean,YEAR,2020,,,,,,,,,0 [0-0],0,0,0,,2025-12-19T14:24:05Z,2020,01/01/2020,31/12/2020,,
2623430,MALARIA_EST_INCIDENCE,COUNTRY,PAK,EMR,Eastern Mediterranean,YEAR,2000,,,,,,,,,6.08 [2.38-14.54],6.084818199,2.377731173,14.53809186,,2025-12-19T14:24:05Z,2000,01/01/2000,31/12/2000,,
2626934,MALARIA_EST_INCIDENCE,COUNTRY,CMR,AFR,Africa,YEAR,2023,,,,,,,,,259.08 [198.74-332.94],259.0790925,198.7384135,332.9362901,,2025-12-19T14:24:05Z,2023,01/01/2023,31/12/2023,,
2627675,MALARIA_EST_INCIDENCE,COUNTRY,TLS,SEAR,South-East Asia,YEAR,2007,,,,,,,,,121.35 [87.21-161.63],121.3545133,87.20673955,161.6337886,,2025-12-19T14:24:05Z,2007,01/01/2007,31/12/2007,,
2636858,MALARIA_EST_INCIDENCE,COUNTRY,BOL,AMR,Americas,YEAR,2014,,,,,,,,,2.23 [1.70-2.83],2.233728818,1.700795337,2.825207774,,2025-12-19T14:24:05Z,2014,01/01/2014,31/12/2014,,
2641445,MALARIA_EST_INCIDENCE,COUNTRY,SWZ,AFR,Africa,YEAR,2021,,,,,,,,,1.49 [1.49-1.49],1.494763887,1.494763887,1.494763887,,2025-12-19T14:24:05Z,2021,01/01/2021,31/12/2021,,
2648204,MALARIA_EST_INCIDENCE,COUNTRY,THA,SEAR,South-East Asia,YEAR,2019,,,,,,,,,0.30 [0.30-0.30],0.299364887,0.299364887,0.299364887,,2025-12-19T14:24:05Z,2019,01/01/2019,31/12/2019,,
2665633,MALARIA_EST_INCIDENCE,COUNTRY,LAO,WPR,Western Pacific,YEAR,2004,,,,,,,,,13.41 [9.17-18.78],13.40685224,9.169024796,18.77971484,,2025-12-19T14:24:05Z,2004,01/01/2004,31/12/2004,,
2668563,MALARIA_EST_INCIDENCE,COUNTRY,SEN,AFR,Africa,YEAR,2002,,,,,,,,,156.98 [48.28-257.25],156.9781585,48.27575903,257.2467895,,2025-12-19T14:24:05Z,2002,01/01/2002,31/12/2002,,
2673287,MALARIA_EST_INCIDENCE,COUNTRY,CAF,AFR,Africa,YEAR,2011,,,,,,,,,443.04 [276.85-681.18],443.0376114,276.8495862,681.1752838,,2025-12-19T14:24:05Z,2011,01/01/2011,31/12/2011,,
2679414,MALARIA_EST_INCIDENCE,COUNTRY,COG,AFR,Africa,YEAR,2020,,,,,,,,,240.84 [144.05-380.17],240.8405313,144.0523294,380.1714994,,2025-12-19T14:24:05Z,2020,01/01/2020,31/12/2020,,
2690543,MALARIA_EST_INCIDENCE,COUNTRY,MWI,AFR,Africa,YEAR,2017,,,,,,,,,264.44 [202.73-340.53],264.4414837,202.7276013,340.5307207,,2025-12-19T14:24:05Z,2017,01/01/2017,31/12/2017,,
2691166,MALARIA_EST_INCIDENCE,COUNTRY,IND,SEAR,South-East Asia,YEAR,2015,,,,,,,,,6.44 [5.24-7.77],6.436945603,5.237277383,7.770365645,,2025-12-19T14:24:05Z,2015,01/01/2015,31/12/2015,,
2692819,MALARIA_EST_INCIDENCE,COUNTRY,SLV,AMR,Americas,YEAR,2003,,,,,,,,,0.07 [0.07-0.07],0.069802868,0.069802868,0.069802868,,2025-12-19T14:24:05Z,2003,01/01/2003,31/12/2003,,
2698928,MALARIA_EST_INCIDENCE,COUNTRY,GTM,AMR,Americas,YEAR,2008,,,,,,,,,0.80 [0.71-0.93],0.800479775,0.71312187,0.929665385,,2025-12-19T14:24:05Z,2008,01/01/2008,31/12/2008,,
2702668,MALARIA_EST_INCIDENCE,COUNTRY,AZE,EUR,Europe,YEAR,2004,,,,,,,,,1.98 [1.98-1.98],1.976780511,1.976780511,1.976780511,,2025-12-19T14:24:05Z,2004,01/01/2004,31/12/2004,,
2702845,MALARIA_EST_INCIDENCE,COUNTRY,CIV,AFR,Africa,YEAR,2014,,,,,,,,,243.25 [174.19-332.73],243.2454812,174.1912981,332.7289741,,2025-12-19T14:24:05Z,2014,01/01/2014,31/12/2014,,
2704171,MALARIA_EST_INCIDENCE,COUNTRY,STP,AFR,Africa,YEAR,2002,,,,,,,,,337.42 [337.42-337.42],337.4177067,337.4177067,337.4177067,,2025-12-19T14:24:05Z,2002,01/01/2002,31/12/2002,,
2716576,MALARIA_EST_INCIDENCE,COUNTRY,BOL,AMR,Americas,YEAR,2007,,,,,,,,,4.51 [3.52-5.53],4.505682339,3.523923082,5.533860434,,2025-12-19T14:24:05Z,2007,01/01/2007,31/12/2007,,
2722848,MALARIA_EST_INCIDENCE,REGION,WPR,,,YEAR,2011,,,,,,,,,3.34 [2.74-4.10],3.34131846,2.736236222,4.098000689,,2025-12-19T14:24:05Z,2011,01/01/2011,31/12/2011,,
2738941,MALARIA_EST_INCIDENCE,COUNTRY,RWA,AFR,Africa,YEAR,2003,,,,,,,,,139.22 [71.61-218.94],139.2213116,71.61245505,218.9376228,,2025-12-19T14:24:05Z,2003,01/01/2003,31/12/2003,,
2744819,MALARIA_EST_INCIDENCE,COUNTRY,BGD,SEAR,South-East Asia,YEAR,2003,,,,,,,,,6.62 [2.87-10.43],6.616724627,2.870286685,10.43428854,,2025-12-19T14:24:05Z,2003,01/01/2003,31/12/2003,,
2751563,MALARIA_EST_INCIDENCE,COUNTRY,CAF,AFR,Africa,YEAR,2003,,,,,,,,,455.24 [276.99-701.71],455.2373506,276.9923845,701.7142707,,2025-12-19T14:24:05Z,2003,01/01/2003,31/12/2003,,
2752279,MALARIA_EST_INCIDENCE,COUNTRY,CHN,WPR,Western Pacific,YEAR,2004,,,,,,,,,0.05 [0.05-0.05],0.04994267,0.04994267,0.04994267,,2025-12-19T14:24:05Z,2004,01/01/2004,31/12/2004,,
2758094,MALARIA_EST_INCIDENCE,COUNTRY,UZB,EUR,Europe,YEAR,2014,,,,,,,,,0 [0-0],0,0,0,,2025-12-19T14:24:05Z,2014,01/01/2014,31/12/2014,,
2759714,MALARIA_EST_INCIDENCE,COUNTRY,BLZ,AMR,Americas,YEAR,2023,,,,,,,,,0 [0-0],0,0,0,,2025-12-19T14:24:05Z,2023,01/01/2023,31/12/2023,,
2763784,MALARIA_EST_INCIDENCE,COUNTRY,GHA,AFR,Africa,YEAR,2023,,,,,,,,,194.92 [144.16-257.29],194.918396,144.1574959,257.2898019,,2025-12-19T14:24:05Z,2023,01/01/2023,31/12/2023,,
2765402,MALARIA_EST_INCIDENCE,COUNTRY,OMN,EMR,Eastern Mediterranean,YEAR,2022,,,,,,,,,0 [0-0],0,0,0,,2025-12-19T14:24:05Z,2022,01/01/2022,31/12/2022,,
2769838,MALARIA_EST_INCIDENCE,COUNTRY,LKA,SEAR,South-East Asia,YEAR,2020,,,,,,,,,0 [0-0],0,0,0,,2025-12-19T14:24:05Z,2020,01/01/2020,31/12/2020,,
2776188,MALARIA_EST_INCIDENCE,COUNTRY,TLS,SEAR,South-East Asia,YEAR,2001,,,,,,,,,158.38 [68.62-359.58],158.3790074,68.61872928,359.5764059,,2025-12-19T14:24:05Z,2001,01/01/2001,31/12/2001,,
2777925,MALARIA_EST_INCIDENCE,REGION,AFR,,,YEAR,2001,,,,,,,,,356.46 [329.43-387.66],356.4589073,329.4299609,387.6619965,,2025-12-19T14:24:05Z,2001,01/01/2001,31/12/2001,,
2779473,MALARIA_EST_INCIDENCE,COUNTRY,UZB,EUR,Europe,YEAR,2001,,,,,,,,,3.07 [3.07-3.07],3.068951774,3.068951774,3.068951774,,2025-12-19T14:24:05Z,2001,01/01/2001,31/12/2001,,
2783104,MALARIA_EST_INCIDENCE,COUNTRY,AGO,AFR,Africa,YEAR,2001,,,,,,,,,330.80 [223.50-474.32],330.8045933,223.5012277,474.3204419,,2025-12-19T14:24:05Z,2001,01/01/2001,31/12/2001,,
2785204,MALARIA_EST_INCIDENCE,COUNTRY,CHN,WPR,Western Pacific,YEAR,2019,,,,,,,,,0 [0-0],0,0,0,,2025-12-19T14:24:05Z,2019,01/01/2019,31/12/2019,,
2789481,MALARIA_EST_INCIDENCE,COUNTRY,BFA,AFR,Africa,YEAR,2003,,,,,,,,,582.14 [467.05-716.47],582.1431203,467.0514622,716.4686851,,2025-12-19T14:24:05Z,2003,01/01/2003,31/12/2003,,
2790929,MALARIA_EST_INCIDENCE,COUNTRY,MAR,EMR,Eastern Mediterranean,YEAR,2008,,,,,,,,,0 [0-0],0,0,0,,2025-12-19T14:24:05Z,2008,01/01/2008,31/12/2008,,
2797405,MALARIA_EST_INCIDENCE,COUNTRY,BWA,AFR,Africa,YEAR,2018,,,,,,,,,0.53 [0.41-0.74],0.530740991,0.409372532,0.735427256,,2025-12-19T14:24:05Z,2018,01/01/2018,31/12/2018,,
2809423,MALARIA_EST_INCIDENCE,COUNTRY,CRI,AMR,Americas,YEAR,2015,,,,,,,,,0 [0-0],0,0,0,,2025-12-19T14:24:05Z,2015,01/01/2015,31/12/2015,,
2814214,MALARIA_EST_INCIDENCE,COUNTRY,TGO,AFR,Africa,YEAR,2016,,,,,,,,,368.57 [297.80-451.40],368.5680178,297.7993174,451.4047778,,2025-12-19T14:24:05Z,2016,01/01/2016,31/12/2016,,
2821067,MALARIA_EST_INCIDENCE,COUNTRY,LAO,WPR,Western Pacific,YEAR,2022,,,,,,,,,0.94 [0.68-1.25],0.944009531,0.681120801,1.250628302,,2025-12-19T14:24:05Z,2022,01/01/2022,31/12/2022,,
2822180,MALARIA_EST_INCIDENCE,COUNTRY,ARE,EMR,Eastern Mediterranean,YEAR,2022,,,,,,,,,0 [0-0],0,0,0,,2025-12-19T14:24:05Z,2022,01/01/2022,31/12/2022,,
2827627,MALARIA_EST_INCIDENCE,COUNTRY,IDN,WPR,Western Pacific,YEAR,2005,,,,,,,,,5.14 [4.63-5.76],5.142511001,4.632014693,5.76073773,,2025-12-19T14:24:05Z,2005,01/01/2005,31/12/2005,,
2829040,MALARIA_EST_INCIDENCE,COUNTRY,MEX,AMR,Americas,YEAR,2010,,,,,,,,,0.51 [0.51-0.51],0.508961627,0.508961627,0.508961627,,2025-12-19T14:24:05Z,2010,01/01/2010,31/12/2010,,
2829842,MALARIA_EST_INCIDENCE,COUNTRY,MLI,AFR,Africa,YEAR,2012,,,,,,,,,424.29 [302.07-576.06],424.2861023,302.0698657,576.0641,,2025-12-19T14:24:05Z,2012,01/01/2012,31/12/2012,,
2829849,MALARIA_EST_INCIDENCE,COUNTRY,NGA,AFR,Africa,YEAR,2016,,,,,,,,,284.83 [225.41-353.73],284.8254203,225.4107528,353.7300677,,2025-12-19T14:24:05Z,2016,01/01/2016,31/12/2016,,
2833199,MALARIA_EST_INCIDENCE,COUNTRY,CMR,AFR,Africa,YEAR,2000,,,,,,,,,394.85 [304.06-500.85],394.8475624,304.0553609,500.8513655,,2025-12-19T14:24:05Z,2000,01/01/2000,31/12/2000,,
2836002,MALARIA_EST_INCIDENCE,COUNTRY,SSD,AFR,Africa,YEAR,2003,,,,,,,,,329.78 [228.24-457.25],329.7816091,228.2361679,457.2532574,,2025-12-19T14:24:05Z,2003,01/01/2003,31/12/2003,,
2867649,MALARIA_EST_INCIDENCE,COUNTRY,MLI,AFR,Africa,YEAR,2013,,,,,,,,,441.00 [315.76-606.02],441.0003673,315.759071,606.0154214,,2025-12-19T14:24:05Z,2013,01/01/2013,31/12/2013,,
2873185,MALARIA_EST_INCIDENCE,COUNTRY,YEM,EMR,Eastern Mediterranean,YEAR,2006,,,,,,,,,79.31 [35.47-374.59],79.31251597,35.46947714,374.5864691,,2025-12-19T14:24:05Z,2006,01/01/2006,31/12/2006,,
2878173,MALARIA_EST_INCIDENCE,COUNTRY,ZWE,AFR,Africa,YEAR,2016,,,,,,,,,66.16 [43.35-91.47],66.16057787,43.35376824,91.47365345,,2025-12-19T14:24:05Z,2016,01/01/2016,31/12/2016,,
2883720,MALARIA_EST_INCIDENCE,COUNTRY,EGY,EMR,Eastern Mediterranean,YEAR,2017,,,,,,,,,0 [0-0],0,0,0,,2025-12-19T14:24:05Z,2017,01/01/2017,31/12/2017,,
2903797,MALARIA_EST_INCIDENCE,COUNTRY,PAK,EMR,Eastern Mediterranean,YEAR,2023,,,,,,,,,17.61 [13.94-23.50],17.60869649,13.93714653,23.50345554,,2025-12-19T14:24:05Z,2023,01/01/2023,31/12/2023,,
2909946,MALARIA_EST_INCIDENCE,COUNTRY,BEN,AFR,Africa,YEAR,2003,,,,,,,,,473.30 [368.09-599.61],473.3026499,368.0947312,599.6073332,,2025-12-19T14:24:05Z,2003,01/01/2003,31/12/2003,,
2915314,MALARIA_EST_INCIDENCE,COUNTRY,CIV,AFR,Africa,YEAR,2023,,,,,,,,,269.25 [185.79-377.78],269.2543208,185.7932309,377.7769143,,2025-12-19T14:24:05Z,2023,01/01/2023,31/12/2023,,
2921331,MALARIA_EST_INCIDENCE,COUNTRY,COM,AFR,Africa,YEAR,2010,,,,,,,,,55.80 [55.80-55.80],55.7971767,55.7971767,55.7971767,,2025-12-19T14:24:05Z,2010,01/01/2010,31/12/2010,,
2922285,MALARIA_EST_INCIDENCE,COUNTRY,HTI,AMR,Americas,YEAR,2011,,,,,,,,,9.20 [5.58-14.29],9.198623689,5.576652206,14.294937,,2025-12-19T14:24:05Z,2011,01/01/2011,31/12/2011,,
2922726,MALARIA_EST_INCIDENCE,COUNTRY,GNQ,AFR,Africa,YEAR,2018,,,,,,,,,268.08 [178.68-383.71],268.0760346,178.6820212,383.7069775,,2025-12-19T14:24:05Z,2018,01/01/2018,31/12/2018,,
2923024,MALARIA_EST_INCIDENCE,COUNTRY,GEO,EUR,Europe,YEAR,2014,,,,,,,,,0 [0-0],0,0,0,,2025-12-19T14:24:05Z,2014,01/01/2014,31/12/2014,,
2923851,MALARIA_EST_INCIDENCE,REGION,SEAR,,,YEAR,2011,,,,,,,,,10.90 [8.83-13.53],10.90496369,8.832820573,13.52931686,,2025-12-19T14:24:05Z,2011,01/01/2011,31/12/2011,,
2924716,MALARIA_EST_INCIDENCE,COUNTRY,KAZ,EUR,Europe,YEAR,2016,,,,,,,,,0 [0-0],0,0,0,,2025-12-19T14:24:05Z,2016,01/01/2016,31/12/2016,,
2928899,MALARIA_EST_INCIDENCE,COUNTRY,KOR,WPR,Western Pacific,YEAR,2014,,,,,,,,,0.16 [0.16-0.16],0.15744546,0.15744546,0.15744546,,2025-12-19T14:24:05Z,2014,01/01/2014,31/12/2014,,
2930128,MALARIA_EST_INCIDENCE,COUNTRY,SOM,EMR,Eastern Mediterranean,YEAR,2002,,,,,,,,,133.37 [78.11-212.09],133.3746175,78.11295329,212.0899517,,2025-12-19T14:24:05Z,2002,01/01/2002,31/12/2002,,
2934133,MALARIA_EST_INCIDENCE,COUNTRY,BEN,AFR,Africa,YEAR,2004,,,,,,,,,495.55 [392.86-611.54],495.5529376,392.8577456,611.5447101,,2025-12-19T14:24:05Z,2004,01/01/2004,31/12/2004,,
2937860,MALARIA_EST_INCIDENCE,COUNTRY,NGA,AFR,Africa,YEAR,2011,,,,,,,,,339.51 [273.76-416.18],339.5066275,273.7594721,416.1799168,,2025-12-19T14:24:05Z,2011,01/01/2011,31/12/2011,,
2941513,MALARIA_EST_INCIDENCE,COUNTRY,GHA,AFR,Africa,YEAR,2021,,,,,,,,,212.47 [160.91-276.54],212.4652104,160.9065186,276.5365199,,2025-12-19T14:24:05Z,2021,01/01/2021,31/12/2021,,
2947416,MALARIA_EST_INCIDENCE,COUNTRY,HND,AMR,Americas,YEAR,2020,,,,,,,,,0.12 [0.09-0.15],0.122731245,0.094257596,0.152404932,,2025-12-19T14:24:05Z,2020,01/01/2020,31/12/2020,,
2948396,MALARIA_EST_INCIDENCE,COUNTRY,GHA,AFR,Africa,YEAR,2022,,,,,,,,,210.79 [158.51-275.34],210.786297,158.5126401,275.3422508,,2025-12-19T14:24:05Z,2022,01/01/2022,31/12/2022,,
2961418,MALARIA_EST_INCIDENCE,COUNTRY,UGA,AFR,Africa,YEAR,2006,,,,,,,,,425.62 [332.55-534.86],425.6222728,332.5506608,534.8648858,,2025-12-19T14:24:05Z,2006,01/01/2006,31/12/2006,,
2974326,MALARIA_EST_INCIDENCE,COUNTRY,UGA,AFR,Africa,YEAR,2011,,,,,,,,,382.90 [302.77-478.15],382.8950377,302.7692832,478.1518652,,2025-12-19T14:24:05Z,2011,01/01/2011,31/12/2011,,
2979913,MALARIA_EST_INCIDENCE,COUNTRY,ARE,EMR,Eastern Mediterranean,YEAR,2024,,,,,,,,,0 [0-0],0,0,0,,2025-12-19T14:24:05Z,2024,01/01/2024,31/12/2024,,
2980367,MALARIA_EST_INCIDENCE,COUNTRY,AGO,AFR,Africa,YEAR,2004,,,,,,,,,312.65 [220.43-432.51],312.6468683,220.4314749,432.5135643,,2025-12-19T14:24:05Z,2004,01/01/2004,31/12/2004,,
2981003,MALARIA_EST_INCIDENCE,COUNTRY,GMB,AFR,Africa,YEAR,2016,,,,,,,,,130.07 [98.32-164.45],130.0735757,98.32339654,164.446853,,2025-12-19T14:24:05Z,2016,01/01/2016,31/12/2016,,
2992902,MALARIA_EST_INCIDENCE,COUNTRY,YEM,EMR,Eastern Mediterranean,YEAR,2003,,,,,,,,,86.06 [36.13-375.74],86.05801105,36.12601697,375.7393016,,2025-12-19T14:24:05Z,2003,01/01/2003,31/12/2003,,
2999423,MALARIA_EST_INCIDENCE,COUNTRY,MMR,SEAR,South-East Asia,YEAR,2008,,,,,,,,,37.33 [27.44-53.57],37.32908821,27.43590914,53.57113327,,2025-12-19T14:24:05Z,2008,01/01/2008,31/12/2008,,
3000738,MALARIA_EST_INCIDENCE,COUNTRY,MRT,AFR,Africa,YEAR,2011,,,,,,,,,46.39 [9.16-99.52],46.38845773,9.155703805,99.5201354,,2025-12-19T14:24:05Z,2011,01/01/2011,31/12/2011,,
3004871,MALARIA_EST_INCIDENCE,COUNTRY,MEX,AMR,Americas,YEAR,2024,,,,,,,,,0.10 [0.10-0.10],0.095881666,0.095881666,0.095881666,,2025-12-19T14:24:05Z,2024,01/01/2024,31/12/2024,,
3006549,MALARIA_EST_INCIDENCE,COUNTRY,SWZ,AFR,Africa,YEAR,2016,,,,,,,,,0.78 [0.78-0.78],0.7767304,0.7767304,0.7767304,,2025-12-19T14:24:05Z,2016,01/01/2016,31/12/2016,,
3012195,MALARIA_EST_INCIDENCE,COUNTRY,PHL,WPR,Western Pacific,YEAR,2011,,,,,,,,,0.42 [0.30-0.55],0.419451016,0.297584783,0.549505733,,2025-12-19T14:24:05Z,2011,01/01/2011,31/12/2011,,
3013208,MALARIA_EST_INCIDENCE,COUNTRY,BTN,SEAR,South-East Asia,YEAR,2007,,,,,,,,,1.58 [1.58-1.58],1.579071036,1.579071036,1.579071036,,2025-12-19T14:24:05Z,2007,01/01/2007,31/12/2007,,
3018442,MALARIA_EST_INCIDENCE,COUNTRY,BDI,AFR,Africa,YEAR,2022,,,,,,,,,342.31 [224.72-499.37],342.3091957,224.7155546,499.3741094,,2025-12-19T14:24:05Z,2022,01/01/2022,31/12/2022,,
3019324,MALARIA_EST_INCIDENCE,COUNTRY,MLI,AFR,Africa,YEAR,2003,,,,,,,,,412.36 [275.31-589.14],412.3561212,275.3098101,589.1352043,,2025-12-19T14:24:05Z,2003,01/01/2003,31/12/2003,,
3028865,MALARIA_EST_INCIDENCE,COUNTRY,MAR,EMR,Eastern Mediterranean,YEAR,2003,,,,,,,,,0 [0-0],1.35266e-4,1.35266e-4,1.35266e-4,,2025-12-19T14:24:05Z,2003,01/01/2003,31/12/2003,,
3030666,MALARIA_EST_INCIDENCE,COUNTRY,GNB,AFR,Africa,YEAR,2010,,,,,,,,,124.54 [70.82-204.30],124.5395334,70.8174471,204.3019231,,2025-12-19T14:24:05Z,2010,01/01/2010,31/12/2010,,
3032618,MALARIA_EST_INCIDENCE,COUNTRY,KHM,WPR,Western Pacific,YEAR,2018,,,,,,,,,6.05 [5.60-6.61],6.054437857,5.598623204,6.613632284,,2025-12-19T14:24:05Z,2018,01/01/2018,31/12/2018,,
3037891,MALARIA_EST_INCIDENCE,COUNTRY,SLB,WPR,Western Pacific,YEAR,2021,,,,,,,,,204.13 [168.68-249.06],204.1326419,168.6778526,249.0578371,,2025-12-19T14:24:05Z,2021,01/01/2021,31/12/2021,,
3043020,MALARIA_EST_INCIDENCE,COUNTRY,GNQ,AFR,Africa,YEAR,2015,,,,,,,,,333.82 [229.64-471.98],333.8154772,229.6367139,471.9820444,,2025-12-19T14:24:05Z,2015,01/01/2015,31/12/2015,,
3043496,MALARIA_EST_INCIDENCE,COUNTRY,PAK,EMR,Eastern Mediterranean,YEAR,2019,,,,,,,,,2.82 [2.24-3.76],2.822686032,2.235721588,3.762034934,,2025-12-19T14:24:05Z,2019,01/01/2019,31/12/2019,,
3063692,MALARIA_EST_INCIDENCE,COUNTRY,KGZ,EUR,Europe,YEAR,2007,,,,,,,,,0.02 [0.02-0.02],0.023163636,0.023163636,0.023163636,,2025-12-19T14:24:05Z,2007,01/01/2007,31/12/2007,,
3066613,MALARIA_EST_INCIDENCE,COUNTRY,ZMB,AFR,Africa,YEAR,2000,,,,,,,,,360.33 [281.44-456.11],360.3289041,281.435566,456.1143348,,2025-12-19T14:24:05Z,2000,01/01/2000,31/12/2000,,
3066691,MALARIA_EST_INCIDENCE,COUNTRY,GUF,AMR,Americas,YEAR,2007,,,,,,,,,46.58 [41.48-54.11],46.5816478,41.48381562,54.10507474,,2025-12-19T14:24:05Z,2007,01/01/2007,31/12/2007,,
3068164,MALARIA_EST_INCIDENCE,COUNTRY,ECU,AMR,Americas,YEAR,2024,,,,,,,,,0.04 [0.04-0.04],0.036974422,0.036974422,0.036974422,,2025-12-19T14:24:05Z,2024,01/01/2024,31/12/2024,,
3069513,MALARIA_EST_INCIDENCE,COUNTRY,SUR,AMR,Americas,YEAR,2017,,,,,,,,,1.56 [1.56-1.56],1.562303999,1.562303999,1.562303999,,2025-12-19T14:24:05Z,2017,01/01/2017,31/12/2017,,
3075618,MALARIA_EST_INCIDENCE,COUNTRY,GHA,AFR,Africa,YEAR,2020,,,,,,,,,219.63 [168.12-282.83],219.6265037,168.1247565,282.8304384,,2025-12-19T14:24:05Z,2020,01/01/2020,31/12/2020,,
3079497,MALARIA_EST_INCIDENCE,COUNTRY,LAO,WPR,Western Pacific,YEAR,2024,,,,,,,,,0.13 [0.10-0.18],0.133072268,0.096458843,0.176605203,,2025-12-19T14:24:05Z,2024,01/01/2024,31/12/2024,,
3080490,MALARIA_EST_INCIDENCE,COUNTRY,GEO,EUR,Europe,YEAR,2015,,,,,,,,,0 [0-0],0,0,0,,2025-12-19T14:24:05Z,2015,01/01/2015,31/12/2015,,
3093769,MALARIA_EST_INCIDENCE,COUNTRY,SLE,AFR,Africa,YEAR,2012,,,,,,,,,413.44 [327.22-513.77],413.4357999,327.2234311,513.7724085,,2025-12-19T14:24:05Z,2012,01/01/2012,31/12/2012,,
3094882,MALARIA_EST_INCIDENCE,COUNTRY,TJK,EUR,Europe,YEAR,2022,,,,,,,,,0 [0-0],0,0,0,,2025-12-19T14:24:05Z,2022,01/01/2022,31/12/2022,,
3107651,MALARIA_EST_INCIDENCE,COUNTRY,DJI,EMR,Eastern Mediterranean,YEAR,2016,,,,,,,,,17.76 [17.76-17.76],17.7625052,17.7625052,17.7625052,,2025-12-19T14:24:05Z,2016,01/01/2016,31/12/2016,,
3108549,MALARIA_EST_INCIDENCE,COUNTRY,SLB,WPR,Western Pacific,YEAR,2001,,,,,,,,,643.07 [349.01-1 046.48],643.0674286,349.0113757,1046.480524,,2025-12-19T14:24:05Z,2001,01/01/2001,31/12/2001,,
3112376,MALARIA_EST_INCIDENCE,COUNTRY,AGO,AFR,Africa,YEAR,2014,,,,,,,,,163.86 [120.29-216.99],163.8586153,120.2876343,216.9898282,,2025-12-19T14:24:05Z,2014,01/01/2014,31/12/2014,,
3112884,MALARIA_EST_INCIDENCE,COUNTRY,MMR,SEAR,South-East Asia,YEAR,2006,,,,,,,,,24.45 [15.76-37.73],24.44981943,15.75690392,37.72566464,,2025-12-19T14:24:05Z,2006,01/01/2006,31/12/2006,,
3121054,MALARIA_EST_INCIDENCE,COUNTRY,DOM,AMR,Americas,YEAR,2009,,,,,,,,,0.40 [0.32-0.47],0.396041829,0.323949108,0.472071561,,2025-12-19T14:24:05Z,2009,01/01/2009,31/12/2009,,
3136650,MALARIA_EST_INCIDENCE,REGION,EMR,,,YEAR,2018,,,,,,,,,11.12 [9.21-13.62],11.12096995,9.207618225,13.62287688,,2025-12-19T14:24:05Z,2018,01/01/2018,31/12/2018,,
3138745,MALARIA_EST_INCIDENCE,COUNTRY,GUF,AMR,Americas,YEAR,2023,,,,,,,,,1.13 [1.13-1.13],1.125898038,1.125898038,1.125898038,,2025-12-19T14:24:05Z,2023,01/01/2023,31/12/2023,,
3139200,MALARIA_EST_INCIDENCE,COUNTRY,UZB,EUR,Europe,YEAR,2017,,,,,,,,,0 [0-0],0,0,0,,2025-12-19T14:24:05Z,2017,01/01/2017,31/12/2017,,
3139733,MALARIA_EST_INCIDENCE,COUNTRY,NGA,AFR,Africa,YEAR,2019,,,,,,,,,293.00 [226.46-376.22],292.9999532,226.4616604,376.2231471,,2025-12-19T14:24:05Z,2019,01/01/2019,31/12/2019,,
3142634,MALARIA_EST_INCIDENCE,COUNTRY,SUR,AMR,Americas,YEAR,2016,,,,,,,,,0.90 [0.90-0.90],0.898503646,0.898503646,0.898503646,,2025-12-19T14:24:05Z,2016,01/01/2016,31/12/2016,,
3144770,MALARIA_EST_INCIDENCE,COUNTRY,ZWE,AFR,Africa,YEAR,2008,,,,,,,,,67.51 [13.87-134.15],67.50863158,13.86529309,134.1538402,,2025-12-19T14:24:05Z,2008,01/01/2008,31/12/2008,,
3155254,MALARIA_EST_INCIDENCE,COUNTRY,KOR,WPR,Western Pacific,YEAR,2023,,,,,,,,,0.18 [0.18-0.18],0.182751212,0.182751212,0.182751212,,2025-12-19T14:24:05Z,2023,01/01/2023,31/12/2023,,
3162021,MALARIA_EST_INCIDENCE,COUNTRY,CPV,AFR,Africa,YEAR,2020,,,,,,,,,0 [0-0],0,0,0,,2025-12-19T14:24:05Z,2020,01/01/2020,31/12/2020,,
3163376,MALARIA_EST_INCIDENCE,COUNTRY,NAM,AFR,Africa,YEAR,2020,,,,,,,,,9.32 [7.39-11.44],9.324759436,7.389780669,11.43889713,,2025-12-19T14:24:05Z,2020,01/01/2020,31/12/2020,,
3165329,MALARIA_EST_INCIDENCE,COUNTRY,MMR,SEAR,South-East Asia,YEAR,2011,,,,,,,,,30.81 [23.77-41.15],30.81042165,23.77379514,41.15440741,,2025-12-19T14:24:05Z,2011,01/01/2011,31/12/2011,,
3169245,MALARIA_EST_INCIDENCE,COUNTRY,PHL,WPR,Western Pacific,YEAR,2000,,,,,,,,,1.73 [1.30-2.23],1.730533585,1.29715149,2.226220538,,2025-12-19T14:24:05Z,2000,01/01/2000,31/12/2000,,
3171021,MALARIA_EST_INCIDENCE,COUNTRY,PAK,EMR,Eastern Mediterranean,YEAR,2013,,,,,,,,,6.66 [3.49-12.89],6.655178358,3.494672704,12.89047215,,2025-12-19T14:24:05Z,2013,01/01/2013,31/12/2013,,
3199193,MALARIA_EST_INCIDENCE,COUNTRY,MYS,WPR,Western Pacific,YEAR,2023,,,,,,,,,0 [0-0],0,0,0,,2025-12-19T14:24:05Z,2023,01/01/2023,31/12/2023,,
3200047,MALARIA_EST_INCIDENCE,COUNTRY,ZWE,AFR,Africa,YEAR,2022,,,,,,,,,28.90 [17.37-41.30],28.90136636,17.37074701,41.30337737,,2025-12-19T14:24:05Z,2022,01/01/2022,31/12/2022,,
3200846,MALARIA_EST_INCIDENCE,COUNTRY,ZWE,AFR,Africa,YEAR,2010,,,,,,,,,104.38 [56.77-166.06],104.3780603,56.77171274,166.0582092,,2025-12-19T14:24:05Z,2010,01/01/2010,31/12/2010,,
3200997,MALARIA_EST_INCIDENCE,COUNTRY,LAO,WPR,Western Pacific,YEAR,2019,,,,,,,,,2.80 [2.03-3.70],2.798989485,2.026552296,3.701292511,,2025-12-19T14:24:05Z,2019,01/01/2019,31/12/2019,,
3202550,MALARIA_EST_INCIDENCE,COUNTRY,STP,AFR,Africa,YEAR,2021,,,,,,,,,12.25 [12.25-12.25],12.24989976,12.24989976,12.24989976,,2025-12-19T14:24:05Z,2021,01/01/2021,31/12/2021,,
3205481,MALARIA_EST_INCIDENCE,COUNTRY,GIN,AFR,Africa,YEAR,2012,,,,,,,,,431.75 [357.97-518.19],431.7485199,357.9721318,518.1947095,,2025-12-19T14:24:05Z,2012,01/01/2012,31/12/2012,,
3212016,MALARIA_EST_INCIDENCE,COUNTRY,DOM,AMR,Americas,YEAR,2012,,,,,,,,,0.22 [0.18-0.27],0.222102718,0.180999293,0.265910316,,2025-12-19T14:24:05Z,2012,01/01/2012,31/12/2012,,
3212043,MALARIA_EST_INCIDENCE,GLOBAL,GLOBAL,,,YEAR,2003,,,,,,,,,78.18 [72.72-85.42],78.18070901,72.72307314,85.41947196,,2025-12-19T14:24:05Z,2003,01/01/2003,31/12/2003,,
3213028,MALARIA_EST_INCIDENCE,COUNTRY,GHA,AFR,Africa,YEAR,2002,,,,,,,,,392.10 [307.42-490.46],392.0963803,307.4241314,490.459921,,2025-12-19T14:24:05Z,2002,01/01/2002,31/12/2002,,
3227899,MALARIA_EST_INCIDENCE,COUNTRY,IRN,EMR,Eastern Mediterranean,YEAR,2009,,,,,,,,,5.57 [5.57-5.57],5.565988671,5.565988671,5.565988671,,2025-12-19T14:24:05Z,2009,01/01/2009,31/12/2009,,
3234318,MALARIA_EST_INCIDENCE,COUNTRY,BTN,SEAR,South-East Asia,YEAR,2017,,,,,,,,,0.02 [0.02-0.02],0.019705951,0.019705951,0.019705951,,2025-12-19T14:24:05Z,2017,01/01/2017,31/12/2017,,
3238939,MALARIA_EST_INCIDENCE,COUNTRY,IND,SEAR,South-East Asia,YEAR,2002,,,,,,,,,19.51 [15.13-25.20],19.51208076,15.13254455,25.2006626,,2025-12-19T14:24:05Z,2002,01/01/2002,31/12/2002,,
3239779,MALARIA_EST_INCIDENCE,GLOBAL,GLOBAL,,,YEAR,2016,,,,,,,,,58.69 [54.64-63.38],58.69209433,54.63740629,63.38091033,,2025-12-19T14:24:05Z,2016,01/01/2016,31/12/2016,,
3245116,MALARIA_EST_INCIDENCE,COUNTRY,RWA,AFR,Africa,YEAR,2011,,,,,,,,,36.94 [27.57-46.79],36.94163641,27.57434626,46.7888966,,2025-12-19T14:24:05Z,2011,01/01/2011,31/12/2011,,
3246789,MALARIA_EST_INCIDENCE,COUNTRY,GHA,AFR,Africa,YEAR,2017,,,,,,,,,226.19 [173.19-290.20],226.1852816,173.1852387,290.2046668,,2025-12-19T14:24:05Z,2017,01/01/2017,31/12/2017,,
3247049,MALARIA_EST_INCIDENCE,COUNTRY,ARE,EMR,Eastern Mediterranean,YEAR,2016,,,,,,,,,0 [0-0],0,0,0,,2025-12-19T14:24:05Z,2016,01/01/2016,31/12/2016,,
3250510,MALARIA_EST_INCIDENCE,COUNTRY,NAM,AFR,Africa,YEAR,2004,,,,,,,,,68.43 [33.49-130.27],68.43409165,33.48514168,130.2738291,,2025-12-19T14:24:05Z,2004,01/01/2004,31/12/2004,,
3256220,MALARIA_EST_INCIDENCE,COUNTRY,TJK,EUR,Europe,YEAR,2024,,,,,,,,,0 [0-0],0,0,0,,2025-12-19T14:24:05Z,2024,01/01/2024,31/12/2024,,
3262434,MALARIA_EST_INCIDENCE,COUNTRY,MDG,AFR,Africa,YEAR,2024,,,,,,,,,255.45 [163.17-354.72],255.4457137,163.1685603,354.7227274,,2025-12-19T14:24:05Z,2024,01/01/2024,31/12/2024,,
3269127,MALARIA_EST_INCIDENCE,COUNTRY,ARG,AMR,Americas,YEAR,2007,,,,,,,,,1.64 [1.64-1.64],1.639319682,1.639319682,1.639319682,,2025-12-19T14:24:05Z,2007,01/01/2007,31/12/2007,,
3271305,MALARIA_EST_INCIDENCE,COUNTRY,GTM,AMR,Americas,YEAR,2014,,,,,,,,,0.49 [0.43-0.56],0.487057128,0.434178571,0.560546497,,2025-12-19T14:24:05Z,2014,01/01/2014,31/12/2014,,
3276435,MALARIA_EST_INCIDENCE,COUNTRY,LKA,SEAR,South-East Asia,YEAR,2005,,,,,,,,,0.35 [0.35-0.35],0.352703342,0.352703342,0.352703342,,2025-12-19T14:24:05Z,2005,01/01/2005,31/12/2005,,
3281430,MALARIA_EST_INCIDENCE,COUNTRY,IRN,EMR,Eastern Mediterranean,YEAR,2024,,,,,,,,,2.18 [2.18-2.18],2.175619795,2.175619795,2.175619795,,2025-12-19T14:24:05Z,2024,01/01/2024,31/12/2024,,
3283140,MALARIA_EST_INCIDENCE,COUNTRY,MDG,AFR,Africa,YEAR,2006,,,,,,,,,33.78 [1.18-74.22],33.78065349,1.18390136,74.22317061,,2025-12-19T14:24:05Z,2006,01/01/2006,31/12/2006,,
3291150,MALARIA_EST_INCIDENCE,COUNTRY,MEX,AMR,Americas,YEAR,2001,,,,,,,,,2.35 [2.35-2.35],2.354271712,2.354271712,2.354271712,,2025-12-19T14:24:05Z,2001,01/01/2001,31/12/2001,,
3291525,MALARIA_EST_INCIDENCE,REGION,SEAR,,,YEAR,2009,,,,,,,,,14.18 [11.05-18.60],14.18479797,11.04750517,18.59524096,,2025-12-19T14:24:05Z,2009,01/01/2009,31/12/2009,,
3294555,MALARIA_EST_INCIDENCE,COUNTRY,BGD,SEAR,South-East Asia,YEAR,2007,,,,,,,,,7.96 [4.85-11.58],7.959009942,4.852858292,11.5786769,,2025-12-19T14:24:05Z,2007,01/01/2007,31/12/2007,,
3303062,MALARIA_EST_INCIDENCE,COUNTRY,TUR,EUR,Europe,YEAR,2000,,,,,,,,,2.69 [2.69-2.69],2.688182789,2.688182789,2.688182789,,2025-12-19T14:24:05Z,2000,01/01/2000,31/12/2000,,
3308414,MALARIA_EST_INCIDENCE,COUNTRY,SUR,AMR,Americas,YEAR,2006,,,,,,,,,42.42 [42.42-42.42],42.41572309,42.41572309,42.41572309,,2025-12-19T14:24:05Z,2006,01/01/2006,31/12/2006,,
3320643,MALARIA_EST_INCIDENCE,COUNTRY,GIN,AFR,Africa,YEAR,2022,,,,,,,,,285.70 [214.24-374.09],285.6958989,214.235788,374.085121,,2025-12-19T14:24:05Z,2022,01/01/2022,31/12/2022,,
3321017,MALARIA_EST_INCIDENCE,COUNTRY,MYS,WPR,Western Pacific,YEAR,2011,,,,,,,,,3.39 [3.39-3.39],3.389682301,3.389682301,3.389682301,,2025-12-19T14:24:05Z,2011,01/01/2011,31/12/2011,,
3327317,MALARIA_EST_INCIDENCE,COUNTRY,KEN,AFR,Africa,YEAR,2006,,,,,,,,,125.53 [92.76-166.54],125.5252817,92.76339714,166.5403999,,2025-12-19T14:24:05Z,2006,01/01/2006,31/12/2006,,
3365940,MALARIA_EST_INCIDENCE,COUNTRY,SWZ,AFR,Africa,YEAR,2011,,,,,,,,,1.21 [1.21-1.21],1.2108897,1.2108897,1.2108897,,2025-12-19T14:24:05Z,2011,01/01/2011,31/12/2011,,
3391793,MALARIA_EST_INCIDENCE,COUNTRY,COG,AFR,Africa,YEAR,2009,,,,,,,,,214.45 [143.94-307.82],214.4468667,143.938105,307.8175398,,2025-12-19T14:24:05Z,2009,01/01/2009,31/12/2009,,
3398731,MALARIA_EST_INCIDENCE,COUNTRY,PER,AMR,Americas,YEAR,2011,,,,,,,,,2.69 [2.28-3.12],2.686830465,2.280730167,3.115870563,,2025-12-19T14:24:05Z,2011,01/01/2011,31/12/2011,,
3398784,MALARIA_EST_INCIDENCE,COUNTRY,NER,AFR,Africa,YEAR,2005,,,,,,,,,310.49 [195.40-468.38],310.4929264,195.4040821,468.3834319,,2025-12-19T14:24:05Z,2005,01/01/2005,31/12/2005,,
3403340,MALARIA_EST_INCIDENCE,COUNTRY,BWA,AFR,Africa,YEAR,2014,,,,,,,,,1.44 [1.12-1.93],1.441645643,1.122205857,1.928478821,,2025-12-19T14:24:05Z,2014,01/01/2014,31/12/2014,,
3405245,MALARIA_EST_INCIDENCE,COUNTRY,KEN,AFR,Africa,YEAR,2005,,,,,,,,,138.92 [101.96-186.77],138.9185038,101.957452,186.7732261,,2025-12-19T14:24:05Z,2005,01/01/2005,31/12/2005,,
3408409,MALARIA_EST_INCIDENCE,COUNTRY,VUT,WPR,Western Pacific,YEAR,2011,,,,,,,,,47.77 [36.50-64.45],47.77121077,36.49655198,64.44677644,,2025-12-19T14:24:05Z,2011,01/01/2011,31/12/2011,,
3421915,MALARIA_EST_INCIDENCE,COUNTRY,PAN,AMR,Americas,YEAR,2015,,,,,,,,,0.22 [0.21-0.23],0.216717554,0.208425752,0.230662858,,2025-12-19T14:24:05Z,2015,01/01/2015,31/12/2015,,
3428981,MALARIA_EST_INCIDENCE,COUNTRY,GUF,AMR,Americas,YEAR,2014,,,,,,,,,3.75 [3.33-4.32],3.752852792,3.329703032,4.32167706,,2025-12-19T14:24:05Z,2014,01/01/2014,31/12/2014,,
3434133,MALARIA_EST_INCIDENCE,COUNTRY,MAR,EMR,Eastern Mediterranean,YEAR,2015,,,,,,,,,0 [0-0],0,0,0,,2025-12-19T14:24:05Z,2015,01/01/2015,31/12/2015,,
3434714,MALARIA_EST_INCIDENCE,COUNTRY,SDN,EMR,Eastern Mediterranean,YEAR,2001,,,,,,,,,83.54 [58.75-114.38],83.54214029,58.75309073,114.3788427,,2025-12-19T14:24:05Z,2001,01/01/2001,31/12/2001,,
3436354,MALARIA_EST_INCIDENCE,COUNTRY,PNG,WPR,Western Pacific,YEAR,2014,,,,,,,,,189.34 [109.88-296.82],189.3447728,109.8763721,296.8205359,,2025-12-19T14:24:05Z,2014,01/01/2014,31/12/2014,,
3442733,MALARIA_EST_INCIDENCE,COUNTRY,TKM,EUR,Europe,YEAR,2024,,,,,,,,,0 [0-0],0,0,0,,2025-12-19T14:24:05Z,2024,01/01/2024,31/12/2024,,
3448187,MALARIA_EST_INCIDENCE,COUNTRY,MYT,AFR,Africa,YEAR,2007,,,,,,,,,6.96 [6.96-6.96],6.957847833,6.957847833,6.957847833,,2025-12-19T14:24:05Z,2007,01/01/2007,31/12/2007,,
3450078,MALARIA_EST_INCIDENCE,COUNTRY,SYR,EMR,Eastern Mediterranean,YEAR,2002,,,,,,,,,0 [0-0],8.58697e-4,8.58697e-4,8.58697e-4,,2025-12-19T14:24:05Z,2002,01/01/2002,31/12/2002,,
3453110,MALARIA_EST_INCIDENCE,COUNTRY,CIV,AFR,Africa,YEAR,2022,,,,,,,,,280.87 [204.83-375.65],280.8684138,204.8343186,375.6456053,,2025-12-19T14:24:05Z,2022,01/01/2022,31/12/2022,,
3460518,MALARIA_EST_INCIDENCE,COUNTRY,ECU,AMR,Americas,YEAR,2013,,,,,,,,,0.04 [0.04-0.04],0.041081062,0.041081062,0.041081062,,2025-12-19T14:24:05Z,2013,01/01/2013,31/12/2013,,
3466226,MALARIA_EST_INCIDENCE,COUNTRY,STP,AFR,Africa,YEAR,2006,,,,,,,,,31.07 [31.07-31.07],31.06775015,31.06775015,31.06775015,,2025-12-19T14:24:05Z,2006,01/01/2006,31/12/2006,,
3480709,MALARIA_EST_INCIDENCE,COUNTRY,MOZ,AFR,Africa,YEAR,2002,,,,,,,,,494.65 [410.06-592.22],494.6525903,410.0559263,592.2168982,,2025-12-19T14:24:05Z,2002,01/01/2002,31/12/2002,,
3484102,MALARIA_EST_INCIDENCE,COUNTRY,RWA,AFR,Africa,YEAR,2006,,,,,,,,,150.06 [35.51-237.98],150.0607684,35.50572541,237.9769849,,2025-12-19T14:24:05Z,2006,01/01/2006,31/12/2006,,
3492511,MALARIA_EST_INCIDENCE,COUNTRY,RWA,AFR,Africa,YEAR,2020,,,,,,,,,213.12 [165.61-262.52],213.1164655,165.6130296,262.5226325,,2025-12-19T14:24:05Z,2020,01/01/2020,31/12/2020,,
3497226,MALARIA_EST_INCIDENCE,COUNTRY,GNQ,AFR,Africa,YEAR,2021,,,,,,,,,239.58 [158.34-344.53],239.5754799,158.3353376,344.5265513,,2025-12-19T14:24:05Z,2021,01/01/2021,31/12/2021,,
3502937,MALARIA_EST_INCIDENCE,COUNTRY,MRT,AFR,Africa,YEAR,2013,,,,,,,,,27.11 [1.62-64.89],27.1125812,1.620088327,64.88564311,,2025-12-19T14:24:05Z,2013,01/01/2013,31/12/2013,,
3504196,MALARIA_EST_INCIDENCE,COUNTRY,GHA,AFR,Africa,YEAR,2000,,,,,,,,,430.36 [327.33-557.11],430.357415,327.3316811,557.1106486,,2025-12-19T14:24:05Z,2000,01/01/2000,31/12/2000,,
3504495,MALARIA_EST_INCIDENCE,COUNTRY,THA,SEAR,South-East Asia,YEAR,2004,,,,,,,,,2.15 [2.15-2.15],2.148922157,2.148922157,2.148922157,,2025-12-19T14:24:05Z,2004,01/01/2004,31/12/2004,,
3505485,MALARIA_EST_INCIDENCE,COUNTRY,CRI,AMR,Americas,YEAR,2016,,,,,,,,,0 [0-0],0.002348177,0.002348177,0.002348177,,2025-12-19T14:24:05Z,2016,01/01/2016,31/12/2016,,
3506225,MALARIA_EST_INCIDENCE,COUNTRY,BWA,AFR,Africa,YEAR,2001,,,,,,,,,6.79 [4.12-12.79],6.785648217,4.122613836,12.78596535,,2025-12-19T14:24:05Z,2001,01/01/2001,31/12/2001,,
3506408,MALARIA_EST_INCIDENCE,COUNTRY,TJK,EUR,Europe,YEAR,2002,,,,,,,,,2.82 [2.82-2.82],2.823645464,2.823645464,2.823645464,,2025-12-19T14:24:05Z,2002,01/01/2002,31/12/2002,,
3515613,MALARIA_EST_INCIDENCE,COUNTRY,DOM,AMR,Americas,YEAR,2000,,,,,,,,,0.32 [0.27-0.38],0.322311643,0.273457319,0.376876212,,2025-12-19T14:24:05Z,2000,01/01/2000,31/12/2000,,
3515812,MALARIA_EST_INCIDENCE,COUNTRY,HTI,AMR,Americas,YEAR,2024,,,,,,,,,8.70 [5.29-13.60],8.695799336,5.290695701,13.59668342,,2025-12-19T14:24:05Z,2024,01/01/2024,31/12/2024,,
3525943,MALARIA_EST_INCIDENCE,COUNTRY,NGA,AFR,Africa,YEAR,2006,,,,,,,,,398.57 [321.34-488.27],398.5742219,321.3379213,488.2678428,,2025-12-19T14:24:05Z,2006,01/01/2006,31/12/2006,,
3528722,MALARIA_EST_INCIDENCE,COUNTRY,ZMB,AFR,Africa,YEAR,2022,,,,,,,,,246.10 [199.21-300.74],246.10104,199.2134869,300.7417355,,2025-12-19T14:24:05Z,2022,01/01/2022,31/12/2022,,
3535636,MALARIA_EST_INCIDENCE,COUNTRY,UGA,AFR,Africa,YEAR,2013,,,,,,,,,310.27 [244.56-387.75],310.2735934,244.5639317,387.7544695,,2025-12-19T14:24:05Z,2013,01/01/2013,31/12/2013,,
3537300,MALARIA_EST_INCIDENCE,COUNTRY,AFG,EMR,Eastern Mediterranean,YEAR,2008,,,,,,,,,19.71 [10.33-34.68],19.70536804,10.32556072,34.68417852,,2025-12-19T14:24:05Z,2008,01/01/2008,31/12/2008,,
3541623,MALARIA_EST_INCIDENCE,COUNTRY,TCD,AFR,Africa,YEAR,2024,,,,,,,,,206.14 [121.64-330.08],206.1380953,121.6401696,330.0790259,,2025-12-19T14:24:05Z,2024,01/01/2024,31/12/2024,,
3549347,MALARIA_EST_INCIDENCE,COUNTRY,TCD,AFR,Africa,YEAR,2021,,,,,,,,,206.65 [125.33-318.16],206.6533232,125.3333612,318.1594872,,2025-12-19T14:24:05Z,2021,01/01/2021,31/12/2021,,
3560230,MALARIA_EST_INCIDENCE,COUNTRY,KHM,WPR,Western Pacific,YEAR,2024,,,,,,,,,0.03 [0.03-0.03],0.025661489,0.025661489,0.025661489,,2025-12-19T14:24:05Z,2024,01/01/2024,31/12/2024,,
3560909,MALARIA_EST_INCIDENCE,COUNTRY,COD,AFR,Africa,YEAR,2004,,,,,,,,,467.62 [375.05-577.44],467.6217957,375.0533271,577.4374185,,2025-12-19T14:24:05Z,2004,01/01/2004,31/12/2004,,
3562692,MALARIA_EST_INCIDENCE,COUNTRY,KEN,AFR,Africa,YEAR,2013,,,,,,,,,85.44 [63.88-111.59],85.4403037,63.88103041,111.5923269,,2025-12-19T14:24:05Z,2013,01/01/2013,31/12/2013,,
3563362,MALARIA_EST_INCIDENCE,COUNTRY,SSD,AFR,Africa,YEAR,2017,,,,,,,,,277.30 [192.40-386.14],277.3002801,192.3979714,386.1388313,,2025-12-19T14:24:05Z,2017,01/01/2017,31/12/2017,,
3567479,MALARIA_EST_INCIDENCE,COUNTRY,NIC,AMR,Americas,YEAR,2017,,,,,,,,,2.49 [2.07-2.94],2.494655274,2.070963281,2.94390372,,2025-12-19T14:24:05Z,2017,01/01/2017,31/12/2017,,
3573895,MALARIA_EST_INCIDENCE,COUNTRY,MDG,AFR,Africa,YEAR,2010,,,,,,,,,44.52 [25.73-72.14],44.52075296,25.72563464,72.14342948,,2025-12-19T14:24:05Z,2010,01/01/2010,31/12/2010,,
3588391,MALARIA_EST_INCIDENCE,COUNTRY,NIC,AMR,Americas,YEAR,2011,,,,,,,,,0.23 [0.19-0.27],0.228676815,0.190010709,0.270467454,,2025-12-19T14:24:05Z,2011,01/01/2011,31/12/2011,,
3594284,MALARIA_EST_INCIDENCE,COUNTRY,GIN,AFR,Africa,YEAR,2002,,,,,,,,,418.97 [292.41-583.52],418.9660788,292.4118738,583.5163732,,2025-12-19T14:24:05Z,2002,01/01/2002,31/12/2002,,
3607439,MALARIA_EST_INCIDENCE,COUNTRY,PER,AMR,Americas,YEAR,2020,,,,,,,,,2.31 [1.68-3.23],2.306228717,1.68324846,3.228417824,,2025-12-19T14:24:05Z,2020,01/01/2020,31/12/2020,,
3611529,MALARIA_EST_INCIDENCE,COUNTRY,MAR,EMR,Eastern Mediterranean,YEAR,2018,,,,,,,,,0 [0-0],0,0,0,,2025-12-19T14:24:05Z,2018,01/01/2018,31/12/2018,,
3612483,MALARIA_EST_INCIDENCE,COUNTRY,GIN,AFR,Africa,YEAR,2020,,,,,,,,,304.94 [218.44-415.32],304.9429508,218.4423716,415.3234628,,2025-12-19T14:24:05Z,2020,01/01/2020,31/12/2020,,
3618279,MALARIA_EST_INCIDENCE,COUNTRY,PHL,WPR,Western Pacific,YEAR,2004,,,,,,,,,1.82 [1.33-2.38],1.8193262,1.328956214,2.37577527,,2025-12-19T14:24:05Z,2004,01/01/2004,31/12/2004,,
3624365,MALARIA_EST_INCIDENCE,COUNTRY,TZA,AFR,Africa,YEAR,2003,,,,,,,,,278.65 [216.14-352.02],278.6530601,216.1445069,352.0249272,,2025-12-19T14:24:05Z,2003,01/01/2003,31/12/2003,,
3635803,MALARIA_EST_INCIDENCE,COUNTRY,MWI,AFR,Africa,YEAR,2019,,,,,,,,,280.29 [185.01-404.48],280.2880012,185.0099394,404.4764709,,2025-12-19T14:24:05Z,2019,01/01/2019,31/12/2019,,
3641844,MALARIA_EST_INCIDENCE,COUNTRY,EGY,EMR,Eastern Mediterranean,YEAR,2009,,,,,,,,,0 [0-0],0,0,0,,2025-12-19T14:24:05Z,2009,01/01/2009,31/12/2009,,
3642861,MALARIA_EST_INCIDENCE,COUNTRY,BOL,AMR,Americas,YEAR,2011,,,,,,,,,2.06 [1.61-2.53],2.061768716,1.611070974,2.52992653,,2025-12-19T14:24:05Z,2011,01/01/2011,31/12/2011,,
3649893,MALARIA_EST_INCIDENCE,COUNTRY,HND,AMR,Americas,YEAR,2019,,,,,,,,,0.05 [0.04-0.06],0.050516585,0.038858911,0.062951436,,2025-12-19T14:24:05Z,2019,01/01/2019,31/12/2019,,
3680635,MALARIA_EST_INCIDENCE,COUNTRY,BRA,AMR,Americas,YEAR,2015,,,,,,,,,4.02 [3.59-4.35],4.020236183,3.594418064,4.346911974,,2025-12-19T14:24:05Z,2015,01/01/2015,31/12/2015,,
3731158,MALARIA_EST_INCIDENCE,COUNTRY,BLZ,AMR,Americas,YEAR,2000,,,,,,,,,8.94 [8.94-8.94],8.94367172,8.94367172,8.94367172,,2025-12-19T14:24:05Z,2000,01/01/2000,31/12/2000,,
3731161,MALARIA_EST_INCIDENCE,COUNTRY,IRN,EMR,Eastern Mediterranean,YEAR,2010,,,,,,,,,2.34 [2.34-2.34],2.336596387,2.336596387,2.336596387,,2025-12-19T14:24:05Z,2010,01/01/2010,31/12/2010,,
3740849,MALARIA_EST_INCIDENCE,COUNTRY,LBR,AFR,Africa,YEAR,2003,,,,,,,,,423.21 [295.67-586.14],423.2144437,295.6710093,586.1399162,,2025-12-19T14:24:05Z,2003,01/01/2003,31/12/2003,,
3750419,MALARIA_EST_INCIDENCE,COUNTRY,CAF,AFR,Africa,YEAR,2018,,,,,,,,,385.26 [200.83-686.57],385.2609437,200.8294188,686.5732414,,2025-12-19T14:24:05Z,2018,01/01/2018,31/12/2018,,
3751695,MALARIA_EST_INCIDENCE,COUNTRY,IDN,WPR,Western Pacific,YEAR,2014,,,,,,,,,4.49 [4.05-5.01],4.492771499,4.05368904,5.007235104,,2025-12-19T14:24:05Z,2014,01/01/2014,31/12/2014,,
3752963,MALARIA_EST_INCIDENCE,COUNTRY,DZA,AFR,Africa,YEAR,2008,,,,,,,,,0 [0-0],0.001466887,0.001466887,0.001466887,,2025-12-19T14:24:05Z,2008,01/01/2008,31/12/2008,,
3756122,MALARIA_EST_INCIDENCE,COUNTRY,LAO,WPR,Western Pacific,YEAR,2009,,,,,,,,,14.62 [10.09-20.29],14.61503668,10.0872804,20.29324292,,2025-12-19T14:24:05Z,2009,01/01/2009,31/12/2009,,
3758563,MALARIA_EST_INCIDENCE,COUNTRY,PER,AMR,Americas,YEAR,2019,,,,,,,,,3.59 [2.61-5.02],3.588054976,2.60762478,5.022141208,,2025-12-19T14:24:05Z,2019,01/01/2019,31/12/2019,,
3771026,MALARIA_EST_INCIDENCE,COUNTRY,GUY,AMR,Americas,YEAR,2002,,,,,,,,,40.14 [32.92-48.01],40.14393991,32.92334074,48.00881161,,2025-12-19T14:24:05Z,2002,01/01/2002,31/12/2002,,
3775132,MALARIA_EST_INCIDENCE,COUNTRY,ZAF,AFR,Africa,YEAR,2010,,,,,,,,,1.54 [1.54-1.54],1.53981207,1.53981207,1.53981207,,2025-12-19T14:24:05Z,2010,01/01/2010,31/12/2010,,
3777950,MALARIA_EST_INCIDENCE,COUNTRY,BEN,AFR,Africa,YEAR,2013,,,,,,,,,362.14 [279.10-462.22],362.1389931,279.104852,462.2210679,,2025-12-19T14:24:05Z,2013,01/01/2013,31/12/2013,,
3784083,MALARIA_EST_INCIDENCE,COUNTRY,NGA,AFR,Africa,YEAR,2003,,,,,,,,,382.09 [298.42-484.07],382.0879866,298.4232616,484.0688728,,2025-12-19T14:24:05Z,2003,01/01/2003,31/12/2003,,
3795010,MALARIA_EST_INCIDENCE,COUNTRY,COM,AFR,Africa,YEAR,2011,,,,,,,,,37.21 [37.21-37.21],37.20646173,37.20646173,37.20646173,,2025-12-19T14:24:05Z,2011,01/01/2011,31/12/2011,,
3800480,MALARIA_EST_INCIDENCE,COUNTRY,BGD,SEAR,South-East Asia,YEAR,2011,,,,,,,,,3.83 [3.28-4.41],3.832158791,3.279916085,4.414007207,,2025-12-19T14:24:05Z,2011,01/01/2011,31/12/2011,,
3800676,MALARIA_EST_INCIDENCE,COUNTRY,GAB,AFR,Africa,YEAR,2008,,,,,,,,,124.41 [60.54-228.00],124.4145784,60.53782258,227.9953023,,2025-12-19T14:24:05Z,2008,01/01/2008,31/12/2008,,
3800797,MALARIA_EST_INCIDENCE,COUNTRY,GMB,AFR,Africa,YEAR,2000,,,,,,,,,309.72 [229.17-403.56],309.7216381,229.1671134,403.5560318,,2025-12-19T14:24:05Z,2000,01/01/2000,31/12/2000,,
3803334,MALARIA_EST_INCIDENCE,COUNTRY,KEN,AFR,Africa,YEAR,2000,,,,,,,,,220.26 [170.89-279.55],220.2574561,170.8948356,279.5509488,,2025-12-19T14:24:05Z,2000,01/01/2000,31/12/2000,,
3810087,MALARIA_EST_INCIDENCE,COUNTRY,BEN,AFR,Africa,YEAR,2023,,,,,,,,,361.26 [243.41-516.39],361.2623993,243.4060998,516.3945941,,2025-12-19T14:24:05Z,2023,01/01/2023,31/12/2023,,
3812659,MALARIA_EST_INCIDENCE,COUNTRY,MYT,AFR,Africa,YEAR,2003,,,,,,,,,20.97 [20.97-20.97],20.96846787,20.96846787,20.96846787,,2025-12-19T14:24:05Z,2003,01/01/2003,31/12/2003,,
3815974,MALARIA_EST_INCIDENCE,COUNTRY,SLE,AFR,Africa,YEAR,2015,,,,,,,,,367.82 [294.05-455.21],367.8219521,294.0538965,455.2095904,,2025-12-19T14:24:05Z,2015,01/01/2015,31/12/2015,,
3821248,MALARIA_EST_INCIDENCE,COUNTRY,BLZ,AMR,Americas,YEAR,2021,,,,,,,,,0 [0-0],0,0,0,,2025-12-19T14:24:05Z,2021,01/01/2021,31/12/2021,,
3821657,MALARIA_EST_INCIDENCE,COUNTRY,KEN,AFR,Africa,YEAR,2012,,,,,,,,,84.23 [63.26-110.14],84.2251522,63.2646129,110.1368387,,2025-12-19T14:24:05Z,2012,01/01/2012,31/12/2012,,
3827678,MALARIA_EST_INCIDENCE,COUNTRY,SYR,EMR,Eastern Mediterranean,YEAR,2019,,,,,,,,,0 [0-0],0,0,0,,2025-12-19T14:24:05Z,2019,01/01/2019,31/12/2019,,
3839961,MALARIA_EST_INCIDENCE,COUNTRY,COD,AFR,Africa,YEAR,2019,,,,,,,,,339.77 [263.55-432.11],339.7696948,263.5523299,432.1087228,,2025-12-19T14:24:05Z,2019,01/01/2019,31/12/2019,,
3847945,MALARIA_EST_INCIDENCE,COUNTRY,MMR,SEAR,South-East Asia,YEAR,2023,,,,,,,,,17.96 [10.82-78.48],17.9635296,10.81810111,78.48392381,,2025-12-19T14:24:05Z,2023,01/01/2023,31/12/2023,,
3851716,MALARIA_EST_INCIDENCE,COUNTRY,BWA,AFR,Africa,YEAR,2000,,,,,,,,,17.23 [11.76-30.62],17.22551887,11.75824205,30.61872848,,2025-12-19T14:24:05Z,2000,01/01/2000,31/12/2000,,
3852157,MALARIA_EST_INCIDENCE,COUNTRY,DJI,EMR,Eastern Mediterranean,YEAR,2021,,,,,,,,,70.07 [70.07-70.07],70.06761056,70.06761056,70.06761056,,2025-12-19T14:24:05Z,2021,01/01/2021,31/12/2021,,
3860484,MALARIA_EST_INCIDENCE,COUNTRY,SLB,WPR,Western Pacific,YEAR,2017,,,,,,,,,156.80 [121.01-213.52],156.798475,121.0135619,213.5165156,,2025-12-19T14:24:05Z,2017,01/01/2017,31/12/2017,,
3869794,MALARIA_EST_INCIDENCE,COUNTRY,STP,AFR,Africa,YEAR,2005,,,,,,,,,112.22 [112.22-112.22],112.2192045,112.2192045,112.2192045,,2025-12-19T14:24:05Z,2005,01/01/2005,31/12/2005,,
3872555,MALARIA_EST_INCIDENCE,REGION,EUR,,,YEAR,2010,,,,,,,,,0.01 [0.01-0.01],0.005216432,0.005216432,0.005216432,,2025-12-19T14:24:05Z,2010,01/01/2010,31/12/2010,,
3877679,MALARIA_EST_INCIDENCE,COUNTRY,GIN,AFR,Africa,YEAR,2019,,,,,,,,,321.20 [222.89-450.92],321.2020764,222.894202,450.9192483,,2025-12-19T14:24:05Z,2019,01/01/2019,31/12/2019,,
3878029,MALARIA_EST_INCIDENCE,COUNTRY,THA,SEAR,South-East Asia,YEAR,2013,,,,,,,,,3.14 [3.14-3.14],3.138871485,3.138871485,3.138871485,,2025-12-19T14:24:05Z,2013,01/01/2013,31/12/2013,,
3882894,MALARIA_EST_INCIDENCE,COUNTRY,RWA,AFR,Africa,YEAR,2022,,,,,,,,,85.57 [66.54-105.59],85.57229747,66.53803779,105.5851848,,2025-12-19T14:24:05Z,2022,01/01/2022,31/12/2022,,
3888543,MALARIA_EST_INCIDENCE,COUNTRY,BTN,SEAR,South-East Asia,YEAR,2013,,,,,,,,,0.03 [0.03-0.03],0.02794847,0.02794847,0.02794847,,2025-12-19T14:24:05Z,2013,01/01/2013,31/12/2013,,
3891659,MALARIA_EST_INCIDENCE,COUNTRY,BGD,SEAR,South-East Asia,YEAR,2019,,,,,,,,,1.19 [1.01-1.38],1.192951693,1.014979528,1.382008261,,2025-12-19T14:24:05Z,2019,01/01/2019,31/12/2019,,
3891702,MALARIA_EST_INCIDENCE,COUNTRY,DOM,AMR,Americas,YEAR,2006,,,,,,,,,0.88 [0.72-1.05],0.881385184,0.723372353,1.05319213,,2025-12-19T14:24:05Z,2006,01/01/2006,31/12/2006,,
3907389,MALARIA_EST_INCIDENCE,COUNTRY,NIC,AMR,Americas,YEAR,2022,,,,,,,,,3.44 [2.87-4.07],3.444215111,2.866123021,4.068580401,,2025-12-19T14:24:05Z,2022,01/01/2022,31/12/2022,,
3909407,MALARIA_EST_INCIDENCE,COUNTRY,LAO,WPR,Western Pacific,YEAR,2011,,,,,,,,,9.08 [6.60-11.98],9.080779644,6.601963944,11.97762939,,2025-12-19T14:24:05Z,2011,01/01/2011,31/12/2011,,
3913708,MALARIA_EST_INCIDENCE,COUNTRY,LKA,SEAR,South-East Asia,YEAR,2006,,,,,,,,,0.13 [0.13-0.13],0.126253617,0.126253617,0.126253617,,2025-12-19T14:24:05Z,2006,01/01/2006,31/12/2006,,
3915609,MALARIA_EST_INCIDENCE,COUNTRY,AGO,AFR,Africa,YEAR,2015,,,,,,,,,174.47 [133.53-224.29],174.4717751,133.5345612,224.2944104,,2025-12-19T14:24:05Z,2015,01/01/2015,31/12/2015,,
3923931,MALARIA_EST_INCIDENCE,COUNTRY,SEN,AFR,Africa,YEAR,2009,,,,,,,,,32.88 [22.45-44.74],32.88483487,22.44800338,44.74458696,,2025-12-19T14:24:05Z,2009,01/01/2009,31/12/2009,,
3953404,MALARIA_EST_INCIDENCE,COUNTRY,NGA,AFR,Africa,YEAR,2004,,,,,,,,,390.12 [309.71-483.20],390.1169701,309.7066385,483.1967189,,2025-12-19T14:24:05Z,2004,01/01/2004,31/12/2004,,
3955690,MALARIA_EST_INCIDENCE,COUNTRY,GAB,AFR,Africa,YEAR,2018,,,,,,,,,186.73 [130.43-259.84],186.7259529,130.4318956,259.8404297,,2025-12-19T14:24:05Z,2018,01/01/2018,31/12/2018,,
3958721,MALARIA_EST_INCIDENCE,COUNTRY,TZA,AFR,Africa,YEAR,2011,,,,,,,,,132.97 [98.87-175.58],132.9716744,98.86822146,175.5794779,,2025-12-19T14:24:05Z,2011,01/01/2011,31/12/2011,,
3965455,MALARIA_EST_INCIDENCE,COUNTRY,GAB,AFR,Africa,YEAR,2005,,,,,,,,,158.04 [96.49-242.56],158.0381211,96.49330883,242.5636405,,2025-12-19T14:24:05Z,2005,01/01/2005,31/12/2005,,
3965936,MALARIA_EST_INCIDENCE,COUNTRY,GMB,AFR,Africa,YEAR,2014,,,,,,,,,140.32 [109.56-174.68],140.3174272,109.5557207,174.6753334,,2025-12-19T14:24:05Z,2014,01/01/2014,31/12/2014,,
3972689,MALARIA_EST_INCIDENCE,COUNTRY,GUY,AMR,Americas,YEAR,2005,,,,,,,,,71.73 [58.86-85.72],71.73346791,58.85789984,85.72062677,,2025-12-19T14:24:05Z,2005,01/01/2005,31/12/2005,,
3977291,MALARIA_EST_INCIDENCE,COUNTRY,COL,AMR,Americas,YEAR,2001,,,,,,,,,37.88 [28.10-48.15],37.88137568,28.10126293,48.14743563,,2025-12-19T14:24:05Z,2001,01/01/2001,31/12/2001,,
3977919,MALARIA_EST_INCIDENCE,COUNTRY,OMN,EMR,Eastern Mediterranean,YEAR,2003,,,,,,,,,0 [0-0],0.002538291,0.002538291,0.002538291,,2025-12-19T14:24:05Z,2003,01/01/2003,31/12/2003,,
3979816,MALARIA_EST_INCIDENCE,COUNTRY,ETH,AFR,Africa,YEAR,2009,,,,,,,,,133.79 [44.23-382.43],133.7945578,44.23220582,382.4297798,,2025-12-19T14:24:05Z,2009,01/01/2009,31/12/2009,,
3980738,MALARIA_EST_INCIDENCE,COUNTRY,AGO,AFR,Africa,YEAR,2007,,,,,,,,,269.53 [207.03-343.11],269.5338238,207.0278591,343.109601,,2025-12-19T14:24:05Z,2007,01/01/2007,31/12/2007,,
3990804,MALARIA_EST_INCIDENCE,COUNTRY,ERI,AFR,Africa,YEAR,2023,,,,,,,,,63.39 [40.76-88.28],63.38799483,40.75503495,88.28438973,,2025-12-19T14:24:05Z,2023,01/01/2023,31/12/2023,,
3991233,MALARIA_EST_INCIDENCE,COUNTRY,BRA,AMR,Americas,YEAR,2023,,,,,,,,,3.81 [3.42-4.13],3.813696312,3.415810136,4.126169722,,2025-12-19T14:24:05Z,2023,01/01/2023,31/12/2023,,
3992643,MALARIA_EST_INCIDENCE,REGION,EUR,,,YEAR,2023,,,,,,,,,0 [0-0],0,0,0,,2025-12-19T14:24:05Z,2023,01/01/2023,31/12/2023,,
3993189,MALARIA_EST_INCIDENCE,COUNTRY,EGY,EMR,Eastern Mediterranean,YEAR,2015,,,,,,,,,0 [0-0],0,0,0,,2025-12-19T14:24:05Z,2015,01/01/2015,31/12/2015,,
3993280,MALARIA_EST_INCIDENCE,COUNTRY,GUY,AMR,Americas,YEAR,2007,,,,,,,,,20.74 [17.64-24.22],20.73963481,17.63602251,24.22261052,,2025-12-19T14:24:05Z,2007,01/01/2007,31/12/2007,,
3997293,MALARIA_EST_INCIDENCE,COUNTRY,MOZ,AFR,Africa,YEAR,2023,,,,,,,,,303.50 [241.53-374.62],303.5024659,241.5333724,374.6244087,,2025-12-19T14:24:05Z,2023,01/01/2023,31/12/2023,,
3997606,MALARIA_EST_INCIDENCE,COUNTRY,ZMB,AFR,Africa,YEAR,2005,,,,,,,,,262.52 [204.50-333.53],262.5238089,204.496573,333.5298548,,2025-12-19T14:24:05Z,2005,01/01/2005,31/12/2005,,
4004373,MALARIA_EST_INCIDENCE,COUNTRY,VNM,WPR,Western Pacific,YEAR,2004,,,,,,,,,0.96 [0.78-1.22],0.955244291,0.784813519,1.217979961,,2025-12-19T14:24:05Z,2004,01/01/2004,31/12/2004,,
4008819,MALARIA_EST_INCIDENCE,COUNTRY,THA,SEAR,South-East Asia,YEAR,2023,,,,,,,,,0.67 [0.67-0.67],0.67388129,0.67388129,0.67388129,,2025-12-19T14:24:05Z,2023,01/01/2023,31/12/2023,,
4012213,MALARIA_EST_INCIDENCE,COUNTRY,ETH,AFR,Africa,YEAR,2004,,,,,,,,,217.88 [78.14-652.34],217.8836708,78.13944861,652.3444083,,2025-12-19T14:24:05Z,2004,01/01/2004,31/12/2004,,
4016617,MALARIA_EST_INCIDENCE,COUNTRY,ETH,AFR,Africa,YEAR,2013,,,,,,,,,184.10 [100.81-340.34],184.0959032,100.8099893,340.344377,,2025-12-19T14:24:05Z,2013,01/01/2013,31/12/2013,,
4029827,MALARIA_EST_INCIDENCE,REGION,WPR,,,YEAR,2001,,,,,,,,,4.13 [2.98-5.49],4.125102709,2.984266572,5.492513947,,2025-12-19T14:24:05Z,2001,01/01/2001,31/12/2001,,
4041816,MALARIA_EST_INCIDENCE,COUNTRY,DOM,AMR,Americas,YEAR,2016,,,,,,,,,0.14 [0.12-0.17],0.143841865,0.124399125,0.165349321,,2025-12-19T14:24:05Z,2016,01/01/2016,31/12/2016,,
4047610,MALARIA_EST_INCIDENCE,COUNTRY,GNB,AFR,Africa,YEAR,2013,,,,,,,,,120.88 [56.12-232.97],120.8845896,56.11954023,232.9709701,,2025-12-19T14:24:05Z,2013,01/01/2013,31/12/2013,,
4048967,MALARIA_EST_INCIDENCE,COUNTRY,GTM,AMR,Americas,YEAR,2017,,,,,,,,,0.39 [0.34-0.44],0.386102887,0.34348685,0.444234198,,2025-12-19T14:24:05Z,2017,01/01/2017,31/12/2017,,
4049286,MALARIA_EST_INCIDENCE,COUNTRY,TJK,EUR,Europe,YEAR,2013,,,,,,,,,0 [0-0],0.001457521,0.001457521,0.001457521,,2025-12-19T14:24:05Z,2013,01/01/2013,31/12/2013,,
4054287,MALARIA_EST_INCIDENCE,COUNTRY,SOM,EMR,Eastern Mediterranean,YEAR,2014,,,,,,,,,46.61 [32.47-64.89],46.6133228,32.46832282,64.89079493,,2025-12-19T14:24:05Z,2014,01/01/2014,31/12/2014,,
4081205,MALARIA_EST_INCIDENCE,COUNTRY,MDG,AFR,Africa,YEAR,2005,,,,,,,,,34.60 [1.29-79.20],34.59614673,1.291623421,79.20253839,,2025-12-19T14:24:05Z,2005,01/01/2005,31/12/2005,,
4093654,MALARIA_EST_INCIDENCE,COUNTRY,COG,AFR,Africa,YEAR,2008,,,,,,,,,226.41 [153.59-322.86],226.4142825,153.5934092,322.8552052,,2025-12-19T14:24:05Z,2008,01/01/2008,31/12/2008,,
4098115,MALARIA_EST_INCIDENCE,REGION,EUR,,,YEAR,2003,,,,,,,,,0.53 [0.53-0.53],0.533550524,0.533550524,0.533550524,,2025-12-19T14:24:05Z,2003,01/01/2003,31/12/2003,,
4098544,MALARIA_EST_INCIDENCE,COUNTRY,BFA,AFR,Africa,YEAR,2005,,,,,,,,,528.52 [417.67-660.61],528.5194511,417.667006,660.6084496,,2025-12-19T14:24:05Z,2005,01/01/2005,31/12/2005,,
4105292,MALARIA_EST_INCIDENCE,COUNTRY,DOM,AMR,Americas,YEAR,2011,,,,,,,,,0.38 [0.31-0.46],0.381143822,0.311778567,0.455985281,,2025-12-19T14:24:05Z,2011,01/01/2011,31/12/2011,,
4107041,MALARIA_EST_INCIDENCE,COUNTRY,IRN,EMR,Eastern Mediterranean,YEAR,2023,,,,,,,,,2.73 [2.73-2.73],2.732636194,2.732636194,2.732636194,,2025-12-19T14:24:05Z,2023,01/01/2023,31/12/2023,,
4112860,MALARIA_EST_INCIDENCE,COUNTRY,GEO,EUR,Europe,YEAR,2000,,,,,,,,,5.66 [5.66-5.66],5.66042095,5.66042095,5.66042095,,2025-12-19T14:24:05Z,2000,01/01/2000,31/12/2000,,
4118477,MALARIA_EST_INCIDENCE,COUNTRY,CAF,AFR,Africa,YEAR,2023,,,,,,,,,345.98 [166.01-641.07],345.9834408,166.0140478,641.0697643,,2025-12-19T14:24:05Z,2023,01/01/2023,31/12/2023,,
4129370,MALARIA_EST_INCIDENCE,COUNTRY,THA,SEAR,South-East Asia,YEAR,2007,,,,,,,,,2.61 [2.61-2.61],2.605598684,2.605598684,2.605598684,,2025-12-19T14:24:05Z,2007,01/01/2007,31/12/2007,,
4130729,MALARIA_EST_INCIDENCE,COUNTRY,DJI,EMR,Eastern Mediterranean,YEAR,2015,,,,,,,,,12.38 [12.38-12.38],12.38054661,12.38054661,12.38054661,,2025-12-19T14:24:05Z,2015,01/01/2015,31/12/2015,,
4143341,MALARIA_EST_INCIDENCE,COUNTRY,ERI,AFR,Africa,YEAR,2004,,,,,,,,,5.81 [2.90-10.06],5.808836066,2.904985716,10.05641033,,2025-12-19T14:24:05Z,2004,01/01/2004,31/12/2004,,
4144687,MALARIA_EST_INCIDENCE,COUNTRY,GIN,AFR,Africa,YEAR,2021,,,,,,,,,294.45 [227.61-376.26],294.4452917,227.6138245,376.2573928,,2025-12-19T14:24:05Z,2021,01/01/2021,31/12/2021,,
4150880,MALARIA_EST_INCIDENCE,REGION,AMR,,,YEAR,2024,,,,,,,,,4.26 [3.84-4.75],4.262220045,3.837114572,4.750346862,,2025-12-19T14:24:05Z,2024,01/01/2024,31/12/2024,,
4157542,MALARIA_EST_INCIDENCE,COUNTRY,SWZ,AFR,Africa,YEAR,2012,,,,,,,,,1.30 [1.30-1.30],1.299728932,1.299728932,1.299728932,,2025-12-19T14:24:05Z,2012,01/01/2012,31/12/2012,,
4162088,MALARIA_EST_INCIDENCE,REGION,WPR,,,YEAR,2005,,,,,,,,,3.82 [2.76-5.12],3.817767031,2.755357572,5.123194548,,2025-12-19T14:24:05Z,2005,01/01/2005,31/12/2005,,
4167100,MALARIA_EST_INCIDENCE,COUNTRY,CHN,WPR,Western Pacific,YEAR,2005,,,,,,,,,0.04 [0.04-0.04],0.040037998,0.040037998,0.040037998,,2025-12-19T14:24:05Z,2005,01/01/2005,31/12/2005,,
4170226,MALARIA_EST_INCIDENCE,COUNTRY,COM,AFR,Africa,YEAR,2019,,,,,,,,,22.37 [22.37-22.37],22.374132,22.374132,22.374132,,2025-12-19T14:24:05Z,2019,01/01/2019,31/12/2019,,
4170512,MALARIA_EST_INCIDENCE,COUNTRY,SLV,AMR,Americas,YEAR,2024,,,,,,,,,0 [0-0],0,0,0,,2025-12-19T14:24:05Z,2024,01/01/2024,31/12/2024,,
4174034,MALARIA_EST_INCIDENCE,COUNTRY,RWA,AFR,Africa,YEAR,2014,,,,,,,,,202.30 [151.96-254.45],202.3026977,151.95914,254.4458672,,2025-12-19T14:24:05Z,2014,01/01/2014,31/12/2014,,
4180615,MALARIA_EST_INCIDENCE,COUNTRY,GNB,AFR,Africa,YEAR,2021,,,,,,,,,98.71 [36.52-219.47],98.71184807,36.51651585,219.4678827,,2025-12-19T14:24:05Z,2021,01/01/2021,31/12/2021,,
4186428,MALARIA_EST_INCIDENCE,COUNTRY,GEO,EUR,Europe,YEAR,2019,,,,,,,,,0 [0-0],0,0,0,,2025-12-19T14:24:05Z,2019,01/01/2019,31/12/2019,,
4196530,MALARIA_EST_INCIDENCE,COUNTRY,GIN,AFR,Africa,YEAR,2007,,,,,,,,,384.49 [274.11-524.32],384.4904101,274.1115606,524.3157748,,2025-12-19T14:24:05Z,2007,01/01/2007,31/12/2007,,
4206700,MALARIA_EST_INCIDENCE,COUNTRY,LAO,WPR,Western Pacific,YEAR,2010,,,,,,,,,13.28 [9.41-17.85],13.27888604,9.405591902,17.84638927,,2025-12-19T14:24:05Z,2010,01/01/2010,31/12/2010,,
4208207,MALARIA_EST_INCIDENCE,COUNTRY,OMN,EMR,Eastern Mediterranean,YEAR,2015,,,,,,,,,0 [0-0],0,0,0,,2025-12-19T14:24:05Z,2015,01/01/2015,31/12/2015,,
4212379,MALARIA_EST_INCIDENCE,COUNTRY,NAM,AFR,Africa,YEAR,2007,,,,,,,,,12.90 [3.95-30.22],12.89613503,3.945606932,30.22164588,,2025-12-19T14:24:05Z,2007,01/01/2007,31/12/2007,,
4213008,MALARIA_EST_INCIDENCE,COUNTRY,BDI,AFR,Africa,YEAR,2012,,,,,,,,,232.24 [177.59-298.75],232.2408628,177.5863921,298.7498867,,2025-12-19T14:24:05Z,2012,01/01/2012,31/12/2012,,
4213599,MALARIA_EST_INCIDENCE,COUNTRY,HND,AMR,Americas,YEAR,2004,,,,,,,,,3.83 [2.79-4.92],3.834723174,2.793949689,4.921477641,,2025-12-19T14:24:05Z,2004,01/01/2004,31/12/2004,,
4219663,MALARIA_EST_INCIDENCE,COUNTRY,SUR,AMR,Americas,YEAR,2010,,,,,,,,,21.80 [21.80-21.80],21.80416877,21.80416877,21.80416877,,2025-12-19T14:24:05Z,2010,01/01/2010,31/12/2010,,
4220477,MALARIA_EST_INCIDENCE,COUNTRY,CIV,AFR,Africa,YEAR,2024,,,,,,,,,267.95 [178.28-388.47],267.9490628,178.2778362,388.4717441,,2025-12-19T14:24:05Z,2024,01/01/2024,31/12/2024,,
4220888,MALARIA_EST_INCIDENCE,COUNTRY,SAU,EMR,Eastern Mediterranean,YEAR,2003,,,,,,,,,0.86 [0.86-0.86],0.85577934,0.85577934,0.85577934,,2025-12-19T14:24:05Z,2003,01/01/2003,31/12/2003,,
4227138,MALARIA_EST_INCIDENCE,COUNTRY,SOM,EMR,Eastern Mediterranean,YEAR,2004,,,,,,,,,120.72 [85.95-164.08],120.7243694,85.95141007,164.0843185,,2025-12-19T14:24:05Z,2004,01/01/2004,31/12/2004,,
4231090,MALARIA_EST_INCIDENCE,COUNTRY,GIN,AFR,Africa,YEAR,2006,,,,,,,,,404.99 [289.65-551.39],404.9935548,289.6450493,551.3883687,,2025-12-19T14:24:05Z,2006,01/01/2006,31/12/2006,,
4237960,MALARIA_EST_INCIDENCE,COUNTRY,PER,AMR,Americas,YEAR,2023,,,,,,,,,2.19 [1.80-2.61],2.188261009,1.797004695,2.608199272,,2025-12-19T14:24:05Z,2023,01/01/2023,31/12/2023,,
4243640,MALARIA_EST_INCIDENCE,COUNTRY,MDG,AFR,Africa,YEAR,2022,,,,,,,,,117.08 [74.87-162.50],117.0771285,74.86885318,162.5030316,,2025-12-19T14:24:05Z,2022,01/01/2022,31/12/2022,,
4245203,MALARIA_EST_INCIDENCE,COUNTRY,PAK,EMR,Eastern Mediterranean,YEAR,2007,,,,,,,,,4.61 [1.95-11.19],4.605861602,1.953556286,11.18644616,,2025-12-19T14:24:05Z,2007,01/01/2007,31/12/2007,,
4258959,MALARIA_EST_INCIDENCE,COUNTRY,NAM,AFR,Africa,YEAR,2014,,,,,,,,,14.05 [11.13-17.25],14.04706366,11.12703983,17.24827395,,2025-12-19T14:24:05Z,2014,01/01/2014,31/12/2014,,
4264973,MALARIA_EST_INCIDENCE,COUNTRY,KAZ,EUR,Europe,YEAR,2010,,,,,,,,,0 [0-0],0,0,0,,2025-12-19T14:24:05Z,2010,01/01/2010,31/12/2010,,
4275683,MALARIA_EST_INCIDENCE,COUNTRY,PHL,WPR,Western Pacific,YEAR,2001,,,,,,,,,1.19 [0.89-1.54],1.188439387,0.885387555,1.542938154,,2025-12-19T14:24:05Z,2001,01/01/2001,31/12/2001,,
4276366,MALARIA_EST_INCIDENCE,COUNTRY,ETH,AFR,Africa,YEAR,2016,,,,,,,,,92.89 [38.87-171.83],92.88594821,38.87483249,171.829705,,2025-12-19T14:24:05Z,2016,01/01/2016,31/12/2016,,
4287041,MALARIA_EST_INCIDENCE,COUNTRY,CIV,AFR,Africa,YEAR,2004,,,,,,,,,500.36 [407.35-606.14],500.357285,407.3463473,606.1368028,,2025-12-19T14:24:05Z,2004,01/01/2004,31/12/2004,,
4289036,MALARIA_EST_INCIDENCE,COUNTRY,PAK,EMR,Eastern Mediterranean,YEAR,2011,,,,,,,,,9.52 [4.55-18.77],9.515189185,4.546541105,18.77098954,,2025-12-19T14:24:05Z,2011,01/01/2011,31/12/2011,,
4293865,MALARIA_EST_INCIDENCE,COUNTRY,CRI,AMR,Americas,YEAR,2007,,,,,,,,,0.80 [0.80-0.80],0.797737374,0.797737374,0.797737374,,2025-12-19T14:24:05Z,2007,01/01/2007,31/12/2007,,
4300455,MALARIA_EST_INCIDENCE,COUNTRY,CAF,AFR,Africa,YEAR,2020,,,,,,,,,376.08 [184.86-694.63],376.0841264,184.8594575,694.6301278,,2025-12-19T14:24:05Z,2020,01/01/2020,31/12/2020,,
4307428,MALARIA_EST_INCIDENCE,COUNTRY,ARG,AMR,Americas,YEAR,2015,,,,,,,,,0 [0-0],0,0,0,,2025-12-19T14:24:05Z,2015,01/01/2015,31/12/2015,,
4313891,MALARIA_EST_INCIDENCE,COUNTRY,BGD,SEAR,South-East Asia,YEAR,2020,,,,,,,,,0.42 [0.36-0.49],0.420991407,0.358330923,0.488062676,,2025-12-19T14:24:05Z,2020,01/01/2020,31/12/2020,,
4326175,MALARIA_EST_INCIDENCE,COUNTRY,VUT,WPR,Western Pacific,YEAR,2002,,,,,,,,,187.15 [127.97-273.67],187.1461174,127.9654657,273.6725415,,2025-12-19T14:24:05Z,2002,01/01/2002,31/12/2002,,
4326603,MALARIA_EST_INCIDENCE,COUNTRY,YEM,EMR,Eastern Mediterranean,YEAR,2019,,,,,,,,,38.66 [25.32-58.09],38.65658173,25.31910082,58.09112781,,2025-12-19T14:24:05Z,2019,01/01/2019,31/12/2019,,
4327866,MALARIA_EST_INCIDENCE,COUNTRY,CMR,AFR,Africa,YEAR,2012,,,,,,,,,261.14 [193.55-344.94],261.1390195,193.5544613,344.9403612,,2025-12-19T14:24:05Z,2012,01/01/2012,31/12/2012,,
4328190,MALARIA_EST_INCIDENCE,COUNTRY,VUT,WPR,Western Pacific,YEAR,2019,,,,,,,,,4.32 [2.89-6.40],4.322154639,2.887144501,6.401035673,,2025-12-19T14:24:05Z,2019,01/01/2019,31/12/2019,,
4332504,MALARIA_EST_INCIDENCE,COUNTRY,BTN,SEAR,South-East Asia,YEAR,2010,,,,,,,,,0.84 [0.84-0.84],0.839742145,0.839742145,0.839742145,,2025-12-19T14:24:05Z,2010,01/01/2010,31/12/2010,,
4334849,MALARIA_EST_INCIDENCE,COUNTRY,BWA,AFR,Africa,YEAR,2016,,,,,,,,,0.67 [0.52-0.97],0.665491819,0.515654919,0.969907081,,2025-12-19T14:24:05Z,2016,01/01/2016,31/12/2016,,
4347209,MALARIA_EST_INCIDENCE,COUNTRY,COD,AFR,Africa,YEAR,2013,,,,,,,,,310.49 [244.55-388.05],310.4858404,244.5488162,388.0534292,,2025-12-19T14:24:05Z,2013,01/01/2013,31/12/2013,,
4348145,MALARIA_EST_INCIDENCE,COUNTRY,GMB,AFR,Africa,YEAR,2015,,,,,,,,,202.51 [155.48-254.49],202.5053393,155.4847903,254.4860732,,2025-12-19T14:24:05Z,2015,01/01/2015,31/12/2015,,
4366206,MALARIA_EST_INCIDENCE,COUNTRY,GMB,AFR,Africa,YEAR,2023,,,,,,,,,87.51 [68.23-108.82],87.50650983,68.22922555,108.8203455,,2025-12-19T14:24:05Z,2023,01/01/2023,31/12/2023,,
4370745,MALARIA_EST_INCIDENCE,COUNTRY,MRT,AFR,Africa,YEAR,2003,,,,,,,,,96.01 [42.07-197.87],96.00627541,42.07366688,197.8689857,,2025-12-19T14:24:05Z,2003,01/01/2003,31/12/2003,,
4371359,MALARIA_EST_INCIDENCE,COUNTRY,COD,AFR,Africa,YEAR,2010,,,,,,,,,381.32 [307.06-467.45],381.318348,307.0639385,467.4500777,,2025-12-19T14:24:05Z,2010,01/01/2010,31/12/2010,,
4373098,MALARIA_EST_INCIDENCE,REGION,AMR,,,YEAR,2018,,,,,,,,,6.27 [5.81-6.84],6.272150903,5.812680243,6.842671746,,2025-12-19T14:24:05Z,2018,01/01/2018,31/12/2018,,
4376786,MALARIA_EST_INCIDENCE,COUNTRY,BRA,AMR,Americas,YEAR,2022,,,,,,,,,3.21 [3.08-3.43],3.212530476,3.084025743,3.425315237,,2025-12-19T14:24:05Z,2022,01/01/2022,31/12/2022,,
4377262,MALARIA_EST_INCIDENCE,REGION,SEAR,,,YEAR,2003,,,,,,,,,20.16 [15.95-25.60],20.15747376,15.94631066,25.59559284,,2025-12-19T14:24:05Z,2003,01/01/2003,31/12/2003,,
4379064,MALARIA_EST_INCIDENCE,COUNTRY,TJK,EUR,Europe,YEAR,2020,,,,,,,,,0 [0-0],0,0,0,,2025-12-19T14:24:05Z,2020,01/01/2020,31/12/2020,,
4384992,MALARIA_EST_INCIDENCE,COUNTRY,ETH,AFR,Africa,YEAR,2007,,,,,,,,,116.37 [34.15-369.57],116.3670543,34.14807139,369.5667566,,2025-12-19T14:24:05Z,2007,01/01/2007,31/12/2007,,
4389583,MALARIA_EST_INCIDENCE,COUNTRY,AFG,EMR,Eastern Mediterranean,YEAR,2016,,,,,,,,,27.37 [19.87-36.75],27.36697834,19.86799032,36.7511686,,2025-12-19T14:24:05Z,2016,01/01/2016,31/12/2016,,
4390519,MALARIA_EST_INCIDENCE,COUNTRY,SWZ,AFR,Africa,YEAR,2015,,,,,,,,,0.99 [0.99-0.99],0.993790373,0.993790373,0.993790373,,2025-12-19T14:24:05Z,2015,01/01/2015,31/12/2015,,
4402089,MALARIA_EST_INCIDENCE,COUNTRY,KEN,AFR,Africa,YEAR,2009,,,,,,,,,77.60 [58.27-100.70],77.59614091,58.26758831,100.704757,,2025-12-19T14:24:05Z,2009,01/01/2009,31/12/2009,,
4407659,MALARIA_EST_INCIDENCE,REGION,AFR,,,YEAR,2021,,,,,,,,,234.61 [212.65-261.65],234.6063023,212.646656,261.6483262,,2025-12-19T14:24:05Z,2021,01/01/2021,31/12/2021,,
4408681,MALARIA_EST_INCIDENCE,COUNTRY,IRQ,EMR,Eastern Mediterranean,YEAR,2007,,,,,,,,,0 [0-0],5.41872e-4,5.41872e-4,5.41872e-4,,2025-12-19T14:24:05Z,2007,01/01/2007,31/12/2007,,
4411532,MALARIA_EST_INCIDENCE,COUNTRY,GUY,AMR,Americas,YEAR,2009,,,,,,,,,23.77 [19.21-28.66],23.76963518,19.21036466,28.66134419,,2025-12-19T14:24:05Z,2009,01/01/2009,31/12/2009,,
4414837,MALARIA_EST_INCIDENCE,COUNTRY,CRI,AMR,Americas,YEAR,2014,,,,,,,,,0 [0-0],0,0,0,,2025-12-19T14:24:05Z,2014,01/01/2014,31/12/2014,,
4416646,MALARIA_EST_INCIDENCE,COUNTRY,TLS,SEAR,South-East Asia,YEAR,2019,,,,,,,,,0 [0-0],0,0,0,,2025-12-19T14:24:05Z,2019,01/01/2019,31/12/2019,,
4424310,MALARIA_EST_INCIDENCE,COUNTRY,BDI,AFR,Africa,YEAR,2014,,,,,,,,,250.86 [185.53-331.54],250.8557346,185.5332074,331.5431094,,2025-12-19T14:24:05Z,2014,01/01/2014,31/12/2014,,
4430557,MALARIA_EST_INCIDENCE,COUNTRY,PAK,EMR,Eastern Mediterranean,YEAR,2014,,,,,,,,,4.72 [2.64-8.61],4.721672099,2.641225801,8.609522351,,2025-12-19T14:24:05Z,2014,01/01/2014,31/12/2014,,
4433675,MALARIA_EST_INCIDENCE,COUNTRY,HTI,AMR,Americas,YEAR,2010,,,,,,,,,9.71 [5.52-15.76],9.713696178,5.518146002,15.76019432,,2025-12-19T14:24:05Z,2010,01/01/2010,31/12/2010,,
4434956,MALARIA_EST_INCIDENCE,COUNTRY,CAF,AFR,Africa,YEAR,2019,,,,,,,,,383.29 [193.03-689.63],383.2927883,193.03144699999999,689.631622,,2025-12-19T14:24:05Z,2019,01/01/2019,31/12/2019,,
4449553,MALARIA_EST_INCIDENCE,COUNTRY,GNB,AFR,Africa,YEAR,2011,,,,,,,,,129.31 [67.91-226.91],129.3060776,67.91398541,226.9106373,,2025-12-19T14:24:05Z,2011,01/01/2011,31/12/2011,,
4459468,MALARIA_EST_INCIDENCE,COUNTRY,LBR,AFR,Africa,YEAR,2015,,,,,,,,,318.13 [244.31-404.58],318.1345533,244.3078404,404.58402,,2025-12-19T14:24:05Z,2015,01/01/2015,31/12/2015,,
4461672,MALARIA_EST_INCIDENCE,COUNTRY,SWZ,AFR,Africa,YEAR,2017,,,,,,,,,1.36 [1.36-1.36],1.356793527,1.356793527,1.356793527,,2025-12-19T14:24:05Z,2017,01/01/2017,31/12/2017,,
4461874,MALARIA_EST_INCIDENCE,COUNTRY,NIC,AMR,Americas,YEAR,2015,,,,,,,,,0.53 [0.44-0.63],0.533310074,0.443311689,0.628478019,,2025-12-19T14:24:05Z,2015,01/01/2015,31/12/2015,,
4481022,MALARIA_EST_INCIDENCE,COUNTRY,AZE,EUR,Europe,YEAR,2008,,,,,,,,,0.35 [0.35-0.35],0.350058343,0.350058343,0.350058343,,2025-12-19T14:24:05Z,2008,01/01/2008,31/12/2008,,
4498553,MALARIA_EST_INCIDENCE,COUNTRY,NGA,AFR,Africa,YEAR,2017,,,,,,,,,288.98 [229.08-359.80],288.9798255,229.0768718,359.8038719,,2025-12-19T14:24:05Z,2017,01/01/2017,31/12/2017,,
4499216,MALARIA_EST_INCIDENCE,REGION,WPR,,,YEAR,2007,,,,,,,,,3.33 [2.39-4.51],3.329013861,2.386254291,4.510594149,,2025-12-19T14:24:05Z,2007,01/01/2007,31/12/2007,,
4500410,MALARIA_EST_INCIDENCE,COUNTRY,KHM,WPR,Western Pacific,YEAR,2007,,,,,,,,,19.41 [14.28-27.93],19.41385424,14.27756881,27.93492812,,2025-12-19T14:24:05Z,2007,01/01/2007,31/12/2007,,
4504219,MALARIA_EST_INCIDENCE,COUNTRY,HTI,AMR,Americas,YEAR,2023,,,,,,,,,2.29 [1.52-3.10],2.291411707,1.521479484,3.096639885,,2025-12-19T14:24:05Z,2023,01/01/2023,31/12/2023,,
4506042,MALARIA_EST_INCIDENCE,COUNTRY,BLZ,AMR,Americas,YEAR,2016,,,,,,,,,0.02 [0.02-0.02],0.015895345,0.015895345,0.015895345,,2025-12-19T14:24:05Z,2016,01/01/2016,31/12/2016,,
4511611,MALARIA_EST_INCIDENCE,COUNTRY,TKM,EUR,Europe,YEAR,2003,,,,,,,,,0.02 [0.02-0.02],0.022141319,0.022141319,0.022141319,,2025-12-19T14:24:05Z,2003,01/01/2003,31/12/2003,,
4513103,MALARIA_EST_INCIDENCE,COUNTRY,PAN,AMR,Americas,YEAR,2023,,,,,,,,,3.18 [3.18-3.18],3.175035684,3.175035684,3.175035684,,2025-12-19T14:24:05Z,2023,01/01/2023,31/12/2023,,
4516600,MALARIA_EST_INCIDENCE,COUNTRY,PAN,AMR,Americas,YEAR,2016,,,,,,,,,0.30 [0.29-0.32],0.29968657,0.288943788,0.319690371,,2025-12-19T14:24:05Z,2016,01/01/2016,31/12/2016,,
4531929,MALARIA_EST_INCIDENCE,COUNTRY,MYS,WPR,Western Pacific,YEAR,2006,,,,,,,,,5.01 [5.01-5.01],5.009860738,5.009860738,5.009860738,,2025-12-19T14:24:05Z,2006,01/01/2006,31/12/2006,,
4531958,MALARIA_EST_INCIDENCE,COUNTRY,BGD,SEAR,South-East Asia,YEAR,2021,,,,,,,,,0.50 [0.42-0.58],0.496661674,0.423273464,0.576468464,,2025-12-19T14:24:05Z,2021,01/01/2021,31/12/2021,,
4534979,MALARIA_EST_INCIDENCE,COUNTRY,IDN,WPR,Western Pacific,YEAR,2003,,,,,,,,,5.28 [4.37-6.49],5.283877053,4.367201528,6.489249425,,2025-12-19T14:24:05Z,2003,01/01/2003,31/12/2003,,
4557583,MALARIA_EST_INCIDENCE,COUNTRY,PAN,AMR,Americas,YEAR,2017,,,,,,,,,0.29 [0.28-0.31],0.291682886,0.275660356,0.311346901,,2025-12-19T14:24:05Z,2017,01/01/2017,31/12/2017,,
4560542,MALARIA_EST_INCIDENCE,COUNTRY,BWA,AFR,Africa,YEAR,2002,,,,,,,,,3.17 [1.78-6.35],3.169246038,1.780842228,6.349752149,,2025-12-19T14:24:05Z,2002,01/01/2002,31/12/2002,,
4575804,MALARIA_EST_INCIDENCE,COUNTRY,CAF,AFR,Africa,YEAR,2000,,,,,,,,,438.12 [272.30-669.85],438.1199432,272.29623,669.8450742,,2025-12-19T14:24:05Z,2000,01/01/2000,31/12/2000,,
4582284,MALARIA_EST_INCIDENCE,COUNTRY,TGO,AFR,Africa,YEAR,2007,,,,,,,,,447.26 [342.63-575.82],447.2647287,342.6324393,575.8236291,,2025-12-19T14:24:05Z,2007,01/01/2007,31/12/2007,,
4588187,MALARIA_EST_INCIDENCE,COUNTRY,SEN,AFR,Africa,YEAR,2010,,,,,,,,,60.40 [42.41-80.33],60.3964477,42.41050074,80.33369232,,2025-12-19T14:24:05Z,2010,01/01/2010,31/12/2010,,
4620122,MALARIA_EST_INCIDENCE,COUNTRY,IRQ,EMR,Eastern Mediterranean,YEAR,2023,,,,,,,,,0 [0-0],0,0,0,,2025-12-19T14:24:05Z,2023,01/01/2023,31/12/2023,,
4626888,MALARIA_EST_INCIDENCE,COUNTRY,MAR,EMR,Eastern Mediterranean,YEAR,2023,,,,,,,,,0 [0-0],0,0,0,,2025-12-19T14:24:05Z,2023,01/01/2023,31/12/2023,,
4636263,MALARIA_EST_INCIDENCE,COUNTRY,IRQ,EMR,Eastern Mediterranean,YEAR,2024,,,,,,,,,0 [0-0],0,0,0,,2025-12-19T14:24:05Z,2024,01/01/2024,31/12/2024,,
4655913,MALARIA_EST_INCIDENCE,COUNTRY,IRQ,EMR,Eastern Mediterranean,YEAR,2014,,,,,,,,,0 [0-0],0,0,0,,2025-12-19T14:24:05Z,2014,01/01/2014,31/12/2014,,
4656581,MALARIA_EST_INCIDENCE,COUNTRY,RWA,AFR,Africa,YEAR,2019,,,,,,,,,385.35 [299.54-475.06],385.3459071,299.5446773,475.0557975,,2025-12-19T14:24:05Z,2019,01/01/2019,31/12/2019,,
4662683,MALARIA_EST_INCIDENCE,COUNTRY,KGZ,EUR,Europe,YEAR,2000,,,,,,,,,0 [0-0],0.001785891,0.001785891,0.001785891,,2025-12-19T14:24:05Z,2000,01/01/2000,31/12/2000,,
4663076,MALARIA_EST_INCIDENCE,COUNTRY,KHM,WPR,Western Pacific,YEAR,2006,,,,,,,,,45.14 [34.99-59.50],45.13993457,34.98672934,59.4971418,,2025-12-19T14:24:05Z,2006,01/01/2006,31/12/2006,,
4667701,MALARIA_EST_INCIDENCE,COUNTRY,VUT,WPR,Western Pacific,YEAR,2008,,,,,,,,,117.99 [56.23-539.05],117.9879769,56.23435407,539.0482864,,2025-12-19T14:24:05Z,2008,01/01/2008,31/12/2008,,
4682639,MALARIA_EST_INCIDENCE,COUNTRY,PAN,AMR,Americas,YEAR,2012,,,,,,,,,0.35 [0.34-0.38],0.35256269,0.339460698,0.376384493,,2025-12-19T14:24:05Z,2012,01/01/2012,31/12/2012,,
4684059,MALARIA_EST_INCIDENCE,COUNTRY,GNQ,AFR,Africa,YEAR,2016,,,,,,,,,315.21 [205.91-465.60],315.2137734,205.9100801,465.6025185,,2025-12-19T14:24:05Z,2016,01/01/2016,31/12/2016,,
4684067,MALARIA_EST_INCIDENCE,COUNTRY,UGA,AFR,Africa,YEAR,2024,,,,,,,,,264.23 [154.17-426.64],264.2318243,154.1685033,426.6393927,,2025-12-19T14:24:05Z,2024,01/01/2024,31/12/2024,,
4688286,MALARIA_EST_INCIDENCE,COUNTRY,AZE,EUR,Europe,YEAR,2007,,,,,,,,,0.53 [0.53-0.53],0.531886078,0.531886078,0.531886078,,2025-12-19T14:24:05Z,2007,01/01/2007,31/12/2007,,
4689050,MALARIA_EST_INCIDENCE,COUNTRY,BEN,AFR,Africa,YEAR,2012,,,,,,,,,365.18 [287.18-456.32],365.180444,287.1751444,456.3219964,,2025-12-19T14:24:05Z,2012,01/01/2012,31/12/2012,,
4693350,MALARIA_EST_INCIDENCE,COUNTRY,MWI,AFR,Africa,YEAR,2015,,,,,,,,,260.88 [198.38-335.70],260.8760238,198.3785602,335.6967425,,2025-12-19T14:24:05Z,2015,01/01/2015,31/12/2015,,
4696574,MALARIA_EST_INCIDENCE,COUNTRY,OMN,EMR,Eastern Mediterranean,YEAR,2004,,,,,,,,,0 [0-0],0,0,0,,2025-12-19T14:24:05Z,2004,01/01/2004,31/12/2004,,
4701493,MALARIA_EST_INCIDENCE,COUNTRY,GMB,AFR,Africa,YEAR,2018,,,,,,,,,81.75 [59.75-105.60],81.7458677,59.75103683,105.6031925,,2025-12-19T14:24:05Z,2018,01/01/2018,31/12/2018,,
4707839,MALARIA_EST_INCIDENCE,COUNTRY,SLE,AFR,Africa,YEAR,2011,,,,,,,,,427.79 [331.90-543.52],427.789827,331.8978579,543.5169371,,2025-12-19T14:24:05Z,2011,01/01/2011,31/12/2011,,
4709734,MALARIA_EST_INCIDENCE,COUNTRY,HND,AMR,Americas,YEAR,2012,,,,,,,,,1.10 [0.86-1.35],1.102846728,0.863934606,1.353162913,,2025-12-19T14:24:05Z,2012,01/01/2012,31/12/2012,,
4715060,MALARIA_EST_INCIDENCE,COUNTRY,MYS,WPR,Western Pacific,YEAR,2024,,,,,,,,,0 [0-0],0,0,0,,2025-12-19T14:24:05Z,2024,01/01/2024,31/12/2024,,
4720646,MALARIA_EST_INCIDENCE,COUNTRY,ARG,AMR,Americas,YEAR,2019,,,,,,,,,0 [0-0],0,0,0,,2025-12-19T14:24:05Z,2019,01/01/2019,31/12/2019,,
4728413,MALARIA_EST_INCIDENCE,COUNTRY,GMB,AFR,Africa,YEAR,2008,,,,,,,,,246.86 [181.42-320.48],246.85783,181.4245604,320.4830069,,2025-12-19T14:24:05Z,2008,01/01/2008,31/12/2008,,
4728544,MALARIA_EST_INCIDENCE,COUNTRY,BFA,AFR,Africa,YEAR,2001,,,,,,,,,597.54 [477.06-735.93],597.5415537,477.0620474,735.9322561,,2025-12-19T14:24:05Z,2001,01/01/2001,31/12/2001,,
4737955,MALARIA_EST_INCIDENCE,REGION,AMR,,,YEAR,2010,,,,,,,,,6.05 [5.50-6.67],6.051390107,5.4991310349999996,6.668427187,,2025-12-19T14:24:05Z,2010,01/01/2010,31/12/2010,,
4738008,MALARIA_EST_INCIDENCE,COUNTRY,IND,SEAR,South-East Asia,YEAR,2000,,,,,,,,,21.80 [17.13-28.01],21.80338442,17.12628802,28.01080435,,2025-12-19T14:24:05Z,2000,01/01/2000,31/12/2000,,
4739734,MALARIA_EST_INCIDENCE,COUNTRY,BGD,SEAR,South-East Asia,YEAR,2024,,,,,,,,,0.86 [0.73-1.00],0.860524973,0.734941308,0.998247194,,2025-12-19T14:24:05Z,2024,01/01/2024,31/12/2024,,
4739808,MALARIA_EST_INCIDENCE,COUNTRY,PER,AMR,Americas,YEAR,2009,,,,,,,,,4.58 [3.94-5.29],4.584779027,3.938317254,5.28552728,,2025-12-19T14:24:05Z,2009,01/01/2009,31/12/2009,,
4752222,MALARIA_EST_INCIDENCE,COUNTRY,COL,AMR,Americas,YEAR,2022,,,,,,,,,8.88 [6.75-11.08],8.877480812,6.753450659,11.07607491,,2025-12-19T14:24:05Z,2022,01/01/2022,31/12/2022,,
4758361,MALARIA_EST_INCIDENCE,COUNTRY,BOL,AMR,Americas,YEAR,2020,,,,,,,,,3.08 [2.41-3.77],3.079075494,2.409195627,3.774343836,,2025-12-19T14:24:05Z,2020,01/01/2020,31/12/2020,,
4763003,MALARIA_EST_INCIDENCE,COUNTRY,COM,AFR,Africa,YEAR,2016,,,,,,,,,1.98 [1.98-1.98],1.977779306,1.977779306,1.977779306,,2025-12-19T14:24:05Z,2016,01/01/2016,31/12/2016,,
4763523,MALARIA_EST_INCIDENCE,COUNTRY,PHL,WPR,Western Pacific,YEAR,2005,,,,,,,,,1.63 [1.17-2.15],1.627989255,1.16882172,2.145214457,,2025-12-19T14:24:05Z,2005,01/01/2005,31/12/2005,,
4771187,MALARIA_EST_INCIDENCE,COUNTRY,UZB,EUR,Europe,YEAR,2018,,,,,,,,,0 [0-0],0,0,0,,2025-12-19T14:24:05Z,2018,01/01/2018,31/12/2018,,
4777405,MALARIA_EST_INCIDENCE,COUNTRY,BFA,AFR,Africa,YEAR,2020,,,,,,,,,378.17 [250.23-545.60],378.1741521,250.2334209,545.5951571,,2025-12-19T14:24:05Z,2020,01/01/2020,31/12/2020,,
4782289,MALARIA_EST_INCIDENCE,COUNTRY,GUY,AMR,Americas,YEAR,2016,,,,,,,,,25.30 [18.97-34.64],25.29899888,18.9666203,34.63711515,,2025-12-19T14:24:05Z,2016,01/01/2016,31/12/2016,,
4785622,MALARIA_EST_INCIDENCE,COUNTRY,MOZ,AFR,Africa,YEAR,2003,,,,,,,,,483.85 [397.22-584.29],483.8517518,397.2174284,584.2920218,,2025-12-19T14:24:05Z,2003,01/01/2003,31/12/2003,,
4789775,MALARIA_EST_INCIDENCE,COUNTRY,SLV,AMR,Americas,YEAR,2016,,,,,,,,,0.01 [0.01-0.01],0.009533176,0.009533176,0.009533176,,2025-12-19T14:24:05Z,2016,01/01/2016,31/12/2016,,
4791540,MALARIA_EST_INCIDENCE,COUNTRY,MEX,AMR,Americas,YEAR,2020,,,,,,,,,0.13 [0.13-0.13],0.132433628,0.132433628,0.132433628,,2025-12-19T14:24:05Z,2020,01/01/2020,31/12/2020,,
4792093,MALARIA_EST_INCIDENCE,COUNTRY,BOL,AMR,Americas,YEAR,2013,,,,,,,,,2.25 [1.71-2.84],2.250340357,1.707042868,2.84047695,,2025-12-19T14:24:05Z,2013,01/01/2013,31/12/2013,,
4797245,MALARIA_EST_INCIDENCE,COUNTRY,MOZ,AFR,Africa,YEAR,2010,,,,,,,,,377.94 [310.93-455.25],377.9403967,310.9315766,455.2480713,,2025-12-19T14:24:05Z,2010,01/01/2010,31/12/2010,,
4807712,MALARIA_EST_INCIDENCE,COUNTRY,SSD,AFR,Africa,YEAR,2019,,,,,,,,,285.93 [189.32-416.63],285.9328602,189.3208386,416.6272513,,2025-12-19T14:24:05Z,2019,01/01/2019,31/12/2019,,
4810088,MALARIA_EST_INCIDENCE,COUNTRY,BTN,SEAR,South-East Asia,YEAR,2021,,,,,,,,,0.02 [0.02-0.02],0.015684197,0.015684197,0.015684197,,2025-12-19T14:24:05Z,2021,01/01/2021,31/12/2021,,
4814182,MALARIA_EST_INCIDENCE,COUNTRY,NGA,AFR,Africa,YEAR,2012,,,,,,,,,316.22 [255.24-389.01],316.2204182,255.2395212,389.0072903,,2025-12-19T14:24:05Z,2012,01/01/2012,31/12/2012,,
4815416,MALARIA_EST_INCIDENCE,COUNTRY,COL,AMR,Americas,YEAR,2021,,,,,,,,,9.13 [6.93-11.42],9.130514238,6.932156217,11.41607241,,2025-12-19T14:24:05Z,2021,01/01/2021,31/12/2021,,
4821454,MALARIA_EST_INCIDENCE,COUNTRY,NPL,SEAR,South-East Asia,YEAR,2000,,,,,,,,,6.73 [3.81-10.97],6.731418425,3.808702644,10.97449086,,2025-12-19T14:24:05Z,2000,01/01/2000,31/12/2000,,
4822957,MALARIA_EST_INCIDENCE,COUNTRY,UGA,AFR,Africa,YEAR,2023,,,,,,,,,267.57 [155.91-426.11],267.5743421,155.9123155,426.1067717,,2025-12-19T14:24:05Z,2023,01/01/2023,31/12/2023,,
4827090,MALARIA_EST_INCIDENCE,COUNTRY,BLZ,AMR,Americas,YEAR,2005,,,,,,,,,8.03 [8.03-8.03],8.025324588,8.025324588,8.025324588,,2025-12-19T14:24:05Z,2005,01/01/2005,31/12/2005,,
4834334,MALARIA_EST_INCIDENCE,COUNTRY,MYS,WPR,Western Pacific,YEAR,2005,,,,,,,,,5.39 [5.39-5.39],5.388788147,5.388788147,5.388788147,,2025-12-19T14:24:05Z,2005,01/01/2005,31/12/2005,,
4834385,MALARIA_EST_INCIDENCE,COUNTRY,COL,AMR,Americas,YEAR,2003,,,,,,,,,28.05 [21.21-35.10],28.0503318,21.20578669,35.09801573,,2025-12-19T14:24:05Z,2003,01/01/2003,31/12/2003,,
4849425,MALARIA_EST_INCIDENCE,COUNTRY,KHM,WPR,Western Pacific,YEAR,2000,,,,,,,,,75.47 [46.85-110.40],75.47313893,46.85473506,110.3972861,,2025-12-19T14:24:05Z,2000,01/01/2000,31/12/2000,,
4854099,MALARIA_EST_INCIDENCE,COUNTRY,GUY,AMR,Americas,YEAR,2018,,,,,,,,,38.87 [29.03-53.12],38.8715882,29.03269514,53.11709231,,2025-12-19T14:24:05Z,2018,01/01/2018,31/12/2018,,
4874258,MALARIA_EST_INCIDENCE,COUNTRY,GEO,EUR,Europe,YEAR,2017,,,,,,,,,0 [0-0],0,0,0,,2025-12-19T14:24:05Z,2017,01/01/2017,31/12/2017,,
4885224,MALARIA_EST_INCIDENCE,COUNTRY,BFA,AFR,Africa,YEAR,2015,,,,,,,,,417.95 [330.72-520.56],417.9542768,330.7179829,520.5577775,,2025-12-19T14:24:05Z,2015,01/01/2015,31/12/2015,,
4886213,MALARIA_EST_INCIDENCE,COUNTRY,KHM,WPR,Western Pacific,YEAR,2010,,,,,,,,,34.25 [28.26-41.58],34.24839995,28.25568367,41.57575667,,2025-12-19T14:24:05Z,2010,01/01/2010,31/12/2010,,
4897718,MALARIA_EST_INCIDENCE,COUNTRY,MAR,EMR,Eastern Mediterranean,YEAR,2020,,,,,,,,,0 [0-0],0,0,0,,2025-12-19T14:24:05Z,2020,01/01/2020,31/12/2020,,
4902201,MALARIA_EST_INCIDENCE,COUNTRY,LKA,SEAR,South-East Asia,YEAR,2010,,,,,,,,,0.14 [0.14-0.14],0.142435014,0.142435014,0.142435014,,2025-12-19T14:24:05Z,2010,01/01/2010,31/12/2010,,
4903808,MALARIA_EST_INCIDENCE,COUNTRY,MRT,AFR,Africa,YEAR,2009,,,,,,,,,32.98 [1.10-77.44],32.97723088,1.10274999,77.4358431,,2025-12-19T14:24:05Z,2009,01/01/2009,31/12/2009,,
4910225,MALARIA_EST_INCIDENCE,COUNTRY,ARG,AMR,Americas,YEAR,2016,,,,,,,,,0 [0-0],0,0,0,,2025-12-19T14:24:05Z,2016,01/01/2016,31/12/2016,,
4931183,MALARIA_EST_INCIDENCE,COUNTRY,PHL,WPR,Western Pacific,YEAR,2021,,,,,,,,,0.16 [0.11-0.22],0.161572777,0.113674889,0.21685882,,2025-12-19T14:24:05Z,2021,01/01/2021,31/12/2021,,
4936798,MALARIA_EST_INCIDENCE,COUNTRY,TJK,EUR,Europe,YEAR,2011,,,,,,,,,0.02 [0.02-0.02],0.024871072,0.024871072,0.024871072,,2025-12-19T14:24:05Z,2011,01/01/2011,31/12/2011,,
4940318,MALARIA_EST_INCIDENCE,COUNTRY,TUR,EUR,Europe,YEAR,2010,,,,,,,,,0 [0-0],0,0,0,,2025-12-19T14:24:05Z,2010,01/01/2010,31/12/2010,,
4940571,MALARIA_EST_INCIDENCE,COUNTRY,DJI,EMR,Eastern Mediterranean,YEAR,2019,,,,,,,,,60.51 [60.51-60.51],60.50874279,60.50874279,60.50874279,,2025-12-19T14:24:05Z,2019,01/01/2019,31/12/2019,,
4946691,MALARIA_EST_INCIDENCE,COUNTRY,RWA,AFR,Africa,YEAR,2018,,,,,,,,,477.57 [360.79-600.55],477.5673375,360.7913572,600.5525967,,2025-12-19T14:24:05Z,2018,01/01/2018,31/12/2018,,
4947455,MALARIA_EST_INCIDENCE,COUNTRY,SLB,WPR,Western Pacific,YEAR,2014,,,,,,,,,56.99 [42.82-74.53],56.98515566,42.81840167,74.52950365,,2025-12-19T14:24:05Z,2014,01/01/2014,31/12/2014,,
4948773,MALARIA_EST_INCIDENCE,COUNTRY,PAK,EMR,Eastern Mediterranean,YEAR,2022,,,,,,,,,11.08 [8.73-14.90],11.08382768,8.734966821,14.89704113,,2025-12-19T14:24:05Z,2022,01/01/2022,31/12/2022,,
4972098,MALARIA_EST_INCIDENCE,COUNTRY,PNG,WPR,Western Pacific,YEAR,2022,,,,,,,,,162.70 [112.57-215.84],162.6976874,112.5677375,215.8366312,,2025-12-19T14:24:05Z,2022,01/01/2022,31/12/2022,,
4972229,MALARIA_EST_INCIDENCE,COUNTRY,SSD,AFR,Africa,YEAR,2015,,,,,,,,,269.31 [194.42-363.25],269.3070963,194.4151578,363.2468055,,2025-12-19T14:24:05Z,2015,01/01/2015,31/12/2015,,
4975346,MALARIA_EST_INCIDENCE,COUNTRY,UZB,EUR,Europe,YEAR,2003,,,,,,,,,2.88 [2.88-2.88],2.878145541,2.878145541,2.878145541,,2025-12-19T14:24:05Z,2003,01/01/2003,31/12/2003,,
4992294,MALARIA_EST_INCIDENCE,REGION,SEAR,,,YEAR,2007,,,,,,,,,15.07 [11.74-19.81],15.07140471,11.73984141,19.80560119,,2025-12-19T14:24:05Z,2007,01/01/2007,31/12/2007,,
5003988,MALARIA_EST_INCIDENCE,COUNTRY,TKM,EUR,Europe,YEAR,2010,,,,,,,,,0 [0-0],0,0,0,,2025-12-19T14:24:05Z,2010,01/01/2010,31/12/2010,,
5004071,MALARIA_EST_INCIDENCE,COUNTRY,SUR,AMR,Americas,YEAR,2015,,,,,,,,,0.94 [0.94-0.94],0.942891067,0.942891067,0.942891067,,2025-12-19T14:24:05Z,2015,01/01/2015,31/12/2015,,
5006322,MALARIA_EST_INCIDENCE,COUNTRY,ARE,EMR,Eastern Mediterranean,YEAR,2015,,,,,,,,,0 [0-0],0,0,0,,2025-12-19T14:24:05Z,2015,01/01/2015,31/12/2015,,
5010438,MALARIA_EST_INCIDENCE,COUNTRY,SLE,AFR,Africa,YEAR,2000,,,,,,,,,424.58 [284.94-625.66],424.5773419,284.9398885,625.6631121,,2025-12-19T14:24:05Z,2000,01/01/2000,31/12/2000,,
5010775,MALARIA_EST_INCIDENCE,COUNTRY,GMB,AFR,Africa,YEAR,2019,,,,,,,,,44.76 [34.91-55.90],44.76271184,34.90532976,55.90019147,,2025-12-19T14:24:05Z,2019,01/01/2019,31/12/2019,,
5011431,MALARIA_EST_INCIDENCE,GLOBAL,GLOBAL,,,YEAR,2001,,,,,,,,,80.20 [75.01-87.08],80.20352038,75.0132147,87.08283955,,2025-12-19T14:24:05Z,2001,01/01/2001,31/12/2001,,
5013756,MALARIA_EST_INCIDENCE,COUNTRY,CAF,AFR,Africa,YEAR,2013,,,,,,,,,427.32 [252.61-675.48],427.3188181,252.6056513,675.4791306,,2025-12-19T14:24:05Z,2013,01/01/2013,31/12/2013,,
5018327,MALARIA_EST_INCIDENCE,COUNTRY,MAR,EMR,Eastern Mediterranean,YEAR,2021,,,,,,,,,0 [0-0],0,0,0,,2025-12-19T14:24:05Z,2021,01/01/2021,31/12/2021,,
5023648,MALARIA_EST_INCIDENCE,REGION,EMR,,,YEAR,2008,,,,,,,,,8.65 [6.80-12.09],8.650824191,6.804331373,12.08991383,,2025-12-19T14:24:05Z,2008,01/01/2008,31/12/2008,,
5023956,MALARIA_EST_INCIDENCE,COUNTRY,SOM,EMR,Eastern Mediterranean,YEAR,2021,,,,,,,,,55.35 [34.80-83.19],55.35059602,34.80323808,83.18560865,,2025-12-19T14:24:05Z,2021,01/01/2021,31/12/2021,,
5024202,MALARIA_EST_INCIDENCE,COUNTRY,DZA,AFR,Africa,YEAR,2009,,,,,,,,,0 [0-0],0,0,0,,2025-12-19T14:24:05Z,2009,01/01/2009,31/12/2009,,
5030087,MALARIA_EST_INCIDENCE,COUNTRY,NIC,AMR,Americas,YEAR,2014,,,,,,,,,0.27 [0.22-0.32],0.270861993,0.224781737,0.319377385,,2025-12-19T14:24:05Z,2014,01/01/2014,31/12/2014,,
5031871,MALARIA_EST_INCIDENCE,COUNTRY,GNB,AFR,Africa,YEAR,2020,,,,,,,,,95.17 [34.27-208.75],95.17125252,34.27038552,208.7548025,,2025-12-19T14:24:05Z,2020,01/01/2020,31/12/2020,,
5035849,MALARIA_EST_INCIDENCE,COUNTRY,LBR,AFR,Africa,YEAR,2019,,,,,,,,,300.80 [196.38-437.64],300.7992117,196.3796265,437.6352325,,2025-12-19T14:24:05Z,2019,01/01/2019,31/12/2019,,
5039130,MALARIA_EST_INCIDENCE,COUNTRY,MEX,AMR,Americas,YEAR,2002,,,,,,,,,2.15 [2.15-2.15],2.147870477,2.147870477,2.147870477,,2025-12-19T14:24:05Z,2002,01/01/2002,31/12/2002,,
5043188,MALARIA_EST_INCIDENCE,COUNTRY,MYT,AFR,Africa,YEAR,2021,,,,,,,,,0 [0-0],0,0,0,,2025-12-19T14:24:05Z,2021,01/01/2021,31/12/2021,,
5044643,MALARIA_EST_INCIDENCE,COUNTRY,SLV,AMR,Americas,YEAR,2002,,,,,,,,,0.10 [0.10-0.10],0.096273714,0.096273714,0.096273714,,2025-12-19T14:24:05Z,2002,01/01/2002,31/12/2002,,
5045489,MALARIA_EST_INCIDENCE,COUNTRY,BWA,AFR,Africa,YEAR,2019,,,,,,,,,0.17 [0.13-0.23],0.167515671,0.129355731,0.230253201,,2025-12-19T14:24:05Z,2019,01/01/2019,31/12/2019,,
5052077,MALARIA_EST_INCIDENCE,COUNTRY,MDG,AFR,Africa,YEAR,2004,,,,,,,,,44.83 [1.59-101.47],44.82998728,1.589439354,101.4732374,,2025-12-19T14:24:05Z,2004,01/01/2004,31/12/2004,,
5063951,MALARIA_EST_INCIDENCE,COUNTRY,NER,AFR,Africa,YEAR,2007,,,,,,,,,315.37 [201.59-468.43],315.3735012,201.5910681,468.4301527,,2025-12-19T14:24:05Z,2007,01/01/2007,31/12/2007,,
5071277,MALARIA_EST_INCIDENCE,COUNTRY,BWA,AFR,Africa,YEAR,2013,,,,,,,,,0.51 [0.40-0.69],0.510840745,0.398103477,0.68558351,,2025-12-19T14:24:05Z,2013,01/01/2013,31/12/2013,,
5075251,MALARIA_EST_INCIDENCE,COUNTRY,BFA,AFR,Africa,YEAR,2024,,,,,,,,,353.49 [233.87-512.05],353.4888665,233.8741926,512.0482611,,2025-12-19T14:24:05Z,2024,01/01/2024,31/12/2024,,
5080305,MALARIA_EST_INCIDENCE,REGION,EUR,,,YEAR,2004,,,,,,,,,0.32 [0.32-0.32],0.322071149,0.322071149,0.322071149,,2025-12-19T14:24:05Z,2004,01/01/2004,31/12/2004,,
5083881,MALARIA_EST_INCIDENCE,COUNTRY,TKM,EUR,Europe,YEAR,2006,,,,,,,,,0 [0-0],0.002988992,0.002988992,0.002988992,,2025-12-19T14:24:05Z,2006,01/01/2006,31/12/2006,,
5092862,MALARIA_EST_INCIDENCE,COUNTRY,YEM,EMR,Eastern Mediterranean,YEAR,2000,,,,,,,,,83.30 [35.54-361.17],83.29822761,35.53824935,361.1655506,,2025-12-19T14:24:05Z,2000,01/01/2000,31/12/2000,,
5094141,MALARIA_EST_INCIDENCE,COUNTRY,AFG,EMR,Eastern Mediterranean,YEAR,2014,,,,,,,,,12.61 [8.73-17.52],12.60514093,8.726737274,17.515939,,2025-12-19T14:24:05Z,2014,01/01/2014,31/12/2014,,
5095009,MALARIA_EST_INCIDENCE,COUNTRY,COG,AFR,Africa,YEAR,2003,,,,,,,,,327.91 [214.39-476.29],327.9092633,214.3853141,476.2907923,,2025-12-19T14:24:05Z,2003,01/01/2003,31/12/2003,,
5095618,MALARIA_EST_INCIDENCE,COUNTRY,GHA,AFR,Africa,YEAR,2016,,,,,,,,,244.92 [188.99-312.91],244.9214645,188.9942577,312.9126842,,2025-12-19T14:24:05Z,2016,01/01/2016,31/12/2016,,
5099747,MALARIA_EST_INCIDENCE,COUNTRY,BOL,AMR,Americas,YEAR,2015,,,,,,,,,1.86 [1.46-2.29],1.864103176,1.459658826,2.288554366,,2025-12-19T14:24:05Z,2015,01/01/2015,31/12/2015,,
5107753,MALARIA_EST_INCIDENCE,COUNTRY,SOM,EMR,Eastern Mediterranean,YEAR,2003,,,,,,,,,132.19 [85.86-193.48],132.1924761,85.85948078,193.4833331,,2025-12-19T14:24:05Z,2003,01/01/2003,31/12/2003,,
5114690,MALARIA_EST_INCIDENCE,COUNTRY,IRQ,EMR,Eastern Mediterranean,YEAR,2021,,,,,,,,,0 [0-0],0,0,0,,2025-12-19T14:24:05Z,2021,01/01/2021,31/12/2021,,
5114860,MALARIA_EST_INCIDENCE,COUNTRY,CHN,WPR,Western Pacific,YEAR,2011,,,,,,,,,0 [0-0],0.002299238,0.002299238,0.002299238,,2025-12-19T14:24:05Z,2011,01/01/2011,31/12/2011,,
5120066,MALARIA_EST_INCIDENCE,COUNTRY,IRN,EMR,Eastern Mediterranean,YEAR,2005,,,,,,,,,25.86 [25.86-25.86],25.86150473,25.86150473,25.86150473,,2025-12-19T14:24:05Z,2005,01/01/2005,31/12/2005,,
5120318,MALARIA_EST_INCIDENCE,GLOBAL,GLOBAL,,,YEAR,2018,,,,,,,,,58.47 [54.23-63.45],58.46847851,54.22769957,63.44634173,,2025-12-19T14:24:05Z,2018,01/01/2018,31/12/2018,,
5121078,MALARIA_EST_INCIDENCE,COUNTRY,SLB,WPR,Western Pacific,YEAR,2007,,,,,,,,,314.03 [223.03-451.47],314.0261697,223.0254588,451.4657086,,2025-12-19T14:24:05Z,2007,01/01/2007,31/12/2007,,
5125552,MALARIA_EST_INCIDENCE,COUNTRY,MYS,WPR,Western Pacific,YEAR,2000,,,,,,,,,13.83 [13.83-13.83],13.82914341,13.82914341,13.82914341,,2025-12-19T14:24:05Z,2000,01/01/2000,31/12/2000,,
5125926,MALARIA_EST_INCIDENCE,COUNTRY,COG,AFR,Africa,YEAR,2002,,,,,,,,,327.04 [214.79-477.90],327.0412472,214.7856015,477.8983264,,2025-12-19T14:24:05Z,2002,01/01/2002,31/12/2002,,
5127872,MALARIA_EST_INCIDENCE,COUNTRY,COM,AFR,Africa,YEAR,2005,,,,,,,,,60.09 [40.29-80.78],60.09344044,40.2850119,80.77755675,,2025-12-19T14:24:05Z,2005,01/01/2005,31/12/2005,,
5127941,MALARIA_EST_INCIDENCE,COUNTRY,VEN,AMR,Americas,YEAR,2014,,,,,,,,,7.02 [6.26-8.07],7.015120408,6.258321605,8.071002858,,2025-12-19T14:24:05Z,2014,01/01/2014,31/12/2014,,
5132593,MALARIA_EST_INCIDENCE,COUNTRY,HTI,AMR,Americas,YEAR,2012,,,,,,,,,7.29 [4.44-11.34],7.285583537,4.443475121,11.3383971,,2025-12-19T14:24:05Z,2012,01/01/2012,31/12/2012,,
5134092,MALARIA_EST_INCIDENCE,COUNTRY,ZWE,AFR,Africa,YEAR,2011,,,,,,,,,67.45 [44.33-93.00],67.44538249,44.33334037,93.00385516,,2025-12-19T14:24:05Z,2011,01/01/2011,31/12/2011,,
5134103,MALARIA_EST_INCIDENCE,REGION,WPR,,,YEAR,2019,,,,,,,,,2.02 [1.59-2.50],2.016522691,1.588431723,2.49749896,,2025-12-19T14:24:05Z,2019,01/01/2019,31/12/2019,,
5138386,MALARIA_EST_INCIDENCE,COUNTRY,GEO,EUR,Europe,YEAR,2005,,,,,,,,,3.85 [3.85-3.85],3.849879536,3.849879536,3.849879536,,2025-12-19T14:24:05Z,2005,01/01/2005,31/12/2005,,
5143520,MALARIA_EST_INCIDENCE,COUNTRY,SLV,AMR,Americas,YEAR,2018,,,,,,,,,0 [0-0],0,0,0,,2025-12-19T14:24:05Z,2018,01/01/2018,31/12/2018,,
5148945,MALARIA_EST_INCIDENCE,COUNTRY,SLB,WPR,Western Pacific,YEAR,2022,,,,,,,,,210.95 [178.02-252.61],210.9485228,178.0223859,252.610523,,2025-12-19T14:24:05Z,2022,01/01/2022,31/12/2022,,
5157695,MALARIA_EST_INCIDENCE,COUNTRY,NER,AFR,Africa,YEAR,2009,,,,,,,,,377.45 [271.13-514.53],377.446166,271.1335388,514.5342808,,2025-12-19T14:24:05Z,2009,01/01/2009,31/12/2009,,
5157918,MALARIA_EST_INCIDENCE,COUNTRY,HND,AMR,Americas,YEAR,2003,,,,,,,,,3.21 [2.33-4.11],3.210937969,2.333357576,4.113775848,,2025-12-19T14:24:05Z,2003,01/01/2003,31/12/2003,,
5168715,MALARIA_EST_INCIDENCE,COUNTRY,IRN,EMR,Eastern Mediterranean,YEAR,2002,,,,,,,,,22.41 [22.41-22.41],22.40511524,22.40511524,22.40511524,,2025-12-19T14:24:05Z,2002,01/01/2002,31/12/2002,,
5170391,MALARIA_EST_INCIDENCE,COUNTRY,KEN,AFR,Africa,YEAR,2007,,,,,,,,,94.84 [71.04-124.57],94.83510102,71.03970205,124.5667309,,2025-12-19T14:24:05Z,2007,01/01/2007,31/12/2007,,
5171316,MALARIA_EST_INCIDENCE,COUNTRY,SLE,AFR,Africa,YEAR,2022,,,,,,,,,298.19 [171.89-481.71],298.1900264,171.8913159,481.7050774,,2025-12-19T14:24:05Z,2022,01/01/2022,31/12/2022,,
5183564,MALARIA_EST_INCIDENCE,COUNTRY,MRT,AFR,Africa,YEAR,2024,,,,,,,,,69.55 [32.87-120.37],69.5535938,32.8681306,120.3716828,,2025-12-19T14:24:05Z,2024,01/01/2024,31/12/2024,,
5183978,MALARIA_EST_INCIDENCE,COUNTRY,LKA,SEAR,South-East Asia,YEAR,2007,,,,,,,,,0.04 [0.04-0.04],0.042008917,0.042008917,0.042008917,,2025-12-19T14:24:05Z,2007,01/01/2007,31/12/2007,,
5187061,MALARIA_EST_INCIDENCE,COUNTRY,SYR,EMR,Eastern Mediterranean,YEAR,2016,,,,,,,,,0 [0-0],0,0,0,,2025-12-19T14:24:05Z,2016,01/01/2016,31/12/2016,,
5189296,MALARIA_EST_INCIDENCE,COUNTRY,DJI,EMR,Eastern Mediterranean,YEAR,2012,,,,,,,,,3.07 [2.37-3.78],3.071800403,2.366955318,3.776645489,,2025-12-19T14:24:05Z,2012,01/01/2012,31/12/2012,,
5189753,MALARIA_EST_INCIDENCE,COUNTRY,BLZ,AMR,Americas,YEAR,2008,,,,,,,,,2.57 [2.57-2.57],2.571318372,2.571318372,2.571318372,,2025-12-19T14:24:05Z,2008,01/01/2008,31/12/2008,,
5193785,MALARIA_EST_INCIDENCE,COUNTRY,STP,AFR,Africa,YEAR,2009,,,,,,,,,34.76 [34.76-34.76],34.75904258,34.75904258,34.75904258,,2025-12-19T14:24:05Z,2009,01/01/2009,31/12/2009,,
5206043,MALARIA_EST_INCIDENCE,COUNTRY,THA,SEAR,South-East Asia,YEAR,2020,,,,,,,,,0.23 [0.23-0.23],0.229722097,0.229722097,0.229722097,,2025-12-19T14:24:05Z,2020,01/01/2020,31/12/2020,,
5207624,MALARIA_EST_INCIDENCE,COUNTRY,SDN,EMR,Eastern Mediterranean,YEAR,2009,,,,,,,,,34.30 [26.52-43.91],34.30455489,26.5182101,43.9065639,,2025-12-19T14:24:05Z,2009,01/01/2009,31/12/2009,,
5215697,MALARIA_EST_INCIDENCE,COUNTRY,BEN,AFR,Africa,YEAR,2015,,,,,,,,,390.76 [310.28-486.20],390.7645149,310.2760059,486.1990294,,2025-12-19T14:24:05Z,2015,01/01/2015,31/12/2015,,
5215991,MALARIA_EST_INCIDENCE,COUNTRY,KEN,AFR,Africa,YEAR,2014,,,,,,,,,84.43 [62.97-111.09],84.43082344,62.96974373,111.0858553,,2025-12-19T14:24:05Z,2014,01/01/2014,31/12/2014,,
5220320,MALARIA_EST_INCIDENCE,COUNTRY,MLI,AFR,Africa,YEAR,2019,,,,,,,,,325.76 [229.93-462.42],325.7605808,229.9300212,462.4161504,,2025-12-19T14:24:05Z,2019,01/01/2019,31/12/2019,,
5228567,MALARIA_EST_INCIDENCE,COUNTRY,CMR,AFR,Africa,YEAR,2013,,,,,,,,,271.10 [190.23-371.78],271.0968165,190.2299025,371.7780073,,2025-12-19T14:24:05Z,2013,01/01/2013,31/12/2013,,
5231983,MALARIA_EST_INCIDENCE,COUNTRY,IND,SEAR,South-East Asia,YEAR,2005,,,,,,,,,22.41 [16.88-30.82],22.41103869,16.88253088,30.82314146,,2025-12-19T14:24:05Z,2005,01/01/2005,31/12/2005,,
5260380,MALARIA_EST_INCIDENCE,COUNTRY,GEO,EUR,Europe,YEAR,2003,,,,,,,,,7.73 [7.73-7.73],7.734860724,7.734860724,7.734860724,,2025-12-19T14:24:05Z,2003,01/01/2003,31/12/2003,,
5260449,MALARIA_EST_INCIDENCE,COUNTRY,CRI,AMR,Americas,YEAR,2006,,,,,,,,,1.92 [1.92-1.92],1.919379451,1.919379451,1.919379451,,2025-12-19T14:24:05Z,2006,01/01/2006,31/12/2006,,
5264710,MALARIA_EST_INCIDENCE,COUNTRY,HND,AMR,Americas,YEAR,2021,,,,,,,,,0.16 [0.16-0.16],0.163509313,0.163509313,0.163509313,,2025-12-19T14:24:05Z,2021,01/01/2021,31/12/2021,,
5264994,MALARIA_EST_INCIDENCE,COUNTRY,SUR,AMR,Americas,YEAR,2011,,,,,,,,,9.68 [9.68-9.68],9.67624148,9.67624148,9.67624148,,2025-12-19T14:24:05Z,2011,01/01/2011,31/12/2011,,
5269288,MALARIA_EST_INCIDENCE,COUNTRY,YEM,EMR,Eastern Mediterranean,YEAR,2012,,,,,,,,,47.04 [31.39-71.04],47.04440713,31.38633201,71.03750856,,2025-12-19T14:24:05Z,2012,01/01/2012,31/12/2012,,
5275618,MALARIA_EST_INCIDENCE,COUNTRY,KHM,WPR,Western Pacific,YEAR,2012,,,,,,,,,24.46 [21.18-28.30],24.45663292,21.17943179,28.29681697,,2025-12-19T14:24:05Z,2012,01/01/2012,31/12/2012,,
5284230,MALARIA_EST_INCIDENCE,COUNTRY,VNM,WPR,Western Pacific,YEAR,2006,,,,,,,,,0.72 [0.61-0.89],0.720315056,0.608614205,0.885599041,,2025-12-19T14:24:05Z,2006,01/01/2006,31/12/2006,,
5302289,MALARIA_EST_INCIDENCE,COUNTRY,ETH,AFR,Africa,YEAR,2022,,,,,,,,,59.89 [33.23-89.39],59.88726611,33.2313284,89.39387915,,2025-12-19T14:24:05Z,2022,01/01/2022,31/12/2022,,
5308846,MALARIA_EST_INCIDENCE,COUNTRY,STP,AFR,Africa,YEAR,2024,,,,,,,,,30.09 [30.09-30.09],30.08881869,30.08881869,30.08881869,,2025-12-19T14:24:05Z,2024,01/01/2024,31/12/2024,,
5321952,MALARIA_EST_INCIDENCE,COUNTRY,CHN,WPR,Western Pacific,YEAR,2024,,,,,,,,,0 [0-0],0,0,0,,2025-12-19T14:24:05Z,2024,01/01/2024,31/12/2024,,
5329018,MALARIA_EST_INCIDENCE,COUNTRY,AFG,EMR,Eastern Mediterranean,YEAR,2006,,,,,,,,,21.31 [11.25-36.55],21.30559806,11.24933423,36.54535074,,2025-12-19T14:24:05Z,2006,01/01/2006,31/12/2006,,
5347718,MALARIA_EST_INCIDENCE,COUNTRY,GNQ,AFR,Africa,YEAR,2013,,,,,,,,,333.66 [234.79-459.07],333.656956,234.786175,459.0682007,,2025-12-19T14:24:05Z,2013,01/01/2013,31/12/2013,,
5358921,MALARIA_EST_INCIDENCE,COUNTRY,GEO,EUR,Europe,YEAR,2004,,,,,,,,,6.34 [6.34-6.34],6.336291913,6.336291913,6.336291913,,2025-12-19T14:24:05Z,2004,01/01/2004,31/12/2004,,
5367621,MALARIA_EST_INCIDENCE,COUNTRY,TLS,SEAR,South-East Asia,YEAR,2018,,,,,,,,,0 [0-0],0,0,0,,2025-12-19T14:24:05Z,2018,01/01/2018,31/12/2018,,
5370585,MALARIA_EST_INCIDENCE,COUNTRY,SYR,EMR,Eastern Mediterranean,YEAR,2003,,,,,,,,,0 [0-0],1.11799e-4,1.11799e-4,1.11799e-4,,2025-12-19T14:24:05Z,2003,01/01/2003,31/12/2003,,
5372546,MALARIA_EST_INCIDENCE,COUNTRY,MYT,AFR,Africa,YEAR,2011,,,,,,,,,1.07 [1.07-1.07],1.067121972,1.067121972,1.067121972,,2025-12-19T14:24:05Z,2011,01/01/2011,31/12/2011,,
5372966,MALARIA_EST_INCIDENCE,COUNTRY,BOL,AMR,Americas,YEAR,2024,,,,,,,,,3.83 [2.99-4.69],3.828432253,2.992427659,4.690721805,,2025-12-19T14:24:05Z,2024,01/01/2024,31/12/2024,,
5374300,MALARIA_EST_INCIDENCE,REGION,AMR,,,YEAR,2002,,,,,,,,,9.77 [8.90-10.73],9.767157695,8.899554975,10.73225044,,2025-12-19T14:24:05Z,2002,01/01/2002,31/12/2002,,
5377871,MALARIA_EST_INCIDENCE,COUNTRY,SYR,EMR,Eastern Mediterranean,YEAR,2021,,,,,,,,,0 [0-0],0,0,0,,2025-12-19T14:24:05Z,2021,01/01/2021,31/12/2021,,
5378300,MALARIA_EST_INCIDENCE,REGION,AMR,,,YEAR,2017,,,,,,,,,6.44 [5.99-7.02],6.444154211,5.990376592,7.022377464,,2025-12-19T14:24:05Z,2017,01/01/2017,31/12/2017,,
5380318,MALARIA_EST_INCIDENCE,COUNTRY,MAR,EMR,Eastern Mediterranean,YEAR,2004,,,,,,,,,0 [0-0],3.3e-5,3.3e-5,3.3e-5,,2025-12-19T14:24:05Z,2004,01/01/2004,31/12/2004,,
5386623,MALARIA_EST_INCIDENCE,COUNTRY,VNM,WPR,Western Pacific,YEAR,2023,,,,,,,,,0.01 [0.01-0.01],0.005043372,0.005043372,0.005043372,,2025-12-19T14:24:05Z,2023,01/01/2023,31/12/2023,,
5396024,MALARIA_EST_INCIDENCE,COUNTRY,THA,SEAR,South-East Asia,YEAR,2002,,,,,,,,,3.65 [3.65-3.65],3.653487217,3.653487217,3.653487217,,2025-12-19T14:24:05Z,2002,01/01/2002,31/12/2002,,
5397525,MALARIA_EST_INCIDENCE,COUNTRY,AZE,EUR,Europe,YEAR,2012,,,,,,,,,0.01 [0.01-0.01],0.013911302,0.013911302,0.013911302,,2025-12-19T14:24:05Z,2012,01/01/2012,31/12/2012,,
5410357,MALARIA_EST_INCIDENCE,COUNTRY,TJK,EUR,Europe,YEAR,2009,,,,,,,,,0.07 [0.07-0.07],0.065554479,0.065554479,0.065554479,,2025-12-19T14:24:05Z,2009,01/01/2009,31/12/2009,,
5424094,MALARIA_EST_INCIDENCE,COUNTRY,IND,SEAR,South-East Asia,YEAR,2009,,,,,,,,,13.84 [10.41-18.55],13.84419275,10.40601515,18.54598157,,2025-12-19T14:24:05Z,2009,01/01/2009,31/12/2009,,
5424404,MALARIA_EST_INCIDENCE,COUNTRY,GUY,AMR,Americas,YEAR,2021,,,,,,,,,31.53 [26.80-36.64],31.53104544,26.79752588,36.63980321,,2025-12-19T14:24:05Z,2021,01/01/2021,31/12/2021,,
5429629,MALARIA_EST_INCIDENCE,REGION,AFR,,,YEAR,2016,,,,,,,,,237.98 [219.88-258.59],237.9835846,219.8769104,258.5905,,2025-12-19T14:24:05Z,2016,01/01/2016,31/12/2016,,
5431222,MALARIA_EST_INCIDENCE,COUNTRY,SSD,AFR,Africa,YEAR,2001,,,,,,,,,344.91 [249.18-466.16],344.9102949,249.1787288,466.1611653,,2025-12-19T14:24:05Z,2001,01/01/2001,31/12/2001,,
5440896,MALARIA_EST_INCIDENCE,COUNTRY,ECU,AMR,Americas,YEAR,2020,,,,,,,,,0.19 [0.19-0.19],0.194501775,0.194501775,0.194501775,,2025-12-19T14:24:05Z,2020,01/01/2020,31/12/2020,,
5456312,MALARIA_EST_INCIDENCE,COUNTRY,SAU,EMR,Eastern Mediterranean,YEAR,2020,,,,,,,,,0.02 [0.02-0.02],0.024975611000000002,0.024975611000000002,0.024975611000000002,,2025-12-19T14:24:05Z,2020,01/01/2020,31/12/2020,,
5460377,MALARIA_EST_INCIDENCE,REGION,AMR,,,YEAR,2021,,,,,,,,,3.82 [3.56-4.13],3.824965254,3.56039653,4.130192655,,2025-12-19T14:24:05Z,2021,01/01/2021,31/12/2021,,
5472242,MALARIA_EST_INCIDENCE,REGION,EUR,,,YEAR,2006,,,,,,,,,0.09 [0.09-0.09],0.088914451,0.088914451,0.088914451,,2025-12-19T14:24:05Z,2006,01/01/2006,31/12/2006,,
5472404,MALARIA_EST_INCIDENCE,COUNTRY,BTN,SEAR,South-East Asia,YEAR,2018,,,,,,,,,0.01 [0.01-0.01],0.01067196,0.01067196,0.01067196,,2025-12-19T14:24:05Z,2018,01/01/2018,31/12/2018,,
5475007,MALARIA_EST_INCIDENCE,COUNTRY,CHN,WPR,Western Pacific,YEAR,2017,,,,,,,,,0 [0-0],0,0,0,,2025-12-19T14:24:05Z,2017,01/01/2017,31/12/2017,,
5475513,MALARIA_EST_INCIDENCE,COUNTRY,LBR,AFR,Africa,YEAR,2022,,,,,,,,,181.79 [130.66-247.84],181.7909089,130.6558091,247.8364017,,2025-12-19T14:24:05Z,2022,01/01/2022,31/12/2022,,
5479947,MALARIA_EST_INCIDENCE,COUNTRY,MWI,AFR,Africa,YEAR,2020,,,,,,,,,283.01 [185.27-409.89],283.0146401,185.2744067,409.8895115,,2025-12-19T14:24:05Z,2020,01/01/2020,31/12/2020,,
5485896,MALARIA_EST_INCIDENCE,COUNTRY,VEN,AMR,Americas,YEAR,2005,,,,,,,,,3.96 [3.51-4.65],3.95575238,3.508423978,4.645227722,,2025-12-19T14:24:05Z,2005,01/01/2005,31/12/2005,,
5486782,MALARIA_EST_INCIDENCE,COUNTRY,PHL,WPR,Western Pacific,YEAR,2010,,,,,,,,,0.96 [0.66-1.27],0.957062549,0.661940243,1.273377695,,2025-12-19T14:24:05Z,2010,01/01/2010,31/12/2010,,
5492351,MALARIA_EST_INCIDENCE,COUNTRY,COL,AMR,Americas,YEAR,2013,,,,,,,,,7.08 [5.38-8.84],7.080597708,5.377732359,8.836413882,,2025-12-19T14:24:05Z,2013,01/01/2013,31/12/2013,,
5493626,MALARIA_EST_INCIDENCE,REGION,EUR,,,YEAR,2005,,,,,,,,,0.17 [0.17-0.17],0.168150597,0.168150597,0.168150597,,2025-12-19T14:24:05Z,2005,01/01/2005,31/12/2005,,
5499472,MALARIA_EST_INCIDENCE,COUNTRY,TKM,EUR,Europe,YEAR,2008,,,,,,,,,0 [0-0],0,0,0,,2025-12-19T14:24:05Z,2008,01/01/2008,31/12/2008,,
5512496,MALARIA_EST_INCIDENCE,REGION,AMR,,,YEAR,2020,,,,,,,,,4.32 [4.00-4.69],4.32454826,4.003911868,4.693386468,,2025-12-19T14:24:05Z,2020,01/01/2020,31/12/2020,,
5518426,MALARIA_EST_INCIDENCE,COUNTRY,NPL,SEAR,South-East Asia,YEAR,2023,,,,,,,,,0 [0-0],0.001739383,0.001739383,0.001739383,,2025-12-19T14:24:05Z,2023,01/01/2023,31/12/2023,,
5524191,MALARIA_EST_INCIDENCE,COUNTRY,PAN,AMR,Americas,YEAR,2013,,,,,,,,,0.29 [0.28-0.31],0.288727531,0.277412533,0.307455803,,2025-12-19T14:24:05Z,2013,01/01/2013,31/12/2013,,
5524715,MALARIA_EST_INCIDENCE,COUNTRY,DOM,AMR,Americas,YEAR,2023,,,,,,,,,0.04 [0.04-0.04],0.040535212,0.040535212,0.040535212,,2025-12-19T14:24:05Z,2023,01/01/2023,31/12/2023,,
5524930,MALARIA_EST_INCIDENCE,COUNTRY,MYS,WPR,Western Pacific,YEAR,2012,,,,,,,,,3.09 [3.09-3.09],3.086354722,3.086354722,3.086354722,,2025-12-19T14:24:05Z,2012,01/01/2012,31/12/2012,,
5530004,MALARIA_EST_INCIDENCE,COUNTRY,LBR,AFR,Africa,YEAR,2004,,,,,,,,,406.13 [276.93-575.99],406.1267874,276.9327164,575.9893991,,2025-12-19T14:24:05Z,2004,01/01/2004,31/12/2004,,
5538193,MALARIA_EST_INCIDENCE,COUNTRY,COG,AFR,Africa,YEAR,2015,,,,,,,,,210.62 [131.04-318.56],210.6150369,131.0408665,318.5606454,,2025-12-19T14:24:05Z,2015,01/01/2015,31/12/2015,,
5538615,MALARIA_EST_INCIDENCE,COUNTRY,GIN,AFR,Africa,YEAR,2001,,,,,,,,,414.39 [290.67-574.28],414.386133,290.6734311,574.2766799,,2025-12-19T14:24:05Z,2001,01/01/2001,31/12/2001,,
5538784,MALARIA_EST_INCIDENCE,COUNTRY,TLS,SEAR,South-East Asia,YEAR,2016,,,,,,,,,0.10 [0.08-0.11],0.096949719,0.081368515,0.113396547,,2025-12-19T14:24:05Z,2016,01/01/2016,31/12/2016,,
5539031,MALARIA_EST_INCIDENCE,COUNTRY,VNM,WPR,Western Pacific,YEAR,2022,,,,,,,,,0.01 [0.01-0.01],0.005608224,0.005608224,0.005608224,,2025-12-19T14:24:05Z,2022,01/01/2022,31/12/2022,,
5543682,MALARIA_EST_INCIDENCE,COUNTRY,COL,AMR,Americas,YEAR,2016,,,,,,,,,11.00 [8.37-13.75],11.0024671,8.365838458,13.74661618,,2025-12-19T14:24:05Z,2016,01/01/2016,31/12/2016,,
5549881,MALARIA_EST_INCIDENCE,COUNTRY,SDN,EMR,Eastern Mediterranean,YEAR,2021,,,,,,,,,70.36 [40.69-113.63],70.36243884,40.69078718,113.633465,,2025-12-19T14:24:05Z,2021,01/01/2021,31/12/2021,,
5550472,MALARIA_EST_INCIDENCE,COUNTRY,ECU,AMR,Americas,YEAR,2004,,,,,,,,,3.73 [3.73-3.73],3.725338435,3.725338435,3.725338435,,2025-12-19T14:24:05Z,2004,01/01/2004,31/12/2004,,
5560754,MALARIA_EST_INCIDENCE,REGION,EUR,,,YEAR,2001,,,,,,,,,0.81 [0.81-0.81],0.805795598,0.805795598,0.805795598,,2025-12-19T14:24:05Z,2001,01/01/2001,31/12/2001,,
5561235,MALARIA_EST_INCIDENCE,COUNTRY,VUT,WPR,Western Pacific,YEAR,2015,,,,,,,,,3.30 [2.66-4.03],3.295741091,2.656885919,4.028545552,,2025-12-19T14:24:05Z,2015,01/01/2015,31/12/2015,,
5562196,MALARIA_EST_INCIDENCE,COUNTRY,SLE,AFR,Africa,YEAR,2008,,,,,,,,,427.10 [320.18-558.36],427.0981736,320.1803537,558.3611577,,2025-12-19T14:24:05Z,2008,01/01/2008,31/12/2008,,
5562750,MALARIA_EST_INCIDENCE,COUNTRY,ERI,AFR,Africa,YEAR,2003,,,,,,,,,19.84 [9.08-34.58],19.84439651,9.076686222,34.58493574,,2025-12-19T14:24:05Z,2003,01/01/2003,31/12/2003,,
5563086,MALARIA_EST_INCIDENCE,COUNTRY,NIC,AMR,Americas,YEAR,2024,,,,,,,,,1.04 [0.87-1.23],1.043672228,0.867536109,1.230656656,,2025-12-19T14:24:05Z,2024,01/01/2024,31/12/2024,,
5581256,MALARIA_EST_INCIDENCE,COUNTRY,DJI,EMR,Eastern Mediterranean,YEAR,2000,,,,,,,,,3.07 [2.37-3.78],3.072651616,2.367833156,3.777470076,,2025-12-19T14:24:05Z,2000,01/01/2000,31/12/2000,,
5589143,MALARIA_EST_INCIDENCE,COUNTRY,PER,AMR,Americas,YEAR,2008,,,,,,,,,4.84 [4.14-5.59],4.841267801,4.139918739,5.59422954,,2025-12-19T14:24:05Z,2008,01/01/2008,31/12/2008,,
5593805,MALARIA_EST_INCIDENCE,COUNTRY,BFA,AFR,Africa,YEAR,2010,,,,,,,,,568.37 [457.42-696.09],568.369186,457.420064,696.0914671,,2025-12-19T14:24:05Z,2010,01/01/2010,31/12/2010,,
5595013,MALARIA_EST_INCIDENCE,COUNTRY,LBR,AFR,Africa,YEAR,2012,,,,,,,,,266.12 [187.47-366.92],266.1217829,187.4743342,366.9150463,,2025-12-19T14:24:05Z,2012,01/01/2012,31/12/2012,,
5596063,MALARIA_EST_INCIDENCE,GLOBAL,GLOBAL,,,YEAR,2004,,,,,,,,,77.52 [71.50-86.46],77.51574415,71.50441743,86.46443101,,2025-12-19T14:24:05Z,2004,01/01/2004,31/12/2004,,
5599887,MALARIA_EST_INCIDENCE,COUNTRY,ARG,AMR,Americas,YEAR,2001,,,,,,,,,1.14 [1.14-1.14],1.142863218,1.142863218,1.142863218,,2025-12-19T14:24:05Z,2001,01/01/2001,31/12/2001,,
5605091,MALARIA_EST_INCIDENCE,COUNTRY,TCD,AFR,Africa,YEAR,2007,,,,,,,,,236.14 [151.80-349.01],236.1432827,151.799793,349.0131763,,2025-12-19T14:24:05Z,2007,01/01/2007,31/12/2007,,
5606700,MALARIA_EST_INCIDENCE,COUNTRY,KOR,WPR,Western Pacific,YEAR,2002,,,,,,,,,0.54 [0.54-0.54],0.543350555,0.543350555,0.543350555,,2025-12-19T14:24:05Z,2002,01/01/2002,31/12/2002,,
5606984,MALARIA_EST_INCIDENCE,COUNTRY,GIN,AFR,Africa,YEAR,2017,,,,,,,,,358.48 [259.24-482.03],358.4773325,259.241759,482.0283321,,2025-12-19T14:24:05Z,2017,01/01/2017,31/12/2017,,
5607192,MALARIA_EST_INCIDENCE,COUNTRY,GUY,AMR,Americas,YEAR,2022,,,,,,,,,32.23 [27.38-37.46],32.22590998,27.38435587,37.45699135,,2025-12-19T14:24:05Z,2022,01/01/2022,31/12/2022,,
5607917,MALARIA_EST_INCIDENCE,COUNTRY,EGY,EMR,Eastern Mediterranean,YEAR,2013,,,,,,,,,0 [0-0],0,0,0,,2025-12-19T14:24:05Z,2013,01/01/2013,31/12/2013,,
5612571,MALARIA_EST_INCIDENCE,COUNTRY,GEO,EUR,Europe,YEAR,2018,,,,,,,,,0 [0-0],0,0,0,,2025-12-19T14:24:05Z,2018,01/01/2018,31/12/2018,,
5618284,MALARIA_EST_INCIDENCE,COUNTRY,CPV,AFR,Africa,YEAR,2008,,,,,,,,,0.27 [0.27-0.27],0.268503744,0.268503744,0.268503744,,2025-12-19T14:24:05Z,2008,01/01/2008,31/12/2008,,
5619015,MALARIA_EST_INCIDENCE,COUNTRY,CMR,AFR,Africa,YEAR,2016,,,,,,,,,268.53 [197.46-356.08],268.5342273,197.4590394,356.0771157,,2025-12-19T14:24:05Z,2016,01/01/2016,31/12/2016,,
5637562,MALARIA_EST_INCIDENCE,COUNTRY,PHL,WPR,Western Pacific,YEAR,2009,,,,,,,,,1.07 [0.73-1.45],1.073835716,0.730567547,1.449966647,,2025-12-19T14:24:05Z,2009,01/01/2009,31/12/2009,,
5639432,MALARIA_EST_INCIDENCE,REGION,AFR,,,YEAR,2007,,,,,,,,,303.32 [279.13-333.82],303.3232616,279.1340193,333.819407,,2025-12-19T14:24:05Z,2007,01/01/2007,31/12/2007,,
5644346,MALARIA_EST_INCIDENCE,COUNTRY,GNB,AFR,Africa,YEAR,2023,,,,,,,,,97.81 [27.95-260.36],97.81367448,27.94664472,260.3589936,,2025-12-19T14:24:05Z,2023,01/01/2023,31/12/2023,,
5650284,MALARIA_EST_INCIDENCE,REGION,EUR,,,YEAR,2008,,,,,,,,,0.02 [0.02-0.02],0.018768223,0.018768223,0.018768223,,2025-12-19T14:24:05Z,2008,01/01/2008,31/12/2008,,
5651486,MALARIA_EST_INCIDENCE,COUNTRY,IDN,WPR,Western Pacific,YEAR,2000,,,,,,,,,5.28 [4.37-6.49],5.283879477,4.374905908,6.485687516,,2025-12-19T14:24:05Z,2000,01/01/2000,31/12/2000,,
5659236,MALARIA_EST_INCIDENCE,COUNTRY,GTM,AMR,Americas,YEAR,2021,,,,,,,,,0.10 [0.10-0.10],0.095818223,0.095818223,0.095818223,,2025-12-19T14:24:05Z,2021,01/01/2021,31/12/2021,,
5665673,MALARIA_EST_INCIDENCE,COUNTRY,VUT,WPR,Western Pacific,YEAR,2009,,,,,,,,,63.97 [35.07-105.98],63.96682851,35.07454991,105.9778499,,2025-12-19T14:24:05Z,2009,01/01/2009,31/12/2009,,
5669050,MALARIA_EST_INCIDENCE,COUNTRY,NAM,AFR,Africa,YEAR,2012,,,,,,,,,3.13 [1.28-5.40],3.132021359,1.280104661,5.396666257,,2025-12-19T14:24:05Z,2012,01/01/2012,31/12/2012,,
5671146,MALARIA_EST_INCIDENCE,COUNTRY,RWA,AFR,Africa,YEAR,2002,,,,,,,,,156.99 [80.45-279.44],156.9898502,80.45382956,279.4391311,,2025-12-19T14:24:05Z,2002,01/01/2002,31/12/2002,,
5672018,MALARIA_EST_INCIDENCE,COUNTRY,PAK,EMR,Eastern Mediterranean,YEAR,2001,,,,,,,,,6.63 [2.79-15.06],6.627721028,2.79074153,15.05884651,,2025-12-19T14:24:05Z,2001,01/01/2001,31/12/2001,,
5675908,MALARIA_EST_INCIDENCE,COUNTRY,NIC,AMR,Americas,YEAR,2016,,,,,,,,,1.45 [1.20-1.71],1.448198594,1.201145176,1.707650037,,2025-12-19T14:24:05Z,2016,01/01/2016,31/12/2016,,
5678067,MALARIA_EST_INCIDENCE,COUNTRY,SDN,EMR,Eastern Mediterranean,YEAR,2013,,,,,,,,,33.70 [24.53-45.01],33.69962744,24.53113928,45.0096376,,2025-12-19T14:24:05Z,2013,01/01/2013,31/12/2013,,
5688901,MALARIA_EST_INCIDENCE,COUNTRY,MAR,EMR,Eastern Mediterranean,YEAR,2022,,,,,,,,,0 [0-0],0,0,0,,2025-12-19T14:24:05Z,2022,01/01/2022,31/12/2022,,
5702728,MALARIA_EST_INCIDENCE,COUNTRY,ARM,EUR,Europe,YEAR,2017,,,,,,,,,0 [0-0],0,0,0,,2025-12-19T14:24:05Z,2017,01/01/2017,31/12/2017,,
5722826,MALARIA_EST_INCIDENCE,COUNTRY,COM,AFR,Africa,YEAR,2023,,,,,,,,,24.75 [24.75-24.75],24.75225985,24.75225985,24.75225985,,2025-12-19T14:24:05Z,2023,01/01/2023,31/12/2023,,
5728035,MALARIA_EST_INCIDENCE,COUNTRY,GAB,AFR,Africa,YEAR,2006,,,,,,,,,131.79 [76.87-210.11],131.7895139,76.86901203,210.1149809,,2025-12-19T14:24:05Z,2006,01/01/2006,31/12/2006,,
5728499,MALARIA_EST_INCIDENCE,GLOBAL,GLOBAL,,,YEAR,2000,,,,,,,,,79.38 [74.33-85.67],79.37730841,74.33483882,85.66776114,,2025-12-19T14:24:05Z,2000,01/01/2000,31/12/2000,,
5731839,MALARIA_EST_INCIDENCE,COUNTRY,SLE,AFR,Africa,YEAR,2005,,,,,,,,,401.19 [272.86-569.82],401.1913019,272.8582485,569.8200578,,2025-12-19T14:24:05Z,2005,01/01/2005,31/12/2005,,
5732031,MALARIA_EST_INCIDENCE,COUNTRY,GUY,AMR,Americas,YEAR,2014,,,,,,,,,29.58 [22.22-40.60],29.57987561,22.21858348,40.59794837,,2025-12-19T14:24:05Z,2014,01/01/2014,31/12/2014,,
5732294,MALARIA_EST_INCIDENCE,COUNTRY,GNQ,AFR,Africa,YEAR,2000,,,,,,,,,334.30 [225.84-486.96],334.3011806,225.8389985,486.9579854,,2025-12-19T14:24:05Z,2000,01/01/2000,31/12/2000,,
5732368,MALARIA_EST_INCIDENCE,COUNTRY,EGY,EMR,Eastern Mediterranean,YEAR,2008,,,,,,,,,0 [0-0],0,0,0,,2025-12-19T14:24:05Z,2008,01/01/2008,31/12/2008,,
5732905,MALARIA_EST_INCIDENCE,COUNTRY,DJI,EMR,Eastern Mediterranean,YEAR,2008,,,,,,,,,3.07 [2.37-3.78],3.072543086,2.367516184,3.776076286,,2025-12-19T14:24:05Z,2008,01/01/2008,31/12/2008,,
5744486,MALARIA_EST_INCIDENCE,REGION,EUR,,,YEAR,2012,,,,,,,,,0 [0-0],9.42327e-4,9.42327e-4,9.42327e-4,,2025-12-19T14:24:05Z,2012,01/01/2012,31/12/2012,,
5744559,MALARIA_EST_INCIDENCE,COUNTRY,SOM,EMR,Eastern Mediterranean,YEAR,2016,,,,,,,,,55.25 [31.96-89.02],55.24840509,31.95572747,89.01692239,,2025-12-19T14:24:05Z,2016,01/01/2016,31/12/2016,,
5744791,MALARIA_EST_INCIDENCE,COUNTRY,IRQ,EMR,Eastern Mediterranean,YEAR,2008,,,,,,,,,0 [0-0],5.31034e-4,5.31034e-4,5.31034e-4,,2025-12-19T14:24:05Z,2008,01/01/2008,31/12/2008,,
5745126,MALARIA_EST_INCIDENCE,COUNTRY,ZMB,AFR,Africa,YEAR,2017,,,,,,,,,220.10 [172.97-272.62],220.1043969,172.9731693,272.6179683,,2025-12-19T14:24:05Z,2017,01/01/2017,31/12/2017,,
5746337,MALARIA_EST_INCIDENCE,COUNTRY,IRQ,EMR,Eastern Mediterranean,YEAR,2003,,,,,,,,,0.10 [0.10-0.10],0.099588301,0.099588301,0.099588301,,2025-12-19T14:24:05Z,2003,01/01/2003,31/12/2003,,
5750949,MALARIA_EST_INCIDENCE,COUNTRY,AFG,EMR,Eastern Mediterranean,YEAR,2022,,,,,,,,,9.19 [7.09-11.68],9.187186104,7.087696158,11.67958478,,2025-12-19T14:24:05Z,2022,01/01/2022,31/12/2022,,
5752529,MALARIA_EST_INCIDENCE,COUNTRY,TJK,EUR,Europe,YEAR,2001,,,,,,,,,5.32 [5.32-5.32],5.320871395,5.320871395,5.320871395,,2025-12-19T14:24:05Z,2001,01/01/2001,31/12/2001,,
5758377,MALARIA_EST_INCIDENCE,COUNTRY,CHN,WPR,Western Pacific,YEAR,2016,,,,,,,,,0 [0-0],2e-6,2e-6,2e-6,,2025-12-19T14:24:05Z,2016,01/01/2016,31/12/2016,,
5760561,MALARIA_EST_INCIDENCE,REGION,EMR,,,YEAR,2001,,,,,,,,,20.32 [16.15-33.91],20.32021586,16.15149875,33.90757275,,2025-12-19T14:24:05Z,2001,01/01/2001,31/12/2001,,
5765633,MALARIA_EST_INCIDENCE,COUNTRY,COL,AMR,Americas,YEAR,2007,,,,,,,,,18.09 [13.92-22.48],18.0937306,13.91722566,22.48325538,,2025-12-19T14:24:05Z,2007,01/01/2007,31/12/2007,,
5770148,MALARIA_EST_INCIDENCE,COUNTRY,PAN,AMR,Americas,YEAR,2011,,,,,,,,,0.15 [0.15-0.16],0.15032441,0.145061035,0.160426857,,2025-12-19T14:24:05Z,2011,01/01/2011,31/12/2011,,
5778445,MALARIA_EST_INCIDENCE,COUNTRY,LBR,AFR,Africa,YEAR,2014,,,,,,,,,287.70 [194.23-413.25],287.6955971,194.2337565,413.2495164,,2025-12-19T14:24:05Z,2014,01/01/2014,31/12/2014,,
5783250,MALARIA_EST_INCIDENCE,COUNTRY,IRN,EMR,Eastern Mediterranean,YEAR,2008,,,,,,,,,10.83 [10.83-10.83],10.82879377,10.82879377,10.82879377,,2025-12-19T14:24:05Z,2008,01/01/2008,31/12/2008,,
5797936,MALARIA_EST_INCIDENCE,COUNTRY,SLE,AFR,Africa,YEAR,2024,,,,,,,,,282.67 [153.57-474.14],282.6656771,153.5705359,474.1438433,,2025-12-19T14:24:05Z,2024,01/01/2024,31/12/2024,,
5802142,MALARIA_EST_INCIDENCE,COUNTRY,SSD,AFR,Africa,YEAR,2002,,,,,,,,,339.69 [241.65-462.88],339.6918145,241.6538739,462.8841215,,2025-12-19T14:24:05Z,2002,01/01/2002,31/12/2002,,
5810658,MALARIA_EST_INCIDENCE,COUNTRY,HTI,AMR,Americas,YEAR,2020,,,,,,,,,3.79 [2.52-5.13],3.792054495,2.522923747,5.125403191,,2025-12-19T14:24:05Z,2020,01/01/2020,31/12/2020,,
5811237,MALARIA_EST_INCIDENCE,COUNTRY,LBR,AFR,Africa,YEAR,2007,,,,,,,,,372.68 [285.58-479.66],372.6780427,285.5766576,479.6617461,,2025-12-19T14:24:05Z,2007,01/01/2007,31/12/2007,,
5816421,MALARIA_EST_INCIDENCE,COUNTRY,KOR,WPR,Western Pacific,YEAR,2022,,,,,,,,,0.11 [0.11-0.11],0.105385852,0.105385852,0.105385852,,2025-12-19T14:24:05Z,2022,01/01/2022,31/12/2022,,
5823949,MALARIA_EST_INCIDENCE,COUNTRY,CAF,AFR,Africa,YEAR,2004,,,,,,,,,461.27 [286.07-708.13],461.2717055,286.065514,708.1308108,,2025-12-19T14:24:05Z,2004,01/01/2004,31/12/2004,,
5827417,MALARIA_EST_INCIDENCE,COUNTRY,MDG,AFR,Africa,YEAR,2014,,,,,,,,,49.80 [34.93-68.20],49.79904983,34.92558334,68.19904768,,2025-12-19T14:24:05Z,2014,01/01/2014,31/12/2014,,
5840967,MALARIA_EST_INCIDENCE,COUNTRY,VUT,WPR,Western Pacific,YEAR,2001,,,,,,,,,97.90 [67.43-143.49],97.90034078,67.43395051,143.4862666,,2025-12-19T14:24:05Z,2001,01/01/2001,31/12/2001,,
5842227,MALARIA_EST_INCIDENCE,COUNTRY,NGA,AFR,Africa,YEAR,2000,,,,,,,,,401.79 [312.41-508.80],401.7883996,312.407753,508.7993269,,2025-12-19T14:24:05Z,2000,01/01/2000,31/12/2000,,
5849148,MALARIA_EST_INCIDENCE,COUNTRY,ECU,AMR,Americas,YEAR,2014,,,,,,,,,0.03 [0.03-0.03],0.026631144,0.026631144,0.026631144,,2025-12-19T14:24:05Z,2014,01/01/2014,31/12/2014,,
5849256,MALARIA_EST_INCIDENCE,COUNTRY,GNQ,AFR,Africa,YEAR,2001,,,,,,,,,331.50 [219.14-478.54],331.498263,219.1414778,478.5365114,,2025-12-19T14:24:05Z,2001,01/01/2001,31/12/2001,,
5858480,MALARIA_EST_INCIDENCE,COUNTRY,PHL,WPR,Western Pacific,YEAR,2013,,,,,,,,,0.30 [0.22-0.38],0.295693838,0.218199957,0.380259778,,2025-12-19T14:24:05Z,2013,01/01/2013,31/12/2013,,
5860501,MALARIA_EST_INCIDENCE,REGION,AFR,,,YEAR,2002,,,,,,,,,346.95 [320.80-377.33],346.9514477,320.802834,377.3280902,,2025-12-19T14:24:05Z,2002,01/01/2002,31/12/2002,,
5862276,MALARIA_EST_INCIDENCE,COUNTRY,OMN,EMR,Eastern Mediterranean,YEAR,2008,,,,,,,,,0 [0-0],0,0,0,,2025-12-19T14:24:05Z,2008,01/01/2008,31/12/2008,,
5864721,MALARIA_EST_INCIDENCE,COUNTRY,EGY,EMR,Eastern Mediterranean,YEAR,2003,,,,,,,,,0 [0-0],0,0,0,,2025-12-19T14:24:05Z,2003,01/01/2003,31/12/2003,,
5883806,MALARIA_EST_INCIDENCE,COUNTRY,ARE,EMR,Eastern Mediterranean,YEAR,2021,,,,,,,,,0 [0-0],0,0,0,,2025-12-19T14:24:05Z,2021,01/01/2021,31/12/2021,,
5886557,MALARIA_EST_INCIDENCE,COUNTRY,PHL,WPR,Western Pacific,YEAR,2007,,,,,,,,,2.13 [1.46-2.88],2.133060476,1.461401634,2.883002888,,2025-12-19T14:24:05Z,2007,01/01/2007,31/12/2007,,
5893341,MALARIA_EST_INCIDENCE,GLOBAL,GLOBAL,,,YEAR,2017,,,,,,,,,59.73 [55.51-64.52],59.72964793,55.51242976,64.52169847,,2025-12-19T14:24:05Z,2017,01/01/2017,31/12/2017,,
5899712,MALARIA_EST_INCIDENCE,COUNTRY,HTI,AMR,Americas,YEAR,2007,,,,,,,,,8.75 [5.18-13.82],8.752025545,5.181295967,13.81683999,,2025-12-19T14:24:05Z,2007,01/01/2007,31/12/2007,,
5904164,MALARIA_EST_INCIDENCE,REGION,WPR,,,YEAR,2015,,,,,,,,,2.28 [1.94-2.67],2.276359101,1.944557706,2.668056124,,2025-12-19T14:24:05Z,2015,01/01/2015,31/12/2015,,
5911087,MALARIA_EST_INCIDENCE,COUNTRY,LAO,WPR,Western Pacific,YEAR,2013,,,,,,,,,19.93 [14.51-26.43],19.93232254,14.5136493,26.42740516,,2025-12-19T14:24:05Z,2013,01/01/2013,31/12/2013,,
5914917,MALARIA_EST_INCIDENCE,COUNTRY,SWZ,AFR,Africa,YEAR,2010,,,,,,,,,0.86 [0.86-0.86],0.861010981,0.861010981,0.861010981,,2025-12-19T14:24:05Z,2010,01/01/2010,31/12/2010,,
5926247,MALARIA_EST_INCIDENCE,COUNTRY,CHN,WPR,Western Pacific,YEAR,2003,,,,,,,,,0.05 [0.05-0.05],0.052625354,0.052625354,0.052625354,,2025-12-19T14:24:05Z,2003,01/01/2003,31/12/2003,,
5926351,MALARIA_EST_INCIDENCE,COUNTRY,LBR,AFR,Africa,YEAR,2017,,,,,,,,,356.09 [282.27-440.36],356.0853913,282.2689271,440.3571545,,2025-12-19T14:24:05Z,2017,01/01/2017,31/12/2017,,
5927049,MALARIA_EST_INCIDENCE,COUNTRY,UZB,EUR,Europe,YEAR,2009,,,,,,,,,0 [0-0],0,0,0,,2025-12-19T14:24:05Z,2009,01/01/2009,31/12/2009,,
5927322,MALARIA_EST_INCIDENCE,COUNTRY,TCD,AFR,Africa,YEAR,2013,,,,,,,,,208.02 [137.56-299.73],208.0210694,137.5576778,299.7284262,,2025-12-19T14:24:05Z,2013,01/01/2013,31/12/2013,,
5932598,MALARIA_EST_INCIDENCE,COUNTRY,SUR,AMR,Americas,YEAR,2024,,,,,,,,,0 [0-0],0,0,0,,2025-12-19T14:24:05Z,2024,01/01/2024,31/12/2024,,
5945575,MALARIA_EST_INCIDENCE,COUNTRY,UGA,AFR,Africa,YEAR,2020,,,,,,,,,255.66 [197.22-326.41],255.6631833,197.2209888,326.4055416,,2025-12-19T14:24:05Z,2020,01/01/2020,31/12/2020,,
5951743,MALARIA_EST_INCIDENCE,COUNTRY,KEN,AFR,Africa,YEAR,2015,,,,,,,,,81.80 [59.78-108.69],81.79663555,59.78192649,108.6892935,,2025-12-19T14:24:05Z,2015,01/01/2015,31/12/2015,,
5956895,MALARIA_EST_INCIDENCE,COUNTRY,GHA,AFR,Africa,YEAR,2011,,,,,,,,,375.14 [307.30-453.86],375.1405245,307.2953165,453.8617182,,2025-12-19T14:24:05Z,2011,01/01/2011,31/12/2011,,
5957202,MALARIA_EST_INCIDENCE,COUNTRY,VNM,WPR,Western Pacific,YEAR,2008,,,,,,,,,0.29 [0.25-0.34],0.285326871,0.249657826,0.342438045,,2025-12-19T14:24:05Z,2008,01/01/2008,31/12/2008,,
5965351,MALARIA_EST_INCIDENCE,COUNTRY,SLB,WPR,Western Pacific,YEAR,2015,,,,,,,,,62.89 [51.87-77.26],62.89058798,51.87032005,77.25684023,,2025-12-19T14:24:05Z,2015,01/01/2015,31/12/2015,,
5970324,MALARIA_EST_INCIDENCE,COUNTRY,GUY,AMR,Americas,YEAR,2011,,,,,,,,,52.08 [42.85-61.91],52.08449205,42.85042746,61.90885113,,2025-12-19T14:24:05Z,2011,01/01/2011,31/12/2011,,
5984678,MALARIA_EST_INCIDENCE,COUNTRY,VEN,AMR,Americas,YEAR,2015,,,,,,,,,10.44 [9.30-12.02],10.44470113,9.299439406,12.01808846,,2025-12-19T14:24:05Z,2015,01/01/2015,31/12/2015,,
5989042,MALARIA_EST_INCIDENCE,COUNTRY,DJI,EMR,Eastern Mediterranean,YEAR,2004,,,,,,,,,3.07 [2.37-3.78],3.071703205,2.36793936,3.777081188,,2025-12-19T14:24:05Z,2004,01/01/2004,31/12/2004,,
5992179,MALARIA_EST_INCIDENCE,COUNTRY,DZA,AFR,Africa,YEAR,2017,,,,,,,,,0 [0-0],0,0,0,,2025-12-19T14:24:05Z,2017,01/01/2017,31/12/2017,,
5995726,MALARIA_EST_INCIDENCE,COUNTRY,NER,AFR,Africa,YEAR,2019,,,,,,,,,332.56 [206.16-512.43],332.5602149,206.1558271,512.4344931,,2025-12-19T14:24:05Z,2019,01/01/2019,31/12/2019,,
6001869,MALARIA_EST_INCIDENCE,COUNTRY,IRN,EMR,Eastern Mediterranean,YEAR,2011,,,,,,,,,2.04 [2.04-2.04],2.039245479,2.039245479,2.039245479,,2025-12-19T14:24:05Z,2011,01/01/2011,31/12/2011,,
6002921,MALARIA_EST_INCIDENCE,COUNTRY,BRA,AMR,Americas,YEAR,2016,,,,,,,,,3.20 [3.07-3.42],3.200279095,3.074930872,3.419026566,,2025-12-19T14:24:05Z,2016,01/01/2016,31/12/2016,,
6008780,MALARIA_EST_INCIDENCE,COUNTRY,MLI,AFR,Africa,YEAR,2017,,,,,,,,,376.98 [266.43-535.99],376.9845688,266.4253346,535.9864031,,2025-12-19T14:24:05Z,2017,01/01/2017,31/12/2017,,
6042163,MALARIA_EST_INCIDENCE,COUNTRY,SEN,AFR,Africa,YEAR,2008,,,,,,,,,52.18 [32.93-75.70],52.18425924,32.9277077,75.69852715,,2025-12-19T14:24:05Z,2008,01/01/2008,31/12/2008,,
6044738,MALARIA_EST_INCIDENCE,COUNTRY,PAK,EMR,Eastern Mediterranean,YEAR,2016,,,,,,,,,4.70 [3.05-7.94],4.700275398,3.053404341,7.935655034,,2025-12-19T14:24:05Z,2016,01/01/2016,31/12/2016,,
6045830,MALARIA_EST_INCIDENCE,COUNTRY,CPV,AFR,Africa,YEAR,2022,,,,,,,,,0 [0-0],0,0,0,,2025-12-19T14:24:05Z,2022,01/01/2022,31/12/2022,,
6051249,MALARIA_EST_INCIDENCE,COUNTRY,TZA,AFR,Africa,YEAR,2006,,,,,,,,,225.72 [172.55-291.01],225.7173376,172.548899,291.0056575,,2025-12-19T14:24:05Z,2006,01/01/2006,31/12/2006,,
6057189,MALARIA_EST_INCIDENCE,REGION,SEAR,,,YEAR,2022,,,,,,,,,1.73 [1.40-3.03],1.725131604,1.396928523,3.030000811,,2025-12-19T14:24:05Z,2022,01/01/2022,31/12/2022,,
6058916,MALARIA_EST_INCIDENCE,COUNTRY,PRK,SEAR,South-East Asia,YEAR,2020,,,,,,,,,0.18 [0.18-0.18],0.178026778,0.178026778,0.178026778,,2025-12-19T14:24:05Z,2020,01/01/2020,31/12/2020,,
6060520,MALARIA_EST_INCIDENCE,COUNTRY,BWA,AFR,Africa,YEAR,2005,,,,,,,,,1.20 [0.69-2.33],1.201835381,0.69191614,2.331527848,,2025-12-19T14:24:05Z,2005,01/01/2005,31/12/2005,,
6066072,MALARIA_EST_INCIDENCE,COUNTRY,IRN,EMR,Eastern Mediterranean,YEAR,2022,,,,,,,,,1.57 [1.57-1.57],1.574325906,1.574325906,1.574325906,,2025-12-19T14:24:05Z,2022,01/01/2022,31/12/2022,,
6070882,MALARIA_EST_INCIDENCE,COUNTRY,CIV,AFR,Africa,YEAR,2011,,,,,,,,,461.58 [379.91-557.14],461.5794301,379.9139394,557.1371141,,2025-12-19T14:24:05Z,2011,01/01/2011,31/12/2011,,
6078414,MALARIA_EST_INCIDENCE,COUNTRY,GNQ,AFR,Africa,YEAR,2020,,,,,,,,,244.30 [164.97-349.38],244.2993403,164.9688343,349.38305,,2025-12-19T14:24:05Z,2020,01/01/2020,31/12/2020,,
6079058,MALARIA_EST_INCIDENCE,COUNTRY,CPV,AFR,Africa,YEAR,2016,,,,,,,,,0.37 [0.37-0.37],0.367691199,0.367691199,0.367691199,,2025-12-19T14:24:05Z,2016,01/01/2016,31/12/2016,,
6091709,MALARIA_EST_INCIDENCE,COUNTRY,TGO,AFR,Africa,YEAR,2006,,,,,,,,,474.94 [372.29-592.87],474.9405557,372.2876975,592.870755,,2025-12-19T14:24:05Z,2006,01/01/2006,31/12/2006,,
6092130,MALARIA_EST_INCIDENCE,COUNTRY,NPL,SEAR,South-East Asia,YEAR,2019,,,,,,,,,0.02 [0.02-0.02],0.021328538,0.017935361,0.024964084,,2025-12-19T14:24:05Z,2019,01/01/2019,31/12/2019,,
6097583,MALARIA_EST_INCIDENCE,COUNTRY,TGO,AFR,Africa,YEAR,2017,,,,,,,,,351.15 [282.67-431.22],351.1472248,282.6713769,431.2242813,,2025-12-19T14:24:05Z,2017,01/01/2017,31/12/2017,,
6109900,MALARIA_EST_INCIDENCE,COUNTRY,IRN,EMR,Eastern Mediterranean,YEAR,2013,,,,,,,,,0.58 [0.58-0.58],0.584629363,0.584629363,0.584629363,,2025-12-19T14:24:05Z,2013,01/01/2013,31/12/2013,,
6111165,MALARIA_EST_INCIDENCE,COUNTRY,NAM,AFR,Africa,YEAR,2015,,,,,,,,,7.99 [6.31-9.78],7.986840709,6.306364746,9.783521702,,2025-12-19T14:24:05Z,2015,01/01/2015,31/12/2015,,
6116728,MALARIA_EST_INCIDENCE,COUNTRY,BEN,AFR,Africa,YEAR,2011,,,,,,,,,382.99 [301.87-480.18],382.9891408,301.8670229,480.1837953,,2025-12-19T14:24:05Z,2011,01/01/2011,31/12/2011,,
6116738,MALARIA_EST_INCIDENCE,COUNTRY,BWA,AFR,Africa,YEAR,2012,,,,,,,,,0.22 [0.17-0.32],0.217458171,0.167385566,0.321179997,,2025-12-19T14:24:05Z,2012,01/01/2012,31/12/2012,,
6127049,MALARIA_EST_INCIDENCE,COUNTRY,GHA,AFR,Africa,YEAR,2012,,,,,,,,,367.32 [300.22-448.10],367.317594,300.2225168,448.1028749,,2025-12-19T14:24:05Z,2012,01/01/2012,31/12/2012,,
6133830,MALARIA_EST_INCIDENCE,COUNTRY,THA,SEAR,South-East Asia,YEAR,2022,,,,,,,,,0.46 [0.46-0.46],0.460018501,0.460018501,0.460018501,,2025-12-19T14:24:05Z,2022,01/01/2022,31/12/2022,,
6140670,MALARIA_EST_INCIDENCE,COUNTRY,BGD,SEAR,South-East Asia,YEAR,2014,,,,,,,,,3.89 [3.51-4.32],3.89299269,3.511175539,4.320596882,,2025-12-19T14:24:05Z,2014,01/01/2014,31/12/2014,,
6145683,MALARIA_EST_INCIDENCE,COUNTRY,COM,AFR,Africa,YEAR,2018,,,,,,,,,19.68 [19.68-19.68],19.68143703,19.68143703,19.68143703,,2025-12-19T14:24:05Z,2018,01/01/2018,31/12/2018,,
6154598,MALARIA_EST_INCIDENCE,COUNTRY,CPV,AFR,Africa,YEAR,2001,,,,,,,,,0.89 [0.89-0.89],0.894080685,0.894080685,0.894080685,,2025-12-19T14:24:05Z,2001,01/01/2001,31/12/2001,,
6158522,MALARIA_EST_INCIDENCE,COUNTRY,KHM,WPR,Western Pacific,YEAR,2011,,,,,,,,,35.14 [30.57-40.64],35.14043916,30.56604082,40.63713547,,2025-12-19T14:24:05Z,2011,01/01/2011,31/12/2011,,
6165035,MALARIA_EST_INCIDENCE,COUNTRY,SOM,EMR,Eastern Mediterranean,YEAR,2022,,,,,,,,,54.67 [30.97-90.15],54.67293738,30.97143804,90.15120411,,2025-12-19T14:24:05Z,2022,01/01/2022,31/12/2022,,
6166956,MALARIA_EST_INCIDENCE,COUNTRY,GAB,AFR,Africa,YEAR,2003,,,,,,,,,259.04 [165.14-385.93],259.0387811,165.1360293,385.9273237,,2025-12-19T14:24:05Z,2003,01/01/2003,31/12/2003,,
6184997,MALARIA_EST_INCIDENCE,COUNTRY,CHN,WPR,Western Pacific,YEAR,2009,,,,,,,,,0.02 [0.02-0.02],0.016540514,0.016540514,0.016540514,,2025-12-19T14:24:05Z,2009,01/01/2009,31/12/2009,,
6186139,MALARIA_EST_INCIDENCE,COUNTRY,CHN,WPR,Western Pacific,YEAR,2022,,,,,,,,,0 [0-0],0,0,0,,2025-12-19T14:24:05Z,2022,01/01/2022,31/12/2022,,
6186603,MALARIA_EST_INCIDENCE,COUNTRY,ARG,AMR,Americas,YEAR,2022,,,,,,,,,0 [0-0],0,0,0,,2025-12-19T14:24:05Z,2022,01/01/2022,31/12/2022,,
6195713,MALARIA_EST_INCIDENCE,COUNTRY,CPV,AFR,Africa,YEAR,2004,,,,,,,,,0.36 [0.36-0.36],0.361051382,0.361051382,0.361051382,,2025-12-19T14:24:05Z,2004,01/01/2004,31/12/2004,,
6198075,MALARIA_EST_INCIDENCE,COUNTRY,DOM,AMR,Americas,YEAR,2022,,,,,,,,,0.05 [0.05-0.05],0.051728776,0.051728776,0.051728776,,2025-12-19T14:24:05Z,2022,01/01/2022,31/12/2022,,
6198696,MALARIA_EST_INCIDENCE,COUNTRY,RWA,AFR,Africa,YEAR,2017,,,,,,,,,711.44 [520.22-914.88],711.4383145,520.2246567,914.8840134,,2025-12-19T14:24:05Z,2017,01/01/2017,31/12/2017,,
6204438,MALARIA_EST_INCIDENCE,COUNTRY,CHN,WPR,Western Pacific,YEAR,2013,,,,,,,,,0 [0-0],1.43915e-4,1.43915e-4,1.43915e-4,,2025-12-19T14:24:05Z,2013,01/01/2013,31/12/2013,,
6207892,MALARIA_EST_INCIDENCE,COUNTRY,BDI,AFR,Africa,YEAR,2009,,,,,,,,,281.56 [204.73-379.53],281.5607906,204.7340613,379.5297841,,2025-12-19T14:24:05Z,2009,01/01/2009,31/12/2009,,
6208771,MALARIA_EST_INCIDENCE,COUNTRY,TUR,EUR,Europe,YEAR,2007,,,,,,,,,0.07 [0.07-0.07],0.068061411,0.068061411,0.068061411,,2025-12-19T14:24:05Z,2007,01/01/2007,31/12/2007,,
6213788,MALARIA_EST_INCIDENCE,COUNTRY,EGY,EMR,Eastern Mediterranean,YEAR,2006,,,,,,,,,0 [0-0],0,0,0,,2025-12-19T14:24:05Z,2006,01/01/2006,31/12/2006,,
6227188,MALARIA_EST_INCIDENCE,COUNTRY,MDG,AFR,Africa,YEAR,2016,,,,,,,,,63.37 [44.49-86.17],63.37210888,44.49089217,86.1709238,,2025-12-19T14:24:05Z,2016,01/01/2016,31/12/2016,,
6227639,MALARIA_EST_INCIDENCE,COUNTRY,COD,AFR,Africa,YEAR,2012,,,,,,,,,335.80 [264.68-419.66],335.7967412,264.6808564,419.6588975,,2025-12-19T14:24:05Z,2012,01/01/2012,31/12/2012,,
6235685,MALARIA_EST_INCIDENCE,COUNTRY,SUR,AMR,Americas,YEAR,2021,,,,,,,,,0.24 [0.24-0.24],0.241061547,0.241061547,0.241061547,,2025-12-19T14:24:05Z,2021,01/01/2021,31/12/2021,,
6248655,MALARIA_EST_INCIDENCE,COUNTRY,DJI,EMR,Eastern Mediterranean,YEAR,2024,,,,,,,,,45.09 [45.09-45.09],45.09456932,45.09456932,45.09456932,,2025-12-19T14:24:05Z,2024,01/01/2024,31/12/2024,,
6258221,MALARIA_EST_INCIDENCE,COUNTRY,THA,SEAR,South-East Asia,YEAR,2005,,,,,,,,,2.38 [2.38-2.38],2.377336516,2.377336516,2.377336516,,2025-12-19T14:24:05Z,2005,01/01/2005,31/12/2005,,
6258426,MALARIA_EST_INCIDENCE,COUNTRY,BRA,AMR,Americas,YEAR,2007,,,,,,,,,13.96 [12.50-15.11],13.96473833,12.49760882,15.11214237,,2025-12-19T14:24:05Z,2007,01/01/2007,31/12/2007,,
6273238,MALARIA_EST_INCIDENCE,COUNTRY,HTI,AMR,Americas,YEAR,2018,,,,,,,,,1.63 [1.08-2.21],1.633654425,1.083408983,2.209418059,,2025-12-19T14:24:05Z,2018,01/01/2018,31/12/2018,,
6283116,MALARIA_EST_INCIDENCE,COUNTRY,COM,AFR,Africa,YEAR,2001,,,,,,,,,65.07 [43.62-87.47],65.0707211,43.62048171,87.46756332,,2025-12-19T14:24:05Z,2001,01/01/2001,31/12/2001,,
6283319,MALARIA_EST_INCIDENCE,COUNTRY,GHA,AFR,Africa,YEAR,2019,,,,,,,,,215.27 [164.44-277.99],215.2688454,164.4414431,277.9878927,,2025-12-19T14:24:05Z,2019,01/01/2019,31/12/2019,,
6286235,MALARIA_EST_INCIDENCE,COUNTRY,OMN,EMR,Eastern Mediterranean,YEAR,2021,,,,,,,,,0 [0-0],0,0,0,,2025-12-19T14:24:05Z,2021,01/01/2021,31/12/2021,,
6292802,MALARIA_EST_INCIDENCE,COUNTRY,DOM,AMR,Americas,YEAR,2013,,,,,,,,,0.11 [0.09-0.13],0.109172522,0.088691543,0.130900169,,2025-12-19T14:24:05Z,2013,01/01/2013,31/12/2013,,
6302245,MALARIA_EST_INCIDENCE,COUNTRY,BTN,SEAR,South-East Asia,YEAR,2024,,,,,,,,,0 [0-0],0,0,0,,2025-12-19T14:24:05Z,2024,01/01/2024,31/12/2024,,
6305198,MALARIA_EST_INCIDENCE,COUNTRY,SUR,AMR,Americas,YEAR,2000,,,,,,,,,161.38 [161.38-161.38],161.3778409,161.3778409,161.3778409,,2025-12-19T14:24:05Z,2000,01/01/2000,31/12/2000,,
6309567,MALARIA_EST_INCIDENCE,COUNTRY,NIC,AMR,Americas,YEAR,2001,,,,,,,,,2.96 [2.46-3.50],2.96496583,2.459525704,3.49766019,,2025-12-19T14:24:05Z,2001,01/01/2001,31/12/2001,,
6324285,MALARIA_EST_INCIDENCE,COUNTRY,COM,AFR,Africa,YEAR,2009,,,,,,,,,55.49 [37.20-74.59],55.4905623,37.19933266,74.59026991,,2025-12-19T14:24:05Z,2009,01/01/2009,31/12/2009,,
6329402,MALARIA_EST_INCIDENCE,COUNTRY,CRI,AMR,Americas,YEAR,2008,,,,,,,,,0.62 [0.62-0.62],0.621614021,0.621614021,0.621614021,,2025-12-19T14:24:05Z,2008,01/01/2008,31/12/2008,,
6352912,MALARIA_EST_INCIDENCE,COUNTRY,YEM,EMR,Eastern Mediterranean,YEAR,2024,,,,,,,,,52.17 [32.46-80.87],52.16923015,32.46164997,80.87241164,,2025-12-19T14:24:05Z,2024,01/01/2024,31/12/2024,,
6354277,MALARIA_EST_INCIDENCE,COUNTRY,BLZ,AMR,Americas,YEAR,2015,,,,,,,,,0.04 [0.04-0.04],0.036604859,0.036604859,0.036604859,,2025-12-19T14:24:05Z,2015,01/01/2015,31/12/2015,,
6367109,MALARIA_EST_INCIDENCE,COUNTRY,CMR,AFR,Africa,YEAR,2010,,,,,,,,,295.67 [225.97-379.64],295.6715724,225.970281,379.6385331,,2025-12-19T14:24:05Z,2010,01/01/2010,31/12/2010,,
6367780,MALARIA_EST_INCIDENCE,COUNTRY,BFA,AFR,Africa,YEAR,2017,,,,,,,,,356.56 [246.60-502.86],356.5617211,246.601565,502.8610001,,2025-12-19T14:24:05Z,2017,01/01/2017,31/12/2017,,
6367844,MALARIA_EST_INCIDENCE,COUNTRY,THA,SEAR,South-East Asia,YEAR,2024,,,,,,,,,0.58 [0.58-0.58],0.57927659,0.57927659,0.57927659,,2025-12-19T14:24:05Z,2024,01/01/2024,31/12/2024,,
6378853,MALARIA_EST_INCIDENCE,COUNTRY,KHM,WPR,Western Pacific,YEAR,2019,,,,,,,,,3.08 [2.85-3.36],3.075680452,2.8465886989999998,3.356373288,,2025-12-19T14:24:05Z,2019,01/01/2019,31/12/2019,,
6392303,MALARIA_EST_INCIDENCE,REGION,EUR,,,YEAR,2024,,,,,,,,,0 [0-0],0,0,0,,2025-12-19T14:24:05Z,2024,01/01/2024,31/12/2024,,
6398279,MALARIA_EST_INCIDENCE,COUNTRY,RWA,AFR,Africa,YEAR,2005,,,,,,,,,152.06 [34.10-255.19],152.0588373,34.09995529,255.1879016,,2025-12-19T14:24:05Z,2005,01/01/2005,31/12/2005,,
6399127,MALARIA_EST_INCIDENCE,COUNTRY,COM,AFR,Africa,YEAR,2008,,,,,,,,,56.61 [37.95-76.10],56.61147898,37.94968116,76.09640446,,2025-12-19T14:24:05Z,2008,01/01/2008,31/12/2008,,
6409607,MALARIA_EST_INCIDENCE,COUNTRY,DJI,EMR,Eastern Mediterranean,YEAR,2020,,,,,,,,,88.72 [88.72-88.72],88.72444806,88.72444806,88.72444806,,2025-12-19T14:24:05Z,2020,01/01/2020,31/12/2020,,
6417427,MALARIA_EST_INCIDENCE,COUNTRY,UGA,AFR,Africa,YEAR,2001,,,,,,,,,508.43 [412.16-622.51],508.4273514,412.1599966,622.5096436,,2025-12-19T14:24:05Z,2001,01/01/2001,31/12/2001,,
6425154,MALARIA_EST_INCIDENCE,COUNTRY,DOM,AMR,Americas,YEAR,2007,,,,,,,,,0.67 [0.55-0.79],0.66777194,0.548348666,0.794299171,,2025-12-19T14:24:05Z,2007,01/01/2007,31/12/2007,,
6428735,MALARIA_EST_INCIDENCE,COUNTRY,GHA,AFR,Africa,YEAR,2024,,,,,,,,,195.77 [135.61-274.04],195.7696618,135.6087531,274.0383601,,2025-12-19T14:24:05Z,2024,01/01/2024,31/12/2024,,
6429607,MALARIA_EST_INCIDENCE,COUNTRY,GNQ,AFR,Africa,YEAR,2019,,,,,,,,,247.40 [167.36-356.76],247.3995271,167.3562592,356.7573078,,2025-12-19T14:24:05Z,2019,01/01/2019,31/12/2019,,
6435119,MALARIA_EST_INCIDENCE,COUNTRY,TGO,AFR,Africa,YEAR,2013,,,,,,,,,369.59 [301.62-448.03],369.590891,301.6231411,448.0258267,,2025-12-19T14:24:05Z,2013,01/01/2013,31/12/2013,,
6437151,MALARIA_EST_INCIDENCE,COUNTRY,MYS,WPR,Western Pacific,YEAR,2009,,,,,,,,,5.29 [5.29-5.29],5.29337568,5.29337568,5.29337568,,2025-12-19T14:24:05Z,2009,01/01/2009,31/12/2009,,
6450547,MALARIA_EST_INCIDENCE,COUNTRY,TZA,AFR,Africa,YEAR,2016,,,,,,,,,134.05 [99.58-177.33],134.0467683,99.57775306,177.3345937,,2025-12-19T14:24:05Z,2016,01/01/2016,31/12/2016,,
6455645,MALARIA_EST_INCIDENCE,COUNTRY,COG,AFR,Africa,YEAR,2023,,,,,,,,,219.46 [128.11-354.99],219.4629206,128.1115733,354.9940804,,2025-12-19T14:24:05Z,2023,01/01/2023,31/12/2023,,
6456473,MALARIA_EST_INCIDENCE,COUNTRY,EGY,EMR,Eastern Mediterranean,YEAR,2023,,,,,,,,,0 [0-0],0,0,0,,2025-12-19T14:24:05Z,2023,01/01/2023,31/12/2023,,
6469158,MALARIA_EST_INCIDENCE,COUNTRY,GTM,AMR,Americas,YEAR,2004,,,,,,,,,3.53 [3.13-4.15],3.529376599,3.127558873,4.15402475,,2025-12-19T14:24:05Z,2004,01/01/2004,31/12/2004,,
6473242,MALARIA_EST_INCIDENCE,COUNTRY,ERI,AFR,Africa,YEAR,2012,,,,,,,,,17.28 [10.88-24.83],17.28126683,10.87916712,24.83486105,,2025-12-19T14:24:05Z,2012,01/01/2012,31/12/2012,,
6475929,MALARIA_EST_INCIDENCE,COUNTRY,PAN,AMR,Americas,YEAR,2014,,,,,,,,,0.39 [0.37-0.41],0.385396059,0.365838647,0.409938693,,2025-12-19T14:24:05Z,2014,01/01/2014,31/12/2014,,
6488252,MALARIA_EST_INCIDENCE,COUNTRY,SYR,EMR,Eastern Mediterranean,YEAR,2004,,,,,,,,,0 [0-0],5.5e-5,5.5e-5,5.5e-5,,2025-12-19T14:24:05Z,2004,01/01/2004,31/12/2004,,
6494154,MALARIA_EST_INCIDENCE,COUNTRY,HTI,AMR,Americas,YEAR,2017,,,,,,,,,3.43 [2.28-4.63],3.427076637,2.277644838,4.626377564,,2025-12-19T14:24:05Z,2017,01/01/2017,31/12/2017,,
6499305,MALARIA_EST_INCIDENCE,COUNTRY,NAM,AFR,Africa,YEAR,2021,,,,,,,,,9.56 [7.58-11.69],9.557697618,7.581329184,11.69004766,,2025-12-19T14:24:05Z,2021,01/01/2021,31/12/2021,,
6499719,MALARIA_EST_INCIDENCE,REGION,SEAR,,,YEAR,2019,,,,,,,,,2.71 [1.78-3.65],2.710943172,1.779441571,3.648739182,,2025-12-19T14:24:05Z,2019,01/01/2019,31/12/2019,,
6507474,MALARIA_EST_INCIDENCE,COUNTRY,BDI,AFR,Africa,YEAR,2011,,,,,,,,,245.35 [184.31-318.68],245.350113,184.3084024,318.6796266,,2025-12-19T14:24:05Z,2011,01/01/2011,31/12/2011,,
6519156,MALARIA_EST_INCIDENCE,COUNTRY,TKM,EUR,Europe,YEAR,2013,,,,,,,,,0 [0-0],0,0,0,,2025-12-19T14:24:05Z,2013,01/01/2013,31/12/2013,,
6519307,MALARIA_EST_INCIDENCE,COUNTRY,BWA,AFR,Africa,YEAR,2022,,,,,,,,,0.34 [0.26-0.48],0.339391901,0.260262278,0.480990653,,2025-12-19T14:24:05Z,2022,01/01/2022,31/12/2022,,
6525365,MALARIA_EST_INCIDENCE,COUNTRY,PRK,SEAR,South-East Asia,YEAR,2012,,,,,,,,,2.22 [2.22-2.22],2.216898284,2.216898284,2.216898284,,2025-12-19T14:24:05Z,2012,01/01/2012,31/12/2012,,
6530099,MALARIA_EST_INCIDENCE,COUNTRY,SDN,EMR,Eastern Mediterranean,YEAR,2004,,,,,,,,,54.28 [37.01-76.48],54.27527905,37.01021729,76.47678146,,2025-12-19T14:24:05Z,2004,01/01/2004,31/12/2004,,
6536434,MALARIA_EST_INCIDENCE,COUNTRY,ERI,AFR,Africa,YEAR,2005,,,,,,,,,10.40 [6.12-15.86],10.40126799,6.124216241,15.85742447,,2025-12-19T14:24:05Z,2005,01/01/2005,31/12/2005,,
6537897,MALARIA_EST_INCIDENCE,COUNTRY,ARE,EMR,Eastern Mediterranean,YEAR,2012,,,,,,,,,0 [0-0],0,0,0,,2025-12-19T14:24:05Z,2012,01/01/2012,31/12/2012,,
6545600,MALARIA_EST_INCIDENCE,COUNTRY,TCD,AFR,Africa,YEAR,2004,,,,,,,,,237.39 [133.54-394.82],237.3915434,133.5370341,394.8200289,,2025-12-19T14:24:05Z,2004,01/01/2004,31/12/2004,,
6548269,MALARIA_EST_INCIDENCE,COUNTRY,GAB,AFR,Africa,YEAR,2007,,,,,,,,,121.20 [62.97-208.19],121.2045466,62.97038947,208.1928395,,2025-12-19T14:24:05Z,2007,01/01/2007,31/12/2007,,
6548387,MALARIA_EST_INCIDENCE,COUNTRY,BOL,AMR,Americas,YEAR,2010,,,,,,,,,4.04 [3.16-4.97],4.039248183,3.158185956,4.970354529,,2025-12-19T14:24:05Z,2010,01/01/2010,31/12/2010,,
6548695,MALARIA_EST_INCIDENCE,COUNTRY,NGA,AFR,Africa,YEAR,2014,,,,,,,,,287.70 [230.31-354.64],287.7049251,230.3116421,354.644266,,2025-12-19T14:24:05Z,2014,01/01/2014,31/12/2014,,
6554446,MALARIA_EST_INCIDENCE,COUNTRY,SAU,EMR,Eastern Mediterranean,YEAR,2017,,,,,,,,,0.05 [0.05-0.05],0.053622536,0.053622536,0.053622536,,2025-12-19T14:24:05Z,2017,01/01/2017,31/12/2017,,
6567910,MALARIA_EST_INCIDENCE,COUNTRY,BRA,AMR,Americas,YEAR,2009,,,,,,,,,8.43 [8.10-9.01],8.433936926,8.098405967,9.014763557,,2025-12-19T14:24:05Z,2009,01/01/2009,31/12/2009,,
6581793,MALARIA_EST_INCIDENCE,COUNTRY,IRN,EMR,Eastern Mediterranean,YEAR,2001,,,,,,,,,28.03 [28.03-28.03],28.02882018,28.02882018,28.02882018,,2025-12-19T14:24:05Z,2001,01/01/2001,31/12/2001,,
6583461,MALARIA_EST_INCIDENCE,COUNTRY,GUF,AMR,Americas,YEAR,2012,,,,,,,,,7.75 [6.91-8.97],7.751139874,6.905427269,8.971907633,,2025-12-19T14:24:05Z,2012,01/01/2012,31/12/2012,,
6583465,MALARIA_EST_INCIDENCE,COUNTRY,DJI,EMR,Eastern Mediterranean,YEAR,2003,,,,,,,,,3.07 [2.37-3.78],3.071763543,2.366929859,3.776597227,,2025-12-19T14:24:05Z,2003,01/01/2003,31/12/2003,,
6586046,MALARIA_EST_INCIDENCE,COUNTRY,PRY,AMR,Americas,YEAR,2010,,,,,,,,,0.10 [0.10-0.10],0.096821355,0.096821355,0.096821355,,2025-12-19T14:24:05Z,2010,01/01/2010,31/12/2010,,
6592505,MALARIA_EST_INCIDENCE,COUNTRY,MAR,EMR,Eastern Mediterranean,YEAR,2000,,,,,,,,,0 [0-0],1.05547e-4,1.05547e-4,1.05547e-4,,2025-12-19T14:24:05Z,2000,01/01/2000,31/12/2000,,
6594269,MALARIA_EST_INCIDENCE,COUNTRY,KOR,WPR,Western Pacific,YEAR,2008,,,,,,,,,0.31 [0.31-0.31],0.314036764,0.314036764,0.314036764,,2025-12-19T14:24:05Z,2008,01/01/2008,31/12/2008,,
6598672,MALARIA_EST_INCIDENCE,COUNTRY,VEN,AMR,Americas,YEAR,2001,,,,,,,,,1.91 [1.67-2.27],1.908252709,1.672863644,2.266070108,,2025-12-19T14:24:05Z,2001,01/01/2001,31/12/2001,,
6600251,MALARIA_EST_INCIDENCE,COUNTRY,BEN,AFR,Africa,YEAR,2024,,,,,,,,,354.25 [227.86-527.48],354.253113,227.8638848,527.484627,,2025-12-19T14:24:05Z,2024,01/01/2024,31/12/2024,,
6606222,MALARIA_EST_INCIDENCE,COUNTRY,MOZ,AFR,Africa,YEAR,2020,,,,,,,,,320.65 [251.91-402.82],320.6527106,251.9078692,402.8207691,,2025-12-19T14:24:05Z,2020,01/01/2020,31/12/2020,,
6614620,MALARIA_EST_INCIDENCE,COUNTRY,MDG,AFR,Africa,YEAR,2007,,,,,,,,,30.68 [8.81-59.23],30.67507217,8.811788204,59.23336534,,2025-12-19T14:24:05Z,2007,01/01/2007,31/12/2007,,
6619345,MALARIA_EST_INCIDENCE,COUNTRY,MDG,AFR,Africa,YEAR,2012,,,,,,,,,70.79 [43.32-111.14],70.78624992,43.32339312,111.1356799,,2025-12-19T14:24:05Z,2012,01/01/2012,31/12/2012,,
6621346,MALARIA_EST_INCIDENCE,COUNTRY,PHL,WPR,Western Pacific,YEAR,2002,,,,,,,,,1.46 [1.10-1.88],1.464053165,1.096316757,1.878204321,,2025-12-19T14:24:05Z,2002,01/01/2002,31/12/2002,,
6624241,MALARIA_EST_INCIDENCE,COUNTRY,BLZ,AMR,Americas,YEAR,2019,,,,,,,,,0 [0-0],0,0,0,,2025-12-19T14:24:05Z,2019,01/01/2019,31/12/2019,,
6624908,MALARIA_EST_INCIDENCE,COUNTRY,KGZ,EUR,Europe,YEAR,2002,,,,,,,,,0.68 [0.68-0.68],0.682841362,0.682841362,0.682841362,,2025-12-19T14:24:05Z,2002,01/01/2002,31/12/2002,,
6625131,MALARIA_EST_INCIDENCE,COUNTRY,COM,AFR,Africa,YEAR,2017,,,,,,,,,5.15 [5.15-5.15],5.148882801,5.148882801,5.148882801,,2025-12-19T14:24:05Z,2017,01/01/2017,31/12/2017,,
6633295,MALARIA_EST_INCIDENCE,COUNTRY,AGO,AFR,Africa,YEAR,2018,,,,,,,,,232.44 [170.36-312.92],232.4429808,170.3561458,312.9221059,,2025-12-19T14:24:05Z,2018,01/01/2018,31/12/2018,,
6637766,MALARIA_EST_INCIDENCE,COUNTRY,CIV,AFR,Africa,YEAR,2019,,,,,,,,,292.76 [211.04-395.01],292.7641743,211.0393892,395.0140618,,2025-12-19T14:24:05Z,2019,01/01/2019,31/12/2019,,
6645455,MALARIA_EST_INCIDENCE,GLOBAL,GLOBAL,,,YEAR,2012,,,,,,,,,62.74 [58.43-68.56],62.74408562,58.42825418,68.55571925,,2025-12-19T14:24:05Z,2012,01/01/2012,31/12/2012,,
6646051,MALARIA_EST_INCIDENCE,COUNTRY,CIV,AFR,Africa,YEAR,2005,,,,,,,,,466.34 [380.82-565.69],466.3436756,380.822848,565.6856441,,2025-12-19T14:24:05Z,2005,01/01/2005,31/12/2005,,
6649289,MALARIA_EST_INCIDENCE,COUNTRY,GTM,AMR,Americas,YEAR,2005,,,,,,,,,4.73 [4.20-5.52],4.731525311,4.195800108,5.523626655,,2025-12-19T14:24:05Z,2005,01/01/2005,31/12/2005,,
6649468,MALARIA_EST_INCIDENCE,COUNTRY,ZMB,AFR,Africa,YEAR,2004,,,,,,,,,300.89 [237.30-377.09],300.8905824,237.2971062,377.0948324,,2025-12-19T14:24:05Z,2004,01/01/2004,31/12/2004,,
6656076,MALARIA_EST_INCIDENCE,COUNTRY,ZWE,AFR,Africa,YEAR,2017,,,,,,,,,114.70 [71.59-165.81],114.7046387,71.59187596,165.8095965,,2025-12-19T14:24:05Z,2017,01/01/2017,31/12/2017,,
6658192,MALARIA_EST_INCIDENCE,COUNTRY,VEN,AMR,Americas,YEAR,2004,,,,,,,,,4.17 [3.70-4.90],4.174810232,3.696383919,4.898251529,,2025-12-19T14:24:05Z,2004,01/01/2004,31/12/2004,,
6663502,MALARIA_EST_INCIDENCE,COUNTRY,TGO,AFR,Africa,YEAR,2010,,,,,,,,,318.53 [243.54-413.45],318.5258571,243.5394737,413.4489253,,2025-12-19T14:24:05Z,2010,01/01/2010,31/12/2010,,
6669886,MALARIA_EST_INCIDENCE,COUNTRY,BRA,AMR,Americas,YEAR,2018,,,,,,,,,5.23 [4.67-5.66],5.229784588,4.669510874,5.658253093,,2025-12-19T14:24:05Z,2018,01/01/2018,31/12/2018,,
6683545,MALARIA_EST_INCIDENCE,COUNTRY,SYR,EMR,Eastern Mediterranean,YEAR,2015,,,,,,,,,0 [0-0],0,0,0,,2025-12-19T14:24:05Z,2015,01/01/2015,31/12/2015,,
6684650,MALARIA_EST_INCIDENCE,COUNTRY,MAR,EMR,Eastern Mediterranean,YEAR,2017,,,,,,,,,0 [0-0],0,0,0,,2025-12-19T14:24:05Z,2017,01/01/2017,31/12/2017,,
6694128,MALARIA_EST_INCIDENCE,COUNTRY,ARE,EMR,Eastern Mediterranean,YEAR,2014,,,,,,,,,0 [0-0],0,0,0,,2025-12-19T14:24:05Z,2014,01/01/2014,31/12/2014,,
6703808,MALARIA_EST_INCIDENCE,COUNTRY,SSD,AFR,Africa,YEAR,2006,,,,,,,,,292.76 [211.84-394.19],292.7595296,211.843624,394.1916569,,2025-12-19T14:24:05Z,2006,01/01/2006,31/12/2006,,
6709455,MALARIA_EST_INCIDENCE,COUNTRY,AFG,EMR,Eastern Mediterranean,YEAR,2002,,,,,,,,,83.79 [55.51-127.61],83.78813399,55.50926617,127.6064756,,2025-12-19T14:24:05Z,2002,01/01/2002,31/12/2002,,
6714618,MALARIA_EST_INCIDENCE,REGION,AFR,,,YEAR,2014,,,,,,,,,244.12 [225.87-265.20],244.1229594,225.8691504,265.2003967,,2025-12-19T14:24:05Z,2014,01/01/2014,31/12/2014,,
6725203,MALARIA_EST_INCIDENCE,COUNTRY,TCD,AFR,Africa,YEAR,2014,,,,,,,,,212.01 [132.36-319.12],212.0052629,132.3629732,319.116706,,2025-12-19T14:24:05Z,2014,01/01/2014,31/12/2014,,
6727699,MALARIA_EST_INCIDENCE,COUNTRY,MLI,AFR,Africa,YEAR,2016,,,,,,,,,374.39 [263.82-531.46],374.3880168,263.8235489,531.463067,,2025-12-19T14:24:05Z,2016,01/01/2016,31/12/2016,,
6728408,MALARIA_EST_INCIDENCE,COUNTRY,BOL,AMR,Americas,YEAR,2000,,,,,,,,,11.69 [8.56-14.92],11.69107611,8.560267809,14.91896002,,2025-12-19T14:24:05Z,2000,01/01/2000,31/12/2000,,
6740690,MALARIA_EST_INCIDENCE,COUNTRY,BOL,AMR,Americas,YEAR,2018,,,,,,,,,1.39 [1.08-1.70],1.386515728,1.084274835,1.702355544,,2025-12-19T14:24:05Z,2018,01/01/2018,31/12/2018,,
6747377,MALARIA_EST_INCIDENCE,COUNTRY,TZA,AFR,Africa,YEAR,2002,,,,,,,,,297.33 [230.60-379.03],297.3343182,230.5982373,379.0265692,,2025-12-19T14:24:05Z,2002,01/01/2002,31/12/2002,,
6762851,MALARIA_EST_INCIDENCE,COUNTRY,VNM,WPR,Western Pacific,YEAR,2024,,,,,,,,,0 [0-0],0.003211208,0.003211208,0.003211208,,2025-12-19T14:24:05Z,2024,01/01/2024,31/12/2024,,
6763113,MALARIA_EST_INCIDENCE,COUNTRY,NER,AFR,Africa,YEAR,2014,,,,,,,,,410.12 [262.89-606.93],410.1174189,262.8948102,606.929183,,2025-12-19T14:24:05Z,2014,01/01/2014,31/12/2014,,
6771205,MALARIA_EST_INCIDENCE,COUNTRY,AFG,EMR,Eastern Mediterranean,YEAR,2009,,,,,,,,,12.97 [7.05-21.46],12.96714173,7.047951654,21.45889929,,2025-12-19T14:24:05Z,2009,01/01/2009,31/12/2009,,
6772381,MALARIA_EST_INCIDENCE,COUNTRY,SDN,EMR,Eastern Mediterranean,YEAR,2020,,,,,,,,,65.76 [36.69-108.26],65.75720383,36.68652515,108.2598739,,2025-12-19T14:24:05Z,2020,01/01/2020,31/12/2020,,
6781843,MALARIA_EST_INCIDENCE,COUNTRY,NGA,AFR,Africa,YEAR,2015,,,,,,,,,283.81 [227.07-351.95],283.812818,227.0686476,351.9548768,,2025-12-19T14:24:05Z,2015,01/01/2015,31/12/2015,,
6782540,MALARIA_EST_INCIDENCE,COUNTRY,ECU,AMR,Americas,YEAR,2009,,,,,,,,,0.49 [0.49-0.49],0.491081269,0.491081269,0.491081269,,2025-12-19T14:24:05Z,2009,01/01/2009,31/12/2009,,
6783848,MALARIA_EST_INCIDENCE,COUNTRY,PER,AMR,Americas,YEAR,2007,,,,,,,,,5.59 [4.76-6.49],5.589379064,4.759708816,6.488754803,,2025-12-19T14:24:05Z,2007,01/01/2007,31/12/2007,,
6789149,MALARIA_EST_INCIDENCE,COUNTRY,PRY,AMR,Americas,YEAR,2003,,,,,,,,,7.24 [7.24-7.24],7.238554167,7.238554167,7.238554167,,2025-12-19T14:24:05Z,2003,01/01/2003,31/12/2003,,
6797783,MALARIA_EST_INCIDENCE,REGION,AMR,,,YEAR,2001,,,,,,,,,10.88 [9.84-12.03],10.87695334,9.836842051,12.03245436,,2025-12-19T14:24:05Z,2001,01/01/2001,31/12/2001,,
6803744,MALARIA_EST_INCIDENCE,COUNTRY,MYT,AFR,Africa,YEAR,2004,,,,,,,,,19.30 [19.30-19.30],19.29519308,19.29519308,19.29519308,,2025-12-19T14:24:05Z,2004,01/01/2004,31/12/2004,,
6815750,MALARIA_EST_INCIDENCE,COUNTRY,HND,AMR,Americas,YEAR,2014,,,,,,,,,0.56 [0.44-0.69],0.559604043,0.435718257,0.689699193,,2025-12-19T14:24:05Z,2014,01/01/2014,31/12/2014,,
6820441,MALARIA_EST_INCIDENCE,COUNTRY,AZE,EUR,Europe,YEAR,2022,,,,,,,,,0 [0-0],0,0,0,,2025-12-19T14:24:05Z,2022,01/01/2022,31/12/2022,,
6821181,MALARIA_EST_INCIDENCE,COUNTRY,DZA,AFR,Africa,YEAR,2002,,,,,,,,,0.01 [0.01-0.01],0.005361804,0.005361804,0.005361804,,2025-12-19T14:24:05Z,2002,01/01/2002,31/12/2002,,
6840473,MALARIA_EST_INCIDENCE,COUNTRY,MDG,AFR,Africa,YEAR,2015,,,,,,,,,106.98 [75.79-143.63],106.9755724,75.78504774,143.6306083,,2025-12-19T14:24:05Z,2015,01/01/2015,31/12/2015,,
6840663,MALARIA_EST_INCIDENCE,COUNTRY,LKA,SEAR,South-East Asia,YEAR,2009,,,,,,,,,0.11 [0.11-0.11],0.111227948,0.111227948,0.111227948,,2025-12-19T14:24:05Z,2009,01/01/2009,31/12/2009,,
6858511,MALARIA_EST_INCIDENCE,REGION,AFR,,,YEAR,2006,,,,,,,,,315.52 [289.88-347.90],315.5210854,289.878972,347.9003386,,2025-12-19T14:24:05Z,2006,01/01/2006,31/12/2006,,
6867897,MALARIA_EST_INCIDENCE,COUNTRY,BTN,SEAR,South-East Asia,YEAR,2015,,,,,,,,,0.06 [0.06-0.06],0.062037343,0.062037343,0.062037343,,2025-12-19T14:24:05Z,2015,01/01/2015,31/12/2015,,
6871629,MALARIA_EST_INCIDENCE,REGION,EMR,,,YEAR,2009,,,,,,,,,8.38 [6.51-12.14],8.382677135,6.514137777,12.1398957,,2025-12-19T14:24:05Z,2009,01/01/2009,31/12/2009,,
6877603,MALARIA_EST_INCIDENCE,COUNTRY,EGY,EMR,Eastern Mediterranean,YEAR,2019,,,,,,,,,0 [0-0],0,0,0,,2025-12-19T14:24:05Z,2019,01/01/2019,31/12/2019,,
6877935,MALARIA_EST_INCIDENCE,COUNTRY,GNQ,AFR,Africa,YEAR,2005,,,,,,,,,357.64 [265.45-474.20],357.6354253,265.4486065,474.1955071,,2025-12-19T14:24:05Z,2005,01/01/2005,31/12/2005,,
6884825,MALARIA_EST_INCIDENCE,COUNTRY,BWA,AFR,Africa,YEAR,2004,,,,,,,,,1.02 [0.21-3.01],1.016608783,0.207828889,3.013143299,,2025-12-19T14:24:05Z,2004,01/01/2004,31/12/2004,,
6897708,MALARIA_EST_INCIDENCE,COUNTRY,TLS,SEAR,South-East Asia,YEAR,2014,,,,,,,,,0.43 [0.36-0.50],0.42551622,0.35804536,0.497507626,,2025-12-19T14:24:05Z,2014,01/01/2014,31/12/2014,,
6899208,MALARIA_EST_INCIDENCE,COUNTRY,TLS,SEAR,South-East Asia,YEAR,2004,,,,,,,,,267.85 [162.26-373.01],267.8467204,162.2573249,373.011363,,2025-12-19T14:24:05Z,2004,01/01/2004,31/12/2004,,
6908069,MALARIA_EST_INCIDENCE,COUNTRY,KOR,WPR,Western Pacific,YEAR,2005,,,,,,,,,0.41 [0.41-0.41],0.408703687,0.408703687,0.408703687,,2025-12-19T14:24:05Z,2005,01/01/2005,31/12/2005,,
6910263,MALARIA_EST_INCIDENCE,COUNTRY,TLS,SEAR,South-East Asia,YEAR,2013,,,,,,,,,1.30 [1.10-1.52],1.301200353,1.095651073,1.521431724,,2025-12-19T14:24:05Z,2013,01/01/2013,31/12/2013,,
6914780,MALARIA_EST_INCIDENCE,COUNTRY,SOM,EMR,Eastern Mediterranean,YEAR,2019,,,,,,,,,56.65 [37.89-81.21],56.64840888,37.89156315,81.20975018,,2025-12-19T14:24:05Z,2019,01/01/2019,31/12/2019,,
6924497,MALARIA_EST_INCIDENCE,COUNTRY,IND,SEAR,South-East Asia,YEAR,2017,,,,,,,,,4.61 [3.62-5.68],4.612929277,3.622349871,5.681632353,,2025-12-19T14:24:05Z,2017,01/01/2017,31/12/2017,,
6924550,MALARIA_EST_INCIDENCE,COUNTRY,ERI,AFR,Africa,YEAR,2000,,,,,,,,,19.00 [6.21-39.21],18.99884781,6.205065707,39.2135222,,2025-12-19T14:24:05Z,2000,01/01/2000,31/12/2000,,
6933824,MALARIA_EST_INCIDENCE,COUNTRY,KAZ,EUR,Europe,YEAR,2017,,,,,,,,,0 [0-0],0,0,0,,2025-12-19T14:24:05Z,2017,01/01/2017,31/12/2017,,
6935940,MALARIA_EST_INCIDENCE,COUNTRY,MYT,AFR,Africa,YEAR,2019,,,,,,,,,0.07 [0.07-0.07],0.066137566,0.066137566,0.066137566,,2025-12-19T14:24:05Z,2019,01/01/2019,31/12/2019,,
6941535,MALARIA_EST_INCIDENCE,COUNTRY,SLE,AFR,Africa,YEAR,2020,,,,,,,,,313.11 [178.20-510.19],313.1107538,178.197648,510.1879917,,2025-12-19T14:24:05Z,2020,01/01/2020,31/12/2020,,
6942662,MALARIA_EST_INCIDENCE,COUNTRY,NAM,AFR,Africa,YEAR,2013,,,,,,,,,4.39 [3.49-5.38],4.387203728,3.48558694,5.383357374,,2025-12-19T14:24:05Z,2013,01/01/2013,31/12/2013,,
6942757,MALARIA_EST_INCIDENCE,COUNTRY,MRT,AFR,Africa,YEAR,2006,,,,,,,,,76.41 [20.37-147.49],76.41339766,20.36789983,147.4889171,,2025-12-19T14:24:05Z,2006,01/01/2006,31/12/2006,,
6943686,MALARIA_EST_INCIDENCE,COUNTRY,YEM,EMR,Eastern Mediterranean,YEAR,2007,,,,,,,,,54.46 [27.75-116.31],54.46072937,27.74746449,116.3125497,,2025-12-19T14:24:05Z,2007,01/01/2007,31/12/2007,,
6946285,MALARIA_EST_INCIDENCE,COUNTRY,TUR,EUR,Europe,YEAR,2016,,,,,,,,,0 [0-0],0,0,0,,2025-12-19T14:24:05Z,2016,01/01/2016,31/12/2016,,
6948368,MALARIA_EST_INCIDENCE,COUNTRY,ECU,AMR,Americas,YEAR,2010,,,,,,,,,0.22 [0.22-0.22],0.22097474,0.22097474,0.22097474,,2025-12-19T14:24:05Z,2010,01/01/2010,31/12/2010,,
6953708,MALARIA_EST_INCIDENCE,COUNTRY,SUR,AMR,Americas,YEAR,2022,,,,,,,,,0 [0-0],0,0,0,,2025-12-19T14:24:05Z,2022,01/01/2022,31/12/2022,,
6960633,MALARIA_EST_INCIDENCE,COUNTRY,COL,AMR,Americas,YEAR,2018,,,,,,,,,8.64 [6.45-11.10],8.644840396,6.44781705,11.09845317,,2025-12-19T14:24:05Z,2018,01/01/2018,31/12/2018,,
6974930,MALARIA_EST_INCIDENCE,COUNTRY,TGO,AFR,Africa,YEAR,2020,,,,,,,,,283.92 [204.23-386.22],283.9224335,204.2293119,386.2154545,,2025-12-19T14:24:05Z,2020,01/01/2020,31/12/2020,,
6987425,MALARIA_EST_INCIDENCE,COUNTRY,THA,SEAR,South-East Asia,YEAR,2014,,,,,,,,,3.09 [3.09-3.09],3.093455793,3.093455793,3.093455793,,2025-12-19T14:24:05Z,2014,01/01/2014,31/12/2014,,
7004764,MALARIA_EST_INCIDENCE,COUNTRY,BDI,AFR,Africa,YEAR,2004,,,,,,,,,295.97 [219.01-390.96],295.9728922,219.0084481,390.9621312,,2025-12-19T14:24:05Z,2004,01/01/2004,31/12/2004,,
7009991,MALARIA_EST_INCIDENCE,COUNTRY,MLI,AFR,Africa,YEAR,2020,,,,,,,,,349.39 [246.57-496.45],349.3872937,246.5713657,496.4512973,,2025-12-19T14:24:05Z,2020,01/01/2020,31/12/2020,,
7013497,MALARIA_EST_INCIDENCE,COUNTRY,CMR,AFR,Africa,YEAR,2007,,,,,,,,,409.95 [321.29-515.00],409.947736,321.2906282,515.0003524,,2025-12-19T14:24:05Z,2007,01/01/2007,31/12/2007,,
7023315,MALARIA_EST_INCIDENCE,COUNTRY,OMN,EMR,Eastern Mediterranean,YEAR,2011,,,,,,,,,0 [0-0],0,0,0,,2025-12-19T14:24:05Z,2011,01/01/2011,31/12/2011,,
7028444,MALARIA_EST_INCIDENCE,COUNTRY,GTM,AMR,Americas,YEAR,2023,,,,,,,,,0.22 [0.22-0.22],0.222615222,0.222615222,0.222615222,,2025-12-19T14:24:05Z,2023,01/01/2023,31/12/2023,,
7031220,MALARIA_EST_INCIDENCE,COUNTRY,TJK,EUR,Europe,YEAR,2023,,,,,,,,,0 [0-0],0,0,0,,2025-12-19T14:24:05Z,2023,01/01/2023,31/12/2023,,
7035084,MALARIA_EST_INCIDENCE,COUNTRY,VNM,WPR,Western Pacific,YEAR,2000,,,,,,,,,3.54 [2.79-4.72],3.542176057,2.786006131,4.718160078,,2025-12-19T14:24:05Z,2000,01/01/2000,31/12/2000,,
7037405,MALARIA_EST_INCIDENCE,COUNTRY,CIV,AFR,Africa,YEAR,2002,,,,,,,,,506.32 [408.64-621.68],506.3207691,408.6374687,621.6766223,,2025-12-19T14:24:05Z,2002,01/01/2002,31/12/2002,,
7043324,MALARIA_EST_INCIDENCE,COUNTRY,ERI,AFR,Africa,YEAR,2020,,,,,,,,,48.28 [31.28-67.03],48.2758935,31.28283307,67.03135112,,2025-12-19T14:24:05Z,2020,01/01/2020,31/12/2020,,
7051152,MALARIA_EST_INCIDENCE,COUNTRY,COM,AFR,Africa,YEAR,2021,,,,,,,,,12.88 [12.88-12.88],12.87867862,12.87867862,12.87867862,,2025-12-19T14:24:05Z,2021,01/01/2021,31/12/2021,,
7054493,MALARIA_EST_INCIDENCE,COUNTRY,OMN,EMR,Eastern Mediterranean,YEAR,2018,,,,,,,,,0 [0-0],0,0,0,,2025-12-19T14:24:05Z,2018,01/01/2018,31/12/2018,,
7057605,MALARIA_EST_INCIDENCE,COUNTRY,BFA,AFR,Africa,YEAR,2011,,,,,,,,,554.68 [447.45-677.82],554.6817927,447.4540461,677.819365,,2025-12-19T14:24:05Z,2011,01/01/2011,31/12/2011,,
7086651,MALARIA_EST_INCIDENCE,REGION,EMR,,,YEAR,2021,,,,,,,,,11.19 [8.36-15.32],11.18720319,8.36212063,15.31705592,,2025-12-19T14:24:05Z,2021,01/01/2021,31/12/2021,,
7088085,MALARIA_EST_INCIDENCE,COUNTRY,MLI,AFR,Africa,YEAR,2010,,,,,,,,,373.60 [267.65-514.54],373.5950503,267.6532516,514.5394917,,2025-12-19T14:24:05Z,2010,01/01/2010,31/12/2010,,
7092894,MALARIA_EST_INCIDENCE,COUNTRY,MYT,AFR,Africa,YEAR,2024,,,,,,,,,0 [0-0],0,0,0,,2025-12-19T14:24:05Z,2024,01/01/2024,31/12/2024,,
7093167,MALARIA_EST_INCIDENCE,REGION,EMR,,,YEAR,2010,,,,,,,,,10.17 [7.74-14.54],10.17321956,7.735419817,14.54320342,,2025-12-19T14:24:05Z,2010,01/01/2010,31/12/2010,,
7094029,MALARIA_EST_INCIDENCE,COUNTRY,BEN,AFR,Africa,YEAR,2010,,,,,,,,,417.07 [332.65-519.55],417.0712603,332.6538681,519.5534869,,2025-12-19T14:24:05Z,2010,01/01/2010,31/12/2010,,
7106946,MALARIA_EST_INCIDENCE,COUNTRY,LAO,WPR,Western Pacific,YEAR,2012,,,,,,,,,23.57 [17.11-31.23],23.5665192,17.11348243,31.22501148,,2025-12-19T14:24:05Z,2012,01/01/2012,31/12/2012,,
7110459,MALARIA_EST_INCIDENCE,COUNTRY,TUR,EUR,Europe,YEAR,2017,,,,,,,,,0 [0-0],0,0,0,,2025-12-19T14:24:05Z,2017,01/01/2017,31/12/2017,,
7111206,MALARIA_EST_INCIDENCE,COUNTRY,HTI,AMR,Americas,YEAR,2019,,,,,,,,,1.78 [1.19-2.41],1.7842935,1.188319515,2.409408527,,2025-12-19T14:24:05Z,2019,01/01/2019,31/12/2019,,
7112510,MALARIA_EST_INCIDENCE,COUNTRY,LAO,WPR,Western Pacific,YEAR,2006,,,,,,,,,15.78 [9.83-23.88],15.78056681,9.834727044,23.88165526,,2025-12-19T14:24:05Z,2006,01/01/2006,31/12/2006,,
7112577,MALARIA_EST_INCIDENCE,COUNTRY,SUR,AMR,Americas,YEAR,2019,,,,,,,,,1.16 [1.16-1.16],1.162387813,1.162387813,1.162387813,,2025-12-19T14:24:05Z,2019,01/01/2019,31/12/2019,,
7123629,MALARIA_EST_INCIDENCE,COUNTRY,GUF,AMR,Americas,YEAR,2003,,,,,,,,,44.33 [39.10-51.99],44.33290693,39.0986456,51.98936596,,2025-12-19T14:24:05Z,2003,01/01/2003,31/12/2003,,
7125889,MALARIA_EST_INCIDENCE,COUNTRY,SDN,EMR,Eastern Mediterranean,YEAR,2000,,,,,,,,,89.72 [64.74-121.24],89.72078112,64.74060641,121.2350042,,2025-12-19T14:24:05Z,2000,01/01/2000,31/12/2000,,
7138557,MALARIA_EST_INCIDENCE,COUNTRY,SYR,EMR,Eastern Mediterranean,YEAR,2009,,,,,,,,,0 [0-0],0,0,0,,2025-12-19T14:24:05Z,2009,01/01/2009,31/12/2009,,
7154750,MALARIA_EST_INCIDENCE,COUNTRY,IND,SEAR,South-East Asia,YEAR,2023,,,,,,,,,1.34 [1.01-1.69],1.344700945,1.014647502,1.692615425,,2025-12-19T14:24:05Z,2023,01/01/2023,31/12/2023,,
7155840,MALARIA_EST_INCIDENCE,COUNTRY,GUY,AMR,Americas,YEAR,2004,,,,,,,,,53.01 [43.53-63.40],53.01029094,43.52989436,63.40226096,,2025-12-19T14:24:05Z,2004,01/01/2004,31/12/2004,,
7162885,MALARIA_EST_INCIDENCE,COUNTRY,TGO,AFR,Africa,YEAR,2011,,,,,,,,,310.57 [238.02-398.63],310.5693739,238.0153638,398.6288172,,2025-12-19T14:24:05Z,2011,01/01/2011,31/12/2011,,
7163825,MALARIA_EST_INCIDENCE,COUNTRY,DJI,EMR,Eastern Mediterranean,YEAR,2010,,,,,,,,,1.45 [1.45-1.45],1.447794121,1.447794121,1.447794121,,2025-12-19T14:24:05Z,2010,01/01/2010,31/12/2010,,
7177208,MALARIA_EST_INCIDENCE,COUNTRY,ZAF,AFR,Africa,YEAR,2002,,,,,,,,,3.26 [3.26-3.26],3.258890519,3.258890519,3.258890519,,2025-12-19T14:24:05Z,2002,01/01/2002,31/12/2002,,
7181801,MALARIA_EST_INCIDENCE,REGION,SEAR,,,YEAR,2024,,,,,,,,,1.87 [1.44-3.51],1.873330369,1.443957383,3.510957428,,2025-12-19T14:24:05Z,2024,01/01/2024,31/12/2024,,
7189066,MALARIA_EST_INCIDENCE,COUNTRY,HND,AMR,Americas,YEAR,2010,,,,,,,,,1.76 [1.36-2.17],1.756179984,1.364101058,2.167251862,,2025-12-19T14:24:05Z,2010,01/01/2010,31/12/2010,,
7199194,MALARIA_EST_INCIDENCE,REGION,EUR,,,YEAR,2009,,,,,,,,,0.01 [0.01-0.01],0.008919167,0.008919167,0.008919167,,2025-12-19T14:24:05Z,2009,01/01/2009,31/12/2009,,
7200820,MALARIA_EST_INCIDENCE,COUNTRY,SUR,AMR,Americas,YEAR,2007,,,,,,,,,14.08 [14.08-14.08],14.07606686,14.07606686,14.07606686,,2025-12-19T14:24:05Z,2007,01/01/2007,31/12/2007,,
7207725,MALARIA_EST_INCIDENCE,COUNTRY,GMB,AFR,Africa,YEAR,2010,,,,,,,,,232.81 [172.66-301.98],232.8107799,172.6570087,301.9772229,,2025-12-19T14:24:05Z,2010,01/01/2010,31/12/2010,,
7208925,MALARIA_EST_INCIDENCE,COUNTRY,LBR,AFR,Africa,YEAR,2010,,,,,,,,,322.14 [244.83-415.02],322.1434924,244.8285553,415.0189522,,2025-12-19T14:24:05Z,2010,01/01/2010,31/12/2010,,
7211939,MALARIA_EST_INCIDENCE,REGION,WPR,,,YEAR,2016,,,,,,,,,2.53 [2.12-2.99],2.527291807,2.119751429,2.987362148,,2025-12-19T14:24:05Z,2016,01/01/2016,31/12/2016,,
7214841,MALARIA_EST_INCIDENCE,COUNTRY,RWA,AFR,Africa,YEAR,2007,,,,,,,,,88.02 [53.15-131.69],88.01726672,53.14601684,131.6867485,,2025-12-19T14:24:05Z,2007,01/01/2007,31/12/2007,,
7218904,MALARIA_EST_INCIDENCE,COUNTRY,NGA,AFR,Africa,YEAR,2022,,,,,,,,,299.00 [215.48-402.85],298.9976008,215.4783976,402.8461637,,2025-12-19T14:24:05Z,2022,01/01/2022,31/12/2022,,
7227070,MALARIA_EST_INCIDENCE,COUNTRY,GMB,AFR,Africa,YEAR,2020,,,,,,,,,83.83 [58.62-120.92],83.83123328,58.6221789,120.9230968,,2025-12-19T14:24:05Z,2020,01/01/2020,31/12/2020,,
7227248,MALARIA_EST_INCIDENCE,COUNTRY,GNQ,AFR,Africa,YEAR,2009,,,,,,,,,303.16 [212.39-423.15],303.1568066,212.3851232,423.1478603,,2025-12-19T14:24:05Z,2009,01/01/2009,31/12/2009,,
7237552,MALARIA_EST_INCIDENCE,COUNTRY,TGO,AFR,Africa,YEAR,2015,,,,,,,,,372.35 [301.42-454.46],372.3465213,301.4249409,454.4557035,,2025-12-19T14:24:05Z,2015,01/01/2015,31/12/2015,,
7251973,MALARIA_EST_INCIDENCE,COUNTRY,TUR,EUR,Europe,YEAR,2008,,,,,,,,,0.04 [0.04-0.04],0.035687014,0.035687014,0.035687014,,2025-12-19T14:24:05Z,2008,01/01/2008,31/12/2008,,
7253577,MALARIA_EST_INCIDENCE,COUNTRY,IND,SEAR,South-East Asia,YEAR,2019,,,,,,,,,2.84 [1.83-3.90],2.843816766,1.831847097,3.897863739,,2025-12-19T14:24:05Z,2019,01/01/2019,31/12/2019,,
7262361,MALARIA_EST_INCIDENCE,COUNTRY,MOZ,AFR,Africa,YEAR,2014,,,,,,,,,361.47 [295.99-439.56],361.474302,295.9905849,439.5630684,,2025-12-19T14:24:05Z,2014,01/01/2014,31/12/2014,,
7269647,MALARIA_EST_INCIDENCE,COUNTRY,COL,AMR,Americas,YEAR,2017,,,,,,,,,7.60 [5.66-9.77],7.59806523,5.657040774,9.772876851,,2025-12-19T14:24:05Z,2017,01/01/2017,31/12/2017,,
7270684,MALARIA_EST_INCIDENCE,COUNTRY,PAN,AMR,Americas,YEAR,2001,,,,,,,,,0.48 [0.46-0.51],0.475058458,0.457067504,0.507150432,,2025-12-19T14:24:05Z,2001,01/01/2001,31/12/2001,,
7275154,MALARIA_EST_INCIDENCE,COUNTRY,LKA,SEAR,South-East Asia,YEAR,2023,,,,,,,,,0 [0-0],0,0,0,,2025-12-19T14:24:05Z,2023,01/01/2023,31/12/2023,,
7277145,MALARIA_EST_INCIDENCE,COUNTRY,IDN,WPR,Western Pacific,YEAR,2020,,,,,,,,,1.93 [1.77-2.11],1.929520807,1.77137716,2.10922324,,2025-12-19T14:24:05Z,2020,01/01/2020,31/12/2020,,
7277316,MALARIA_EST_INCIDENCE,COUNTRY,LAO,WPR,Western Pacific,YEAR,2008,,,,,,,,,12.95 [8.67-18.28],12.95378163,8.674706496,18.27894825,,2025-12-19T14:24:05Z,2008,01/01/2008,31/12/2008,,
7281937,MALARIA_EST_INCIDENCE,GLOBAL,GLOBAL,,,YEAR,2002,,,,,,,,,78.03 [72.79-84.77],78.03082229,72.79036103,84.76984525,,2025-12-19T14:24:05Z,2002,01/01/2002,31/12/2002,,
7288748,MALARIA_EST_INCIDENCE,COUNTRY,MWI,AFR,Africa,YEAR,2012,,,,,,,,,354.96 [279.92-443.37],354.9587618,279.9155127,443.3748471,,2025-12-19T14:24:05Z,2012,01/01/2012,31/12/2012,,
7294871,MALARIA_EST_INCIDENCE,COUNTRY,UZB,EUR,Europe,YEAR,2004,,,,,,,,,2.54 [2.54-2.54],2.535633332,2.535633332,2.535633332,,2025-12-19T14:24:05Z,2004,01/01/2004,31/12/2004,,
7301695,MALARIA_EST_INCIDENCE,COUNTRY,CHN,WPR,Western Pacific,YEAR,2000,,,,,,,,,0.02 [0.02-0.02],0.015114012,0.015114012,0.015114012,,2025-12-19T14:24:05Z,2000,01/01/2000,31/12/2000,,
7301909,MALARIA_EST_INCIDENCE,COUNTRY,TGO,AFR,Africa,YEAR,2009,,,,,,,,,343.15 [255.46-451.08],343.1490118,255.4551109,451.0820316,,2025-12-19T14:24:05Z,2009,01/01/2009,31/12/2009,,
7301920,MALARIA_EST_INCIDENCE,COUNTRY,BWA,AFR,Africa,YEAR,2010,,,,,,,,,1.65 [0.99-2.95],1.653670012,0.985228253,2.95134471,,2025-12-19T14:24:05Z,2010,01/01/2010,31/12/2010,,
7303348,MALARIA_EST_INCIDENCE,COUNTRY,GNB,AFR,Africa,YEAR,2007,,,,,,,,,76.50 [52.44-105.86],76.50389218,52.43705138,105.8642577,,2025-12-19T14:24:05Z,2007,01/01/2007,31/12/2007,,
7308006,MALARIA_EST_INCIDENCE,COUNTRY,KOR,WPR,Western Pacific,YEAR,2024,,,,,,,,,0.18 [0.18-0.18],0.176784299,0.176784299,0.176784299,,2025-12-19T14:24:05Z,2024,01/01/2024,31/12/2024,,
7309322,MALARIA_EST_INCIDENCE,COUNTRY,DJI,EMR,Eastern Mediterranean,YEAR,2011,,,,,,,,,3.07 [2.37-3.78],3.071663239,2.367359677,3.777372596,,2025-12-19T14:24:05Z,2011,01/01/2011,31/12/2011,,
7309584,MALARIA_EST_INCIDENCE,COUNTRY,GTM,AMR,Americas,YEAR,2001,,,,,,,,,4.72 [4.15-5.61],4.723351907,4.148196937,5.614583006,,2025-12-19T14:24:05Z,2001,01/01/2001,31/12/2001,,
7320634,MALARIA_EST_INCIDENCE,COUNTRY,SDN,EMR,Eastern Mediterranean,YEAR,2006,,,,,,,,,52.20 [36.93-71.88],52.20402886,36.9258084,71.87693747,,2025-12-19T14:24:05Z,2006,01/01/2006,31/12/2006,,
7321179,MALARIA_EST_INCIDENCE,COUNTRY,VNM,WPR,Western Pacific,YEAR,2005,,,,,,,,,0.68 [0.57-0.85],0.679437563,0.567222184,0.847795143,,2025-12-19T14:24:05Z,2005,01/01/2005,31/12/2005,,
7321715,MALARIA_EST_INCIDENCE,COUNTRY,TLS,SEAR,South-East Asia,YEAR,2000,,,,,,,,,158.38 [68.56-358.81],158.3790217,68.5553369,358.8106233,,2025-12-19T14:24:05Z,2000,01/01/2000,31/12/2000,,
7322298,MALARIA_EST_INCIDENCE,COUNTRY,THA,SEAR,South-East Asia,YEAR,2018,,,,,,,,,0.38 [0.38-0.38],0.377279811,0.377279811,0.377279811,,2025-12-19T14:24:05Z,2018,01/01/2018,31/12/2018,,
7326178,MALARIA_EST_INCIDENCE,COUNTRY,HTI,AMR,Americas,YEAR,2021,,,,,,,,,2.22 [1.35-3.44],2.218596178,1.353910962,3.442634735,,2025-12-19T14:24:05Z,2021,01/01/2021,31/12/2021,,
7329609,MALARIA_EST_INCIDENCE,COUNTRY,KGZ,EUR,Europe,YEAR,2015,,,,,,,,,0 [0-0],0,0,0,,2025-12-19T14:24:05Z,2015,01/01/2015,31/12/2015,,
7333019,MALARIA_EST_INCIDENCE,COUNTRY,SEN,AFR,Africa,YEAR,2000,,,,,,,,,230.37 [156.35-327.36],230.3671854,156.3508451,327.3633713,,2025-12-19T14:24:05Z,2000,01/01/2000,31/12/2000,,
7335640,MALARIA_EST_INCIDENCE,COUNTRY,GIN,AFR,Africa,YEAR,2004,,,,,,,,,425.36 [304.54-577.17],425.3566118,304.5378101,577.1698716,,2025-12-19T14:24:05Z,2004,01/01/2004,31/12/2004,,
7338386,MALARIA_EST_INCIDENCE,COUNTRY,SSD,AFR,Africa,YEAR,2021,,,,,,,,,276.82 [178.57-411.79],276.8211762,178.5715291,411.7899382,,2025-12-19T14:24:05Z,2021,01/01/2021,31/12/2021,,
7339389,MALARIA_EST_INCIDENCE,COUNTRY,MWI,AFR,Africa,YEAR,2018,,,,,,,,,270.95 [195.97-363.17],270.9531009,195.9733768,363.1691579,,2025-12-19T14:24:05Z,2018,01/01/2018,31/12/2018,,
7340928,MALARIA_EST_INCIDENCE,COUNTRY,ARG,AMR,Americas,YEAR,2003,,,,,,,,,0.65 [0.65-0.65],0.64542658,0.64542658,0.64542658,,2025-12-19T14:24:05Z,2003,01/01/2003,31/12/2003,,
7341496,MALARIA_EST_INCIDENCE,COUNTRY,MEX,AMR,Americas,YEAR,2013,,,,,,,,,0.20 [0.20-0.20],0.197298957,0.197298957,0.197298957,,2025-12-19T14:24:05Z,2013,01/01/2013,31/12/2013,,
7342337,MALARIA_EST_INCIDENCE,COUNTRY,ARG,AMR,Americas,YEAR,2012,,,,,,,,,0 [0-0],0,0,0,,2025-12-19T14:24:05Z,2012,01/01/2012,31/12/2012,,
7351592,MALARIA_EST_INCIDENCE,COUNTRY,DZA,AFR,Africa,YEAR,2005,,,,,,,,,0 [0-0],5.14182e-4,5.14182e-4,5.14182e-4,,2025-12-19T14:24:05Z,2005,01/01/2005,31/12/2005,,
7378094,MALARIA_EST_INCIDENCE,COUNTRY,HND,AMR,Americas,YEAR,2009,,,,,,,,,1.74 [1.33-2.16],1.738917099,1.334649204,2.160584276,,2025-12-19T14:24:05Z,2009,01/01/2009,31/12/2009,,
7384074,MALARIA_EST_INCIDENCE,COUNTRY,SLV,AMR,Americas,YEAR,2012,,,,,,,,,0.01 [0.01-0.01],0.010474275,0.010474275,0.010474275,,2025-12-19T14:24:05Z,2012,01/01/2012,31/12/2012,,
7384974,MALARIA_EST_INCIDENCE,COUNTRY,RWA,AFR,Africa,YEAR,2012,,,,,,,,,59.69 [47.16-72.63],59.68531014,47.15994634,72.62751294,,2025-12-19T14:24:05Z,2012,01/01/2012,31/12/2012,,
7386013,MALARIA_EST_INCIDENCE,COUNTRY,ZWE,AFR,Africa,YEAR,2000,,,,,,,,,102.59 [24.95-254.90],102.5884426,24.95360485,254.8972515,,2025-12-19T14:24:05Z,2000,01/01/2000,31/12/2000,,
7386308,MALARIA_EST_INCIDENCE,COUNTRY,PHL,WPR,Western Pacific,YEAR,2018,,,,,,,,,0.17 [0.12-0.23],0.171566663,0.120599559,0.23021531,,2025-12-19T14:24:05Z,2018,01/01/2018,31/12/2018,,
7389133,MALARIA_EST_INCIDENCE,COUNTRY,MEX,AMR,Americas,YEAR,2022,,,,,,,,,0.06 [0.06-0.06],0.058681184,0.058681184,0.058681184,,2025-12-19T14:24:05Z,2022,01/01/2022,31/12/2022,,
7404249,MALARIA_EST_INCIDENCE,COUNTRY,TJK,EUR,Europe,YEAR,2008,,,,,,,,,0.13 [0.13-0.13],0.129741586,0.129741586,0.129741586,,2025-12-19T14:24:05Z,2008,01/01/2008,31/12/2008,,
7408436,MALARIA_EST_INCIDENCE,REGION,EUR,,,YEAR,2000,,,,,,,,,1.11 [1.11-1.11],1.105693839,1.105693839,1.105693839,,2025-12-19T14:24:05Z,2000,01/01/2000,31/12/2000,,
7409641,MALARIA_EST_INCIDENCE,COUNTRY,GNB,AFR,Africa,YEAR,2022,,,,,,,,,97.61 [30.45-231.98],97.6115741,30.451421,231.9785907,,2025-12-19T14:24:05Z,2022,01/01/2022,31/12/2022,,
7423711,MALARIA_EST_INCIDENCE,COUNTRY,MYT,AFR,Africa,YEAR,2009,,,,,,,,,2.30 [2.30-2.30],2.296418038,2.296418038,2.296418038,,2025-12-19T14:24:05Z,2009,01/01/2009,31/12/2009,,
7436958,MALARIA_EST_INCIDENCE,COUNTRY,SLB,WPR,Western Pacific,YEAR,2023,,,,,,,,,240.82 [209.41-284.64],240.8242372,209.4099785,284.6447308,,2025-12-19T14:24:05Z,2023,01/01/2023,31/12/2023,,
7440391,MALARIA_EST_INCIDENCE,COUNTRY,IRQ,EMR,Eastern Mediterranean,YEAR,2011,,,,,,,,,0 [0-0],0,0,0,,2025-12-19T14:24:05Z,2011,01/01/2011,31/12/2011,,
7441966,MALARIA_EST_INCIDENCE,COUNTRY,IRN,EMR,Eastern Mediterranean,YEAR,2017,,,,,,,,,0.07 [0.07-0.07],0.065658899,0.065658899,0.065658899,,2025-12-19T14:24:05Z,2017,01/01/2017,31/12/2017,,
7442185,MALARIA_EST_INCIDENCE,COUNTRY,BOL,AMR,Americas,YEAR,2003,,,,,,,,,6.71 [5.25-8.25],6.71402627,5.247147428,8.245706133,,2025-12-19T14:24:05Z,2003,01/01/2003,31/12/2003,,
7448610,MALARIA_EST_INCIDENCE,COUNTRY,AFG,EMR,Eastern Mediterranean,YEAR,2020,,,,,,,,,8.39 [6.45-10.64],8.392366384,6.448113843,10.63925134,,2025-12-19T14:24:05Z,2020,01/01/2020,31/12/2020,,
7449420,MALARIA_EST_INCIDENCE,COUNTRY,TGO,AFR,Africa,YEAR,2021,,,,,,,,,279.51 [204.68-378.10],279.5067973,204.6844846,378.1018109,,2025-12-19T14:24:05Z,2021,01/01/2021,31/12/2021,,
7453667,MALARIA_EST_INCIDENCE,COUNTRY,BTN,SEAR,South-East Asia,YEAR,2001,,,,,,,,,13.23 [13.23-13.23],13.23489392,13.23489392,13.23489392,,2025-12-19T14:24:05Z,2001,01/01/2001,31/12/2001,,
7454926,MALARIA_EST_INCIDENCE,COUNTRY,EGY,EMR,Eastern Mediterranean,YEAR,2014,,,,,,,,,0 [0-0],0,0,0,,2025-12-19T14:24:05Z,2014,01/01/2014,31/12/2014,,
7467750,MALARIA_EST_INCIDENCE,COUNTRY,MDG,AFR,Africa,YEAR,2000,,,,,,,,,54.85 [5.67-124.07],54.85398761,5.666336267,124.0679759,,2025-12-19T14:24:05Z,2000,01/01/2000,31/12/2000,,
7479011,MALARIA_EST_INCIDENCE,COUNTRY,DOM,AMR,Americas,YEAR,2021,,,,,,,,,0.05 [0.05-0.05],0.046351969,0.046351969,0.046351969,,2025-12-19T14:24:05Z,2021,01/01/2021,31/12/2021,,
7480368,MALARIA_EST_INCIDENCE,COUNTRY,PER,AMR,Americas,YEAR,2001,,,,,,,,,9.92 [7.85-12.09],9.920763816,7.849777105,12.08514689,,2025-12-19T14:24:05Z,2001,01/01/2001,31/12/2001,,
7497471,MALARIA_EST_INCIDENCE,COUNTRY,AFG,EMR,Eastern Mediterranean,YEAR,2010,,,,,,,,,13.37 [7.61-21.03],13.37215945,7.611003257,21.03162056,,2025-12-19T14:24:05Z,2010,01/01/2010,31/12/2010,,
7504120,MALARIA_EST_INCIDENCE,COUNTRY,GNB,AFR,Africa,YEAR,2003,,,,,,,,,182.29 [93.30-318.09],182.2876147,93.30231285,318.0944165,,2025-12-19T14:24:05Z,2003,01/01/2003,31/12/2003,,
7504901,MALARIA_EST_INCIDENCE,COUNTRY,COD,AFR,Africa,YEAR,2002,,,,,,,,,460.70 [366.49-566.86],460.7039366,366.4883714,566.8550766,,2025-12-19T14:24:05Z,2002,01/01/2002,31/12/2002,,
7509229,MALARIA_EST_INCIDENCE,COUNTRY,LKA,SEAR,South-East Asia,YEAR,2019,,,,,,,,,0 [0-0],0,0,0,,2025-12-19T14:24:05Z,2019,01/01/2019,31/12/2019,,
7528698,MALARIA_EST_INCIDENCE,COUNTRY,AZE,EUR,Europe,YEAR,2010,,,,,,,,,0.24 [0.24-0.24],0.237668566,0.237668566,0.237668566,,2025-12-19T14:24:05Z,2010,01/01/2010,31/12/2010,,
7528828,MALARIA_EST_INCIDENCE,COUNTRY,PNG,WPR,Western Pacific,YEAR,2009,,,,,,,,,211.09 [80.71-368.76],211.0878401,80.70982299,368.7593989,,2025-12-19T14:24:05Z,2009,01/01/2009,31/12/2009,,
7535251,MALARIA_EST_INCIDENCE,COUNTRY,COD,AFR,Africa,YEAR,2011,,,,,,,,,360.23 [287.84-447.18],360.232861,287.8369833,447.1753194,,2025-12-19T14:24:05Z,2011,01/01/2011,31/12/2011,,
7537238,MALARIA_EST_INCIDENCE,COUNTRY,TLS,SEAR,South-East Asia,YEAR,2008,,,,,,,,,138.17 [91.74-190.64],138.1717368,91.74013835,190.6411269,,2025-12-19T14:24:05Z,2008,01/01/2008,31/12/2008,,
7542394,MALARIA_EST_INCIDENCE,COUNTRY,SDN,EMR,Eastern Mediterranean,YEAR,2017,,,,,,,,,56.38 [43.16-72.25],56.38232774,43.15748511,72.25491443,,2025-12-19T14:24:05Z,2017,01/01/2017,31/12/2017,,
7547613,MALARIA_EST_INCIDENCE,COUNTRY,BWA,AFR,Africa,YEAR,2009,,,,,,,,,2.06 [1.01-4.05],2.060198094,1.007746769,4.046179049,,2025-12-19T14:24:05Z,2009,01/01/2009,31/12/2009,,
7550703,MALARIA_EST_INCIDENCE,COUNTRY,MOZ,AFR,Africa,YEAR,2015,,,,,,,,,353.67 [289.14-429.64],353.6724564,289.1440929,429.6363892,,2025-12-19T14:24:05Z,2015,01/01/2015,31/12/2015,,
7560285,MALARIA_EST_INCIDENCE,COUNTRY,MMR,SEAR,South-East Asia,YEAR,2019,,,,,,,,,1.71 [1.38-2.06],1.707819671,1.384575453,2.061483187,,2025-12-19T14:24:05Z,2019,01/01/2019,31/12/2019,,
7560600,MALARIA_EST_INCIDENCE,COUNTRY,MDG,AFR,Africa,YEAR,2018,,,,,,,,,71.86 [50.79-95.65],71.86049528,50.7944184,95.65172225,,2025-12-19T14:24:05Z,2018,01/01/2018,31/12/2018,,
7562542,MALARIA_EST_INCIDENCE,COUNTRY,ZMB,AFR,Africa,YEAR,2014,,,,,,,,,237.47 [187.98-296.93],237.4727396,187.9832218,296.9260487,,2025-12-19T14:24:05Z,2014,01/01/2014,31/12/2014,,
7567581,MALARIA_EST_INCIDENCE,COUNTRY,DZA,AFR,Africa,YEAR,2012,,,,,,,,,0.02 [0.02-0.02],0.024871853,0.024871853,0.024871853,,2025-12-19T14:24:05Z,2012,01/01/2012,31/12/2012,,
7567962,MALARIA_EST_INCIDENCE,COUNTRY,MLI,AFR,Africa,YEAR,2024,,,,,,,,,346.22 [243.96-492.40],346.2195913,243.9577987,492.3968715,,2025-12-19T14:24:05Z,2024,01/01/2024,31/12/2024,,
7574951,MALARIA_EST_INCIDENCE,COUNTRY,TGO,AFR,Africa,YEAR,2008,,,,,,,,,396.33 [291.87-524.05],396.3294881,291.8727033,524.0542702,,2025-12-19T14:24:05Z,2008,01/01/2008,31/12/2008,,
7581834,MALARIA_EST_INCIDENCE,COUNTRY,OMN,EMR,Eastern Mediterranean,YEAR,2012,,,,,,,,,0 [0-0],0,0,0,,2025-12-19T14:24:05Z,2012,01/01/2012,31/12/2012,,
7588798,MALARIA_EST_INCIDENCE,COUNTRY,SAU,EMR,Eastern Mediterranean,YEAR,2008,,,,,,,,,0.02 [0.02-0.02],0.024427359,0.024427359,0.024427359,,2025-12-19T14:24:05Z,2008,01/01/2008,31/12/2008,,
7591416,MALARIA_EST_INCIDENCE,COUNTRY,ZWE,AFR,Africa,YEAR,2021,,,,,,,,,27.54 [16.35-39.46],27.53749473,16.35279069,39.45940353,,2025-12-19T14:24:05Z,2021,01/01/2021,31/12/2021,,
7593367,MALARIA_EST_INCIDENCE,REGION,AFR,,,YEAR,2018,,,,,,,,,235.37 [217.69-255.58],235.3722259,217.6889625,255.5791324,,2025-12-19T14:24:05Z,2018,01/01/2018,31/12/2018,,
7597842,MALARIA_EST_INCIDENCE,COUNTRY,TLS,SEAR,South-East Asia,YEAR,2012,,,,,,,,,6.80 [5.74-7.98],6.804575733,5.739340622,7.983220439,,2025-12-19T14:24:05Z,2012,01/01/2012,31/12/2012,,
7598609,MALARIA_EST_INCIDENCE,COUNTRY,EGY,EMR,Eastern Mediterranean,YEAR,2022,,,,,,,,,0 [0-0],0,0,0,,2025-12-19T14:24:05Z,2022,01/01/2022,31/12/2022,,
7598645,MALARIA_EST_INCIDENCE,COUNTRY,MOZ,AFR,Africa,YEAR,2018,,,,,,,,,331.30 [262.72-409.17],331.298561,262.7193624,409.1742218,,2025-12-19T14:24:05Z,2018,01/01/2018,31/12/2018,,
7600550,MALARIA_EST_INCIDENCE,COUNTRY,MLI,AFR,Africa,YEAR,2000,,,,,,,,,394.98 [268.19-569.12],394.9769625,268.1921132,569.1218609,,2025-12-19T14:24:05Z,2000,01/01/2000,31/12/2000,,
7600577,MALARIA_EST_INCIDENCE,COUNTRY,GNQ,AFR,Africa,YEAR,2011,,,,,,,,,290.83 [202.91-403.06],290.8268812,202.9131084,403.0597463,,2025-12-19T14:24:05Z,2011,01/01/2011,31/12/2011,,
7600823,MALARIA_EST_INCIDENCE,COUNTRY,ARG,AMR,Americas,YEAR,2009,,,,,,,,,0.45 [0.45-0.45],0.450375476,0.450375476,0.450375476,,2025-12-19T14:24:05Z,2009,01/01/2009,31/12/2009,,
7613752,MALARIA_EST_INCIDENCE,COUNTRY,AGO,AFR,Africa,YEAR,2005,,,,,,,,,313.87 [229.47-423.75],313.8731419,229.4678754,423.7520489,,2025-12-19T14:24:05Z,2005,01/01/2005,31/12/2005,,
7618638,MALARIA_EST_INCIDENCE,COUNTRY,STP,AFR,Africa,YEAR,2013,,,,,,,,,47.85 [47.85-47.85],47.85474276,47.85474276,47.85474276,,2025-12-19T14:24:05Z,2013,01/01/2013,31/12/2013,,
7642573,MALARIA_EST_INCIDENCE,COUNTRY,RWA,AFR,Africa,YEAR,2004,,,,,,,,,122.34 [45.93-205.83],122.340729,45.92635936,205.8310667,,2025-12-19T14:24:05Z,2004,01/01/2004,31/12/2004,,
7644498,MALARIA_EST_INCIDENCE,COUNTRY,KEN,AFR,Africa,YEAR,2010,,,,,,,,,80.27 [59.38-106.70],80.27255074,59.38186066,106.7033206,,2025-12-19T14:24:05Z,2010,01/01/2010,31/12/2010,,
7651226,MALARIA_EST_INCIDENCE,COUNTRY,KHM,WPR,Western Pacific,YEAR,2002,,,,,,,,,38.16 [28.05-50.59],38.16367182,28.04663231,50.59158623,,2025-12-19T14:24:05Z,2002,01/01/2002,31/12/2002,,
7655188,MALARIA_EST_INCIDENCE,COUNTRY,CRI,AMR,Americas,YEAR,2023,,,,,,,,,0.30 [0.30-0.30],0.303872613,0.303872613,0.303872613,,2025-12-19T14:24:05Z,2023,01/01/2023,31/12/2023,,
7657086,MALARIA_EST_INCIDENCE,COUNTRY,UZB,EUR,Europe,YEAR,2019,,,,,,,,,0 [0-0],0,0,0,,2025-12-19T14:24:05Z,2019,01/01/2019,31/12/2019,,
7664387,MALARIA_EST_INCIDENCE,COUNTRY,SSD,AFR,Africa,YEAR,2014,,,,,,,,,271.04 [200.85-355.73],271.0397406,200.8504396,355.7344448,,2025-12-19T14:24:05Z,2014,01/01/2014,31/12/2014,,
7666968,MALARIA_EST_INCIDENCE,COUNTRY,BWA,AFR,Africa,YEAR,2015,,,,,,,,,0.31 [0.24-0.42],0.311489158,0.240291636,0.418970032,,2025-12-19T14:24:05Z,2015,01/01/2015,31/12/2015,,
7669210,MALARIA_EST_INCIDENCE,COUNTRY,SOM,EMR,Eastern Mediterranean,YEAR,2010,,,,,,,,,41.12 [28.71-57.17],41.11531823,28.71296126,57.17277566,,2025-12-19T14:24:05Z,2010,01/01/2010,31/12/2010,,
7673651,MALARIA_EST_INCIDENCE,COUNTRY,ECU,AMR,Americas,YEAR,2008,,,,,,,,,0.59 [0.59-0.59],0.592147454,0.592147454,0.592147454,,2025-12-19T14:24:05Z,2008,01/01/2008,31/12/2008,,
7680907,MALARIA_EST_INCIDENCE,COUNTRY,TUR,EUR,Europe,YEAR,2006,,,,,,,,,0.17 [0.17-0.17],0.174831818,0.174831818,0.174831818,,2025-12-19T14:24:05Z,2006,01/01/2006,31/12/2006,,
7686299,MALARIA_EST_INCIDENCE,COUNTRY,SWZ,AFR,Africa,YEAR,2001,,,,,,,,,4.74 [4.74-4.74],4.740093375,4.740093375,4.740093375,,2025-12-19T14:24:05Z,2001,01/01/2001,31/12/2001,,
7695666,MALARIA_EST_INCIDENCE,COUNTRY,MMR,SEAR,South-East Asia,YEAR,2016,,,,,,,,,3.61 [2.92-4.35],3.611500509,2.922209021,4.354268983,,2025-12-19T14:24:05Z,2016,01/01/2016,31/12/2016,,
7700804,MALARIA_EST_INCIDENCE,COUNTRY,PRK,SEAR,South-East Asia,YEAR,2001,,,,,,,,,12.42 [12.42-12.42],12.41806723,12.41806723,12.41806723,,2025-12-19T14:24:05Z,2001,01/01/2001,31/12/2001,,
7710985,MALARIA_EST_INCIDENCE,COUNTRY,PHL,WPR,Western Pacific,YEAR,2020,,,,,,,,,0.23 [0.16-0.31],0.23194311,0.163502368,0.310192396,,2025-12-19T14:24:05Z,2020,01/01/2020,31/12/2020,,
7726776,MALARIA_EST_INCIDENCE,COUNTRY,ZAF,AFR,Africa,YEAR,2017,,,,,,,,,4.06 [4.06-4.06],4.056725096,4.056725096,4.056725096,,2025-12-19T14:24:05Z,2017,01/01/2017,31/12/2017,,
7730139,MALARIA_EST_INCIDENCE,COUNTRY,COG,AFR,Africa,YEAR,2018,,,,,,,,,249.77 [155.32-380.81],249.7715716,155.3236544,380.8118665,,2025-12-19T14:24:05Z,2018,01/01/2018,31/12/2018,,
7732016,MALARIA_EST_INCIDENCE,COUNTRY,BDI,AFR,Africa,YEAR,2001,,,,,,,,,416.12 [309.40-548.41],416.1189503,309.3954583,548.4070668,,2025-12-19T14:24:05Z,2001,01/01/2001,31/12/2001,,
7732862,MALARIA_EST_INCIDENCE,COUNTRY,GAB,AFR,Africa,YEAR,2022,,,,,,,,,188.68 [127.78-269.25],188.6839725,127.7761116,269.2504403,,2025-12-19T14:24:05Z,2022,01/01/2022,31/12/2022,,
7743024,MALARIA_EST_INCIDENCE,COUNTRY,GUF,AMR,Americas,YEAR,2004,,,,,,,,,33.41 [29.62-39.30],33.41391251,29.61518,39.30358126,,2025-12-19T14:24:05Z,2004,01/01/2004,31/12/2004,,
7748347,MALARIA_EST_INCIDENCE,COUNTRY,MYT,AFR,Africa,YEAR,2017,,,,,,,,,0.15 [0.15-0.15],0.154278662,0.154278662,0.154278662,,2025-12-19T14:24:05Z,2017,01/01/2017,31/12/2017,,
7751994,MALARIA_EST_INCIDENCE,COUNTRY,DOM,AMR,Americas,YEAR,2017,,,,,,,,,0.07 [0.06-0.08],0.069781176,0.060590485,0.07965266,,2025-12-19T14:24:05Z,2017,01/01/2017,31/12/2017,,
7755586,MALARIA_EST_INCIDENCE,COUNTRY,BFA,AFR,Africa,YEAR,2002,,,,,,,,,592.47 [474.94-725.17],592.4686237,474.9367375,725.1720659,,2025-12-19T14:24:05Z,2002,01/01/2002,31/12/2002,,
7757218,MALARIA_EST_INCIDENCE,COUNTRY,UGA,AFR,Africa,YEAR,2005,,,,,,,,,426.27 [325.30-546.93],426.2721027,325.2982607,546.9336019,,2025-12-19T14:24:05Z,2005,01/01/2005,31/12/2005,,
7758272,MALARIA_EST_INCIDENCE,COUNTRY,PAK,EMR,Eastern Mediterranean,YEAR,2006,,,,,,,,,4.82 [2.01-11.63],4.81808301,2.014742336,11.62741812,,2025-12-19T14:24:05Z,2006,01/01/2006,31/12/2006,,
7758313,MALARIA_EST_INCIDENCE,COUNTRY,MWI,AFR,Africa,YEAR,2013,,,,,,,,,306.13 [234.43-397.36],306.1345523,234.4325792,397.3604821,,2025-12-19T14:24:05Z,2013,01/01/2013,31/12/2013,,
7763353,MALARIA_EST_INCIDENCE,REGION,AFR,,,YEAR,2015,,,,,,,,,243.24 [224.84-264.66],243.2418901,224.8401784,264.6634858,,2025-12-19T14:24:05Z,2015,01/01/2015,31/12/2015,,
7769622,MALARIA_EST_INCIDENCE,COUNTRY,KHM,WPR,Western Pacific,YEAR,2003,,,,,,,,,50.07 [39.15-63.27],50.07383995,39.15393878,63.26556243,,2025-12-19T14:24:05Z,2003,01/01/2003,31/12/2003,,
7773940,MALARIA_EST_INCIDENCE,COUNTRY,COG,AFR,Africa,YEAR,2022,,,,,,,,,220.52 [127.79-363.06],220.5201435,127.7853952,363.0601768,,2025-12-19T14:24:05Z,2022,01/01/2022,31/12/2022,,
7774495,MALARIA_EST_INCIDENCE,COUNTRY,UGA,AFR,Africa,YEAR,2018,,,,,,,,,269.21 [208.18-341.17],269.2137925,208.1804277,341.1712068,,2025-12-19T14:24:05Z,2018,01/01/2018,31/12/2018,,
7775363,MALARIA_EST_INCIDENCE,REGION,AMR,,,YEAR,2013,,,,,,,,,4.10 [3.78-4.49],4.103633872,3.77996632,4.486963281,,2025-12-19T14:24:05Z,2013,01/01/2013,31/12/2013,,
7800555,MALARIA_EST_INCIDENCE,COUNTRY,MLI,AFR,Africa,YEAR,2011,,,,,,,,,394.18 [281.39-537.88],394.1824,281.3879413,537.8803394,,2025-12-19T14:24:05Z,2011,01/01/2011,31/12/2011,,
7819812,MALARIA_EST_INCIDENCE,COUNTRY,LBR,AFR,Africa,YEAR,2013,,,,,,,,,260.75 [169.52-384.82],260.7460721,169.5206776,384.8236772,,2025-12-19T14:24:05Z,2013,01/01/2013,31/12/2013,,
7820244,MALARIA_EST_INCIDENCE,COUNTRY,SSD,AFR,Africa,YEAR,2007,,,,,,,,,274.80 [210.89-349.96],274.799682,210.8921856,349.9588469,,2025-12-19T14:24:05Z,2007,01/01/2007,31/12/2007,,
7826147,MALARIA_EST_INCIDENCE,COUNTRY,NPL,SEAR,South-East Asia,YEAR,2006,,,,,,,,,4.61 [1.88-10.50],4.610119736,1.881005197,10.49720259,,2025-12-19T14:24:05Z,2006,01/01/2006,31/12/2006,,
7827274,MALARIA_EST_INCIDENCE,REGION,AMR,,,YEAR,2015,,,,,,,,,3.99 [3.70-4.32],3.988019448,3.695094038,4.319900507,,2025-12-19T14:24:05Z,2015,01/01/2015,31/12/2015,,
7831377,MALARIA_EST_INCIDENCE,COUNTRY,SYR,EMR,Eastern Mediterranean,YEAR,2013,,,,,,,,,0 [0-0],0,0,0,,2025-12-19T14:24:05Z,2013,01/01/2013,31/12/2013,,
7832779,MALARIA_EST_INCIDENCE,COUNTRY,AGO,AFR,Africa,YEAR,2020,,,,,,,,,244.53 [153.70-365.04],244.5295723,153.7013919,365.0353305,,2025-12-19T14:24:05Z,2020,01/01/2020,31/12/2020,,
7834235,MALARIA_EST_INCIDENCE,COUNTRY,BRA,AMR,Americas,YEAR,2004,,,,,,,,,13.93 [12.96-15.15],13.9346398,12.96152482,15.14598353,,2025-12-19T14:24:05Z,2004,01/01/2004,31/12/2004,,
7851313,MALARIA_EST_INCIDENCE,COUNTRY,ZAF,AFR,Africa,YEAR,2013,,,,,,,,,1.58 [1.58-1.58],1.581051812,1.581051812,1.581051812,,2025-12-19T14:24:05Z,2013,01/01/2013,31/12/2013,,
7852380,MALARIA_EST_INCIDENCE,COUNTRY,BWA,AFR,Africa,YEAR,2024,,,,,,,,,0.20 [0.15-0.28],0.200423102,0.153159147,0.278797509,,2025-12-19T14:24:05Z,2024,01/01/2024,31/12/2024,,
7869146,MALARIA_EST_INCIDENCE,COUNTRY,MWI,AFR,Africa,YEAR,2000,,,,,,,,,452.55 [345.58-584.28],452.5497745,345.5767514,584.2769033,,2025-12-19T14:24:05Z,2000,01/01/2000,31/12/2000,,
7876766,MALARIA_EST_INCIDENCE,COUNTRY,GUY,AMR,Americas,YEAR,2006,,,,,,,,,36.40 [31.61-41.74],36.40347525,31.61403146,41.73978149,,2025-12-19T14:24:05Z,2006,01/01/2006,31/12/2006,,
7888598,MALARIA_EST_INCIDENCE,COUNTRY,PRK,SEAR,South-East Asia,YEAR,2023,,,,,,,,,0.31 [0.31-0.31],0.305971331,0.305971331,0.305971331,,2025-12-19T14:24:05Z,2023,01/01/2023,31/12/2023,,
7895087,MALARIA_EST_INCIDENCE,COUNTRY,NPL,SEAR,South-East Asia,YEAR,2002,,,,,,,,,11.58 [5.81-20.72],11.58484553,5.807132041,20.71867315,,2025-12-19T14:24:05Z,2002,01/01/2002,31/12/2002,,
7898293,MALARIA_EST_INCIDENCE,COUNTRY,GNQ,AFR,Africa,YEAR,2003,,,,,,,,,332.79 [229.72-467.03],332.787647,229.7159208,467.0265031,,2025-12-19T14:24:05Z,2003,01/01/2003,31/12/2003,,
7904647,MALARIA_EST_INCIDENCE,COUNTRY,YEM,EMR,Eastern Mediterranean,YEAR,2001,,,,,,,,,90.34 [40.17-406.77],90.33819828,40.17415123,406.7747312,,2025-12-19T14:24:05Z,2001,01/01/2001,31/12/2001,,
7939745,MALARIA_EST_INCIDENCE,COUNTRY,STP,AFR,Africa,YEAR,2011,,,,,,,,,45.47 [45.47-45.47],45.47290855,45.47290855,45.47290855,,2025-12-19T14:24:05Z,2011,01/01/2011,31/12/2011,,
7942311,MALARIA_EST_INCIDENCE,COUNTRY,GAB,AFR,Africa,YEAR,2000,,,,,,,,,364.66 [256.19-509.22],364.659149,256.1906541,509.2206869,,2025-12-19T14:24:05Z,2000,01/01/2000,31/12/2000,,
7951518,MALARIA_EST_INCIDENCE,COUNTRY,SLB,WPR,Western Pacific,YEAR,2005,,,,,,,,,598.05 [320.42-970.90],598.0462061,320.4211091,970.9002005,,2025-12-19T14:24:05Z,2005,01/01/2005,31/12/2005,,
7953859,MALARIA_EST_INCIDENCE,COUNTRY,NAM,AFR,Africa,YEAR,2010,,,,,,,,,1.55 [0.48-3.72],1.546580743,0.475304867,3.718436914,,2025-12-19T14:24:05Z,2010,01/01/2010,31/12/2010,,
7958610,MALARIA_EST_INCIDENCE,COUNTRY,VNM,WPR,Western Pacific,YEAR,2021,,,,,,,,,0.01 [0.01-0.01],0.005170469,0.005170469,0.005170469,,2025-12-19T14:24:05Z,2021,01/01/2021,31/12/2021,,
7959920,MALARIA_EST_INCIDENCE,COUNTRY,MEX,AMR,Americas,YEAR,2016,,,,,,,,,0.21 [0.21-0.21],0.21259947,0.21259947,0.21259947,,2025-12-19T14:24:05Z,2016,01/01/2016,31/12/2016,,
7960003,MALARIA_EST_INCIDENCE,COUNTRY,ERI,AFR,Africa,YEAR,2018,,,,,,,,,31.23 [20.19-43.53],31.2319122,20.19000019,43.53197547,,2025-12-19T14:24:05Z,2018,01/01/2018,31/12/2018,,
7961158,MALARIA_EST_INCIDENCE,COUNTRY,MEX,AMR,Americas,YEAR,2005,,,,,,,,,1.32 [1.32-1.32],1.322662282,1.322662282,1.322662282,,2025-12-19T14:24:05Z,2005,01/01/2005,31/12/2005,,
7961447,MALARIA_EST_INCIDENCE,COUNTRY,SUR,AMR,Americas,YEAR,2008,,,,,,,,,26.29 [26.29-26.29],26.28826354,26.28826354,26.28826354,,2025-12-19T14:24:05Z,2008,01/01/2008,31/12/2008,,
7966628,MALARIA_EST_INCIDENCE,COUNTRY,IRN,EMR,Eastern Mediterranean,YEAR,2015,,,,,,,,,0.20 [0.20-0.20],0.197974496,0.197974496,0.197974496,,2025-12-19T14:24:05Z,2015,01/01/2015,31/12/2015,,
7970914,MALARIA_EST_INCIDENCE,REGION,SEAR,,,YEAR,2002,,,,,,,,,19.61 [15.60-24.95],19.61019149,15.6043505,24.9471938,,2025-12-19T14:24:05Z,2002,01/01/2002,31/12/2002,,
7977163,MALARIA_EST_INCIDENCE,COUNTRY,PAK,EMR,Eastern Mediterranean,YEAR,2017,,,,,,,,,3.74 [2.69-5.74],3.735459131,2.688830902,5.743867153,,2025-12-19T14:24:05Z,2017,01/01/2017,31/12/2017,,
7992551,MALARIA_EST_INCIDENCE,COUNTRY,TJK,EUR,Europe,YEAR,2017,,,,,,,,,0 [0-0],0,0,0,,2025-12-19T14:24:05Z,2017,01/01/2017,31/12/2017,,
7998268,MALARIA_EST_INCIDENCE,COUNTRY,KHM,WPR,Western Pacific,YEAR,2005,,,,,,,,,40.66 [34.43-48.16],40.65769687,34.42521238,48.16381609,,2025-12-19T14:24:05Z,2005,01/01/2005,31/12/2005,,
8011363,MALARIA_EST_INCIDENCE,COUNTRY,UGA,AFR,Africa,YEAR,2002,,,,,,,,,501.62 [406.74-611.53],501.6191286,406.7424618,611.5280842,,2025-12-19T14:24:05Z,2002,01/01/2002,31/12/2002,,
8015313,MALARIA_EST_INCIDENCE,COUNTRY,BGD,SEAR,South-East Asia,YEAR,2012,,,,,,,,,2.12 [1.85-2.40],2.116749427,1.847000753,2.40445382,,2025-12-19T14:24:05Z,2012,01/01/2012,31/12/2012,,
8022093,MALARIA_EST_INCIDENCE,COUNTRY,PRK,SEAR,South-East Asia,YEAR,2010,,,,,,,,,1.38 [1.38-1.38],1.384060375,1.384060375,1.384060375,,2025-12-19T14:24:05Z,2010,01/01/2010,31/12/2010,,
8022402,MALARIA_EST_INCIDENCE,COUNTRY,TCD,AFR,Africa,YEAR,2018,,,,,,,,,224.99 [144.08-334.89],224.9858194,144.0756258,334.8931273,,2025-12-19T14:24:05Z,2018,01/01/2018,31/12/2018,,
8030860,MALARIA_EST_INCIDENCE,COUNTRY,TKM,EUR,Europe,YEAR,2004,,,,,,,,,0.01 [0.01-0.01],0.009308791,0.009308791,0.009308791,,2025-12-19T14:24:05Z,2004,01/01/2004,31/12/2004,,
8031237,MALARIA_EST_INCIDENCE,COUNTRY,LAO,WPR,Western Pacific,YEAR,2003,,,,,,,,,15.42 [10.95-20.81],15.4173321,10.94862463,20.80552272,,2025-12-19T14:24:05Z,2003,01/01/2003,31/12/2003,,
8037667,MALARIA_EST_INCIDENCE,COUNTRY,ZWE,AFR,Africa,YEAR,2012,,,,,,,,,54.46 [37.23-72.85],54.46025519,37.23099198,72.85474842,,2025-12-19T14:24:05Z,2012,01/01/2012,31/12/2012,,
8040426,MALARIA_EST_INCIDENCE,COUNTRY,PRK,SEAR,South-East Asia,YEAR,2000,,,,,,,,,9.79 [9.79-9.79],9.790743423,9.790743423,9.790743423,,2025-12-19T14:24:05Z,2000,01/01/2000,31/12/2000,,
8041483,MALARIA_EST_INCIDENCE,COUNTRY,SWZ,AFR,Africa,YEAR,2002,,,,,,,,,2.26 [2.26-2.26],2.258607147,2.258607147,2.258607147,,2025-12-19T14:24:05Z,2002,01/01/2002,31/12/2002,,
8044115,MALARIA_EST_INCIDENCE,COUNTRY,CMR,AFR,Africa,YEAR,2001,,,,,,,,,426.29 [335.68-532.94],426.2919927,335.6753001,532.9412051,,2025-12-19T14:24:05Z,2001,01/01/2001,31/12/2001,,
8055523,MALARIA_EST_INCIDENCE,REGION,WPR,,,YEAR,2022,,,,,,,,,2.29 [1.80-2.82],2.290084298,1.799219758,2.824045281,,2025-12-19T14:24:05Z,2022,01/01/2022,31/12/2022,,
8056582,MALARIA_EST_INCIDENCE,COUNTRY,NPL,SEAR,South-East Asia,YEAR,2022,,,,,,,,,0 [0-0],0.004171595,0.004171595,0.004171595,,2025-12-19T14:24:05Z,2022,01/01/2022,31/12/2022,,
8060308,MALARIA_EST_INCIDENCE,COUNTRY,BOL,AMR,Americas,YEAR,2019,,,,,,,,,2.39 [1.87-2.93],2.389821107,1.871398578,2.930717851,,2025-12-19T14:24:05Z,2019,01/01/2019,31/12/2019,,
8066893,MALARIA_EST_INCIDENCE,COUNTRY,PAN,AMR,Americas,YEAR,2008,,,,,,,,,0.33 [0.32-0.36],0.333840134,0.321475684,0.35601087,,2025-12-19T14:24:05Z,2008,01/01/2008,31/12/2008,,
8080643,MALARIA_EST_INCIDENCE,COUNTRY,PNG,WPR,Western Pacific,YEAR,2018,,,,,,,,,138.57 [90.47-196.35],138.5673744,90.4666905,196.3514101,,2025-12-19T14:24:05Z,2018,01/01/2018,31/12/2018,,
8088088,MALARIA_EST_INCIDENCE,COUNTRY,GEO,EUR,Europe,YEAR,2013,,,,,,,,,0 [0-0],0,0,0,,2025-12-19T14:24:05Z,2013,01/01/2013,31/12/2013,,
8099619,MALARIA_EST_INCIDENCE,COUNTRY,BDI,AFR,Africa,YEAR,2020,,,,,,,,,345.14 [259.53-447.70],345.1356563,259.5303108,447.6965806,,2025-12-19T14:24:05Z,2020,01/01/2020,31/12/2020,,
8100812,MALARIA_EST_INCIDENCE,COUNTRY,COM,AFR,Africa,YEAR,2006,,,,,,,,,58.91 [39.49-79.19],58.91000127,39.49050273,79.18604786,,2025-12-19T14:24:05Z,2006,01/01/2006,31/12/2006,,
8119141,MALARIA_EST_INCIDENCE,REGION,SEAR,,,YEAR,2001,,,,,,,,,21.61 [17.49-27.19],21.60647996,17.48602572,27.1935782,,2025-12-19T14:24:05Z,2001,01/01/2001,31/12/2001,,
8132336,MALARIA_EST_INCIDENCE,COUNTRY,BFA,AFR,Africa,YEAR,2012,,,,,,,,,533.39 [429.79-654.16],533.3901652,429.7884857,654.1561543,,2025-12-19T14:24:05Z,2012,01/01/2012,31/12/2012,,
8132775,MALARIA_EST_INCIDENCE,COUNTRY,NER,AFR,Africa,YEAR,2011,,,,,,,,,424.02 [296.55-584.37],424.0201445,296.5481531,584.3712985,,2025-12-19T14:24:05Z,2011,01/01/2011,31/12/2011,,
8135941,MALARIA_EST_INCIDENCE,COUNTRY,BEN,AFR,Africa,YEAR,2017,,,,,,,,,415.74 [336.59-510.35],415.7384105,336.5913497,510.3474897,,2025-12-19T14:24:05Z,2017,01/01/2017,31/12/2017,,
8139063,MALARIA_EST_INCIDENCE,COUNTRY,VUT,WPR,Western Pacific,YEAR,2020,,,,,,,,,3.78 [2.48-5.70],3.781059901,2.479354744,5.698442069,,2025-12-19T14:24:05Z,2020,01/01/2020,31/12/2020,,
8156789,MALARIA_EST_INCIDENCE,COUNTRY,SLB,WPR,Western Pacific,YEAR,2024,,,,,,,,,224.28 [189.90-269.24],224.2794751,189.9021401,269.2423669,,2025-12-19T14:24:05Z,2024,01/01/2024,31/12/2024,,
8163822,MALARIA_EST_INCIDENCE,COUNTRY,KOR,WPR,Western Pacific,YEAR,2001,,,,,,,,,0.78 [0.78-0.78],0.776182023,0.776182023,0.776182023,,2025-12-19T14:24:05Z,2001,01/01/2001,31/12/2001,,
8169125,MALARIA_EST_INCIDENCE,COUNTRY,RWA,AFR,Africa,YEAR,2023,,,,,,,,,53.64 [41.75-66.02],53.64373899,41.74752486,66.02376937,,2025-12-19T14:24:05Z,2023,01/01/2023,31/12/2023,,
8176435,MALARIA_EST_INCIDENCE,COUNTRY,ZMB,AFR,Africa,YEAR,2019,,,,,,,,,223.85 [175.50-279.86],223.8523842,175.5007902,279.8617051,,2025-12-19T14:24:05Z,2019,01/01/2019,31/12/2019,,
8186041,MALARIA_EST_INCIDENCE,COUNTRY,SOM,EMR,Eastern Mediterranean,YEAR,2001,,,,,,,,,141.04 [81.45-227.93],141.0350587,81.45435073,227.9281807,,2025-12-19T14:24:05Z,2001,01/01/2001,31/12/2001,,
8189602,MALARIA_EST_INCIDENCE,COUNTRY,COG,AFR,Africa,YEAR,2024,,,,,,,,,221.02 [130.65-350.34],221.0209411,130.6455858,350.3440492,,2025-12-19T14:24:05Z,2024,01/01/2024,31/12/2024,,
8194231,MALARIA_EST_INCIDENCE,COUNTRY,ZWE,AFR,Africa,YEAR,2002,,,,,,,,,102.59 [23.23-250.88],102.5884878,23.22912954,250.8838645,,2025-12-19T14:24:05Z,2002,01/01/2002,31/12/2002,,
8198731,MALARIA_EST_INCIDENCE,COUNTRY,GAB,AFR,Africa,YEAR,2021,,,,,,,,,189.19 [136.74-253.28],189.1920889,136.7447792,253.2779707,,2025-12-19T14:24:05Z,2021,01/01/2021,31/12/2021,,
8225598,MALARIA_EST_INCIDENCE,COUNTRY,BDI,AFR,Africa,YEAR,2010,,,,,,,,,259.34 [189.85-344.55],259.3396814,189.8539361,344.5498981,,2025-12-19T14:24:05Z,2010,01/01/2010,31/12/2010,,
8232373,MALARIA_EST_INCIDENCE,COUNTRY,IRN,EMR,Eastern Mediterranean,YEAR,2014,,,,,,,,,0.43 [0.43-0.43],0.430218654,0.430218654,0.430218654,,2025-12-19T14:24:05Z,2014,01/01/2014,31/12/2014,,
8236812,MALARIA_EST_INCIDENCE,COUNTRY,DJI,EMR,Eastern Mediterranean,YEAR,2023,,,,,,,,,45.04 [45.04-45.04],45.04206501,45.04206501,45.04206501,,2025-12-19T14:24:05Z,2023,01/01/2023,31/12/2023,,
8237989,MALARIA_EST_INCIDENCE,COUNTRY,TLS,SEAR,South-East Asia,YEAR,2021,,,,,,,,,0 [0-0],0,0,0,,2025-12-19T14:24:05Z,2021,01/01/2021,31/12/2021,,
8249739,MALARIA_EST_INCIDENCE,COUNTRY,SLE,AFR,Africa,YEAR,2017,,,,,,,,,350.55 [271.22-447.08],350.548609,271.2223885,447.0822703,,2025-12-19T14:24:05Z,2017,01/01/2017,31/12/2017,,
8251474,MALARIA_EST_INCIDENCE,COUNTRY,CMR,AFR,Africa,YEAR,2004,,,,,,,,,438.73 [347.55-551.21],438.7336145,347.5534251,551.2102625,,2025-12-19T14:24:05Z,2004,01/01/2004,31/12/2004,,
8265755,MALARIA_EST_INCIDENCE,COUNTRY,MEX,AMR,Americas,YEAR,2015,,,,,,,,,0.20 [0.20-0.20],0.201423444,0.201423444,0.201423444,,2025-12-19T14:24:05Z,2015,01/01/2015,31/12/2015,,
8270080,MALARIA_EST_INCIDENCE,COUNTRY,SYR,EMR,Eastern Mediterranean,YEAR,2020,,,,,,,,,0 [0-0],0,0,0,,2025-12-19T14:24:05Z,2020,01/01/2020,31/12/2020,,
8276277,MALARIA_EST_INCIDENCE,COUNTRY,ARE,EMR,Eastern Mediterranean,YEAR,2018,,,,,,,,,0 [0-0],0,0,0,,2025-12-19T14:24:05Z,2018,01/01/2018,31/12/2018,,
8282205,MALARIA_EST_INCIDENCE,COUNTRY,BRA,AMR,Americas,YEAR,2006,,,,,,,,,15.42 [14.81-16.43],15.41763151,14.81156134,16.43356541,,2025-12-19T14:24:05Z,2006,01/01/2006,31/12/2006,,
8283658,MALARIA_EST_INCIDENCE,COUNTRY,GMB,AFR,Africa,YEAR,2005,,,,,,,,,269.36 [197.94-347.47],269.356349,197.9414224,347.4667179,,2025-12-19T14:24:05Z,2005,01/01/2005,31/12/2005,,
8307054,MALARIA_EST_INCIDENCE,COUNTRY,COD,AFR,Africa,YEAR,2000,,,,,,,,,458.24 [368.48-562.70],458.2441823,368.4813254,562.7004697,,2025-12-19T14:24:05Z,2000,01/01/2000,31/12/2000,,
8327652,MALARIA_EST_INCIDENCE,COUNTRY,BLZ,AMR,Americas,YEAR,2007,,,,,,,,,4.14 [4.14-4.14],4.135912446,4.135912446,4.135912446,,2025-12-19T14:24:05Z,2007,01/01/2007,31/12/2007,,
8331702,MALARIA_EST_INCIDENCE,COUNTRY,ARM,EUR,Europe,YEAR,2019,,,,,,,,,0 [0-0],0,0,0,,2025-12-19T14:24:05Z,2019,01/01/2019,31/12/2019,,
8347517,MALARIA_EST_INCIDENCE,COUNTRY,GNB,AFR,Africa,YEAR,2019,,,,,,,,,87.10 [30.85-199.00],87.10491865,30.84605041,199.0040255,,2025-12-19T14:24:05Z,2019,01/01/2019,31/12/2019,,
8360248,MALARIA_EST_INCIDENCE,COUNTRY,IRN,EMR,Eastern Mediterranean,YEAR,2016,,,,,,,,,0.09 [0.09-0.09],0.09465691,0.09465691,0.09465691,,2025-12-19T14:24:05Z,2016,01/01/2016,31/12/2016,,
8363408,MALARIA_EST_INCIDENCE,COUNTRY,KHM,WPR,Western Pacific,YEAR,2001,,,,,,,,,43.16 [31.40-57.76],43.16250606,31.40447077,57.76299294,,2025-12-19T14:24:05Z,2001,01/01/2001,31/12/2001,,
8364323,MALARIA_EST_INCIDENCE,COUNTRY,CAF,AFR,Africa,YEAR,2014,,,,,,,,,420.39 [245.51-672.44],420.3927079,245.5095863,672.4443954,,2025-12-19T14:24:05Z,2014,01/01/2014,31/12/2014,,
8365307,MALARIA_EST_INCIDENCE,COUNTRY,SDN,EMR,Eastern Mediterranean,YEAR,2012,,,,,,,,,32.33 [24.60-41.28],32.33036983,24.60086385,41.28053252,,2025-12-19T14:24:05Z,2012,01/01/2012,31/12/2012,,
8379061,MALARIA_EST_INCIDENCE,COUNTRY,PRY,AMR,Americas,YEAR,2019,,,,,,,,,0 [0-0],0,0,0,,2025-12-19T14:24:05Z,2019,01/01/2019,31/12/2019,,
8389578,MALARIA_EST_INCIDENCE,COUNTRY,SEN,AFR,Africa,YEAR,2013,,,,,,,,,57.87 [41.28-76.75],57.86767836,41.28246726,76.75070304,,2025-12-19T14:24:05Z,2013,01/01/2013,31/12/2013,,
8396835,MALARIA_EST_INCIDENCE,REGION,WPR,,,YEAR,2013,,,,,,,,,3.33 [2.65-4.16],3.330546069,2.647405035,4.164883947,,2025-12-19T14:24:05Z,2013,01/01/2013,31/12/2013,,
8397101,MALARIA_EST_INCIDENCE,COUNTRY,GUY,AMR,Americas,YEAR,2012,,,,,,,,,58.38 [48.61-69.13],58.38496666,48.6072066,69.13282808,,2025-12-19T14:24:05Z,2012,01/01/2012,31/12/2012,,
8403199,MALARIA_EST_INCIDENCE,COUNTRY,MAR,EMR,Eastern Mediterranean,YEAR,2024,,,,,,,,,0 [0-0],0,0,0,,2025-12-19T14:24:05Z,2024,01/01/2024,31/12/2024,,
8415430,MALARIA_EST_INCIDENCE,COUNTRY,RWA,AFR,Africa,YEAR,2009,,,,,,,,,153.74 [100.09-215.66],153.7369522,100.0906248,215.6589986,,2025-12-19T14:24:05Z,2009,01/01/2009,31/12/2009,,
8415766,MALARIA_EST_INCIDENCE,REGION,AFR,,,YEAR,2000,,,,,,,,,354.05 [328.23-383.86],354.0520903,328.2288059,383.8605823,,2025-12-19T14:24:05Z,2000,01/01/2000,31/12/2000,,
8417083,MALARIA_EST_INCIDENCE,COUNTRY,TUR,EUR,Europe,YEAR,2001,,,,,,,,,2.51 [2.51-2.51],2.510954072,2.510954072,2.510954072,,2025-12-19T14:24:05Z,2001,01/01/2001,31/12/2001,,
8423725,MALARIA_EST_INCIDENCE,COUNTRY,DZA,AFR,Africa,YEAR,2011,,,,,,,,,0 [0-0],4.61318e-4,4.61318e-4,4.61318e-4,,2025-12-19T14:24:05Z,2011,01/01/2011,31/12/2011,,
8428906,MALARIA_EST_INCIDENCE,COUNTRY,AGO,AFR,Africa,YEAR,2006,,,,,,,,,299.90 [228.16-386.89],299.9049376,228.1622467,386.8899841,,2025-12-19T14:24:05Z,2006,01/01/2006,31/12/2006,,
8436264,MALARIA_EST_INCIDENCE,COUNTRY,ERI,AFR,Africa,YEAR,2016,,,,,,,,,27.70 [15.07-44.01],27.70219714,15.06511189,44.00503665,,2025-12-19T14:24:05Z,2016,01/01/2016,31/12/2016,,
8441462,MALARIA_EST_INCIDENCE,COUNTRY,IDN,WPR,Western Pacific,YEAR,2019,,,,,,,,,1.96 [1.80-2.14],1.95874055,1.799752887,2.140900768,,2025-12-19T14:24:05Z,2019,01/01/2019,31/12/2019,,
8448588,MALARIA_EST_INCIDENCE,REGION,AMR,,,YEAR,2012,,,,,,,,,4.22 [3.93-4.58],4.224666658,3.930856598,4.576396699,,2025-12-19T14:24:05Z,2012,01/01/2012,31/12/2012,,
8451708,MALARIA_EST_INCIDENCE,COUNTRY,CPV,AFR,Africa,YEAR,2003,,,,,,,,,0.55 [0.55-0.55],0.552490677,0.552490677,0.552490677,,2025-12-19T14:24:05Z,2003,01/01/2003,31/12/2003,,
8454629,MALARIA_EST_INCIDENCE,COUNTRY,GNQ,AFR,Africa,YEAR,2007,,,,,,,,,353.65 [259.48-472.59],353.6481076,259.4756593,472.5858892,,2025-12-19T14:24:05Z,2007,01/01/2007,31/12/2007,,
8458295,MALARIA_EST_INCIDENCE,COUNTRY,GHA,AFR,Africa,YEAR,2003,,,,,,,,,365.98 [289.47-455.47],365.9793381,289.4664902,455.4667107,,2025-12-19T14:24:05Z,2003,01/01/2003,31/12/2003,,
8465375,MALARIA_EST_INCIDENCE,COUNTRY,ZAF,AFR,Africa,YEAR,2016,,,,,,,,,0.75 [0.75-0.75],0.75498323,0.75498323,0.75498323,,2025-12-19T14:24:05Z,2016,01/01/2016,31/12/2016,,
8466278,MALARIA_EST_INCIDENCE,COUNTRY,GTM,AMR,Americas,YEAR,2018,,,,,,,,,0.28 [0.25-0.32],0.278207119,0.247461222,0.320828718,,2025-12-19T14:24:05Z,2018,01/01/2018,31/12/2018,,
8466738,MALARIA_EST_INCIDENCE,COUNTRY,VUT,WPR,Western Pacific,YEAR,2012,,,,,,,,,34.38 [26.00-46.96],34.38161707,26.00418671,46.95891242,,2025-12-19T14:24:05Z,2012,01/01/2012,31/12/2012,,
8467494,MALARIA_EST_INCIDENCE,COUNTRY,BFA,AFR,Africa,YEAR,2000,,,,,,,,,597.17 [475.65-740.85],597.1736302,475.653033,740.8541496,,2025-12-19T14:24:05Z,2000,01/01/2000,31/12/2000,,
8472214,MALARIA_EST_INCIDENCE,COUNTRY,MMR,SEAR,South-East Asia,YEAR,2001,,,,,,,,,34.40 [24.02-50.38],34.40253645,24.01756914,50.37581077,,2025-12-19T14:24:05Z,2001,01/01/2001,31/12/2001,,
8477084,MALARIA_EST_INCIDENCE,COUNTRY,COM,AFR,Africa,YEAR,2014,,,,,,,,,3.10 [3.10-3.10],3.096266771,3.096266771,3.096266771,,2025-12-19T14:24:05Z,2014,01/01/2014,31/12/2014,,
8480828,MALARIA_EST_INCIDENCE,COUNTRY,MEX,AMR,Americas,YEAR,2017,,,,,,,,,0.28 [0.28-0.28],0.281336855,0.281336855,0.281336855,,2025-12-19T14:24:05Z,2017,01/01/2017,31/12/2017,,
8491878,MALARIA_EST_INCIDENCE,COUNTRY,MYT,AFR,Africa,YEAR,2016,,,,,,,,,0.32 [0.32-0.32],0.319766925,0.319766925,0.319766925,,2025-12-19T14:24:05Z,2016,01/01/2016,31/12/2016,,
8492938,MALARIA_EST_INCIDENCE,COUNTRY,SDN,EMR,Eastern Mediterranean,YEAR,2015,,,,,,,,,43.25 [32.33-56.75],43.24928442,32.33081939,56.74941825,,2025-12-19T14:24:05Z,2015,01/01/2015,31/12/2015,,
8493286,MALARIA_EST_INCIDENCE,COUNTRY,VUT,WPR,Western Pacific,YEAR,2007,,,,,,,,,123.43 [67.97-538.18],123.4295631,67.96907482,538.180259,,2025-12-19T14:24:05Z,2007,01/01/2007,31/12/2007,,
8495884,MALARIA_EST_INCIDENCE,COUNTRY,SAU,EMR,Eastern Mediterranean,YEAR,2009,,,,,,,,,0.02 [0.02-0.02],0.022334304,0.022334304,0.022334304,,2025-12-19T14:24:05Z,2009,01/01/2009,31/12/2009,,
8503607,MALARIA_EST_INCIDENCE,COUNTRY,GHA,AFR,Africa,YEAR,2001,,,,,,,,,411.18 [320.18-520.61],411.1750404,320.176779,520.6054346,,2025-12-19T14:24:05Z,2001,01/01/2001,31/12/2001,,
8503707,MALARIA_EST_INCIDENCE,COUNTRY,DZA,AFR,Africa,YEAR,2020,,,,,,,,,0 [0-0],0,0,0,,2025-12-19T14:24:05Z,2020,01/01/2020,31/12/2020,,
8527547,MALARIA_EST_INCIDENCE,COUNTRY,MYT,AFR,Africa,YEAR,2012,,,,,,,,,0.60 [0.60-0.60],0.601934493,0.601934493,0.601934493,,2025-12-19T14:24:05Z,2012,01/01/2012,31/12/2012,,
8530873,MALARIA_EST_INCIDENCE,COUNTRY,CMR,AFR,Africa,YEAR,2018,,,,,,,,,248.98 [189.89-319.94],248.9797082,189.8935135,319.9394023,,2025-12-19T14:24:05Z,2018,01/01/2018,31/12/2018,,
8534463,MALARIA_EST_INCIDENCE,COUNTRY,ZAF,AFR,Africa,YEAR,2012,,,,,,,,,1.23 [1.23-1.23],1.231068212,1.231068212,1.231068212,,2025-12-19T14:24:05Z,2012,01/01/2012,31/12/2012,,
8537012,MALARIA_EST_INCIDENCE,COUNTRY,GEO,EUR,Europe,YEAR,2006,,,,,,,,,1.48 [1.48-1.48],1.476291755,1.476291755,1.476291755,,2025-12-19T14:24:05Z,2006,01/01/2006,31/12/2006,,
8552876,MALARIA_EST_INCIDENCE,COUNTRY,STP,AFR,Africa,YEAR,2001,,,,,,,,,287.52 [287.52-287.52],287.5217763,287.5217763,287.5217763,,2025-12-19T14:24:05Z,2001,01/01/2001,31/12/2001,,
8554602,MALARIA_EST_INCIDENCE,COUNTRY,OMN,EMR,Eastern Mediterranean,YEAR,2016,,,,,,,,,0 [0-0],0,0,0,,2025-12-19T14:24:05Z,2016,01/01/2016,31/12/2016,,
8558931,MALARIA_EST_INCIDENCE,COUNTRY,UGA,AFR,Africa,YEAR,2016,,,,,,,,,281.02 [211.07-365.83],281.0223533,211.0702329,365.8251435,,2025-12-19T14:24:05Z,2016,01/01/2016,31/12/2016,,
8561456,MALARIA_EST_INCIDENCE,COUNTRY,PER,AMR,Americas,YEAR,2013,,,,,,,,,5.35 [4.37-6.38],5.351163429,4.373128141,6.37540842,,2025-12-19T14:24:05Z,2013,01/01/2013,31/12/2013,,
8566065,MALARIA_EST_INCIDENCE,COUNTRY,MWI,AFR,Africa,YEAR,2007,,,,,,,,,348.76 [274.19-434.87],348.7644648,274.187202,434.8650259,,2025-12-19T14:24:05Z,2007,01/01/2007,31/12/2007,,
8566502,MALARIA_EST_INCIDENCE,COUNTRY,COG,AFR,Africa,YEAR,2021,,,,,,,,,232.02 [135.69-367.32],232.0199491,135.6862771,367.3208385,,2025-12-19T14:24:05Z,2021,01/01/2021,31/12/2021,,
8587245,MALARIA_EST_INCIDENCE,COUNTRY,UZB,EUR,Europe,YEAR,2006,,,,,,,,,2.73 [2.73-2.73],2.734184801,2.734184801,2.734184801,,2025-12-19T14:24:05Z,2006,01/01/2006,31/12/2006,,
8587711,MALARIA_EST_INCIDENCE,COUNTRY,ETH,AFR,Africa,YEAR,2017,,,,,,,,,70.71 [33.35-122.35],70.71058376,33.35468763,122.3471223,,2025-12-19T14:24:05Z,2017,01/01/2017,31/12/2017,,
8598360,MALARIA_EST_INCIDENCE,COUNTRY,GNB,AFR,Africa,YEAR,2016,,,,,,,,,74.16 [24.83-170.42],74.16426614,24.8291112,170.4163398,,2025-12-19T14:24:05Z,2016,01/01/2016,31/12/2016,,
8598996,MALARIA_EST_INCIDENCE,COUNTRY,EGY,EMR,Eastern Mediterranean,YEAR,2002,,,,,,,,,0 [0-0],0,0,0,,2025-12-19T14:24:05Z,2002,01/01/2002,31/12/2002,,
8600621,MALARIA_EST_INCIDENCE,COUNTRY,VEN,AMR,Americas,YEAR,2002,,,,,,,,,2.75 [2.42-3.26],2.754320999,2.420138726,3.260863583,,2025-12-19T14:24:05Z,2002,01/01/2002,31/12/2002,,
8606434,MALARIA_EST_INCIDENCE,COUNTRY,BGD,SEAR,South-East Asia,YEAR,2015,,,,,,,,,2.65 [2.40-2.93],2.647646245,2.398063465,2.926688877,,2025-12-19T14:24:05Z,2015,01/01/2015,31/12/2015,,
8611524,MALARIA_EST_INCIDENCE,COUNTRY,BTN,SEAR,South-East Asia,YEAR,2008,,,,,,,,,0.65 [0.65-0.65],0.647765308,0.647765308,0.647765308,,2025-12-19T14:24:05Z,2008,01/01/2008,31/12/2008,,
8613039,MALARIA_EST_INCIDENCE,COUNTRY,TZA,AFR,Africa,YEAR,2007,,,,,,,,,197.89 [149.24-255.96],197.8895543,149.2428409,255.9574424,,2025-12-19T14:24:05Z,2007,01/01/2007,31/12/2007,,
8613575,MALARIA_EST_INCIDENCE,COUNTRY,ZMB,AFR,Africa,YEAR,2024,,,,,,,,,252.41 [203.30-312.10],252.4103382,203.3012197,312.097919,,2025-12-19T14:24:05Z,2024,01/01/2024,31/12/2024,,
8618497,MALARIA_EST_INCIDENCE,COUNTRY,KGZ,EUR,Europe,YEAR,2020,,,,,,,,,0 [0-0],0,0,0,,2025-12-19T14:24:05Z,2020,01/01/2020,31/12/2020,,
8624686,MALARIA_EST_INCIDENCE,REGION,EUR,,,YEAR,2018,,,,,,,,,0 [0-0],0,0,0,,2025-12-19T14:24:05Z,2018,01/01/2018,31/12/2018,,
8634949,MALARIA_EST_INCIDENCE,COUNTRY,DZA,AFR,Africa,YEAR,2007,,,,,,,,,0.01 [0.01-0.01],0.012946363,0.012946363,0.012946363,,2025-12-19T14:24:05Z,2007,01/01/2007,31/12/2007,,
8638594,MALARIA_EST_INCIDENCE,COUNTRY,TZA,AFR,Africa,YEAR,2005,,,,,,,,,251.68 [194.39-318.17],251.6788289,194.3870777,318.1662018,,2025-12-19T14:24:05Z,2005,01/01/2005,31/12/2005,,
8638663,MALARIA_EST_INCIDENCE,REGION,SEAR,,,YEAR,2014,,,,,,,,,6.24 [5.13-7.53],6.241354098,5.129007985,7.525553305,,2025-12-19T14:24:05Z,2014,01/01/2014,31/12/2014,,
8644389,MALARIA_EST_INCIDENCE,COUNTRY,TUR,EUR,Europe,YEAR,2012,,,,,,,,,0 [0-0],0,0,0,,2025-12-19T14:24:05Z,2012,01/01/2012,31/12/2012,,
8654169,MALARIA_EST_INCIDENCE,COUNTRY,DOM,AMR,Americas,YEAR,2015,,,,,,,,,0.13 [0.12-0.15],0.134140333,0.115176265,0.15467024100000001,,2025-12-19T14:24:05Z,2015,01/01/2015,31/12/2015,,
8673360,MALARIA_EST_INCIDENCE,COUNTRY,DZA,AFR,Africa,YEAR,2001,,,,,,,,,0 [0-0],0.00326017,0.00326017,0.00326017,,2025-12-19T14:24:05Z,2001,01/01/2001,31/12/2001,,
8676072,MALARIA_EST_INCIDENCE,GLOBAL,GLOBAL,,,YEAR,2023,,,,,,,,,62.73 [57.01-69.80],62.73475419,57.00884827,69.80252005,,2025-12-19T14:24:05Z,2023,01/01/2023,31/12/2023,,
8685470,MALARIA_EST_INCIDENCE,COUNTRY,BLZ,AMR,Americas,YEAR,2004,,,,,,,,,5.69 [5.69-5.69],5.686394794,5.686394794,5.686394794,,2025-12-19T14:24:05Z,2004,01/01/2004,31/12/2004,,
8691594,MALARIA_EST_INCIDENCE,COUNTRY,KOR,WPR,Western Pacific,YEAR,2010,,,,,,,,,0.37 [0.37-0.37],0.371134902,0.371134902,0.371134902,,2025-12-19T14:24:05Z,2010,01/01/2010,31/12/2010,,
8700568,MALARIA_EST_INCIDENCE,COUNTRY,NPL,SEAR,South-East Asia,YEAR,2013,,,,,,,,,1.27 [0.87-2.17],1.268512558,0.87225526900000006,2.170352725,,2025-12-19T14:24:05Z,2013,01/01/2013,31/12/2013,,
8713832,MALARIA_EST_INCIDENCE,COUNTRY,AFG,EMR,Eastern Mediterranean,YEAR,2003,,,,,,,,,70.81 [46.16-109.14],70.81400733,46.16021887,109.1417015,,2025-12-19T14:24:05Z,2003,01/01/2003,31/12/2003,,
8718804,MALARIA_EST_INCIDENCE,COUNTRY,CMR,AFR,Africa,YEAR,2017,,,,,,,,,258.98 [194.64-336.74],258.9845553,194.6409315,336.7422846,,2025-12-19T14:24:05Z,2017,01/01/2017,31/12/2017,,
8720654,MALARIA_EST_INCIDENCE,COUNTRY,KHM,WPR,Western Pacific,YEAR,2015,,,,,,,,,19.69 [16.98-23.01],19.68993949,16.97560759,23.0067172,,2025-12-19T14:24:05Z,2015,01/01/2015,31/12/2015,,
8724251,MALARIA_EST_INCIDENCE,COUNTRY,VNM,WPR,Western Pacific,YEAR,2015,,,,,,,,,0.16 [0.15-0.18],0.16493271,0.152156747,0.184798674,,2025-12-19T14:24:05Z,2015,01/01/2015,31/12/2015,,
8725163,MALARIA_EST_INCIDENCE,COUNTRY,TUR,EUR,Europe,YEAR,2014,,,,,,,,,0 [0-0],0,0,0,,2025-12-19T14:24:05Z,2014,01/01/2014,31/12/2014,,
8726655,MALARIA_EST_INCIDENCE,COUNTRY,THA,SEAR,South-East Asia,YEAR,2009,,,,,,,,,2.28 [2.28-2.28],2.279166398,2.279166398,2.279166398,,2025-12-19T14:24:05Z,2009,01/01/2009,31/12/2009,,
8727348,MALARIA_EST_INCIDENCE,COUNTRY,ARG,AMR,Americas,YEAR,2006,,,,,,,,,0.87 [0.87-0.87],0.868204533,0.868204533,0.868204533,,2025-12-19T14:24:05Z,2006,01/01/2006,31/12/2006,,
8736400,MALARIA_EST_INCIDENCE,REGION,AMR,,,YEAR,2000,,,,,,,,,13.50 [12.18-14.95],13.49585828,12.18452681,14.94637625,,2025-12-19T14:24:05Z,2000,01/01/2000,31/12/2000,,
8739449,MALARIA_EST_INCIDENCE,COUNTRY,NGA,AFR,Africa,YEAR,2007,,,,,,,,,400.61 [324.03-489.82],400.6095535,324.0281992,489.8163426,,2025-12-19T14:24:05Z,2007,01/01/2007,31/12/2007,,
8744575,MALARIA_EST_INCIDENCE,COUNTRY,MDG,AFR,Africa,YEAR,2003,,,,,,,,,65.30 [1.49-148.14],65.29889326,1.48643169,148.1448291,,2025-12-19T14:24:05Z,2003,01/01/2003,31/12/2003,,
8754877,MALARIA_EST_INCIDENCE,COUNTRY,ERI,AFR,Africa,YEAR,2001,,,,,,,,,23.56 [8.38-46.30],23.55500117,8.381129443,46.30429856,,2025-12-19T14:24:05Z,2001,01/01/2001,31/12/2001,,
8754927,MALARIA_EST_INCIDENCE,COUNTRY,PNG,WPR,Western Pacific,YEAR,2000,,,,,,,,,264.08 [82.72-477.76],264.0838654,82.71802669,477.7576759,,2025-12-19T14:24:05Z,2000,01/01/2000,31/12/2000,,
8757486,MALARIA_EST_INCIDENCE,COUNTRY,KAZ,EUR,Europe,YEAR,2014,,,,,,,,,0 [0-0],0,0,0,,2025-12-19T14:24:05Z,2014,01/01/2014,31/12/2014,,
8767844,MALARIA_EST_INCIDENCE,COUNTRY,BLZ,AMR,Americas,YEAR,2010,,,,,,,,,0.68 [0.68-0.68],0.678828252,0.678828252,0.678828252,,2025-12-19T14:24:05Z,2010,01/01/2010,31/12/2010,,
8781837,MALARIA_EST_INCIDENCE,COUNTRY,GUF,AMR,Americas,YEAR,2020,,,,,,,,,1.03 [0.91-1.19],1.025461458,0.91291081,1.188034616,,2025-12-19T14:24:05Z,2020,01/01/2020,31/12/2020,,
8788701,MALARIA_EST_INCIDENCE,COUNTRY,COL,AMR,Americas,YEAR,2014,,,,,,,,,5.53 [4.21-6.89],5.531412963,4.209076526,6.889441097,,2025-12-19T14:24:05Z,2014,01/01/2014,31/12/2014,,
8798694,MALARIA_EST_INCIDENCE,COUNTRY,ERI,AFR,Africa,YEAR,2014,,,,,,,,,35.44 [22.81-49.36],35.43874137,22.80861936,49.36337141,,2025-12-19T14:24:05Z,2014,01/01/2014,31/12/2014,,
8805939,MALARIA_EST_INCIDENCE,COUNTRY,SOM,EMR,Eastern Mediterranean,YEAR,2013,,,,,,,,,40.43 [28.42-55.46],40.42660553,28.42163863,55.46021498,,2025-12-19T14:24:05Z,2013,01/01/2013,31/12/2013,,
8811222,MALARIA_EST_INCIDENCE,COUNTRY,CMR,AFR,Africa,YEAR,2006,,,,,,,,,425.95 [339.39-527.13],425.9482658,339.3923109,527.1283924,,2025-12-19T14:24:05Z,2006,01/01/2006,31/12/2006,,
8813821,MALARIA_EST_INCIDENCE,COUNTRY,TCD,AFR,Africa,YEAR,2005,,,,,,,,,241.27 [139.82-384.07],241.2660286,139.8173671,384.0708486,,2025-12-19T14:24:05Z,2005,01/01/2005,31/12/2005,,
8817279,MALARIA_EST_INCIDENCE,COUNTRY,IRQ,EMR,Eastern Mediterranean,YEAR,2000,,,,,,,,,0.59 [0.59-0.59],0.58580334,0.58580334,0.58580334,,2025-12-19T14:24:05Z,2000,01/01/2000,31/12/2000,,
8832335,MALARIA_EST_INCIDENCE,COUNTRY,ECU,AMR,Americas,YEAR,2001,,,,,,,,,14.88 [14.88-14.88],14.88454341,14.88454341,14.88454341,,2025-12-19T14:24:05Z,2001,01/01/2001,31/12/2001,,
8838856,MALARIA_EST_INCIDENCE,COUNTRY,IND,SEAR,South-East Asia,YEAR,2014,,,,,,,,,6.33 [5.09-7.71],6.332193671,5.094366264,7.711764421,,2025-12-19T14:24:05Z,2014,01/01/2014,31/12/2014,,
8839187,MALARIA_EST_INCIDENCE,REGION,WPR,,,YEAR,2023,,,,,,,,,2.15 [1.69-2.64],2.148351001,1.694685764,2.635428665,,2025-12-19T14:24:05Z,2023,01/01/2023,31/12/2023,,
8855330,MALARIA_EST_INCIDENCE,COUNTRY,HND,AMR,Americas,YEAR,2000,,,,,,,,,8.64 [6.29-11.12],8.643292729,6.285671751,11.12428262,,2025-12-19T14:24:05Z,2000,01/01/2000,31/12/2000,,
8855359,MALARIA_EST_INCIDENCE,COUNTRY,SEN,AFR,Africa,YEAR,2017,,,,,,,,,52.06 [36.18-68.99],52.06403541,36.178429,68.98699716,,2025-12-19T14:24:05Z,2017,01/01/2017,31/12/2017,,
8863501,MALARIA_EST_INCIDENCE,COUNTRY,GNB,AFR,Africa,YEAR,2017,,,,,,,,,70.21 [23.96-165.48],70.21417943,23.96387776,165.4809408,,2025-12-19T14:24:05Z,2017,01/01/2017,31/12/2017,,
8865567,MALARIA_EST_INCIDENCE,COUNTRY,GAB,AFR,Africa,YEAR,2013,,,,,,,,,199.19 [108.42-336.79],199.1852835,108.420027,336.7906122,,2025-12-19T14:24:05Z,2013,01/01/2013,31/12/2013,,
8877224,MALARIA_EST_INCIDENCE,COUNTRY,BRA,AMR,Americas,YEAR,2019,,,,,,,,,4.24 [3.80-4.59],4.242111868,3.800446047,4.592238662,,2025-12-19T14:24:05Z,2019,01/01/2019,31/12/2019,,
8880847,MALARIA_EST_INCIDENCE,COUNTRY,MRT,AFR,Africa,YEAR,2015,,,,,,,,,73.55 [27.82-146.64],73.54566034,27.82364942,146.6367395,,2025-12-19T14:24:05Z,2015,01/01/2015,31/12/2015,,
8888264,MALARIA_EST_INCIDENCE,COUNTRY,LAO,WPR,Western Pacific,YEAR,2023,,,,,,,,,0.29 [0.21-0.38],0.286081711,0.207095829,0.379102145,,2025-12-19T14:24:05Z,2023,01/01/2023,31/12/2023,,
8894751,MALARIA_EST_INCIDENCE,COUNTRY,KEN,AFR,Africa,YEAR,2016,,,,,,,,,77.26 [55.28-106.26],77.26122108,55.28032567,106.2556208,,2025-12-19T14:24:05Z,2016,01/01/2016,31/12/2016,,
8895216,MALARIA_EST_INCIDENCE,COUNTRY,LKA,SEAR,South-East Asia,YEAR,2024,,,,,,,,,0 [0-0],0,0,0,,2025-12-19T14:24:05Z,2024,01/01/2024,31/12/2024,,
8914999,MALARIA_EST_INCIDENCE,COUNTRY,PER,AMR,Americas,YEAR,2000,,,,,,,,,13.19 [9.13-18.99],13.18887387,9.126343957,18.98890182,,2025-12-19T14:24:05Z,2000,01/01/2000,31/12/2000,,
8920485,MALARIA_EST_INCIDENCE,COUNTRY,CPV,AFR,Africa,YEAR,2018,,,,,,,,,0.01 [0.01-0.01],0.014982732,0.014982732,0.014982732,,2025-12-19T14:24:05Z,2018,01/01/2018,31/12/2018,,
8928811,MALARIA_EST_INCIDENCE,COUNTRY,TZA,AFR,Africa,YEAR,2012,,,,,,,,,121.45 [89.98-160.25],121.4475751,89.98237387,160.2519074,,2025-12-19T14:24:05Z,2012,01/01/2012,31/12/2012,,
8934664,MALARIA_EST_INCIDENCE,COUNTRY,SDN,EMR,Eastern Mediterranean,YEAR,2002,,,,,,,,,65.50 [44.73-92.26],65.50155263,44.72845927,92.25781711,,2025-12-19T14:24:05Z,2002,01/01/2002,31/12/2002,,
8935020,MALARIA_EST_INCIDENCE,COUNTRY,THA,SEAR,South-East Asia,YEAR,2017,,,,,,,,,0.55 [0.55-0.55],0.549122711,0.549122711,0.549122711,,2025-12-19T14:24:05Z,2017,01/01/2017,31/12/2017,,
8944487,MALARIA_EST_INCIDENCE,COUNTRY,MWI,AFR,Africa,YEAR,2021,,,,,,,,,280.49 [193.82-395.25],280.4884339,193.8231852,395.2495848,,2025-12-19T14:24:05Z,2021,01/01/2021,31/12/2021,,
8945394,MALARIA_EST_INCIDENCE,COUNTRY,MLI,AFR,Africa,YEAR,2021,,,,,,,,,345.92 [244.03-491.95],345.9227287,244.02793,491.9512024,,2025-12-19T14:24:05Z,2021,01/01/2021,31/12/2021,,
8951836,MALARIA_EST_INCIDENCE,COUNTRY,MMR,SEAR,South-East Asia,YEAR,2015,,,,,,,,,6.10 [4.94-7.36],6.102992731,4.938223296,7.363449716,,2025-12-19T14:24:05Z,2015,01/01/2015,31/12/2015,,
8966166,MALARIA_EST_INCIDENCE,COUNTRY,SLV,AMR,Americas,YEAR,2022,,,,,,,,,0 [0-0],0,0,0,,2025-12-19T14:24:05Z,2022,01/01/2022,31/12/2022,,
8970029,MALARIA_EST_INCIDENCE,COUNTRY,DZA,AFR,Africa,YEAR,2015,,,,,,,,,0 [0-0],0,0,0,,2025-12-19T14:24:05Z,2015,01/01/2015,31/12/2015,,
8972376,MALARIA_EST_INCIDENCE,COUNTRY,GAB,AFR,Africa,YEAR,2014,,,,,,,,,193.87 [107.96-315.33],193.866859,107.9607172,315.3332821,,2025-12-19T14:24:05Z,2014,01/01/2014,31/12/2014,,
8972599,MALARIA_EST_INCIDENCE,COUNTRY,TZA,AFR,Africa,YEAR,2020,,,,,,,,,123.35 [89.28-165.20],123.3493028,89.28394658,165.1995438,,2025-12-19T14:24:05Z,2020,01/01/2020,31/12/2020,,
8972943,MALARIA_EST_INCIDENCE,COUNTRY,SLB,WPR,Western Pacific,YEAR,2002,,,,,,,,,618.21 [338.32-1 013.30],618.2138806,338.3218493,1013.304358,,2025-12-19T14:24:05Z,2002,01/01/2002,31/12/2002,,
8979302,MALARIA_EST_INCIDENCE,COUNTRY,KAZ,EUR,Europe,YEAR,2019,,,,,,,,,0 [0-0],0,0,0,,2025-12-19T14:24:05Z,2019,01/01/2019,31/12/2019,,
8990249,MALARIA_EST_INCIDENCE,COUNTRY,ERI,AFR,Africa,YEAR,2008,,,,,,,,,7.37 [4.74-10.26],7.373788626,4.740926746,10.26058941,,2025-12-19T14:24:05Z,2008,01/01/2008,31/12/2008,,
8990533,MALARIA_EST_INCIDENCE,COUNTRY,MDG,AFR,Africa,YEAR,2011,,,,,,,,,37.08 [22.60-54.44],37.07720243,22.59654144,54.43930298,,2025-12-19T14:24:05Z,2011,01/01/2011,31/12/2011,,
8997503,MALARIA_EST_INCIDENCE,COUNTRY,LAO,WPR,Western Pacific,YEAR,2021,,,,,,,,,1.65 [1.20-2.20],1.651038997,1.198505272,2.196161637,,2025-12-19T14:24:05Z,2021,01/01/2021,31/12/2021,,
9003127,MALARIA_EST_INCIDENCE,COUNTRY,PNG,WPR,Western Pacific,YEAR,2017,,,,,,,,,134.03 [86.92-191.49],134.0299959,86.92403969,191.4852505,,2025-12-19T14:24:05Z,2017,01/01/2017,31/12/2017,,
9007997,MALARIA_EST_INCIDENCE,COUNTRY,TLS,SEAR,South-East Asia,YEAR,2010,,,,,,,,,93.53 [66.80-123.58],93.52733076,66.79567535,123.5758481,,2025-12-19T14:24:05Z,2010,01/01/2010,31/12/2010,,
9008341,MALARIA_EST_INCIDENCE,COUNTRY,SAU,EMR,Eastern Mediterranean,YEAR,2002,,,,,,,,,1.36 [1.36-1.36],1.359978923,1.359978923,1.359978923,,2025-12-19T14:24:05Z,2002,01/01/2002,31/12/2002,,
9008877,MALARIA_EST_INCIDENCE,COUNTRY,BTN,SEAR,South-East Asia,YEAR,2019,,,,,,,,,0 [0-0],0.003533762,0.003533762,0.003533762,,2025-12-19T14:24:05Z,2019,01/01/2019,31/12/2019,,
9014633,MALARIA_EST_INCIDENCE,COUNTRY,GHA,AFR,Africa,YEAR,2010,,,,,,,,,366.40 [299.40-442.18],366.4042865,299.3956142,442.1780551,,2025-12-19T14:24:05Z,2010,01/01/2010,31/12/2010,,
9017103,MALARIA_EST_INCIDENCE,COUNTRY,RWA,AFR,Africa,YEAR,2024,,,,,,,,,77.14 [59.96-94.97],77.13835155,59.95770826,94.97175547,,2025-12-19T14:24:05Z,2024,01/01/2024,31/12/2024,,
9021064,MALARIA_EST_INCIDENCE,COUNTRY,VEN,AMR,Americas,YEAR,2006,,,,,,,,,3.21 [2.84-3.76],3.205767001,2.838001511,3.76284046,,2025-12-19T14:24:05Z,2006,01/01/2006,31/12/2006,,
9030493,MALARIA_EST_INCIDENCE,REGION,EMR,,,YEAR,2002,,,,,,,,,18.81 [14.86-31.74],18.81322317,14.85823711,31.74059288,,2025-12-19T14:24:05Z,2002,01/01/2002,31/12/2002,,
9034002,MALARIA_EST_INCIDENCE,COUNTRY,SLB,WPR,Western Pacific,YEAR,2012,,,,,,,,,91.96 [68.13-128.78],91.95942733,68.13086622,128.7778893,,2025-12-19T14:24:05Z,2012,01/01/2012,31/12/2012,,
9035939,MALARIA_EST_INCIDENCE,COUNTRY,IDN,WPR,Western Pacific,YEAR,2016,,,,,,,,,4.11 [3.71-4.57],4.108980877,3.707038872,4.574504823,,2025-12-19T14:24:05Z,2016,01/01/2016,31/12/2016,,
9039761,MALARIA_EST_INCIDENCE,GLOBAL,GLOBAL,,,YEAR,2013,,,,,,,,,60.36 [56.32-65.33],60.36362955,56.31898718,65.32688309,,2025-12-19T14:24:05Z,2013,01/01/2013,31/12/2013,,
9040377,MALARIA_EST_INCIDENCE,COUNTRY,VNM,WPR,Western Pacific,YEAR,2017,,,,,,,,,0.08 [0.07-0.09],0.078195853,0.072108409,0.08756296,,2025-12-19T14:24:05Z,2017,01/01/2017,31/12/2017,,
9041385,MALARIA_EST_INCIDENCE,COUNTRY,HND,AMR,Americas,YEAR,2005,,,,,,,,,3.46 [2.52-4.44],3.464477517,2.520098118,4.435566077,,2025-12-19T14:24:05Z,2005,01/01/2005,31/12/2005,,
9046678,MALARIA_EST_INCIDENCE,COUNTRY,MUS,AFR,Africa,YEAR,2021,,,,,,,,,0,0,,,,2025-12-19T14:24:05Z,2021,01/01/2021,31/12/2021,,
9048695,MALARIA_EST_INCIDENCE,COUNTRY,MMR,SEAR,South-East Asia,YEAR,2009,,,,,,,,,35.20 [25.89-50.34],35.20144242,25.88713294,50.34020405,,2025-12-19T14:24:05Z,2009,01/01/2009,31/12/2009,,
9053225,MALARIA_EST_INCIDENCE,COUNTRY,SLE,AFR,Africa,YEAR,2019,,,,,,,,,321.88 [194.92-504.29],321.8810006,194.9157048,504.2935739,,2025-12-19T14:24:05Z,2019,01/01/2019,31/12/2019,,
9055362,MALARIA_EST_INCIDENCE,COUNTRY,YEM,EMR,Eastern Mediterranean,YEAR,2017,,,,,,,,,36.22 [24.35-53.61],36.21969645,24.34855174,53.61347967,,2025-12-19T14:24:05Z,2017,01/01/2017,31/12/2017,,
9055898,MALARIA_EST_INCIDENCE,COUNTRY,SWZ,AFR,Africa,YEAR,2004,,,,,,,,,1.91 [1.91-1.91],1.910251461,1.910251461,1.910251461,,2025-12-19T14:24:05Z,2004,01/01/2004,31/12/2004,,
9066354,MALARIA_EST_INCIDENCE,COUNTRY,MOZ,AFR,Africa,YEAR,2001,,,,,,,,,489.94 [404.85-587.06],489.9424843,404.8473225,587.063089,,2025-12-19T14:24:05Z,2001,01/01/2001,31/12/2001,,
9072610,MALARIA_EST_INCIDENCE,COUNTRY,STP,AFR,Africa,YEAR,2016,,,,,,,,,10.99 [10.99-10.99],10.98739248,10.98739248,10.98739248,,2025-12-19T14:24:05Z,2016,01/01/2016,31/12/2016,,
9072903,MALARIA_EST_INCIDENCE,COUNTRY,ARG,AMR,Americas,YEAR,2008,,,,,,,,,0.52 [0.52-0.52],0.51949337,0.51949337,0.51949337,,2025-12-19T14:24:05Z,2008,01/01/2008,31/12/2008,,
9073522,MALARIA_EST_INCIDENCE,COUNTRY,BLZ,AMR,Americas,YEAR,2012,,,,,,,,,0.14 [0.14-0.14],0.143015017,0.143015017,0.143015017,,2025-12-19T14:24:05Z,2012,01/01/2012,31/12/2012,,
9077853,MALARIA_EST_INCIDENCE,COUNTRY,TKM,EUR,Europe,YEAR,2000,,,,,,,,,0.08 [0.08-0.08],0.08057098,0.08057098,0.08057098,,2025-12-19T14:24:05Z,2000,01/01/2000,31/12/2000,,
9081153,MALARIA_EST_INCIDENCE,COUNTRY,GAB,AFR,Africa,YEAR,2019,,,,,,,,,190.72 [142.16-251.48],190.7161646,142.1647437,251.4781685,,2025-12-19T14:24:05Z,2019,01/01/2019,31/12/2019,,
9081359,MALARIA_EST_INCIDENCE,COUNTRY,ECU,AMR,Americas,YEAR,2006,,,,,,,,,1.24 [1.24-1.24],1.2355608,1.2355608,1.2355608,,2025-12-19T14:24:05Z,2006,01/01/2006,31/12/2006,,
9087237,MALARIA_EST_INCIDENCE,COUNTRY,GNB,AFR,Africa,YEAR,2024,,,,,,,,,110.13 [30.58-295.87],110.127776,30.57728841,295.8677099,,2025-12-19T14:24:05Z,2024,01/01/2024,31/12/2024,,
9099012,MALARIA_EST_INCIDENCE,COUNTRY,LBR,AFR,Africa,YEAR,2024,,,,,,,,,172.34 [103.43-268.04],172.34109,103.4256773,268.0435689,,2025-12-19T14:24:05Z,2024,01/01/2024,31/12/2024,,
9100505,MALARIA_EST_INCIDENCE,COUNTRY,TCD,AFR,Africa,YEAR,2002,,,,,,,,,243.18 [138.28-405.94],243.1752468,138.2798233,405.9418591,,2025-12-19T14:24:05Z,2002,01/01/2002,31/12/2002,,
9100707,MALARIA_EST_INCIDENCE,COUNTRY,DZA,AFR,Africa,YEAR,2006,,,,,,,,,0 [0-0],5.06318e-4,5.06318e-4,5.06318e-4,,2025-12-19T14:24:05Z,2006,01/01/2006,31/12/2006,,
9103198,MALARIA_EST_INCIDENCE,COUNTRY,COL,AMR,Americas,YEAR,2020,,,,,,,,,10.15 [7.70-12.72],10.15320313,7.704179017,12.71743402,,2025-12-19T14:24:05Z,2020,01/01/2020,31/12/2020,,
9109965,MALARIA_EST_INCIDENCE,COUNTRY,SSD,AFR,Africa,YEAR,2009,,,,,,,,,271.12 [219.30-330.80],271.1154668,219.2959506,330.7979337,,2025-12-19T14:24:05Z,2009,01/01/2009,31/12/2009,,
9110548,MALARIA_EST_INCIDENCE,COUNTRY,CMR,AFR,Africa,YEAR,2020,,,,,,,,,264.81 [198.03-345.84],264.811951,198.0330026,345.8377565,,2025-12-19T14:24:05Z,2020,01/01/2020,31/12/2020,,
9110641,MALARIA_EST_INCIDENCE,COUNTRY,AGO,AFR,Africa,YEAR,2013,,,,,,,,,158.10 [115.85-211.63],158.1038401,115.8460377,211.6336934,,2025-12-19T14:24:05Z,2013,01/01/2013,31/12/2013,,
9118232,MALARIA_EST_INCIDENCE,COUNTRY,BGD,SEAR,South-East Asia,YEAR,2017,,,,,,,,,1.91 [1.74-2.10],1.906934,1.738559011,2.103056821,,2025-12-19T14:24:05Z,2017,01/01/2017,31/12/2017,,
9119145,MALARIA_EST_INCIDENCE,COUNTRY,KHM,WPR,Western Pacific,YEAR,2009,,,,,,,,,41.97 [32.62-53.93],41.970636,32.61832909,53.93002531,,2025-12-19T14:24:05Z,2009,01/01/2009,31/12/2009,,
9144455,MALARIA_EST_INCIDENCE,COUNTRY,BRA,AMR,Americas,YEAR,2013,,,,,,,,,4.91 [4.38-5.31],4.906270353,4.383062297,5.306409029,,2025-12-19T14:24:05Z,2013,01/01/2013,31/12/2013,,
9144725,MALARIA_EST_INCIDENCE,COUNTRY,BRA,AMR,Americas,YEAR,2024,,,,,,,,,3.75 [3.36-4.06],3.753812822,3.359697679,4.061004803,,2025-12-19T14:24:05Z,2024,01/01/2024,31/12/2024,,
9149792,MALARIA_EST_INCIDENCE,COUNTRY,MDG,AFR,Africa,YEAR,2020,,,,,,,,,138.73 [92.13-189.60],138.7306278,92.1305288,189.5956053,,2025-12-19T14:24:05Z,2020,01/01/2020,31/12/2020,,
9150978,MALARIA_EST_INCIDENCE,REGION,AFR,,,YEAR,2011,,,,,,,,,273.69 [251.92-301.10],273.6858658,251.9217723,301.0970204,,2025-12-19T14:24:05Z,2011,01/01/2011,31/12/2011,,
9154149,MALARIA_EST_INCIDENCE,COUNTRY,NER,AFR,Africa,YEAR,2016,,,,,,,,,389.33 [248.58-586.05],389.3292161,248.5819951,586.0495808,,2025-12-19T14:24:05Z,2016,01/01/2016,31/12/2016,,
9154441,MALARIA_EST_INCIDENCE,COUNTRY,MRT,AFR,Africa,YEAR,2005,,,,,,,,,84.33 [26.14-163.78],84.3280398,26.14228777,163.7782497,,2025-12-19T14:24:05Z,2005,01/01/2005,31/12/2005,,
9173381,MALARIA_EST_INCIDENCE,COUNTRY,BDI,AFR,Africa,YEAR,2024,,,,,,,,,314.90 [188.03-497.35],314.8994439,188.0255526,497.3526006,,2025-12-19T14:24:05Z,2024,01/01/2024,31/12/2024,,
9179038,MALARIA_EST_INCIDENCE,COUNTRY,BRA,AMR,Americas,YEAR,2001,,,,,,,,,13.05 [11.35-14.91],13.051834940000001,11.34971334,14.90626948,,2025-12-19T14:24:05Z,2001,01/01/2001,31/12/2001,,
9186435,MALARIA_EST_INCIDENCE,COUNTRY,DZA,AFR,Africa,YEAR,2013,,,,,,,,,0 [0-0],0.003545395,0.003545395,0.003545395,,2025-12-19T14:24:05Z,2013,01/01/2013,31/12/2013,,
9193349,MALARIA_EST_INCIDENCE,REGION,SEAR,,,YEAR,2005,,,,,,,,,22.14 [16.87-29.56],22.13631652,16.87272074,29.56210128,,2025-12-19T14:24:05Z,2005,01/01/2005,31/12/2005,,
9195593,MALARIA_EST_INCIDENCE,COUNTRY,MEX,AMR,Americas,YEAR,2014,,,,,,,,,0.26 [0.26-0.26],0.258326094,0.258326094,0.258326094,,2025-12-19T14:24:05Z,2014,01/01/2014,31/12/2014,,
9204834,MALARIA_EST_INCIDENCE,COUNTRY,KAZ,EUR,Europe,YEAR,2024,,,,,,,,,0 [0-0],0,0,0,,2025-12-19T14:24:05Z,2024,01/01/2024,31/12/2024,,
9218945,MALARIA_EST_INCIDENCE,COUNTRY,SYR,EMR,Eastern Mediterranean,YEAR,2014,,,,,,,,,0 [0-0],0,0,0,,2025-12-19T14:24:05Z,2014,01/01/2014,31/12/2014,,
9219374,MALARIA_EST_INCIDENCE,COUNTRY,GNQ,AFR,Africa,YEAR,2022,,,,,,,,,237.56 [154.43-345.38],237.5643524,154.4305243,345.381166,,2025-12-19T14:24:05Z,2022,01/01/2022,31/12/2022,,
9220311,MALARIA_EST_INCIDENCE,COUNTRY,BTN,SEAR,South-East Asia,YEAR,2003,,,,,,,,,8.07 [8.07-8.07],8.065780829,8.065780829,8.065780829,,2025-12-19T14:24:05Z,2003,01/01/2003,31/12/2003,,
9223624,MALARIA_EST_INCIDENCE,REGION,WPR,,,YEAR,2018,,,,,,,,,2.10 [1.65-2.63],2.09528881,1.65223184,2.627364727,,2025-12-19T14:24:05Z,2018,01/01/2018,31/12/2018,,
9224318,MALARIA_EST_INCIDENCE,COUNTRY,SLV,AMR,Americas,YEAR,2020,,,,,,,,,0 [0-0],0,0,0,,2025-12-19T14:24:05Z,2020,01/01/2020,31/12/2020,,
9224821,MALARIA_EST_INCIDENCE,COUNTRY,PER,AMR,Americas,YEAR,2018,,,,,,,,,4.67 [3.82-5.54],4.665913267,3.823803924,5.538635805,,2025-12-19T14:24:05Z,2018,01/01/2018,31/12/2018,,
9239267,MALARIA_EST_INCIDENCE,COUNTRY,BGD,SEAR,South-East Asia,YEAR,2016,,,,,,,,,1.82 [1.66-2.02],1.824561023,1.65855257,2.01837988,,2025-12-19T14:24:05Z,2016,01/01/2016,31/12/2016,,
9249235,MALARIA_EST_INCIDENCE,COUNTRY,NIC,AMR,Americas,YEAR,2013,,,,,,,,,0.28 [0.23-0.33],0.279350668,0.232249411,0.329485662,,2025-12-19T14:24:05Z,2013,01/01/2013,31/12/2013,,
9256280,MALARIA_EST_INCIDENCE,COUNTRY,DJI,EMR,Eastern Mediterranean,YEAR,2022,,,,,,,,,47.67 [47.67-47.67],47.66807782,47.66807782,47.66807782,,2025-12-19T14:24:05Z,2022,01/01/2022,31/12/2022,,
9256647,MALARIA_EST_INCIDENCE,COUNTRY,MLI,AFR,Africa,YEAR,2007,,,,,,,,,378.67 [264.55-532.75],378.6707326,264.5501387,532.7548179,,2025-12-19T14:24:05Z,2007,01/01/2007,31/12/2007,,
9264950,MALARIA_EST_INCIDENCE,COUNTRY,LAO,WPR,Western Pacific,YEAR,2017,,,,,,,,,4.00 [2.90-5.29],4.000499481,2.903490723,5.288106339,,2025-12-19T14:24:05Z,2017,01/01/2017,31/12/2017,,
9269154,MALARIA_EST_INCIDENCE,COUNTRY,LBR,AFR,Africa,YEAR,2006,,,,,,,,,390.79 [283.00-523.76],390.7942223,282.9956133,523.7614824,,2025-12-19T14:24:05Z,2006,01/01/2006,31/12/2006,,
9271825,MALARIA_EST_INCIDENCE,COUNTRY,ZAF,AFR,Africa,YEAR,2024,,,,,,,,,0.11 [0.11-0.11],0.114830867,0.114830867,0.114830867,,2025-12-19T14:24:05Z,2024,01/01/2024,31/12/2024,,
9286614,MALARIA_EST_INCIDENCE,GLOBAL,GLOBAL,,,YEAR,2011,,,,,,,,,65.07 [60.34-70.99],65.07389664,60.33797037,70.98804392,,2025-12-19T14:24:05Z,2011,01/01/2011,31/12/2011,,
9295031,MALARIA_EST_INCIDENCE,COUNTRY,PRK,SEAR,South-East Asia,YEAR,2018,,,,,,,,,0.36 [0.36-0.36],0.364789327,0.364789327,0.364789327,,2025-12-19T14:24:05Z,2018,01/01/2018,31/12/2018,,
9296247,MALARIA_EST_INCIDENCE,REGION,EMR,,,YEAR,2024,,,,,,,,,19.08 [14.94-24.96],19.07666106,14.94448588,24.95675867,,2025-12-19T14:24:05Z,2024,01/01/2024,31/12/2024,,
9296947,MALARIA_EST_INCIDENCE,COUNTRY,NIC,AMR,Americas,YEAR,2006,,,,,,,,,0.83 [0.69-0.98],0.826868812,0.68741465,0.975759721,,2025-12-19T14:24:05Z,2006,01/01/2006,31/12/2006,,
9301452,MALARIA_EST_INCIDENCE,COUNTRY,SLE,AFR,Africa,YEAR,2010,,,,,,,,,438.89 [338.11-558.82],438.8863123,338.1077854,558.8244012,,2025-12-19T14:24:05Z,2010,01/01/2010,31/12/2010,,
9302637,MALARIA_EST_INCIDENCE,COUNTRY,GNQ,AFR,Africa,YEAR,2024,,,,,,,,,227.73 [148.94-333.80],227.7301751,148.9378822,333.7953682,,2025-12-19T14:24:05Z,2024,01/01/2024,31/12/2024,,
9306119,MALARIA_EST_INCIDENCE,COUNTRY,ECU,AMR,Americas,YEAR,2011,,,,,,,,,0.14 [0.14-0.14],0.140350926,0.140350926,0.140350926,,2025-12-19T14:24:05Z,2011,01/01/2011,31/12/2011,,
9307855,MALARIA_EST_INCIDENCE,COUNTRY,GNQ,AFR,Africa,YEAR,2010,,,,,,,,,288.37 [200.01-401.26],288.3687878,200.0093349,401.263051,,2025-12-19T14:24:05Z,2010,01/01/2010,31/12/2010,,
9313113,MALARIA_EST_INCIDENCE,COUNTRY,CPV,AFR,Africa,YEAR,2014,,,,,,,,,0.20 [0.20-0.20],0.195189334,0.195189334,0.195189334,,2025-12-19T14:24:05Z,2014,01/01/2014,31/12/2014,,
9320347,MALARIA_EST_INCIDENCE,COUNTRY,COG,AFR,Africa,YEAR,2007,,,,,,,,,254.97 [171.57-362.27],254.971699,171.5706595,362.2723236,,2025-12-19T14:24:05Z,2007,01/01/2007,31/12/2007,,
9321944,MALARIA_EST_INCIDENCE,COUNTRY,KEN,AFR,Africa,YEAR,2022,,,,,,,,,82.09 [44.42-140.06],82.09391795,44.41943831,140.0607249,,2025-12-19T14:24:05Z,2022,01/01/2022,31/12/2022,,
9322020,MALARIA_EST_INCIDENCE,COUNTRY,LKA,SEAR,South-East Asia,YEAR,2022,,,,,,,,,0 [0-0],0,0,0,,2025-12-19T14:24:05Z,2022,01/01/2022,31/12/2022,,
9337685,MALARIA_EST_INCIDENCE,COUNTRY,NAM,AFR,Africa,YEAR,2011,,,,,,,,,1.81 [1.25-2.78],1.814932101,1.252006727,2.781095827,,2025-12-19T14:24:05Z,2011,01/01/2011,31/12/2011,,
9338155,MALARIA_EST_INCIDENCE,COUNTRY,TGO,AFR,Africa,YEAR,2000,,,,,,,,,445.12 [326.99-589.26],445.1167268,326.993201,589.2620694,,2025-12-19T14:24:05Z,2000,01/01/2000,31/12/2000,,
9340157,MALARIA_EST_INCIDENCE,COUNTRY,ARM,EUR,Europe,YEAR,2008,,,,,,,,,0 [0-0],0,0,0,,2025-12-19T14:24:05Z,2008,01/01/2008,31/12/2008,,
9343693,MALARIA_EST_INCIDENCE,COUNTRY,SLB,WPR,Western Pacific,YEAR,2003,,,,,,,,,518.28 [363.95-750.52],518.2787963,363.9472384,750.5246581,,2025-12-19T14:24:05Z,2003,01/01/2003,31/12/2003,,
9344377,MALARIA_EST_INCIDENCE,COUNTRY,KGZ,EUR,Europe,YEAR,2018,,,,,,,,,0 [0-0],0,0,0,,2025-12-19T14:24:05Z,2018,01/01/2018,31/12/2018,,
9344722,MALARIA_EST_INCIDENCE,COUNTRY,ECU,AMR,Americas,YEAR,2023,,,,,,,,,0.06 [0.06-0.06],0.059277794,0.059277794,0.059277794,,2025-12-19T14:24:05Z,2023,01/01/2023,31/12/2023,,
9351339,MALARIA_EST_INCIDENCE,COUNTRY,BGD,SEAR,South-East Asia,YEAR,2013,,,,,,,,,1.87 [1.66-2.11],1.872846447,1.663237501,2.106525448,,2025-12-19T14:24:05Z,2013,01/01/2013,31/12/2013,,
9356388,MALARIA_EST_INCIDENCE,COUNTRY,UZB,EUR,Europe,YEAR,2008,,,,,,,,,0.25 [0.25-0.25],0.254601004,0.254601004,0.254601004,,2025-12-19T14:24:05Z,2008,01/01/2008,31/12/2008,,
9364489,MALARIA_EST_INCIDENCE,COUNTRY,CPV,AFR,Africa,YEAR,2023,,,,,,,,,0 [0-0],0,0,0,,2025-12-19T14:24:05Z,2023,01/01/2023,31/12/2023,,
9389947,MALARIA_EST_INCIDENCE,COUNTRY,DZA,AFR,Africa,YEAR,2024,,,,,,,,,0 [0-0],0,0,0,,2025-12-19T14:24:05Z,2024,01/01/2024,31/12/2024,,
9390284,MALARIA_EST_INCIDENCE,COUNTRY,DZA,AFR,Africa,YEAR,2018,,,,,,,,,0 [0-0],0,0,0,,2025-12-19T14:24:05Z,2018,01/01/2018,31/12/2018,,
9390307,MALARIA_EST_INCIDENCE,COUNTRY,BFA,AFR,Africa,YEAR,2007,,,,,,,,,519.27 [409.31-648.87],519.2678256,409.3066028,648.8723539,,2025-12-19T14:24:05Z,2007,01/01/2007,31/12/2007,,
9397664,MALARIA_EST_INCIDENCE,COUNTRY,SLE,AFR,Africa,YEAR,2021,,,,,,,,,305.82 [177.27-491.16],305.8165182,177.2749142,491.1572119,,2025-12-19T14:24:05Z,2021,01/01/2021,31/12/2021,,
9404500,MALARIA_EST_INCIDENCE,REGION,WPR,,,YEAR,2024,,,,,,,,,2.33 [1.85-2.83],2.326553895,1.854611506,2.833816635,,2025-12-19T14:24:05Z,2024,01/01/2024,31/12/2024,,
9415054,MALARIA_EST_INCIDENCE,COUNTRY,TLS,SEAR,South-East Asia,YEAR,2015,,,,,,,,,0.10 [0.08-0.11],0.097049946,0.082051318,0.113813119,,2025-12-19T14:24:05Z,2015,01/01/2015,31/12/2015,,
9415487,MALARIA_EST_INCIDENCE,COUNTRY,CPV,AFR,Africa,YEAR,2021,,,,,,,,,0 [0-0],0,0,0,,2025-12-19T14:24:05Z,2021,01/01/2021,31/12/2021,,
9420010,MALARIA_EST_INCIDENCE,COUNTRY,AZE,EUR,Europe,YEAR,2013,,,,,,,,,0 [0-0],0,0,0,,2025-12-19T14:24:05Z,2013,01/01/2013,31/12/2013,,
9420013,MALARIA_EST_INCIDENCE,GLOBAL,GLOBAL,,,YEAR,2007,,,,,,,,,70.21 [65.03-76.75],70.21448854,65.03032242,76.74579006,,2025-12-19T14:24:05Z,2007,01/01/2007,31/12/2007,,
9440176,MALARIA_EST_INCIDENCE,COUNTRY,SEN,AFR,Africa,YEAR,2020,,,,,,,,,35.59 [28.12-43.45],35.58551473,28.12338084,43.44792483,,2025-12-19T14:24:05Z,2020,01/01/2020,31/12/2020,,
9447494,MALARIA_EST_INCIDENCE,COUNTRY,CAF,AFR,Africa,YEAR,2002,,,,,,,,,447.85 [273.59-693.92],447.8468587,273.5875271,693.9182959,,2025-12-19T14:24:05Z,2002,01/01/2002,31/12/2002,,
9458071,MALARIA_EST_INCIDENCE,COUNTRY,NAM,AFR,Africa,YEAR,2024,,,,,,,,,7.20 [5.70-8.84],7.199087298,5.701467175,8.83769561,,2025-12-19T14:24:05Z,2024,01/01/2024,31/12/2024,,
9458876,MALARIA_EST_INCIDENCE,COUNTRY,COL,AMR,Americas,YEAR,2005,,,,,,,,,17.89 [13.82-22.16],17.89430482,13.81577805,22.16231776,,2025-12-19T14:24:05Z,2005,01/01/2005,31/12/2005,,
9483041,MALARIA_EST_INCIDENCE,COUNTRY,MRT,AFR,Africa,YEAR,2017,,,,,,,,,72.79 [25.22-149.33],72.78655602,25.21778374,149.3258679,,2025-12-19T14:24:05Z,2017,01/01/2017,31/12/2017,,
9504207,MALARIA_EST_INCIDENCE,COUNTRY,NIC,AMR,Americas,YEAR,2023,,,,,,,,,1.42 [1.18-1.67],1.41637186,1.177549582,1.671506145,,2025-12-19T14:24:05Z,2023,01/01/2023,31/12/2023,,
9522289,MALARIA_EST_INCIDENCE,COUNTRY,PRY,AMR,Americas,YEAR,2007,,,,,,,,,6.68 [6.68-6.68],6.68042391,6.68042391,6.68042391,,2025-12-19T14:24:05Z,2007,01/01/2007,31/12/2007,,
9528153,MALARIA_EST_INCIDENCE,COUNTRY,MAR,EMR,Eastern Mediterranean,YEAR,2002,,,,,,,,,0 [0-0],6.50726e-4,6.50726e-4,6.50726e-4,,2025-12-19T14:24:05Z,2002,01/01/2002,31/12/2002,,
9529612,MALARIA_EST_INCIDENCE,COUNTRY,CPV,AFR,Africa,YEAR,2007,,,,,,,,,0.14 [0.14-0.14],0.139525149,0.139525149,0.139525149,,2025-12-19T14:24:05Z,2007,01/01/2007,31/12/2007,,
9547578,MALARIA_EST_INCIDENCE,COUNTRY,KEN,AFR,Africa,YEAR,2008,,,,,,,,,79.78 [60.18-103.54],79.77661578,60.17991447,103.5412911,,2025-12-19T14:24:05Z,2008,01/01/2008,31/12/2008,,
9548279,MALARIA_EST_INCIDENCE,REGION,WPR,,,YEAR,2021,,,,,,,,,1.77 [1.40-2.16],1.767315784,1.398935012,2.16377023,,2025-12-19T14:24:05Z,2021,01/01/2021,31/12/2021,,
9560009,MALARIA_EST_INCIDENCE,COUNTRY,BOL,AMR,Americas,YEAR,2005,,,,,,,,,6.43 [5.03-7.91],6.427589656,5.030031603,7.912527465,,2025-12-19T14:24:05Z,2005,01/01/2005,31/12/2005,,
9567130,MALARIA_EST_INCIDENCE,COUNTRY,MDG,AFR,Africa,YEAR,2021,,,,,,,,,166.33 [106.29-230.78],166.3284226,106.2935672,230.784155,,2025-12-19T14:24:05Z,2021,01/01/2021,31/12/2021,,
9572368,MALARIA_EST_INCIDENCE,COUNTRY,GEO,EUR,Europe,YEAR,2011,,,,,,,,,0 [0-0],0,0,0,,2025-12-19T14:24:05Z,2011,01/01/2011,31/12/2011,,
9597748,MALARIA_EST_INCIDENCE,COUNTRY,HND,AMR,Americas,YEAR,2006,,,,,,,,,2.48 [1.83-3.16],2.482568814,1.832577855,3.156919746,,2025-12-19T14:24:05Z,2006,01/01/2006,31/12/2006,,
9597823,MALARIA_EST_INCIDENCE,COUNTRY,LAO,WPR,Western Pacific,YEAR,2001,,,,,,,,,21.61 [16.61-27.54],21.60927942,16.61032361,27.53615962,,2025-12-19T14:24:05Z,2001,01/01/2001,31/12/2001,,
9610820,MALARIA_EST_INCIDENCE,COUNTRY,GTM,AMR,Americas,YEAR,2015,,,,,,,,,0.54 [0.48-0.62],0.537595705,0.479123256,0.61953924,,2025-12-19T14:24:05Z,2015,01/01/2015,31/12/2015,,
9616085,MALARIA_EST_INCIDENCE,COUNTRY,CRI,AMR,Americas,YEAR,2010,,,,,,,,,0.07 [0.07-0.07],0.068983423,0.068983423,0.068983423,,2025-12-19T14:24:05Z,2010,01/01/2010,31/12/2010,,
9630439,MALARIA_EST_INCIDENCE,COUNTRY,MWI,AFR,Africa,YEAR,2011,,,,,,,,,395.25 [318.78-484.14],395.2465971,318.7805691,484.1447182,,2025-12-19T14:24:05Z,2011,01/01/2011,31/12/2011,,
9636452,MALARIA_EST_INCIDENCE,COUNTRY,DJI,EMR,Eastern Mediterranean,YEAR,2005,,,,,,,,,3.07 [2.37-3.78],3.071632764,2.367683817,3.777170761,,2025-12-19T14:24:05Z,2005,01/01/2005,31/12/2005,,
9636977,MALARIA_EST_INCIDENCE,COUNTRY,DJI,EMR,Eastern Mediterranean,YEAR,2001,,,,,,,,,3.07 [2.37-3.78],3.072151474,2.366784113,3.775789994,,2025-12-19T14:24:05Z,2001,01/01/2001,31/12/2001,,
9641599,MALARIA_EST_INCIDENCE,COUNTRY,KHM,WPR,Western Pacific,YEAR,2022,,,,,,,,,0.33 [0.33-0.33],0.3307168,0.3307168,0.3307168,,2025-12-19T14:24:05Z,2022,01/01/2022,31/12/2022,,
9642780,MALARIA_EST_INCIDENCE,COUNTRY,PNG,WPR,Western Pacific,YEAR,2015,,,,,,,,,101.19 [65.96-143.90],101.1897641,65.9557646,143.9015927,,2025-12-19T14:24:05Z,2015,01/01/2015,31/12/2015,,
9648403,MALARIA_EST_INCIDENCE,COUNTRY,AZE,EUR,Europe,YEAR,2018,,,,,,,,,0 [0-0],0,0,0,,2025-12-19T14:24:05Z,2018,01/01/2018,31/12/2018,,
9673289,MALARIA_EST_INCIDENCE,COUNTRY,CAF,AFR,Africa,YEAR,2015,,,,,,,,,410.31 [232.43-672.06],410.3099375,232.4329167,672.0584881,,2025-12-19T14:24:05Z,2015,01/01/2015,31/12/2015,,
9700253,MALARIA_EST_INCIDENCE,COUNTRY,OMN,EMR,Eastern Mediterranean,YEAR,2001,,,,,,,,,0 [0-0],8.6572e-4,8.6572e-4,8.6572e-4,,2025-12-19T14:24:05Z,2001,01/01/2001,31/12/2001,,
9711364,MALARIA_EST_INCIDENCE,COUNTRY,YEM,EMR,Eastern Mediterranean,YEAR,2004,,,,,,,,,67.24 [30.93-316.38],67.23547827,30.93118964,316.3810813,,2025-12-19T14:24:05Z,2004,01/01/2004,31/12/2004,,
9712466,MALARIA_EST_INCIDENCE,REGION,EUR,,,YEAR,2020,,,,,,,,,0 [0-0],0,0,0,,2025-12-19T14:24:05Z,2020,01/01/2020,31/12/2020,,
9737121,MALARIA_EST_INCIDENCE,COUNTRY,GTM,AMR,Americas,YEAR,2011,,,,,,,,,0.71 [0.64-0.82],0.713539182,0.636794318,0.823780448,,2025-12-19T14:24:05Z,2011,01/01/2011,31/12/2011,,
9737690,MALARIA_EST_INCIDENCE,COUNTRY,KGZ,EUR,Europe,YEAR,2016,,,,,,,,,0 [0-0],0,0,0,,2025-12-19T14:24:05Z,2016,01/01/2016,31/12/2016,,
9743702,MALARIA_EST_INCIDENCE,COUNTRY,YEM,EMR,Eastern Mediterranean,YEAR,2002,,,,,,,,,97.49 [46.53-432.23],97.49046014,46.52927595,432.2272152,,2025-12-19T14:24:05Z,2002,01/01/2002,31/12/2002,,
9748870,MALARIA_EST_INCIDENCE,COUNTRY,ECU,AMR,Americas,YEAR,2007,,,,,,,,,1.01 [1.01-1.01],1.009099009,1.009099009,1.009099009,,2025-12-19T14:24:05Z,2007,01/01/2007,31/12/2007,,
9755195,MALARIA_EST_INCIDENCE,COUNTRY,PAN,AMR,Americas,YEAR,2003,,,,,,,,,2.22 [2.13-2.37],2.217418362,2.134598558,2.365277446,,2025-12-19T14:24:05Z,2003,01/01/2003,31/12/2003,,
9756753,MALARIA_EST_INCIDENCE,COUNTRY,BEN,AFR,Africa,YEAR,2022,,,,,,,,,376.60 [266.25-521.30],376.601112,266.2502598,521.3034231,,2025-12-19T14:24:05Z,2022,01/01/2022,31/12/2022,,
9775946,MALARIA_EST_INCIDENCE,COUNTRY,TCD,AFR,Africa,YEAR,2000,,,,,,,,,272.13 [159.61-435.96],272.1289102,159.6090575,435.9609616,,2025-12-19T14:24:05Z,2000,01/01/2000,31/12/2000,,
9780558,MALARIA_EST_INCIDENCE,REGION,AFR,,,YEAR,2008,,,,,,,,,293.79 [271.91-319.39],293.789034,271.9088092,319.3937824,,2025-12-19T14:24:05Z,2008,01/01/2008,31/12/2008,,
9793569,MALARIA_EST_INCIDENCE,COUNTRY,GNQ,AFR,Africa,YEAR,2004,,,,,,,,,346.23 [249.54-469.67],346.232315,249.5362345,469.6730862,,2025-12-19T14:24:05Z,2004,01/01/2004,31/12/2004,,
9812269,MALARIA_EST_INCIDENCE,COUNTRY,VUT,WPR,Western Pacific,YEAR,2013,,,,,,,,,21.77 [16.21-30.06],21.76578304,16.20929968,30.06106522,,2025-12-19T14:24:05Z,2013,01/01/2013,31/12/2013,,
9836769,MALARIA_EST_INCIDENCE,COUNTRY,IRN,EMR,Eastern Mediterranean,YEAR,2012,,,,,,,,,0.93 [0.93-0.93],0.932903737,0.932903737,0.932903737,,2025-12-19T14:24:05Z,2012,01/01/2012,31/12/2012,,
9836778,MALARIA_EST_INCIDENCE,REGION,AFR,,,YEAR,2017,,,,,,,,,241.79 [223.71-262.89],241.7948659,223.7072952,262.8936095,,2025-12-19T14:24:05Z,2017,01/01/2017,31/12/2017,,
9847914,MALARIA_EST_INCIDENCE,COUNTRY,MYS,WPR,Western Pacific,YEAR,2018,,,,,,,,,0 [0-0],0,0,0,,2025-12-19T14:24:05Z,2018,01/01/2018,31/12/2018,,
9854691,MALARIA_EST_INCIDENCE,COUNTRY,DZA,AFR,Africa,YEAR,2016,,,,,,,,,0 [0-0],0,0,0,,2025-12-19T14:24:05Z,2016,01/01/2016,31/12/2016,,
9866482,MALARIA_EST_INCIDENCE,COUNTRY,UZB,EUR,Europe,YEAR,2011,,,,,,,,,0 [0-0],0,0,0,,2025-12-19T14:24:05Z,2011,01/01/2011,31/12/2011,,
9879119,MALARIA_EST_INCIDENCE,COUNTRY,COG,AFR,Africa,YEAR,2010,,,,,,,,,214.44 [138.58-315.92],214.4367578,138.5772384,315.9158358,,2025-12-19T14:24:05Z,2010,01/01/2010,31/12/2010,,
9885882,MALARIA_EST_INCIDENCE,COUNTRY,TGO,AFR,Africa,YEAR,2022,,,,,,,,,278.59 [201.67-371.43],278.590208,201.6713133,371.4259751,,2025-12-19T14:24:05Z,2022,01/01/2022,31/12/2022,,
9886643,MALARIA_EST_INCIDENCE,COUNTRY,SLB,WPR,Western Pacific,YEAR,2010,,,,,,,,,173.27 [125.50-249.11],173.2722056,125.5038966,249.109143,,2025-12-19T14:24:05Z,2010,01/01/2010,31/12/2010,,
9904259,MALARIA_EST_INCIDENCE,COUNTRY,UGA,AFR,Africa,YEAR,2021,,,,,,,,,268.61 [183.05-380.19],268.61237620000003,183.045766,380.1948605,,2025-12-19T14:24:05Z,2021,01/01/2021,31/12/2021,,
9910501,MALARIA_EST_INCIDENCE,COUNTRY,SDN,EMR,Eastern Mediterranean,YEAR,2022,,,,,,,,,72.02 [41.25-117.43],72.02381694,41.24812627,117.4320902,,2025-12-19T14:24:05Z,2022,01/01/2022,31/12/2022,,
9935870,MALARIA_EST_INCIDENCE,COUNTRY,CAF,AFR,Africa,YEAR,2006,,,,,,,,,467.93 [303.02-684.82],467.9287341,303.0226068,684.8246485,,2025-12-19T14:24:05Z,2006,01/01/2006,31/12/2006,,
9948924,MALARIA_EST_INCIDENCE,COUNTRY,MRT,AFR,Africa,YEAR,2014,,,,,,,,,56.30 [20.04-112.14],56.3040842,20.04370909,112.1371878,,2025-12-19T14:24:05Z,2014,01/01/2014,31/12/2014,,
9975501,MALARIA_EST_INCIDENCE,COUNTRY,BEN,AFR,Africa,YEAR,2000,,,,,,,,,416.00 [311.37-540.53],416.003669,311.3651454,540.5272177,,2025-12-19T14:24:05Z,2000,01/01/2000,31/12/2000,,
9981662,MALARIA_EST_INCIDENCE,COUNTRY,DZA,AFR,Africa,YEAR,2003,,,,,,,,,0 [0-0],0.002645493,0.002645493,0.002645493,,2025-12-19T14:24:05Z,2003,01/01/2003,31/12/2003,,
10017495,MALARIA_EST_INCIDENCE,COUNTRY,SOM,EMR,Eastern Mediterranean,YEAR,2020,,,,,,,,,56.50 [38.18-79.94],56.50004594,38.17925175,79.93582291,,2025-12-19T14:24:05Z,2020,01/01/2020,31/12/2020,,
10023675,MALARIA_EST_INCIDENCE,COUNTRY,LKA,SEAR,South-East Asia,YEAR,2018,,,,,,,,,0 [0-0],0,0,0,,2025-12-19T14:24:05Z,2018,01/01/2018,31/12/2018,,
10042998,MALARIA_EST_INCIDENCE,COUNTRY,MWI,AFR,Africa,YEAR,2003,,,,,,,,,404.31 [323.52-496.78],404.3123655,323.5239428,496.7776229,,2025-12-19T14:24:05Z,2003,01/01/2003,31/12/2003,,
10049813,MALARIA_EST_INCIDENCE,COUNTRY,SDN,EMR,Eastern Mediterranean,YEAR,2005,,,,,,,,,53.25 [36.44-75.28],53.24647853,36.43987692,75.28244354,,2025-12-19T14:24:05Z,2005,01/01/2005,31/12/2005,,
10061679,MALARIA_EST_INCIDENCE,COUNTRY,BGD,SEAR,South-East Asia,YEAR,2006,,,,,,,,,4.34 [2.57-6.56],4.343902128,2.568276123,6.559023489,,2025-12-19T14:24:05Z,2006,01/01/2006,31/12/2006,,
10073303,MALARIA_EST_INCIDENCE,COUNTRY,BOL,AMR,Americas,YEAR,2008,,,,,,,,,2.96 [2.31-3.62],2.955893416,2.307202355,3.61622009,,2025-12-19T14:24:05Z,2008,01/01/2008,31/12/2008,,
10074702,MALARIA_EST_INCIDENCE,COUNTRY,PAK,EMR,Eastern Mediterranean,YEAR,2008,,,,,,,,,4.10 [1.50-10.54],4.099872596,1.498685266,10.54224293,,2025-12-19T14:24:05Z,2008,01/01/2008,31/12/2008,,
10079644,MALARIA_EST_INCIDENCE,COUNTRY,IDN,WPR,Western Pacific,YEAR,2007,,,,,,,,,5.28 [4.36-6.52],5.283880248,4.364990926,6.523133407,,2025-12-19T14:24:05Z,2007,01/01/2007,31/12/2007,,
10086118,MALARIA_EST_INCIDENCE,COUNTRY,IDN,WPR,Western Pacific,YEAR,2017,,,,,,,,,2.78 [2.55-3.06],2.783790176,2.548964723,3.055137031,,2025-12-19T14:24:05Z,2017,01/01/2017,31/12/2017,,
10093889,MALARIA_EST_INCIDENCE,COUNTRY,BEN,AFR,Africa,YEAR,2006,,,,,,,,,508.93 [409.83-624.80],508.9275094,409.8286318,624.8013313,,2025-12-19T14:24:05Z,2006,01/01/2006,31/12/2006,,
10098749,MALARIA_EST_INCIDENCE,COUNTRY,VUT,WPR,Western Pacific,YEAR,2000,,,,,,,,,124.37 [67.67-202.71],124.3658774,67.6706159,202.7050531,,2025-12-19T14:24:05Z,2000,01/01/2000,31/12/2000,,
10105722,MALARIA_EST_INCIDENCE,COUNTRY,MAR,EMR,Eastern Mediterranean,YEAR,2005,,,,,,,,,0 [0-0],0,0,0,,2025-12-19T14:24:05Z,2005,01/01/2005,31/12/2005,,
10130948,MALARIA_EST_INCIDENCE,COUNTRY,PNG,WPR,Western Pacific,YEAR,2020,,,,,,,,,149.77 [102.97-201.18],149.7716169,102.9710735,201.1781174,,2025-12-19T14:24:05Z,2020,01/01/2020,31/12/2020,,
10157387,MALARIA_EST_INCIDENCE,COUNTRY,ZMB,AFR,Africa,YEAR,2012,,,,,,,,,206.15 [159.89-259.27],206.1546522,159.8948066,259.2735159,,2025-12-19T14:24:05Z,2012,01/01/2012,31/12/2012,,
10162300,MALARIA_EST_INCIDENCE,COUNTRY,BDI,AFR,Africa,YEAR,2021,,,,,,,,,349.97 [247.24-483.60],349.9654968,247.2358681,483.5974963,,2025-12-19T14:24:05Z,2021,01/01/2021,31/12/2021,,
10162636,MALARIA_EST_INCIDENCE,COUNTRY,ECU,AMR,Americas,YEAR,2016,,,,,,,,,0.13 [0.13-0.13],0.127332546,0.127332546,0.127332546,,2025-12-19T14:24:05Z,2016,01/01/2016,31/12/2016,,
10169496,MALARIA_EST_INCIDENCE,COUNTRY,BFA,AFR,Africa,YEAR,2019,,,,,,,,,356.49 [241.56-512.91],356.4877927,241.5595396,512.9091616,,2025-12-19T14:24:05Z,2019,01/01/2019,31/12/2019,,
10187873,MALARIA_EST_INCIDENCE,COUNTRY,OMN,EMR,Eastern Mediterranean,YEAR,2024,,,,,,,,,0 [0-0],0,0,0,,2025-12-19T14:24:05Z,2024,01/01/2024,31/12/2024,,
10207480,MALARIA_EST_INCIDENCE,COUNTRY,CRI,AMR,Americas,YEAR,2024,,,,,,,,,0.13 [0.13-0.13],0.133669884,0.133669884,0.133669884,,2025-12-19T14:24:05Z,2024,01/01/2024,31/12/2024,,
10208493,MALARIA_EST_INCIDENCE,COUNTRY,MYS,WPR,Western Pacific,YEAR,2001,,,,,,,,,13.58 [13.58-13.58],13.58041615,13.58041615,13.58041615,,2025-12-19T14:24:05Z,2001,01/01/2001,31/12/2001,,
10216646,MALARIA_EST_INCIDENCE,COUNTRY,KAZ,EUR,Europe,YEAR,2015,,,,,,,,,0 [0-0],0,0,0,,2025-12-19T14:24:05Z,2015,01/01/2015,31/12/2015,,
10217441,MALARIA_EST_INCIDENCE,COUNTRY,TLS,SEAR,South-East Asia,YEAR,2009,,,,,,,,,100.55 [65.39-140.55],100.5509172,65.38797181,140.5539951,,2025-12-19T14:24:05Z,2009,01/01/2009,31/12/2009,,
6085,MALARIA_EST_INCIDENCE,COUNTRY,SWZ,AFR,Africa,YEAR,2014,,,,,,,,,1.22 [1.22-1.22],1.222643739,1.222643739,1.222643739,,2025-12-19T14:24:05Z,2014,01/01/2014,31/12/2014,,
6184,MALARIA_EST_INCIDENCE,COUNTRY,GTM,AMR,Americas,YEAR,2006,,,,,,,,,3.63 [3.22-4.26],3.627855549,3.217105701,4.255446812,,2025-12-19T14:24:05Z,2006,01/01/2006,31/12/2006,,
6537,MALARIA_EST_INCIDENCE,COUNTRY,VUT,WPR,Western Pacific,YEAR,2006,,,,,,,,,106.26 [65.69-163.98],106.2554707,65.69008397,163.9831097,,2025-12-19T14:24:05Z,2006,01/01/2006,31/12/2006,,
12429,MALARIA_EST_INCIDENCE,COUNTRY,UZB,EUR,Europe,YEAR,2015,,,,,,,,,0 [0-0],0,0,0,,2025-12-19T14:24:05Z,2015,01/01/2015,31/12/2015,,
31837,MALARIA_EST_INCIDENCE,COUNTRY,ZWE,AFR,Africa,YEAR,2020,,,,,,,,,94.30 [56.56-135.92],94.29687221,56.56121918,135.9160272,,2025-12-19T14:24:05Z,2020,01/01/2020,31/12/2020,,
55816,MALARIA_EST_INCIDENCE,COUNTRY,ARM,EUR,Europe,YEAR,2009,,,,,,,,,0 [0-0],0,0,0,,2025-12-19T14:24:05Z,2009,01/01/2009,31/12/2009,,
56650,MALARIA_EST_INCIDENCE,COUNTRY,PAK,EMR,Eastern Mediterranean,YEAR,2004,,,,,,,,,4.06 [2.27-7.92],4.059432905,2.265263387,7.924345973,,2025-12-19T14:24:05Z,2004,01/01/2004,31/12/2004,,
62257,MALARIA_EST_INCIDENCE,COUNTRY,BRA,AMR,Americas,YEAR,2003,,,,,,,,,12.70 [11.57-14.01],12.69966336,11.57284509,14.0140041,,2025-12-19T14:24:05Z,2003,01/01/2003,31/12/2003,,
62864,MALARIA_EST_INCIDENCE,COUNTRY,COD,AFR,Africa,YEAR,2014,,,,,,,,,297.36 [231.99-377.42],297.362933,231.9887451,377.4171433,,2025-12-19T14:24:05Z,2014,01/01/2014,31/12/2014,,
76188,MALARIA_EST_INCIDENCE,COUNTRY,YEM,EMR,Eastern Mediterranean,YEAR,2018,,,,,,,,,41.35 [27.16-61.98],41.34515201,27.15857607,61.98374569,,2025-12-19T14:24:05Z,2018,01/01/2018,31/12/2018,,
82515,MALARIA_EST_INCIDENCE,COUNTRY,COM,AFR,Africa,YEAR,2004,,,,,,,,,61.31 [41.10-82.41],61.30662093,41.09839092,82.40859371,,2025-12-19T14:24:05Z,2004,01/01/2004,31/12/2004,,
87878,MALARIA_EST_INCIDENCE,COUNTRY,TJK,EUR,Europe,YEAR,2018,,,,,,,,,0 [0-0],0,0,0,,2025-12-19T14:24:05Z,2018,01/01/2018,31/12/2018,,
100119,MALARIA_EST_INCIDENCE,COUNTRY,AGO,AFR,Africa,YEAR,2017,,,,,,,,,215.31 [167.48-271.90],215.3145581,167.481851,271.8965479,,2025-12-19T14:24:05Z,2017,01/01/2017,31/12/2017,,
106463,MALARIA_EST_INCIDENCE,COUNTRY,NER,AFR,Africa,YEAR,2000,,,,,,,,,359.24 [201.35-595.46],359.2388287,201.3506255,595.4585291,,2025-12-19T14:24:05Z,2000,01/01/2000,31/12/2000,,
125597,MALARIA_EST_INCIDENCE,COUNTRY,MLI,AFR,Africa,YEAR,2004,,,,,,,,,417.89 [285.55-592.32],417.889341,285.5485076,592.3221916,,2025-12-19T14:24:05Z,2004,01/01/2004,31/12/2004,,
152324,MALARIA_EST_INCIDENCE,COUNTRY,BOL,AMR,Americas,YEAR,2023,,,,,,,,,2.51 [1.96-3.08],2.509538135,1.960999725,3.08237982,,2025-12-19T14:24:05Z,2023,01/01/2023,31/12/2023,,
152628,MALARIA_EST_INCIDENCE,COUNTRY,NER,AFR,Africa,YEAR,2021,,,,,,,,,304.18 [174.81-491.94],304.176622,174.8104497,491.9402185,,2025-12-19T14:24:05Z,2021,01/01/2021,31/12/2021,,
184161,MALARIA_EST_INCIDENCE,COUNTRY,ARG,AMR,Americas,YEAR,2002,,,,,,,,,0.66 [0.66-0.66],0.657389585,0.657389585,0.657389585,,2025-12-19T14:24:05Z,2002,01/01/2002,31/12/2002,,
195964,MALARIA_EST_INCIDENCE,COUNTRY,CAF,AFR,Africa,YEAR,2009,,,,,,,,,463.55 [309.07-670.18],463.5486149,309.065546,670.1793601,,2025-12-19T14:24:05Z,2009,01/01/2009,31/12/2009,,
196796,MALARIA_EST_INCIDENCE,COUNTRY,ZWE,AFR,Africa,YEAR,2009,,,,,,,,,73.82 [28.79-130.19],73.81939894,28.79357902,130.1944818,,2025-12-19T14:24:05Z,2009,01/01/2009,31/12/2009,,
201617,MALARIA_EST_INCIDENCE,COUNTRY,YEM,EMR,Eastern Mediterranean,YEAR,2022,,,,,,,,,39.04 [24.33-60.59],39.04032364,24.3313323,60.58810792,,2025-12-19T14:24:05Z,2022,01/01/2022,31/12/2022,,
203326,MALARIA_EST_INCIDENCE,COUNTRY,ETH,AFR,Africa,YEAR,2014,,,,,,,,,144.07 [54.10-251.51],144.069847,54.10456645,251.5094851,,2025-12-19T14:24:05Z,2014,01/01/2014,31/12/2014,,
207761,MALARIA_EST_INCIDENCE,COUNTRY,IDN,WPR,Western Pacific,YEAR,2011,,,,,,,,,7.26 [6.54-8.09],7.261657785,6.544205879,8.08552137,,2025-12-19T14:24:05Z,2011,01/01/2011,31/12/2011,,
227354,MALARIA_EST_INCIDENCE,COUNTRY,PNG,WPR,Western Pacific,YEAR,2023,,,,,,,,,147.20 [101.59-195.45],147.2018026,101.5904168,195.4489667,,2025-12-19T14:24:05Z,2023,01/01/2023,31/12/2023,,
233512,MALARIA_EST_INCIDENCE,COUNTRY,NGA,AFR,Africa,YEAR,2010,,,,,,,,,363.36 [294.24-443.45],363.3581836,294.238556,443.4500325,,2025-12-19T14:24:05Z,2010,01/01/2010,31/12/2010,,
258766,MALARIA_EST_INCIDENCE,COUNTRY,SLV,AMR,Americas,YEAR,2014,,,,,,,,,0 [0-0],0.00479586,0.00479586,0.00479586,,2025-12-19T14:24:05Z,2014,01/01/2014,31/12/2014,,
270984,MALARIA_EST_INCIDENCE,COUNTRY,MAR,EMR,Eastern Mediterranean,YEAR,2019,,,,,,,,,0 [0-0],0,0,0,,2025-12-19T14:24:05Z,2019,01/01/2019,31/12/2019,,
279258,MALARIA_EST_INCIDENCE,COUNTRY,CHN,WPR,Western Pacific,YEAR,2001,,,,,,,,,0.04 [0.04-0.04],0.039711034,0.039711034,0.039711034,,2025-12-19T14:24:05Z,2001,01/01/2001,31/12/2001,,
284870,MALARIA_EST_INCIDENCE,COUNTRY,ECU,AMR,Americas,YEAR,2017,,,,,,,,,0.13 [0.13-0.13],0.134244172,0.134244172,0.134244172,,2025-12-19T14:24:05Z,2017,01/01/2017,31/12/2017,,
298230,MALARIA_EST_INCIDENCE,COUNTRY,ECU,AMR,Americas,YEAR,2003,,,,,,,,,6.87 [6.87-6.87],6.870469254,6.870469254,6.870469254,,2025-12-19T14:24:05Z,2003,01/01/2003,31/12/2003,,
303045,MALARIA_EST_INCIDENCE,COUNTRY,NER,AFR,Africa,YEAR,2012,,,,,,,,,427.97 [291.93-606.12],427.9695499,291.9310148,606.122827,,2025-12-19T14:24:05Z,2012,01/01/2012,31/12/2012,,
304087,MALARIA_EST_INCIDENCE,COUNTRY,KHM,WPR,Western Pacific,YEAR,2023,,,,,,,,,0.11 [0.11-0.11],0.110608269,0.110608269,0.110608269,,2025-12-19T14:24:05Z,2023,01/01/2023,31/12/2023,,
327991,MALARIA_EST_INCIDENCE,COUNTRY,AZE,EUR,Europe,YEAR,2014,,,,,,,,,0 [0-0],0,0,0,,2025-12-19T14:24:05Z,2014,01/01/2014,31/12/2014,,
328053,MALARIA_EST_INCIDENCE,COUNTRY,TCD,AFR,Africa,YEAR,2012,,,,,,,,,215.47 [160.48-284.73],215.4749261,160.4790692,284.7330836,,2025-12-19T14:24:05Z,2012,01/01/2012,31/12/2012,,
334956,MALARIA_EST_INCIDENCE,COUNTRY,PAN,AMR,Americas,YEAR,2021,,,,,,,,,1.43 [1.43-1.43],1.430572906,1.430572906,1.430572906,,2025-12-19T14:24:05Z,2021,01/01/2021,31/12/2021,,
346524,MALARIA_EST_INCIDENCE,COUNTRY,IND,SEAR,South-East Asia,YEAR,2024,,,,,,,,,1.48 [1.11-1.92],1.480563143,1.107077541,1.919614714,,2025-12-19T14:24:05Z,2024,01/01/2024,31/12/2024,,
348624,MALARIA_EST_INCIDENCE,COUNTRY,TUR,EUR,Europe,YEAR,2019,,,,,,,,,0 [0-0],0,0,0,,2025-12-19T14:24:05Z,2019,01/01/2019,31/12/2019,,
353372,MALARIA_EST_INCIDENCE,COUNTRY,COG,AFR,Africa,YEAR,2012,,,,,,,,,215.90 [138.32-322.95],215.8993345,138.3225379,322.9548988,,2025-12-19T14:24:05Z,2012,01/01/2012,31/12/2012,,
384658,MALARIA_EST_INCIDENCE,COUNTRY,VEN,AMR,Americas,YEAR,2000,,,,,,,,,2.90 [2.54-3.44],2.896189737,2.538047503,3.437395675,,2025-12-19T14:24:05Z,2000,01/01/2000,31/12/2000,,
386057,MALARIA_EST_INCIDENCE,COUNTRY,BLZ,AMR,Americas,YEAR,2011,,,,,,,,,0.32 [0.32-0.32],0.318816835,0.318816835,0.318816835,,2025-12-19T14:24:05Z,2011,01/01/2011,31/12/2011,,
410404,MALARIA_EST_INCIDENCE,COUNTRY,BTN,SEAR,South-East Asia,YEAR,2012,,,,,,,,,0.15 [0.15-0.15],0.154487873,0.154487873,0.154487873,,2025-12-19T14:24:05Z,2012,01/01/2012,31/12/2012,,
423912,MALARIA_EST_INCIDENCE,COUNTRY,DJI,EMR,Eastern Mediterranean,YEAR,2013,,,,,,,,,2.28 [2.28-2.28],2.280177486,2.280177486,2.280177486,,2025-12-19T14:24:05Z,2013,01/01/2013,31/12/2013,,
424909,MALARIA_EST_INCIDENCE,COUNTRY,MEX,AMR,Americas,YEAR,2021,,,,,,,,,0.09 [0.09-0.09],0.089426268,0.089426268,0.089426268,,2025-12-19T14:24:05Z,2021,01/01/2021,31/12/2021,,
442244,MALARIA_EST_INCIDENCE,COUNTRY,LBR,AFR,Africa,YEAR,2000,,,,,,,,,397.08 [250.86-599.91],397.0757989,250.8562502,599.9131865,,2025-12-19T14:24:05Z,2000,01/01/2000,31/12/2000,,
442337,MALARIA_EST_INCIDENCE,COUNTRY,SAU,EMR,Eastern Mediterranean,YEAR,2000,,,,,,,,,3.81 [3.81-3.81],3.809161471,3.809161471,3.809161471,,2025-12-19T14:24:05Z,2000,01/01/2000,31/12/2000,,
456504,MALARIA_EST_INCIDENCE,COUNTRY,TJK,EUR,Europe,YEAR,2005,,,,,,,,,1.00 [1.00-1.00],0.998332797,0.998332797,0.998332797,,2025-12-19T14:24:05Z,2005,01/01/2005,31/12/2005,,
456513,MALARIA_EST_INCIDENCE,COUNTRY,MMR,SEAR,South-East Asia,YEAR,2004,,,,,,,,,34.40 [24.02-50.95],34.40253157,24.02020027,50.94795947,,2025-12-19T14:24:05Z,2004,01/01/2004,31/12/2004,,
481936,MALARIA_EST_INCIDENCE,COUNTRY,CAF,AFR,Africa,YEAR,2021,,,,,,,,,364.25 [174.28-691.06],364.2528511,174.2769557,691.062577,,2025-12-19T14:24:05Z,2021,01/01/2021,31/12/2021,,
492590,MALARIA_EST_INCIDENCE,COUNTRY,IDN,WPR,Western Pacific,YEAR,2001,,,,,,,,,5.28 [4.36-6.50],5.283879922,4.356381306,6.501742,,2025-12-19T14:24:05Z,2001,01/01/2001,31/12/2001,,
505730,MALARIA_EST_INCIDENCE,COUNTRY,AZE,EUR,Europe,YEAR,2016,,,,,,,,,0 [0-0],0,0,0,,2025-12-19T14:24:05Z,2016,01/01/2016,31/12/2016,,
525310,MALARIA_EST_INCIDENCE,COUNTRY,STP,AFR,Africa,YEAR,2022,,,,,,,,,17.54 [17.54-17.54],17.5426968,17.5426968,17.5426968,,2025-12-19T14:24:05Z,2022,01/01/2022,31/12/2022,,
550851,MALARIA_EST_INCIDENCE,COUNTRY,KOR,WPR,Western Pacific,YEAR,2006,,,,,,,,,0.61 [0.61-0.61],0.610333836,0.610333836,0.610333836,,2025-12-19T14:24:05Z,2006,01/01/2006,31/12/2006,,
562689,MALARIA_EST_INCIDENCE,COUNTRY,MMR,SEAR,South-East Asia,YEAR,2020,,,,,,,,,1.78 [1.44-2.14],1.778154805,1.439946228,2.137471583,,2025-12-19T14:24:05Z,2020,01/01/2020,31/12/2020,,
569230,MALARIA_EST_INCIDENCE,COUNTRY,SLE,AFR,Africa,YEAR,2004,,,,,,,,,405.39 [272.78-578.81],405.3917347,272.7756242,578.8088418,,2025-12-19T14:24:05Z,2004,01/01/2004,31/12/2004,,
576595,MALARIA_EST_INCIDENCE,COUNTRY,GAB,AFR,Africa,YEAR,2010,,,,,,,,,177.88 [83.95-337.42],177.8770483,83.94587643,337.4243188,,2025-12-19T14:24:05Z,2010,01/01/2010,31/12/2010,,
581395,MALARIA_EST_INCIDENCE,COUNTRY,TGO,AFR,Africa,YEAR,2002,,,,,,,,,450.60 [326.84-611.92],450.6022512,326.838966,611.9225975,,2025-12-19T14:24:05Z,2002,01/01/2002,31/12/2002,,
581818,MALARIA_EST_INCIDENCE,COUNTRY,ARM,EUR,Europe,YEAR,2014,,,,,,,,,0 [0-0],0,0,0,,2025-12-19T14:24:05Z,2014,01/01/2014,31/12/2014,,
588261,MALARIA_EST_INCIDENCE,COUNTRY,RWA,AFR,Africa,YEAR,2015,,,,,,,,,308.04 [229.24-389.99],308.0374762,229.2430225,389.9888634,,2025-12-19T14:24:05Z,2015,01/01/2015,31/12/2015,,
625812,MALARIA_EST_INCIDENCE,COUNTRY,PRK,SEAR,South-East Asia,YEAR,2009,,,,,,,,,1.50 [1.50-1.50],1.504455634,1.504455634,1.504455634,,2025-12-19T14:24:05Z,2009,01/01/2009,31/12/2009,,
639761,MALARIA_EST_INCIDENCE,COUNTRY,NPL,SEAR,South-East Asia,YEAR,2012,,,,,,,,,1.71 [1.06-3.44],1.708489349,1.058073506,3.443543318,,2025-12-19T14:24:05Z,2012,01/01/2012,31/12/2012,,
639781,MALARIA_EST_INCIDENCE,COUNTRY,ARG,AMR,Americas,YEAR,2000,,,,,,,,,2.36 [2.36-2.36],2.364714165,2.364714165,2.364714165,,2025-12-19T14:24:05Z,2000,01/01/2000,31/12/2000,,
663785,MALARIA_EST_INCIDENCE,GLOBAL,GLOBAL,,,YEAR,2021,,,,,,,,,59.97 [54.62-66.67],59.96845745,54.61986913,66.66545709,,2025-12-19T14:24:05Z,2021,01/01/2021,31/12/2021,,
665543,MALARIA_EST_INCIDENCE,COUNTRY,ZAF,AFR,Africa,YEAR,2015,,,,,,,,,0.87 [0.87-0.87],0.874240373,0.874240373,0.874240373,,2025-12-19T14:24:05Z,2015,01/01/2015,31/12/2015,,
670503,MALARIA_EST_INCIDENCE,COUNTRY,VNM,WPR,Western Pacific,YEAR,2013,,,,,,,,,0.31 [0.29-0.35],0.311004802,0.286331155,0.349311125,,2025-12-19T14:24:05Z,2013,01/01/2013,31/12/2013,,
671242,MALARIA_EST_INCIDENCE,COUNTRY,ARM,EUR,Europe,YEAR,2020,,,,,,,,,0 [0-0],0,0,0,,2025-12-19T14:24:05Z,2020,01/01/2020,31/12/2020,,
676236,MALARIA_EST_INCIDENCE,COUNTRY,TZA,AFR,Africa,YEAR,2000,,,,,,,,,334.61 [256.77-428.26],334.6066207,256.7732477,428.2605816,,2025-12-19T14:24:05Z,2000,01/01/2000,31/12/2000,,
677100,MALARIA_EST_INCIDENCE,COUNTRY,GMB,AFR,Africa,YEAR,2012,,,,,,,,,256.47 [204.73-313.83],256.4693548,204.7274868,313.8255753,,2025-12-19T14:24:05Z,2012,01/01/2012,31/12/2012,,
701639,MALARIA_EST_INCIDENCE,COUNTRY,GUY,AMR,Americas,YEAR,2003,,,,,,,,,50.69 [41.69-60.74],50.68922725,41.68763375,60.73776604,,2025-12-19T14:24:05Z,2003,01/01/2003,31/12/2003,,
715728,MALARIA_EST_INCIDENCE,COUNTRY,COG,AFR,Africa,YEAR,2011,,,,,,,,,215.68 [137.69-319.30],215.6782055,137.6943446,319.3021589,,2025-12-19T14:24:05Z,2011,01/01/2011,31/12/2011,,
721202,MALARIA_EST_INCIDENCE,COUNTRY,TZA,AFR,Africa,YEAR,2018,,,,,,,,,111.48 [82.43-148.04],111.4820751,82.43315684,148.037103,,2025-12-19T14:24:05Z,2018,01/01/2018,31/12/2018,,
740827,MALARIA_EST_INCIDENCE,GLOBAL,GLOBAL,,,YEAR,2019,,,,,,,,,57.99 [53.48-63.15],57.98822724,53.47992889,63.15375463,,2025-12-19T14:24:05Z,2019,01/01/2019,31/12/2019,,
772678,MALARIA_EST_INCIDENCE,COUNTRY,ZWE,AFR,Africa,YEAR,2006,,,,,,,,,102.59 [23.54-257.51],102.5885008,23.53679702,257.5137757,,2025-12-19T14:24:05Z,2006,01/01/2006,31/12/2006,,
777507,MALARIA_EST_INCIDENCE,COUNTRY,ARG,AMR,Americas,YEAR,2023,,,,,,,,,0 [0-0],0,0,0,,2025-12-19T14:24:05Z,2023,01/01/2023,31/12/2023,,
778232,MALARIA_EST_INCIDENCE,REGION,EUR,,,YEAR,2007,,,,,,,,,0.04 [0.04-0.04],0.038917202,0.038917202,0.038917202,,2025-12-19T14:24:05Z,2007,01/01/2007,31/12/2007,,
790028,MALARIA_EST_INCIDENCE,COUNTRY,IRQ,EMR,Eastern Mediterranean,YEAR,2010,,,,,,,,,0 [0-0],0,0,0,,2025-12-19T14:24:05Z,2010,01/01/2010,31/12/2010,,
816243,MALARIA_EST_INCIDENCE,COUNTRY,CIV,AFR,Africa,YEAR,2009,,,,,,,,,426.16 [349.51-514.36],426.164242,349.5149909,514.3595145,,2025-12-19T14:24:05Z,2009,01/01/2009,31/12/2009,,
821625,MALARIA_EST_INCIDENCE,COUNTRY,PAN,AMR,Americas,YEAR,2005,,,,,,,,,1.74 [1.67-1.85],1.739403089,1.674980752,1.850678034,,2025-12-19T14:24:05Z,2005,01/01/2005,31/12/2005,,
829880,MALARIA_EST_INCIDENCE,COUNTRY,BWA,AFR,Africa,YEAR,2021,,,,,,,,,0.67 [0.51-0.94],0.67332158,0.514412662,0.937138647,,2025-12-19T14:24:05Z,2021,01/01/2021,31/12/2021,,
848350,MALARIA_EST_INCIDENCE,REGION,AFR,,,YEAR,2022,,,,,,,,,231.42 [208.81-258.28],231.4167331,208.8132329,258.280539,,2025-12-19T14:24:05Z,2022,01/01/2022,31/12/2022,,
872909,MALARIA_EST_INCIDENCE,COUNTRY,SDN,EMR,Eastern Mediterranean,YEAR,2024,,,,,,,,,98.25 [56.37-159.67],98.2517341,56.37278325,159.6665443,,2025-12-19T14:24:05Z,2024,01/01/2024,31/12/2024,,
892470,MALARIA_EST_INCIDENCE,COUNTRY,TUR,EUR,Europe,YEAR,2015,,,,,,,,,0 [0-0],0,0,0,,2025-12-19T14:24:05Z,2015,01/01/2015,31/12/2015,,
904295,MALARIA_EST_INCIDENCE,COUNTRY,ZWE,AFR,Africa,YEAR,2014,,,,,,,,,97.71 [72.11-124.84],97.70572,72.10578965,124.8368032,,2025-12-19T14:24:05Z,2014,01/01/2014,31/12/2014,,
918383,MALARIA_EST_INCIDENCE,COUNTRY,KGZ,EUR,Europe,YEAR,2010,,,,,,,,,0 [0-0],7.0035e-4,7.0035e-4,7.0035e-4,,2025-12-19T14:24:05Z,2010,01/01/2010,31/12/2010,,
918460,MALARIA_EST_INCIDENCE,COUNTRY,THA,SEAR,South-East Asia,YEAR,2021,,,,,,,,,0.18 [0.18-0.18],0.178238478,0.178238478,0.178238478,,2025-12-19T14:24:05Z,2021,01/01/2021,31/12/2021,,
918835,MALARIA_EST_INCIDENCE,COUNTRY,COL,AMR,Americas,YEAR,2009,,,,,,,,,11.28 [8.61-14.06],11.27965379,8.613261171,14.05858533,,2025-12-19T14:24:05Z,2009,01/01/2009,31/12/2009,,
936411,MALARIA_EST_INCIDENCE,COUNTRY,SUR,AMR,Americas,YEAR,2020,,,,,,,,,1.63 [1.63-1.63],1.625404969,1.625404969,1.625404969,,2025-12-19T14:24:05Z,2020,01/01/2020,31/12/2020,,
937063,MALARIA_EST_INCIDENCE,COUNTRY,GMB,AFR,Africa,YEAR,2021,,,,,,,,,62.48 [48.67-77.92],62.48347735,48.66946311,77.91792459,,2025-12-19T14:24:05Z,2021,01/01/2021,31/12/2021,,
937922,MALARIA_EST_INCIDENCE,COUNTRY,DZA,AFR,Africa,YEAR,2004,,,,,,,,,0 [0-0],0.001043523,0.001043523,0.001043523,,2025-12-19T14:24:05Z,2004,01/01/2004,31/12/2004,,
949346,MALARIA_EST_INCIDENCE,COUNTRY,KOR,WPR,Western Pacific,YEAR,2016,,,,,,,,,0.17 [0.17-0.17],0.167648422,0.167648422,0.167648422,,2025-12-19T14:24:05Z,2016,01/01/2016,31/12/2016,,
963000,MALARIA_EST_INCIDENCE,COUNTRY,VEN,AMR,Americas,YEAR,2010,,,,,,,,,4.02 [3.31-5.13],4.019352308,3.306199264,5.133850575,,2025-12-19T14:24:05Z,2010,01/01/2010,31/12/2010,,
963704,MALARIA_EST_INCIDENCE,COUNTRY,GUF,AMR,Americas,YEAR,2021,,,,,,,,,0.46 [0.46-0.46],0.456454826,0.456454826,0.456454826,,2025-12-19T14:24:05Z,2021,01/01/2021,31/12/2021,,
981063,MALARIA_EST_INCIDENCE,COUNTRY,LAO,WPR,Western Pacific,YEAR,2020,,,,,,,,,1.48 [1.07-1.96],1.484304798,1.07490455,1.962250158,,2025-12-19T14:24:05Z,2020,01/01/2020,31/12/2020,,
1000611,MALARIA_EST_INCIDENCE,COUNTRY,CRI,AMR,Americas,YEAR,2011,,,,,,,,,0.01 [0.01-0.01],0.006197933,0.006197933,0.006197933,,2025-12-19T14:24:05Z,2011,01/01/2011,31/12/2011,,
1007254,MALARIA_EST_INCIDENCE,COUNTRY,KEN,AFR,Africa,YEAR,2021,,,,,,,,,88.69 [58.34-129.85],88.68703596,58.33939663,129.8524883,,2025-12-19T14:24:05Z,2021,01/01/2021,31/12/2021,,
1012446,MALARIA_EST_INCIDENCE,COUNTRY,TUR,EUR,Europe,YEAR,2013,,,,,,,,,0 [0-0],0,0,0,,2025-12-19T14:24:05Z,2013,01/01/2013,31/12/2013,,
1031093,MALARIA_EST_INCIDENCE,COUNTRY,KGZ,EUR,Europe,YEAR,2024,,,,,,,,,0 [0-0],0,0,0,,2025-12-19T14:24:05Z,2024,01/01/2024,31/12/2024,,
1038288,MALARIA_EST_INCIDENCE,COUNTRY,KGZ,EUR,Europe,YEAR,2004,,,,,,,,,0.02 [0.02-0.02],0.02242279,0.02242279,0.02242279,,2025-12-19T14:24:05Z,2004,01/01/2004,31/12/2004,,
1038323,MALARIA_EST_INCIDENCE,COUNTRY,THA,SEAR,South-East Asia,YEAR,2003,,,,,,,,,3.03 [3.03-3.03],3.03467688,3.03467688,3.03467688,,2025-12-19T14:24:05Z,2003,01/01/2003,31/12/2003,,
1038766,MALARIA_EST_INCIDENCE,COUNTRY,GUF,AMR,Americas,YEAR,2022,,,,,,,,,0.13 [0.13-0.13],0.127237255,0.127237255,0.127237255,,2025-12-19T14:24:05Z,2022,01/01/2022,31/12/2022,,
1051006,MALARIA_EST_INCIDENCE,COUNTRY,VEN,AMR,Americas,YEAR,2003,,,,,,,,,2.90 [2.56-3.40],2.897341498,2.557008148,3.401732658,,2025-12-19T14:24:05Z,2003,01/01/2003,31/12/2003,,
1051302,MALARIA_EST_INCIDENCE,REGION,AFR,,,YEAR,2005,,,,,,,,,324.29 [299.09-358.37],324.2850285,299.0901214,358.3730917,,2025-12-19T14:24:05Z,2005,01/01/2005,31/12/2005,,
1058207,MALARIA_EST_INCIDENCE,COUNTRY,MDG,AFR,Africa,YEAR,2017,,,,,,,,,77.22 [55.79-101.13],77.22226814,55.79489726,101.1320312,,2025-12-19T14:24:05Z,2017,01/01/2017,31/12/2017,,
1071114,MALARIA_EST_INCIDENCE,COUNTRY,COM,AFR,Africa,YEAR,2013,,,,,,,,,76.35 [76.35-76.35],76.35250046,76.35250046,76.35250046,,2025-12-19T14:24:05Z,2013,01/01/2013,31/12/2013,,
1077074,MALARIA_EST_INCIDENCE,COUNTRY,CRI,AMR,Americas,YEAR,2019,,,,,,,,,0.05 [0.05-0.05],0.054290585,0.054290585,0.054290585,,2025-12-19T14:24:05Z,2019,01/01/2019,31/12/2019,,
1089702,MALARIA_EST_INCIDENCE,COUNTRY,TZA,AFR,Africa,YEAR,2022,,,,,,,,,132.39 [97.69-176.80],132.3930445,97.69358523,176.7966733,,2025-12-19T14:24:05Z,2022,01/01/2022,31/12/2022,,
1096076,MALARIA_EST_INCIDENCE,COUNTRY,TZA,AFR,Africa,YEAR,2017,,,,,,,,,123.18 [91.09-162.15],123.1838275,91.09410176,162.1515073,,2025-12-19T14:24:05Z,2017,01/01/2017,31/12/2017,,
1101304,MALARIA_EST_INCIDENCE,COUNTRY,CHN,WPR,Western Pacific,YEAR,2012,,,,,,,,,0 [0-0],4.26007e-4,4.26007e-4,4.26007e-4,,2025-12-19T14:24:05Z,2012,01/01/2012,31/12/2012,,
1101640,MALARIA_EST_INCIDENCE,COUNTRY,GUF,AMR,Americas,YEAR,2017,,,,,,,,,4.48 [3.98-5.15],4.48342442,3.979448244,5.151029224,,2025-12-19T14:24:05Z,2017,01/01/2017,31/12/2017,,
1107741,MALARIA_EST_INCIDENCE,COUNTRY,SLE,AFR,Africa,YEAR,2002,,,,,,,,,425.58 [280.71-620.17],425.579018,280.7050038,620.1684715,,2025-12-19T14:24:05Z,2002,01/01/2002,31/12/2002,,
1113186,MALARIA_EST_INCIDENCE,COUNTRY,GUF,AMR,Americas,YEAR,2018,,,,,,,,,4.12 [3.66-4.76],4.117079447,3.660340946,4.76037311,,2025-12-19T14:24:05Z,2018,01/01/2018,31/12/2018,,
1114694,MALARIA_EST_INCIDENCE,COUNTRY,NER,AFR,Africa,YEAR,2006,,,,,,,,,307.39 [190.10-473.27],307.3921646,190.1016786,473.2674468,,2025-12-19T14:24:05Z,2006,01/01/2006,31/12/2006,,
1127787,MALARIA_EST_INCIDENCE,COUNTRY,COL,AMR,Americas,YEAR,2023,,,,,,,,,12.66 [9.64-15.86],12.6616767,9.643556945,15.8556972,,2025-12-19T14:24:05Z,2023,01/01/2023,31/12/2023,,
1138560,MALARIA_EST_INCIDENCE,COUNTRY,SLB,WPR,Western Pacific,YEAR,2016,,,,,,,,,128.37 [109.38-153.55],128.369785,109.3835112,153.5537717,,2025-12-19T14:24:05Z,2016,01/01/2016,31/12/2016,,
1170441,MALARIA_EST_INCIDENCE,COUNTRY,SUR,AMR,Americas,YEAR,2001,,,,,,,,,222.68 [222.68-222.68],222.6845152,222.6845152,222.6845152,,2025-12-19T14:24:05Z,2001,01/01/2001,31/12/2001,,
1171919,MALARIA_EST_INCIDENCE,COUNTRY,GAB,AFR,Africa,YEAR,2024,,,,,,,,,187.00 [102.13-313.29],187.0020335,102.1293341,313.2878204,,2025-12-19T14:24:05Z,2024,01/01/2024,31/12/2024,,
1208588,MALARIA_EST_INCIDENCE,COUNTRY,HTI,AMR,Americas,YEAR,2016,,,,,,,,,3.81 [2.53-5.14],3.805186293,2.526509339,5.144930934,,2025-12-19T14:24:05Z,2016,01/01/2016,31/12/2016,,
1235310,MALARIA_EST_INCIDENCE,COUNTRY,NIC,AMR,Americas,YEAR,2004,,,,,,,,,1.88 [1.56-2.22],1.882477379,1.564379649,2.21716397,,2025-12-19T14:24:05Z,2004,01/01/2004,31/12/2004,,
1240194,MALARIA_EST_INCIDENCE,COUNTRY,VEN,AMR,Americas,YEAR,2012,,,,,,,,,4.19 [3.72-4.83],4.186124666,3.724044054,4.831118989,,2025-12-19T14:24:05Z,2012,01/01/2012,31/12/2012,,
1241927,MALARIA_EST_INCIDENCE,COUNTRY,VNM,WPR,Western Pacific,YEAR,2018,,,,,,,,,0.05 [0.05-0.06],0.053252802,0.049107628,0.059626008,,2025-12-19T14:24:05Z,2018,01/01/2018,31/12/2018,,
1253560,MALARIA_EST_INCIDENCE,COUNTRY,GAB,AFR,Africa,YEAR,2012,,,,,,,,,200.15 [103.00-351.55],200.1538804,103.0021566,351.553748,,2025-12-19T14:24:05Z,2012,01/01/2012,31/12/2012,,
1259467,MALARIA_EST_INCIDENCE,COUNTRY,VNM,WPR,Western Pacific,YEAR,2011,,,,,,,,,0.31 [0.28-0.35],0.309907148,0.284692492,0.349647073,,2025-12-19T14:24:05Z,2011,01/01/2011,31/12/2011,,
1267547,MALARIA_EST_INCIDENCE,COUNTRY,GMB,AFR,Africa,YEAR,2001,,,,,,,,,301.46 [222.93-390.51],301.4593204,222.9345135,390.5092839,,2025-12-19T14:24:05Z,2001,01/01/2001,31/12/2001,,
1285089,MALARIA_EST_INCIDENCE,COUNTRY,PNG,WPR,Western Pacific,YEAR,2024,,,,,,,,,151.76 [105.47-201.99],151.7625725,105.4662714,201.9865525,,2025-12-19T14:24:05Z,2024,01/01/2024,31/12/2024,,
1290923,MALARIA_EST_INCIDENCE,COUNTRY,TGO,AFR,Africa,YEAR,2004,,,,,,,,,478.67 [378.87-595.72],478.6739525,378.8655568,595.7189562,,2025-12-19T14:24:05Z,2004,01/01/2004,31/12/2004,,
1297735,MALARIA_EST_INCIDENCE,COUNTRY,MYS,WPR,Western Pacific,YEAR,2010,,,,,,,,,4.53 [4.53-4.53],4.531372821,4.531372821,4.531372821,,2025-12-19T14:24:05Z,2010,01/01/2010,31/12/2010,,
1303668,MALARIA_EST_INCIDENCE,COUNTRY,NIC,AMR,Americas,YEAR,2010,,,,,,,,,0.17 [0.14-0.20],0.173501215,0.144386285,0.204794813,,2025-12-19T14:24:05Z,2010,01/01/2010,31/12/2010,,
1311374,MALARIA_EST_INCIDENCE,COUNTRY,AFG,EMR,Eastern Mediterranean,YEAR,2018,,,,,,,,,22.33 [17.10-28.57],22.3310996,17.10178794,28.56949496,,2025-12-19T14:24:05Z,2018,01/01/2018,31/12/2018,,
1324270,MALARIA_EST_INCIDENCE,GLOBAL,GLOBAL,,,YEAR,2010,,,,,,,,,68.05 [62.98-74.90],68.05147165,62.9750462,74.90093673,,2025-12-19T14:24:05Z,2010,01/01/2010,31/12/2010,,
1324465,MALARIA_EST_INCIDENCE,COUNTRY,GNB,AFR,Africa,YEAR,2014,,,,,,,,,105.73 [45.34-208.39],105.7272265,45.3372739,208.392749,,2025-12-19T14:24:05Z,2014,01/01/2014,31/12/2014,,
1342924,MALARIA_EST_INCIDENCE,COUNTRY,PHL,WPR,Western Pacific,YEAR,2022,,,,,,,,,0.12 [0.09-0.17],0.123368422,0.086552927,0.165050999,,2025-12-19T14:24:05Z,2022,01/01/2022,31/12/2022,,
1344213,MALARIA_EST_INCIDENCE,COUNTRY,GTM,AMR,Americas,YEAR,2003,,,,,,,,,3.89 [3.44-4.59],3.892763204,3.437388695,4.589153795,,2025-12-19T14:24:05Z,2003,01/01/2003,31/12/2003,,
1344584,MALARIA_EST_INCIDENCE,COUNTRY,SWZ,AFR,Africa,YEAR,2005,,,,,,,,,0.92 [0.92-0.92],0.923455777,0.923455777,0.923455777,,2025-12-19T14:24:05Z,2005,01/01/2005,31/12/2005,,
1356706,MALARIA_EST_INCIDENCE,REGION,WPR,,,YEAR,2004,,,,,,,,,4.18 [2.95-5.70],4.184082317,2.951086433,5.703601707,,2025-12-19T14:24:05Z,2004,01/01/2004,31/12/2004,,
1357530,MALARIA_EST_INCIDENCE,COUNTRY,LAO,WPR,Western Pacific,YEAR,2018,,,,,,,,,4.22 [3.06-5.61],4.220569656,3.055289085,5.613170259,,2025-12-19T14:24:05Z,2018,01/01/2018,31/12/2018,,
1369814,MALARIA_EST_INCIDENCE,COUNTRY,SWZ,AFR,Africa,YEAR,2013,,,,,,,,,2.30 [2.30-2.30],2.300906772,2.300906772,2.300906772,,2025-12-19T14:24:05Z,2013,01/01/2013,31/12/2013,,
1374940,MALARIA_EST_INCIDENCE,COUNTRY,AFG,EMR,Eastern Mediterranean,YEAR,2011,,,,,,,,,15.99 [8.82-25.22],15.99025859,8.824262151,25.21942864,,2025-12-19T14:24:05Z,2011,01/01/2011,31/12/2011,,
1375880,MALARIA_EST_INCIDENCE,COUNTRY,PHL,WPR,Western Pacific,YEAR,2016,,,,,,,,,0.28 [0.20-0.37],0.279395834,0.199215622,0.36939114,,2025-12-19T14:24:05Z,2016,01/01/2016,31/12/2016,,
1375936,MALARIA_EST_INCIDENCE,COUNTRY,IRQ,EMR,Eastern Mediterranean,YEAR,2017,,,,,,,,,0 [0-0],0,0,0,,2025-12-19T14:24:05Z,2017,01/01/2017,31/12/2017,,
1375962,MALARIA_EST_INCIDENCE,COUNTRY,SSD,AFR,Africa,YEAR,2024,,,,,,,,,254.08 [152.97-390.43],254.0781492,152.9694812,390.4269703,,2025-12-19T14:24:05Z,2024,01/01/2024,31/12/2024,,
1387410,MALARIA_EST_INCIDENCE,COUNTRY,STP,AFR,Africa,YEAR,2014,,,,,,,,,8.91 [8.91-8.91],8.914096368,8.914096368,8.914096368,,2025-12-19T14:24:05Z,2014,01/01/2014,31/12/2014,,
1388571,MALARIA_EST_INCIDENCE,COUNTRY,PHL,WPR,Western Pacific,YEAR,2003,,,,,,,,,2.04 [1.54-2.61],2.043487674,1.538516864,2.608242796,,2025-12-19T14:24:05Z,2003,01/01/2003,31/12/2003,,
1393017,MALARIA_EST_INCIDENCE,COUNTRY,SLE,AFR,Africa,YEAR,2023,,,,,,,,,284.08 [158.71-473.93],284.0818617,158.7094522,473.9283302,,2025-12-19T14:24:05Z,2023,01/01/2023,31/12/2023,,
1398939,MALARIA_EST_INCIDENCE,REGION,SEAR,,,YEAR,2017,,,,,,,,,4.40 [3.48-5.42],4.395544284,3.478818117,5.416147844,,2025-12-19T14:24:05Z,2017,01/01/2017,31/12/2017,,
1401570,MALARIA_EST_INCIDENCE,COUNTRY,SAU,EMR,Eastern Mediterranean,YEAR,2011,,,,,,,,,0.02 [0.02-0.02],0.024648544,0.024648544,0.024648544,,2025-12-19T14:24:05Z,2011,01/01/2011,31/12/2011,,
1403901,MALARIA_EST_INCIDENCE,COUNTRY,MRT,AFR,Africa,YEAR,2022,,,,,,,,,57.55 [25.41-107.98],57.54714717,25.4120436,107.9753271,,2025-12-19T14:24:05Z,2022,01/01/2022,31/12/2022,,
1409209,MALARIA_EST_INCIDENCE,COUNTRY,MRT,AFR,Africa,YEAR,2010,,,,,,,,,36.28 [2.03-80.91],36.27552519,2.030690978,80.91135736,,2025-12-19T14:24:05Z,2010,01/01/2010,31/12/2010,,
1422688,MALARIA_EST_INCIDENCE,COUNTRY,MEX,AMR,Americas,YEAR,2023,,,,,,,,,0.02 [0.02-0.02],0.015997196,0.015997196,0.015997196,,2025-12-19T14:24:05Z,2023,01/01/2023,31/12/2023,,
1447294,MALARIA_EST_INCIDENCE,COUNTRY,MMR,SEAR,South-East Asia,YEAR,2010,,,,,,,,,35.29 [25.76-50.04],35.28743024,25.761231509999998,50.03673638,,2025-12-19T14:24:05Z,2010,01/01/2010,31/12/2010,,
1459360,MALARIA_EST_INCIDENCE,COUNTRY,VUT,WPR,Western Pacific,YEAR,2003,,,,,,,,,212.64 [139.51-319.84],212.6418459,139.5146105,319.8381288,,2025-12-19T14:24:05Z,2003,01/01/2003,31/12/2003,,
1459845,MALARIA_EST_INCIDENCE,COUNTRY,TJK,EUR,Europe,YEAR,2000,,,,,,,,,9.08 [9.08-9.08],9.081983192,9.081983192,9.081983192,,2025-12-19T14:24:05Z,2000,01/01/2000,31/12/2000,,
1467104,MALARIA_EST_INCIDENCE,COUNTRY,UZB,EUR,Europe,YEAR,2023,,,,,,,,,0 [0-0],0,0,0,,2025-12-19T14:24:05Z,2023,01/01/2023,31/12/2023,,
1490638,MALARIA_EST_INCIDENCE,COUNTRY,NGA,AFR,Africa,YEAR,2020,,,,,,,,,304.37 [218.69-414.28],304.3687915,218.6892779,414.2790151,,2025-12-19T14:24:05Z,2020,01/01/2020,31/12/2020,,
1504471,MALARIA_EST_INCIDENCE,COUNTRY,COD,AFR,Africa,YEAR,2008,,,,,,,,,429.83 [349.35-522.87],429.8277221,349.3524876,522.8705954,,2025-12-19T14:24:05Z,2008,01/01/2008,31/12/2008,,
1511457,MALARIA_EST_INCIDENCE,COUNTRY,KEN,AFR,Africa,YEAR,2024,,,,,,,,,74.17 [37.31-131.02],74.1683085,37.3067339,131.0189816,,2025-12-19T14:24:05Z,2024,01/01/2024,31/12/2024,,
1522526,MALARIA_EST_INCIDENCE,COUNTRY,SAU,EMR,Eastern Mediterranean,YEAR,2023,,,,,,,,,0 [0-0],0,0,0,,2025-12-19T14:24:05Z,2023,01/01/2023,31/12/2023,,
1523261,MALARIA_EST_INCIDENCE,COUNTRY,DJI,EMR,Eastern Mediterranean,YEAR,2007,,,,,,,,,3.07 [2.37-3.78],3.072465978,2.368009759,3.776922197,,2025-12-19T14:24:05Z,2007,01/01/2007,31/12/2007,,
1523905,MALARIA_EST_INCIDENCE,COUNTRY,SWZ,AFR,Africa,YEAR,2007,,,,,,,,,0.28 [0.28-0.28],0.275051818,0.275051818,0.275051818,,2025-12-19T14:24:05Z,2007,01/01/2007,31/12/2007,,
1528454,MALARIA_EST_INCIDENCE,COUNTRY,NER,AFR,Africa,YEAR,2010,,,,,,,,,410.05 [291.33-566.76],410.0521523,291.3335511,566.7609905,,2025-12-19T14:24:05Z,2010,01/01/2010,31/12/2010,,
1529326,MALARIA_EST_INCIDENCE,COUNTRY,GMB,AFR,Africa,YEAR,2009,,,,,,,,,239.74 [178.52-311.93],239.7396205,178.5240582,311.9274274,,2025-12-19T14:24:05Z,2009,01/01/2009,31/12/2009,,
1536607,MALARIA_EST_INCIDENCE,COUNTRY,GUF,AMR,Americas,YEAR,2001,,,,,,,,,48.84 [42.89-57.85],48.83960362,42.88747801,57.84849427,,2025-12-19T14:24:05Z,2001,01/01/2001,31/12/2001,,
1542584,MALARIA_EST_INCIDENCE,COUNTRY,LKA,SEAR,South-East Asia,YEAR,2002,,,,,,,,,9.09 [9.09-9.09],9.090685576,9.090685576,9.090685576,,2025-12-19T14:24:05Z,2002,01/01/2002,31/12/2002,,
1548068,MALARIA_EST_INCIDENCE,COUNTRY,UGA,AFR,Africa,YEAR,2003,,,,,,,,,479.36 [381.44-594.08],479.3627641,381.4390028,594.0760449,,2025-12-19T14:24:05Z,2003,01/01/2003,31/12/2003,,
1559733,MALARIA_EST_INCIDENCE,COUNTRY,PAN,AMR,Americas,YEAR,2000,,,,,,,,,0.54 [0.52-0.58],0.540916812,0.520589049,0.576118548,,2025-12-19T14:24:05Z,2000,01/01/2000,31/12/2000,,
1560202,MALARIA_EST_INCIDENCE,COUNTRY,UZB,EUR,Europe,YEAR,2021,,,,,,,,,0 [0-0],0,0,0,,2025-12-19T14:24:05Z,2021,01/01/2021,31/12/2021,,
1561594,MALARIA_EST_INCIDENCE,COUNTRY,SYR,EMR,Eastern Mediterranean,YEAR,2007,,,,,,,,,0 [0-0],0,0,0,,2025-12-19T14:24:05Z,2007,01/01/2007,31/12/2007,,
1561766,MALARIA_EST_INCIDENCE,COUNTRY,IRQ,EMR,Eastern Mediterranean,YEAR,2019,,,,,,,,,0 [0-0],0,0,0,,2025-12-19T14:24:05Z,2019,01/01/2019,31/12/2019,,
1567312,MALARIA_EST_INCIDENCE,COUNTRY,ETH,AFR,Africa,YEAR,2018,,,,,,,,,36.46 [20.11-54.81],36.4607078,20.1053938,54.80551822,,2025-12-19T14:24:05Z,2018,01/01/2018,31/12/2018,,
1580139,MALARIA_EST_INCIDENCE,COUNTRY,PRK,SEAR,South-East Asia,YEAR,2021,,,,,,,,,0.23 [0.23-0.23],0.229835069,0.229835069,0.229835069,,2025-12-19T14:24:05Z,2021,01/01/2021,31/12/2021,,
1604158,MALARIA_EST_INCIDENCE,COUNTRY,COL,AMR,Americas,YEAR,2012,,,,,,,,,8.32 [6.32-10.40],8.316945827,6.318014987,10.39692579,,2025-12-19T14:24:05Z,2012,01/01/2012,31/12/2012,,
1611604,MALARIA_EST_INCIDENCE,COUNTRY,TCD,AFR,Africa,YEAR,2016,,,,,,,,,214.30 [130.66-329.45],214.2996233,130.6576532,329.4489723,,2025-12-19T14:24:05Z,2016,01/01/2016,31/12/2016,,
1617874,MALARIA_EST_INCIDENCE,COUNTRY,SAU,EMR,Eastern Mediterranean,YEAR,2004,,,,,,,,,0.58 [0.58-0.58],0.584109657,0.584109657,0.584109657,,2025-12-19T14:24:05Z,2004,01/01/2004,31/12/2004,,
1618136,MALARIA_EST_INCIDENCE,COUNTRY,DZA,AFR,Africa,YEAR,2022,,,,,,,,,0 [0-0],0,0,0,,2025-12-19T14:24:05Z,2022,01/01/2022,31/12/2022,,
1643800,MALARIA_EST_INCIDENCE,COUNTRY,COL,AMR,Americas,YEAR,2002,,,,,,,,,32.64 [24.47-41.33],32.64437445,24.4739501,41.33329338,,2025-12-19T14:24:05Z,2002,01/01/2002,31/12/2002,,
1643954,MALARIA_EST_INCIDENCE,COUNTRY,AGO,AFR,Africa,YEAR,2008,,,,,,,,,228.06 [172.79-296.20],228.0570314,172.7929417,296.1978295,,2025-12-19T14:24:05Z,2008,01/01/2008,31/12/2008,,
1648822,MALARIA_EST_INCIDENCE,COUNTRY,BWA,AFR,Africa,YEAR,2017,,,,,,,,,1.96 [1.51-2.67],1.955008195,1.505832086,2.671018301,,2025-12-19T14:24:05Z,2017,01/01/2017,31/12/2017,,
1655558,MALARIA_EST_INCIDENCE,COUNTRY,AGO,AFR,Africa,YEAR,2011,,,,,,,,,157.06 [117.61-205.06],157.062634,117.605634,205.0635002,,2025-12-19T14:24:05Z,2011,01/01/2011,31/12/2011,,
1674999,MALARIA_EST_INCIDENCE,COUNTRY,CRI,AMR,Americas,YEAR,2005,,,,,,,,,2.37 [2.37-2.37],2.374225075,2.374225075,2.374225075,,2025-12-19T14:24:05Z,2005,01/01/2005,31/12/2005,,
1682297,MALARIA_EST_INCIDENCE,COUNTRY,SUR,AMR,Americas,YEAR,2023,,,,,,,,,0 [0-0],0,0,0,,2025-12-19T14:24:05Z,2023,01/01/2023,31/12/2023,,
1699642,MALARIA_EST_INCIDENCE,COUNTRY,COL,AMR,Americas,YEAR,2010,,,,,,,,,16.60 [12.62-20.68],16.60040854,12.61663935,20.67974428,,2025-12-19T14:24:05Z,2010,01/01/2010,31/12/2010,,
1699977,MALARIA_EST_INCIDENCE,COUNTRY,SYR,EMR,Eastern Mediterranean,YEAR,2010,,,,,,,,,0 [0-0],0,0,0,,2025-12-19T14:24:05Z,2010,01/01/2010,31/12/2010,,
1712949,MALARIA_EST_INCIDENCE,COUNTRY,PRY,AMR,Americas,YEAR,2012,,,,,,,,,0 [0-0],0,0,0,,2025-12-19T14:24:05Z,2012,01/01/2012,31/12/2012,,
1719885,MALARIA_EST_INCIDENCE,COUNTRY,SLV,AMR,Americas,YEAR,2008,,,,,,,,,0.03 [0.03-0.03],0.026961952,0.026961952,0.026961952,,2025-12-19T14:24:05Z,2008,01/01/2008,31/12/2008,,
1725755,MALARIA_EST_INCIDENCE,COUNTRY,UZB,EUR,Europe,YEAR,2020,,,,,,,,,0 [0-0],0,0,0,,2025-12-19T14:24:05Z,2020,01/01/2020,31/12/2020,,
1731267,MALARIA_EST_INCIDENCE,COUNTRY,GUY,AMR,Americas,YEAR,2013,,,,,,,,,76.61 [57.08-105.48],76.60985492,57.08216837,105.4813799,,2025-12-19T14:24:05Z,2013,01/01/2013,31/12/2013,,
1744203,MALARIA_EST_INCIDENCE,COUNTRY,ARG,AMR,Americas,YEAR,2011,,,,,,,,,0 [0-0],0,0,0,,2025-12-19T14:24:05Z,2011,01/01/2011,31/12/2011,,
1750575,MALARIA_EST_INCIDENCE,COUNTRY,BOL,AMR,Americas,YEAR,2017,,,,,,,,,1.20 [0.94-1.48],1.203684148,0.940204586,1.477257559,,2025-12-19T14:24:05Z,2017,01/01/2017,31/12/2017,,
1751981,MALARIA_EST_INCIDENCE,COUNTRY,BLZ,AMR,Americas,YEAR,2017,,,,,,,,,0.03 [0.03-0.03],0.027183516,0.027183516,0.027183516,,2025-12-19T14:24:05Z,2017,01/01/2017,31/12/2017,,
1758146,MALARIA_EST_INCIDENCE,COUNTRY,SLV,AMR,Americas,YEAR,2019,,,,,,,,,0 [0-0],0,0,0,,2025-12-19T14:24:05Z,2019,01/01/2019,31/12/2019,,
1763324,MALARIA_EST_INCIDENCE,COUNTRY,IRN,EMR,Eastern Mediterranean,YEAR,2020,,,,,,,,,0 [0-0],0,0,0,,2025-12-19T14:24:05Z,2020,01/01/2020,31/12/2020,,
1769527,MALARIA_EST_INCIDENCE,COUNTRY,EGY,EMR,Eastern Mediterranean,YEAR,2018,,,,,,,,,0 [0-0],0,0,0,,2025-12-19T14:24:05Z,2018,01/01/2018,31/12/2018,,
1795325,MALARIA_EST_INCIDENCE,COUNTRY,BOL,AMR,Americas,YEAR,2009,,,,,,,,,2.94 [2.29-3.61],2.936566079,2.293311984,3.606888342,,2025-12-19T14:24:05Z,2009,01/01/2009,31/12/2009,,
1813559,MALARIA_EST_INCIDENCE,COUNTRY,COM,AFR,Africa,YEAR,2020,,,,,,,,,5.67 [5.67-5.67],5.667177369,5.667177369,5.667177369,,2025-12-19T14:24:05Z,2020,01/01/2020,31/12/2020,,
1815019,MALARIA_EST_INCIDENCE,COUNTRY,THA,SEAR,South-East Asia,YEAR,2000,,,,,,,,,6.57 [6.57-6.57],6.570644147,6.570644147,6.570644147,,2025-12-19T14:24:05Z,2000,01/01/2000,31/12/2000,,
1821265,MALARIA_EST_INCIDENCE,COUNTRY,BFA,AFR,Africa,YEAR,2004,,,,,,,,,559.01 [448.15-687.41],559.009411,448.1488268,687.4108507,,2025-12-19T14:24:05Z,2004,01/01/2004,31/12/2004,,
1821529,MALARIA_EST_INCIDENCE,COUNTRY,SEN,AFR,Africa,YEAR,2005,,,,,,,,,132.26 [39.22-230.18],132.258173,39.21985654,230.179502,,2025-12-19T14:24:05Z,2005,01/01/2005,31/12/2005,,
1827704,MALARIA_EST_INCIDENCE,COUNTRY,SOM,EMR,Eastern Mediterranean,YEAR,2006,,,,,,,,,118.99 [87.42-158.77],118.9933835,87.42485195,158.7684107,,2025-12-19T14:24:05Z,2006,01/01/2006,31/12/2006,,
1834764,MALARIA_EST_INCIDENCE,COUNTRY,BGD,SEAR,South-East Asia,YEAR,2023,,,,,,,,,1.10 [0.94-1.28],1.102654564,0.939008364,1.279671316,,2025-12-19T14:24:05Z,2023,01/01/2023,31/12/2023,,
1839301,MALARIA_EST_INCIDENCE,COUNTRY,MOZ,AFR,Africa,YEAR,2007,,,,,,,,,388.02 [320.10-465.85],388.0202286,320.0973852,465.8503446,,2025-12-19T14:24:05Z,2007,01/01/2007,31/12/2007,,
1852085,MALARIA_EST_INCIDENCE,COUNTRY,PAK,EMR,Eastern Mediterranean,YEAR,2015,,,,,,,,,4.68 [2.44-9.60],4.682778163,2.437196214,9.598552438,,2025-12-19T14:24:05Z,2015,01/01/2015,31/12/2015,,
1852211,MALARIA_EST_INCIDENCE,COUNTRY,PAN,AMR,Americas,YEAR,2022,,,,,,,,,1.61 [1.61-1.61],1.609622736,1.609622736,1.609622736,,2025-12-19T14:24:05Z,2022,01/01/2022,31/12/2022,,
1853027,MALARIA_EST_INCIDENCE,COUNTRY,LKA,SEAR,South-East Asia,YEAR,2003,,,,,,,,,2.29 [2.29-2.29],2.290334679,2.290334679,2.290334679,,2025-12-19T14:24:05Z,2003,01/01/2003,31/12/2003,,
1860085,MALARIA_EST_INCIDENCE,COUNTRY,NPL,SEAR,South-East Asia,YEAR,2005,,,,,,,,,4.72 [1.95-10.91],4.715569244,1.946690509,10.91282911,,2025-12-19T14:24:05Z,2005,01/01/2005,31/12/2005,,
1884644,MALARIA_EST_INCIDENCE,COUNTRY,NIC,AMR,Americas,YEAR,2012,,,,,,,,,0.30 [0.25-0.35],0.301167003,0.250330629,0.354699245,,2025-12-19T14:24:05Z,2012,01/01/2012,31/12/2012,,
1903691,MALARIA_EST_INCIDENCE,COUNTRY,TLS,SEAR,South-East Asia,YEAR,2017,,,,,,,,,0.01 [0.01-0.01],0.013591135,0.013591135,0.013591135,,2025-12-19T14:24:05Z,2017,01/01/2017,31/12/2017,,
1909122,MALARIA_EST_INCIDENCE,COUNTRY,DOM,AMR,Americas,YEAR,2024,,,,,,,,,0.19 [0.19-0.19],0.191118442,0.191118442,0.191118442,,2025-12-19T14:24:05Z,2024,01/01/2024,31/12/2024,,
1921668,MALARIA_EST_INCIDENCE,COUNTRY,SAU,EMR,Eastern Mediterranean,YEAR,2016,,,,,,,,,0.08 [0.08-0.08],0.082576258,0.082576258,0.082576258,,2025-12-19T14:24:05Z,2016,01/01/2016,31/12/2016,,
1927700,MALARIA_EST_INCIDENCE,COUNTRY,SEN,AFR,Africa,YEAR,2021,,,,,,,,,41.85 [33.06-51.11],41.85352816,33.06127868,51.1073964,,2025-12-19T14:24:05Z,2021,01/01/2021,31/12/2021,,
1940867,MALARIA_EST_INCIDENCE,COUNTRY,EGY,EMR,Eastern Mediterranean,YEAR,2010,,,,,,,,,0 [0-0],0,0,0,,2025-12-19T14:24:05Z,2010,01/01/2010,31/12/2010,,
1960110,MALARIA_EST_INCIDENCE,COUNTRY,SLV,AMR,Americas,YEAR,2021,,,,,,,,,0 [0-0],0,0,0,,2025-12-19T14:24:05Z,2021,01/01/2021,31/12/2021,,
1999202,MALARIA_EST_INCIDENCE,COUNTRY,GHA,AFR,Africa,YEAR,2009,,,,,,,,,340.42 [273.84-417.10],340.4182673,273.8384933,417.0970406,,2025-12-19T14:24:05Z,2009,01/01/2009,31/12/2009,,
2004037,MALARIA_EST_INCIDENCE,COUNTRY,VEN,AMR,Americas,YEAR,2018,,,,,,,,,31.86 [28.37-36.74],31.8553743,28.36792553,36.7372413,,2025-12-19T14:24:05Z,2018,01/01/2018,31/12/2018,,
2005826,MALARIA_EST_INCIDENCE,REGION,WPR,,,YEAR,2009,,,,,,,,,3.70 [2.63-5.00],3.697894866,2.630641271,5.002422075,,2025-12-19T14:24:05Z,2009,01/01/2009,31/12/2009,,
2024158,MALARIA_EST_INCIDENCE,COUNTRY,MWI,AFR,Africa,YEAR,2002,,,,,,,,,439.55 [351.92-541.59],439.5542589,351.9237145,541.5938172,,2025-12-19T14:24:05Z,2002,01/01/2002,31/12/2002,,
2035627,MALARIA_EST_INCIDENCE,COUNTRY,CPV,AFR,Africa,YEAR,2017,,,,,,,,,3.17 [3.17-3.17],3.172055912,3.172055912,3.172055912,,2025-12-19T14:24:05Z,2017,01/01/2017,31/12/2017,,
2036110,MALARIA_EST_INCIDENCE,COUNTRY,ZMB,AFR,Africa,YEAR,2006,,,,,,,,,225.93 [176.77-284.82],225.9331403,176.7706815,284.8232495,,2025-12-19T14:24:05Z,2006,01/01/2006,31/12/2006,,
2036316,MALARIA_EST_INCIDENCE,COUNTRY,GIN,AFR,Africa,YEAR,2013,,,,,,,,,413.73 [329.92-514.72],413.7324467,329.9210664,514.724115,,2025-12-19T14:24:05Z,2013,01/01/2013,31/12/2013,,
2050067,MALARIA_EST_INCIDENCE,COUNTRY,PHL,WPR,Western Pacific,YEAR,2012,,,,,,,,,0.33 [0.24-0.43],0.329735738,0.238525219,0.42921889,,2025-12-19T14:24:05Z,2012,01/01/2012,31/12/2012,,
2054811,MALARIA_EST_INCIDENCE,COUNTRY,BDI,AFR,Africa,YEAR,2016,,,,,,,,,321.30 [256.79-397.60],321.3045726,256.78991130000003,397.6015377,,2025-12-19T14:24:05Z,2016,01/01/2016,31/12/2016,,
2073736,MALARIA_EST_INCIDENCE,COUNTRY,GHA,AFR,Africa,YEAR,2006,,,,,,,,,311.34 [248.80-383.10],311.3405138,248.8023607,383.1004932,,2025-12-19T14:24:05Z,2006,01/01/2006,31/12/2006,,
2080635,MALARIA_EST_INCIDENCE,COUNTRY,BGD,SEAR,South-East Asia,YEAR,2018,,,,,,,,,0.70 [0.62-0.79],0.703458625,0.620838979,0.792208071,,2025-12-19T14:24:05Z,2018,01/01/2018,31/12/2018,,
2093004,MALARIA_EST_INCIDENCE,COUNTRY,ARM,EUR,Europe,YEAR,2012,,,,,,,,,0 [0-0],0,0,0,,2025-12-19T14:24:05Z,2012,01/01/2012,31/12/2012,,
2099965,MALARIA_EST_INCIDENCE,COUNTRY,HND,AMR,Americas,YEAR,2015,,,,,,,,,0.58 [0.45-0.71],0.579647789,0.44961546,0.713026538,,2025-12-19T14:24:05Z,2015,01/01/2015,31/12/2015,,
2107099,MALARIA_EST_INCIDENCE,COUNTRY,ETH,AFR,Africa,YEAR,2011,,,,,,,,,143.70 [57.57-375.29],143.6950999,57.57346562,375.2873071,,2025-12-19T14:24:05Z,2011,01/01/2011,31/12/2011,,
2145268,MALARIA_EST_INCIDENCE,COUNTRY,CIV,AFR,Africa,YEAR,2003,,,,,,,,,509.61 [415.21-620.82],509.6137406,415.2080514,620.8211773,,2025-12-19T14:24:05Z,2003,01/01/2003,31/12/2003,,
2189292,MALARIA_EST_INCIDENCE,COUNTRY,GEO,EUR,Europe,YEAR,2023,,,,,,,,,0 [0-0],0,0,0,,2025-12-19T14:24:05Z,2023,01/01/2023,31/12/2023,,
2194156,MALARIA_EST_INCIDENCE,COUNTRY,SLE,AFR,Africa,YEAR,2009,,,,,,,,,445.04 [344.09-561.84],445.0370778,344.0919763,561.8408837,,2025-12-19T14:24:05Z,2009,01/01/2009,31/12/2009,,
2206461,MALARIA_EST_INCIDENCE,COUNTRY,IDN,WPR,Western Pacific,YEAR,2004,,,,,,,,,4.77 [4.31-5.32],4.769889808,4.3073093,5.317998599,,2025-12-19T14:24:05Z,2004,01/01/2004,31/12/2004,,
2219937,MALARIA_EST_INCIDENCE,COUNTRY,LBR,AFR,Africa,YEAR,2018,,,,,,,,,331.58 [243.17-446.17],331.5848037,243.1743033,446.1716281,,2025-12-19T14:24:05Z,2018,01/01/2018,31/12/2018,,
2220494,MALARIA_EST_INCIDENCE,COUNTRY,BTN,SEAR,South-East Asia,YEAR,2022,,,,,,,,,0 [0-0],0,0,0,,2025-12-19T14:24:05Z,2022,01/01/2022,31/12/2022,,
2226112,MALARIA_EST_INCIDENCE,COUNTRY,MDG,AFR,Africa,YEAR,2019,,,,,,,,,71.73 [49.01-96.32],71.72675373,49.00686772,96.31751976,,2025-12-19T14:24:05Z,2019,01/01/2019,31/12/2019,,
2227190,MALARIA_EST_INCIDENCE,COUNTRY,COM,AFR,Africa,YEAR,2002,,,,,,,,,63.81 [42.78-85.77],63.81022073,42.77691203,85.77389014,,2025-12-19T14:24:05Z,2002,01/01/2002,31/12/2002,,
2231776,MALARIA_EST_INCIDENCE,COUNTRY,SSD,AFR,Africa,YEAR,2010,,,,,,,,,275.62 [215.64-346.79],275.6155299,215.638386,346.787446,,2025-12-19T14:24:05Z,2010,01/01/2010,31/12/2010,,
2250821,MALARIA_EST_INCIDENCE,COUNTRY,ERI,AFR,Africa,YEAR,2010,,,,,,,,,28.34 [18.04-40.02],28.34150373,18.04026978,40.02029923,,2025-12-19T14:24:05Z,2010,01/01/2010,31/12/2010,,
2251509,MALARIA_EST_INCIDENCE,COUNTRY,GNB,AFR,Africa,YEAR,2001,,,,,,,,,320.17 [190.02-509.94],320.1741415,190.0243048,509.9374402,,2025-12-19T14:24:05Z,2001,01/01/2001,31/12/2001,,
2264132,MALARIA_EST_INCIDENCE,COUNTRY,PNG,WPR,Western Pacific,YEAR,2019,,,,,,,,,140.10 [95.10-190.93],140.0950774,95.10034853,190.9319847,,2025-12-19T14:24:05Z,2019,01/01/2019,31/12/2019,,
2283013,MALARIA_EST_INCIDENCE,COUNTRY,GMB,AFR,Africa,YEAR,2013,,,,,,,,,204.12 [160.60-252.93],204.1187954,160.5970143,252.9275689,,2025-12-19T14:24:05Z,2013,01/01/2013,31/12/2013,,
2284071,MALARIA_EST_INCIDENCE,COUNTRY,PRK,SEAR,South-East Asia,YEAR,2007,,,,,,,,,0.50 [0.50-0.50],0.497659547,0.497659547,0.497659547,,2025-12-19T14:24:05Z,2007,01/01/2007,31/12/2007,,
2302196,MALARIA_EST_INCIDENCE,COUNTRY,AGO,AFR,Africa,YEAR,2023,,,,,,,,,255.47 [157.55-395.44],255.4718915,157.5463948,395.4405251,,2025-12-19T14:24:05Z,2023,01/01/2023,31/12/2023,,
2320937,MALARIA_EST_INCIDENCE,COUNTRY,SEN,AFR,Africa,YEAR,2007,,,,,,,,,98.57 [29.74-183.75],98.56509704,29.73784409,183.7545134,,2025-12-19T14:24:05Z,2007,01/01/2007,31/12/2007,,
2333271,MALARIA_EST_INCIDENCE,COUNTRY,DOM,AMR,Americas,YEAR,2020,,,,,,,,,0.16 [0.14-0.18],0.161125643,0.142489822,0.182070328,,2025-12-19T14:24:05Z,2020,01/01/2020,31/12/2020,,
2340213,MALARIA_EST_INCIDENCE,COUNTRY,PRY,AMR,Americas,YEAR,2021,,,,,,,,,0 [0-0],0,0,0,,2025-12-19T14:24:05Z,2021,01/01/2021,31/12/2021,,
2341765,MALARIA_EST_INCIDENCE,COUNTRY,CRI,AMR,Americas,YEAR,2022,,,,,,,,,0.23 [0.23-0.23],0.228267244,0.228267244,0.228267244,,2025-12-19T14:24:05Z,2022,01/01/2022,31/12/2022,,
2345974,MALARIA_EST_INCIDENCE,COUNTRY,LBR,AFR,Africa,YEAR,2001,,,,,,,,,406.05 [265.42-593.30],406.0517945,265.4237652,593.3045295,,2025-12-19T14:24:05Z,2001,01/01/2001,31/12/2001,,
2354052,MALARIA_EST_INCIDENCE,COUNTRY,AZE,EUR,Europe,YEAR,2006,,,,,,,,,0.70 [0.70-0.70],0.703729768,0.703729768,0.703729768,,2025-12-19T14:24:05Z,2006,01/01/2006,31/12/2006,,
2367016,MALARIA_EST_INCIDENCE,COUNTRY,VEN,AMR,Americas,YEAR,2020,,,,,,,,,15.68 [13.96-18.03],15.6846016,13.95847241,18.02944662,,2025-12-19T14:24:05Z,2020,01/01/2020,31/12/2020,,
2367249,MALARIA_EST_INCIDENCE,COUNTRY,HND,AMR,Americas,YEAR,2007,,,,,,,,,2.11 [1.58-2.66],2.108286035,1.577758724,2.663338622,,2025-12-19T14:24:05Z,2007,01/01/2007,31/12/2007,,
2384337,MALARIA_EST_INCIDENCE,COUNTRY,PRY,AMR,Americas,YEAR,2016,,,,,,,,,0 [0-0],0,0,0,,2025-12-19T14:24:05Z,2016,01/01/2016,31/12/2016,,
2404002,MALARIA_EST_INCIDENCE,COUNTRY,LBR,AFR,Africa,YEAR,2020,,,,,,,,,276.93 [180.50-405.68],276.9257688,180.5047487,405.6792669,,2025-12-19T14:24:05Z,2020,01/01/2020,31/12/2020,,
2410682,MALARIA_EST_INCIDENCE,COUNTRY,MAR,EMR,Eastern Mediterranean,YEAR,2009,,,,,,,,,0 [0-0],0,0,0,,2025-12-19T14:24:05Z,2009,01/01/2009,31/12/2009,,
2417791,MALARIA_EST_INCIDENCE,COUNTRY,BEN,AFR,Africa,YEAR,2001,,,,,,,,,434.27 [325.67-570.03],434.2657055,325.667821,570.030099,,2025-12-19T14:24:05Z,2001,01/01/2001,31/12/2001,,
2436160,MALARIA_EST_INCIDENCE,COUNTRY,TKM,EUR,Europe,YEAR,2002,,,,,,,,,0.06 [0.06-0.06],0.058061707,0.058061707,0.058061707,,2025-12-19T14:24:05Z,2002,01/01/2002,31/12/2002,,
2468511,MALARIA_EST_INCIDENCE,COUNTRY,HTI,AMR,Americas,YEAR,2014,,,,,,,,,3.57 [2.39-4.83],3.573611663,2.389490653,4.830143116,,2025-12-19T14:24:05Z,2014,01/01/2014,31/12/2014,,
2473147,MALARIA_EST_INCIDENCE,REGION,SEAR,,,YEAR,2013,,,,,,,,,6.33 [5.12-7.72],6.328720377,5.121727416,7.719492127,,2025-12-19T14:24:05Z,2013,01/01/2013,31/12/2013,,
2481212,MALARIA_EST_INCIDENCE,COUNTRY,SLV,AMR,Americas,YEAR,2017,,,,,,,,,0 [0-0],0,0,0,,2025-12-19T14:24:05Z,2017,01/01/2017,31/12/2017,,
2506324,MALARIA_EST_INCIDENCE,COUNTRY,MRT,AFR,Africa,YEAR,2021,,,,,,,,,26.25 [11.93-48.31],26.24652736,11.92760356,48.30844496,,2025-12-19T14:24:05Z,2021,01/01/2021,31/12/2021,,
2518041,MALARIA_EST_INCIDENCE,COUNTRY,KEN,AFR,Africa,YEAR,2018,,,,,,,,,74.15 [53.36-99.09],74.1496418,53.35805148,99.08937145,,2025-12-19T14:24:05Z,2018,01/01/2018,31/12/2018,,
2519087,MALARIA_EST_INCIDENCE,COUNTRY,MYS,WPR,Western Pacific,YEAR,2002,,,,,,,,,11.43 [11.43-11.43],11.42932417,11.42932417,11.42932417,,2025-12-19T14:24:05Z,2002,01/01/2002,31/12/2002,,
2525413,MALARIA_EST_INCIDENCE,REGION,EMR,,,YEAR,2003,,,,,,,,,17.37 [13.82-29.40],17.37332776,13.81887581,29.40352335,,2025-12-19T14:24:05Z,2003,01/01/2003,31/12/2003,,
2556708,MALARIA_EST_INCIDENCE,COUNTRY,UGA,AFR,Africa,YEAR,2009,,,,,,,,,422.80 [341.70-518.94],422.7998524,341.7023649,518.9401312,,2025-12-19T14:24:05Z,2009,01/01/2009,31/12/2009,,
2580923,MALARIA_EST_INCIDENCE,COUNTRY,SLV,AMR,Americas,YEAR,2007,,,,,,,,,0.03 [0.03-0.03],0.032787046,0.032787046,0.032787046,,2025-12-19T14:24:05Z,2007,01/01/2007,31/12/2007,,
2593408,MALARIA_EST_INCIDENCE,COUNTRY,SYR,EMR,Eastern Mediterranean,YEAR,2011,,,,,,,,,0 [0-0],0,0,0,,2025-12-19T14:24:05Z,2011,01/01/2011,31/12/2011,,
2607041,MALARIA_EST_INCIDENCE,COUNTRY,NPL,SEAR,South-East Asia,YEAR,2011,,,,,,,,,2.32 [1.22-4.94],2.320937573,1.216501901,4.941273208,,2025-12-19T14:24:05Z,2011,01/01/2011,31/12/2011,,
2619699,MALARIA_EST_INCIDENCE,COUNTRY,CIV,AFR,Africa,YEAR,2013,,,,,,,,,287.39 [216.49-374.68],287.3865774,216.4923229,374.6774771,,2025-12-19T14:24:05Z,2013,01/01/2013,31/12/2013,,
2662629,MALARIA_EST_INCIDENCE,COUNTRY,MYT,AFR,Africa,YEAR,2023,,,,,,,,,0 [0-0],0,0,0,,2025-12-19T14:24:05Z,2023,01/01/2023,31/12/2023,,
2662915,MALARIA_EST_INCIDENCE,REGION,AFR,,,YEAR,2024,,,,,,,,,237.61 [213.77-266.08],237.6140917,213.7695291,266.0800761,,2025-12-19T14:24:05Z,2024,01/01/2024,31/12/2024,,
2676588,MALARIA_EST_INCIDENCE,COUNTRY,VUT,WPR,Western Pacific,YEAR,2016,,,,,,,,,17.06 [12.12-24.28],17.06445756,12.124751,24.27568857,,2025-12-19T14:24:05Z,2016,01/01/2016,31/12/2016,,
2683261,MALARIA_EST_INCIDENCE,COUNTRY,AFG,EMR,Eastern Mediterranean,YEAR,2023,,,,,,,,,13.26 [10.18-16.83],13.25697218,10.18462583,16.83479358,,2025-12-19T14:24:05Z,2023,01/01/2023,31/12/2023,,
2701716,MALARIA_EST_INCIDENCE,COUNTRY,ZWE,AFR,Africa,YEAR,2018,,,,,,,,,53.61 [33.18-75.77],53.61458214,33.18225113,75.77238244,,2025-12-19T14:24:05Z,2018,01/01/2018,31/12/2018,,
2737629,MALARIA_EST_INCIDENCE,COUNTRY,PHL,WPR,Western Pacific,YEAR,2014,,,,,,,,,0.24 [0.17-0.31],0.237741707,0.173216618,0.308528312,,2025-12-19T14:24:05Z,2014,01/01/2014,31/12/2014,,
2744035,MALARIA_EST_INCIDENCE,COUNTRY,CMR,AFR,Africa,YEAR,2009,,,,,,,,,351.15 [271.07-448.02],351.1498107,271.0673861,448.0197589,,2025-12-19T14:24:05Z,2009,01/01/2009,31/12/2009,,
2749615,MALARIA_EST_INCIDENCE,COUNTRY,CRI,AMR,Americas,YEAR,2020,,,,,,,,,0.05 [0.05-0.05],0.051077972,0.051077972,0.051077972,,2025-12-19T14:24:05Z,2020,01/01/2020,31/12/2020,,
2761403,MALARIA_EST_INCIDENCE,COUNTRY,BRA,AMR,Americas,YEAR,2021,,,,,,,,,3.47 [3.34-3.71],3.474576532,3.336866076,3.711273302,,2025-12-19T14:24:05Z,2021,01/01/2021,31/12/2021,,
2768007,MALARIA_EST_INCIDENCE,COUNTRY,BLZ,AMR,Americas,YEAR,2022,,,,,,,,,0 [0-0],0,0,0,,2025-12-19T14:24:05Z,2022,01/01/2022,31/12/2022,,
2768655,MALARIA_EST_INCIDENCE,COUNTRY,DZA,AFR,Africa,YEAR,2010,,,,,,,,,0 [0-0],4.70434e-4,4.70434e-4,4.70434e-4,,2025-12-19T14:24:05Z,2010,01/01/2010,31/12/2010,,
2800833,MALARIA_EST_INCIDENCE,COUNTRY,MEX,AMR,Americas,YEAR,2011,,,,,,,,,0.43 [0.43-0.43],0.425268566,0.425268566,0.425268566,,2025-12-19T14:24:05Z,2011,01/01/2011,31/12/2011,,
2806254,MALARIA_EST_INCIDENCE,COUNTRY,MYS,WPR,Western Pacific,YEAR,2007,,,,,,,,,3.75 [3.75-3.75],3.748373745,3.748373745,3.748373745,,2025-12-19T14:24:05Z,2007,01/01/2007,31/12/2007,,
2813698,MALARIA_EST_INCIDENCE,COUNTRY,SLV,AMR,Americas,YEAR,2011,,,,,,,,,0.01 [0.01-0.01],0.005662079,0.005662079,0.005662079,,2025-12-19T14:24:05Z,2011,01/01/2011,31/12/2011,,
2818841,MALARIA_EST_INCIDENCE,COUNTRY,ZMB,AFR,Africa,YEAR,2021,,,,,,,,,240.98 [194.82-295.56],240.9800401,194.8196268,295.5630818,,2025-12-19T14:24:05Z,2021,01/01/2021,31/12/2021,,
2825985,MALARIA_EST_INCIDENCE,GLOBAL,GLOBAL,,,YEAR,2020,,,,,,,,,59.98 [54.63-66.29],59.9795389,54.6257675,66.2877752,,2025-12-19T14:24:05Z,2020,01/01/2020,31/12/2020,,
2831526,MALARIA_EST_INCIDENCE,COUNTRY,BEN,AFR,Africa,YEAR,2020,,,,,,,,,377.01 [281.17-491.19],377.0054542,281.1681375,491.1857146,,2025-12-19T14:24:05Z,2020,01/01/2020,31/12/2020,,
2837881,MALARIA_EST_INCIDENCE,COUNTRY,NPL,SEAR,South-East Asia,YEAR,2024,,,,,,,,,0 [0-0],0.004296782,0.004296782,0.004296782,,2025-12-19T14:24:05Z,2024,01/01/2024,31/12/2024,,
2851445,MALARIA_EST_INCIDENCE,COUNTRY,GUF,AMR,Americas,YEAR,2019,,,,,,,,,1.57 [1.40-1.80],1.569630188,1.39874303,1.803808885,,2025-12-19T14:24:05Z,2019,01/01/2019,31/12/2019,,
2863616,MALARIA_EST_INCIDENCE,COUNTRY,ZMB,AFR,Africa,YEAR,2010,,,,,,,,,169.92 [133.95-212.55],169.9224537,133.948044,212.5526508,,2025-12-19T14:24:05Z,2010,01/01/2010,31/12/2010,,
2874931,MALARIA_EST_INCIDENCE,COUNTRY,TCD,AFR,Africa,YEAR,2023,,,,,,,,,205.12 [122.04-323.26],205.1214391,122.0422771,323.2553283,,2025-12-19T14:24:05Z,2023,01/01/2023,31/12/2023,,
2876457,MALARIA_EST_INCIDENCE,COUNTRY,MMR,SEAR,South-East Asia,YEAR,2005,,,,,,,,,34.40 [24.17-51.45],34.40253505,24.16967063,51.44845225,,2025-12-19T14:24:05Z,2005,01/01/2005,31/12/2005,,
2894367,MALARIA_EST_INCIDENCE,COUNTRY,TKM,EUR,Europe,YEAR,2018,,,,,,,,,0 [0-0],0,0,0,,2025-12-19T14:24:05Z,2018,01/01/2018,31/12/2018,,
2895331,MALARIA_EST_INCIDENCE,COUNTRY,PHL,WPR,Western Pacific,YEAR,2024,,,,,,,,,0.35 [0.25-0.47],0.353124471,0.24753777,0.473109003,,2025-12-19T14:24:05Z,2024,01/01/2024,31/12/2024,,
2964282,MALARIA_EST_INCIDENCE,COUNTRY,ZWE,AFR,Africa,YEAR,2023,,,,,,,,,49.40 [29.51-70.61],49.39604595,29.50589926,70.61433082,,2025-12-19T14:24:05Z,2023,01/01/2023,31/12/2023,,
3001348,MALARIA_EST_INCIDENCE,COUNTRY,IRN,EMR,Eastern Mediterranean,YEAR,2018,,,,,,,,,0 [0-0],0,0,0,,2025-12-19T14:24:05Z,2018,01/01/2018,31/12/2018,,
3002569,MALARIA_EST_INCIDENCE,COUNTRY,SEN,AFR,Africa,YEAR,2015,,,,,,,,,69.27 [47.05-93.88],69.27335982,47.04620193,93.8759745,,2025-12-19T14:24:05Z,2015,01/01/2015,31/12/2015,,
3022311,MALARIA_EST_INCIDENCE,COUNTRY,YEM,EMR,Eastern Mediterranean,YEAR,2015,,,,,,,,,26.02 [17.93-37.86],26.0206694,17.9323606,37.86039659,,2025-12-19T14:24:05Z,2015,01/01/2015,31/12/2015,,
3034666,MALARIA_EST_INCIDENCE,COUNTRY,KAZ,EUR,Europe,YEAR,2018,,,,,,,,,0 [0-0],0,0,0,,2025-12-19T14:24:05Z,2018,01/01/2018,31/12/2018,,
3071853,MALARIA_EST_INCIDENCE,COUNTRY,IDN,WPR,Western Pacific,YEAR,2006,,,,,,,,,5.92 [5.34-6.62],5.924142822,5.336087561,6.62131999,,2025-12-19T14:24:05Z,2006,01/01/2006,31/12/2006,,
3079085,MALARIA_EST_INCIDENCE,COUNTRY,IDN,WPR,Western Pacific,YEAR,2015,,,,,,,,,3.97 [3.58-4.43],3.970194735,3.57695774,4.425987009,,2025-12-19T14:24:05Z,2015,01/01/2015,31/12/2015,,
3084223,MALARIA_EST_INCIDENCE,COUNTRY,DOM,AMR,Americas,YEAR,2004,,,,,,,,,0.61 [0.50-0.73],0.607358973,0.495099255,0.726602522,,2025-12-19T14:24:05Z,2004,01/01/2004,31/12/2004,,
3089907,MALARIA_EST_INCIDENCE,COUNTRY,VUT,WPR,Western Pacific,YEAR,2022,,,,,,,,,8.62 [5.37-13.40],8.624930521,5.372932412,13.39747194,,2025-12-19T14:24:05Z,2022,01/01/2022,31/12/2022,,
3097527,MALARIA_EST_INCIDENCE,COUNTRY,PRY,AMR,Americas,YEAR,2005,,,,,,,,,1.90 [1.90-1.90],1.90179013,1.90179013,1.90179013,,2025-12-19T14:24:05Z,2005,01/01/2005,31/12/2005,,
3116222,MALARIA_EST_INCIDENCE,REGION,AMR,,,YEAR,2006,,,,,,,,,8.55 [8.03-9.13],8.546896758,8.032746003,9.134797284,,2025-12-19T14:24:05Z,2006,01/01/2006,31/12/2006,,
3122356,MALARIA_EST_INCIDENCE,COUNTRY,ZAF,AFR,Africa,YEAR,2006,,,,,,,,,2.42 [2.42-2.42],2.419683721,2.419683721,2.419683721,,2025-12-19T14:24:05Z,2006,01/01/2006,31/12/2006,,
3148653,MALARIA_EST_INCIDENCE,COUNTRY,GMB,AFR,Africa,YEAR,2011,,,,,,,,,238.87 [193.28-289.93],238.8739091,193.2828969,289.9261033,,2025-12-19T14:24:05Z,2011,01/01/2011,31/12/2011,,
3166292,MALARIA_EST_INCIDENCE,COUNTRY,PRY,AMR,Americas,YEAR,2004,,,,,,,,,3.57 [3.57-3.57],3.567488426,3.567488426,3.567488426,,2025-12-19T14:24:05Z,2004,01/01/2004,31/12/2004,,
3184748,MALARIA_EST_INCIDENCE,COUNTRY,ZMB,AFR,Africa,YEAR,2001,,,,,,,,,379.23 [298.15-476.81],379.231946,298.15259,476.8140886,,2025-12-19T14:24:05Z,2001,01/01/2001,31/12/2001,,
3191335,MALARIA_EST_INCIDENCE,COUNTRY,GUY,AMR,Americas,YEAR,2024,,,,,,,,,38.74 [32.91-45.08],38.7408764,32.91476454,45.0784275,,2025-12-19T14:24:05Z,2024,01/01/2024,31/12/2024,,
3210098,MALARIA_EST_INCIDENCE,COUNTRY,LBR,AFR,Africa,YEAR,2016,,,,,,,,,348.70 [284.60-422.06],348.7015751,284.6037142,422.0558602,,2025-12-19T14:24:05Z,2016,01/01/2016,31/12/2016,,
3217261,MALARIA_EST_INCIDENCE,COUNTRY,PRK,SEAR,South-East Asia,YEAR,2017,,,,,,,,,0.46 [0.46-0.46],0.456058157,0.456058157,0.456058157,,2025-12-19T14:24:05Z,2017,01/01/2017,31/12/2017,,
3217438,MALARIA_EST_INCIDENCE,COUNTRY,GUF,AMR,Americas,YEAR,2010,,,,,,,,,16.12 [13.25-20.54],16.1197112,13.2454018,20.54280739,,2025-12-19T14:24:05Z,2010,01/01/2010,31/12/2010,,
3229896,MALARIA_EST_INCIDENCE,COUNTRY,LAO,WPR,Western Pacific,YEAR,2002,,,,,,,,,17.26 [12.71-22.62],17.26432217,12.71460949,22.61621409,,2025-12-19T14:24:05Z,2002,01/01/2002,31/12/2002,,
3235305,MALARIA_EST_INCIDENCE,COUNTRY,IND,SEAR,South-East Asia,YEAR,2012,,,,,,,,,8.10 [6.36-10.19],8.097246398,6.36096136,10.18752116,,2025-12-19T14:24:05Z,2012,01/01/2012,31/12/2012,,
3248050,MALARIA_EST_INCIDENCE,COUNTRY,NAM,AFR,Africa,YEAR,2016,,,,,,,,,16.55 [13.11-20.23],16.55471625,13.10657886,20.23021499,,2025-12-19T14:24:05Z,2016,01/01/2016,31/12/2016,,
3248644,MALARIA_EST_INCIDENCE,COUNTRY,THA,SEAR,South-East Asia,YEAR,2006,,,,,,,,,2.40 [2.40-2.40],2.398217083,2.398217083,2.398217083,,2025-12-19T14:24:05Z,2006,01/01/2006,31/12/2006,,
3254959,MALARIA_EST_INCIDENCE,COUNTRY,NPL,SEAR,South-East Asia,YEAR,2016,,,,,,,,,0.41 [0.29-0.72],0.41299863,0.285265285,0.717734467,,2025-12-19T14:24:05Z,2016,01/01/2016,31/12/2016,,
3267913,MALARIA_EST_INCIDENCE,COUNTRY,DJI,EMR,Eastern Mediterranean,YEAR,2018,,,,,,,,,30.91 [30.91-30.91],30.90846888,30.90846888,30.90846888,,2025-12-19T14:24:05Z,2018,01/01/2018,31/12/2018,,
3279292,MALARIA_EST_INCIDENCE,COUNTRY,MWI,AFR,Africa,YEAR,2001,,,,,,,,,464.48 [368.99-577.50],464.4756371,368.9915357,577.5013482,,2025-12-19T14:24:05Z,2001,01/01/2001,31/12/2001,,
3280021,MALARIA_EST_INCIDENCE,COUNTRY,ECU,AMR,Americas,YEAR,2021,,,,,,,,,0.22 [0.22-0.22],0.217051875,0.217051875,0.217051875,,2025-12-19T14:24:05Z,2021,01/01/2021,31/12/2021,,
3318156,MALARIA_EST_INCIDENCE,COUNTRY,KGZ,EUR,Europe,YEAR,2005,,,,,,,,,0.05 [0.05-0.05],0.054983483,0.054983483,0.054983483,,2025-12-19T14:24:05Z,2005,01/01/2005,31/12/2005,,
3338214,MALARIA_EST_INCIDENCE,COUNTRY,GEO,EUR,Europe,YEAR,2001,,,,,,,,,10.40 [10.40-10.40],10.40478905,10.40478905,10.40478905,,2025-12-19T14:24:05Z,2001,01/01/2001,31/12/2001,,
3342764,MALARIA_EST_INCIDENCE,COUNTRY,BTN,SEAR,South-East Asia,YEAR,2016,,,,,,,,,0.03 [0.03-0.03],0.027104189,0.027104189,0.027104189,,2025-12-19T14:24:05Z,2016,01/01/2016,31/12/2016,,
3343050,MALARIA_EST_INCIDENCE,COUNTRY,ARM,EUR,Europe,YEAR,2016,,,,,,,,,0 [0-0],0,0,0,,2025-12-19T14:24:05Z,2016,01/01/2016,31/12/2016,,
3349337,MALARIA_EST_INCIDENCE,COUNTRY,TCD,AFR,Africa,YEAR,2010,,,,,,,,,244.66 [195.79-301.66],244.6646967,195.7948745,301.66374510000003,,2025-12-19T14:24:05Z,2010,01/01/2010,31/12/2010,,
3367951,MALARIA_EST_INCIDENCE,COUNTRY,UZB,EUR,Europe,YEAR,2010,,,,,,,,,0.11 [0.11-0.11],0.105689625,0.105689625,0.105689625,,2025-12-19T14:24:05Z,2010,01/01/2010,31/12/2010,,
3380884,MALARIA_EST_INCIDENCE,COUNTRY,CRI,AMR,Americas,YEAR,2001,,,,,,,,,0.97 [0.97-0.97],0.971398964,0.971398964,0.971398964,,2025-12-19T14:24:05Z,2001,01/01/2001,31/12/2001,,
3395003,MALARIA_EST_INCIDENCE,COUNTRY,SEN,AFR,Africa,YEAR,2003,,,,,,,,,168.09 [67.68-262.74],168.085572,67.68067468,262.7358813,,2025-12-19T14:24:05Z,2003,01/01/2003,31/12/2003,,
3401150,MALARIA_EST_INCIDENCE,COUNTRY,ERI,AFR,Africa,YEAR,2013,,,,,,,,,16.04 [10.22-22.68],16.03878531,10.22316027,22.68295678,,2025-12-19T14:24:05Z,2013,01/01/2013,31/12/2013,,
3406948,MALARIA_EST_INCIDENCE,COUNTRY,BDI,AFR,Africa,YEAR,2015,,,,,,,,,285.00 [219.92-363.80],284.9989772,219.9217498,363.8049261,,2025-12-19T14:24:05Z,2015,01/01/2015,31/12/2015,,
3444479,MALARIA_EST_INCIDENCE,COUNTRY,PNG,WPR,Western Pacific,YEAR,2003,,,,,,,,,217.70 [68.78-399.99],217.7017722,68.7809122,399.9855282,,2025-12-19T14:24:05Z,2003,01/01/2003,31/12/2003,,
3458518,MALARIA_EST_INCIDENCE,COUNTRY,NPL,SEAR,South-East Asia,YEAR,2004,,,,,,,,,4.60 [1.97-10.13],4.602273833,1.968993118,10.12697117,,2025-12-19T14:24:05Z,2004,01/01/2004,31/12/2004,,
3463595,MALARIA_EST_INCIDENCE,COUNTRY,BFA,AFR,Africa,YEAR,2022,,,,,,,,,356.27 [237.60-514.81],356.2663849,237.6015399,514.8115846,,2025-12-19T14:24:05Z,2022,01/01/2022,31/12/2022,,
3463827,MALARIA_EST_INCIDENCE,COUNTRY,BDI,AFR,Africa,YEAR,2023,,,,,,,,,323.25 [207.16-487.79],323.249095,207.1595358,487.7931336,,2025-12-19T14:24:05Z,2023,01/01/2023,31/12/2023,,
3482309,MALARIA_EST_INCIDENCE,COUNTRY,IDN,WPR,Western Pacific,YEAR,2021,,,,,,,,,1.56 [1.45-1.69],1.556984504,1.445312776,1.689067563,,2025-12-19T14:24:05Z,2021,01/01/2021,31/12/2021,,
3488464,MALARIA_EST_INCIDENCE,REGION,SEAR,,,YEAR,2016,,,,,,,,,5.98 [4.69-7.45],5.982570563,4.688025051,7.451760291,,2025-12-19T14:24:05Z,2016,01/01/2016,31/12/2016,,
3488638,MALARIA_EST_INCIDENCE,COUNTRY,GNQ,AFR,Africa,YEAR,2002,,,,,,,,,325.04 [219.14-465.94],325.0413243,219.1448599,465.9397687,,2025-12-19T14:24:05Z,2002,01/01/2002,31/12/2002,,
3496356,MALARIA_EST_INCIDENCE,COUNTRY,NPL,SEAR,South-East Asia,YEAR,2021,,,,,,,,,0 [0-0],0.003738331,0.003738331,0.003738331,,2025-12-19T14:24:05Z,2021,01/01/2021,31/12/2021,,
3508560,MALARIA_EST_INCIDENCE,COUNTRY,MLI,AFR,Africa,YEAR,2008,,,,,,,,,369.17 [255.19-516.07],369.172643,255.1898481,516.0672027,,2025-12-19T14:24:05Z,2008,01/01/2008,31/12/2008,,
3526075,MALARIA_EST_INCIDENCE,COUNTRY,TUR,EUR,Europe,YEAR,2005,,,,,,,,,0.46 [0.46-0.46],0.462451245,0.462451245,0.462451245,,2025-12-19T14:24:05Z,2005,01/01/2005,31/12/2005,,
3527116,MALARIA_EST_INCIDENCE,COUNTRY,VUT,WPR,Western Pacific,YEAR,2021,,,,,,,,,2.41 [1.53-3.72],2.412805524,1.530071796,3.720559195,,2025-12-19T14:24:05Z,2021,01/01/2021,31/12/2021,,
3546651,MALARIA_EST_INCIDENCE,COUNTRY,DJI,EMR,Eastern Mediterranean,YEAR,2006,,,,,,,,,3.07 [2.37-3.78],3.072828529,2.366950576,3.777148253,,2025-12-19T14:24:05Z,2006,01/01/2006,31/12/2006,,
3570168,MALARIA_EST_INCIDENCE,COUNTRY,PNG,WPR,Western Pacific,YEAR,2021,,,,,,,,,123.55 [85.46-164.36],123.5518675,85.45659517,164.3610425,,2025-12-19T14:24:05Z,2021,01/01/2021,31/12/2021,,
3590875,MALARIA_EST_INCIDENCE,COUNTRY,BFA,AFR,Africa,YEAR,2021,,,,,,,,,378.58 [251.28-547.86],378.5779953,251.2821159,547.8608465,,2025-12-19T14:24:05Z,2021,01/01/2021,31/12/2021,,
3614688,MALARIA_EST_INCIDENCE,COUNTRY,KOR,WPR,Western Pacific,YEAR,2020,,,,,,,,,0.10 [0.10-0.10],0.098069113,0.098069113,0.098069113,,2025-12-19T14:24:05Z,2020,01/01/2020,31/12/2020,,
3615560,MALARIA_EST_INCIDENCE,COUNTRY,SEN,AFR,Africa,YEAR,2019,,,,,,,,,41.11 [27.81-55.55],41.10709029,27.80536425,55.55419273,,2025-12-19T14:24:05Z,2019,01/01/2019,31/12/2019,,
3627124,MALARIA_EST_INCIDENCE,COUNTRY,SWZ,AFR,Africa,YEAR,2009,,,,,,,,,0.34 [0.34-0.34],0.342552078,0.342552078,0.342552078,,2025-12-19T14:24:05Z,2009,01/01/2009,31/12/2009,,
3627472,MALARIA_EST_INCIDENCE,COUNTRY,MMR,SEAR,South-East Asia,YEAR,2013,,,,,,,,,13.97 [10.40-19.33],13.97168601,10.3985636,19.3274847,,2025-12-19T14:24:05Z,2013,01/01/2013,31/12/2013,,
3634427,MALARIA_EST_INCIDENCE,COUNTRY,MEX,AMR,Americas,YEAR,2012,,,,,,,,,0.34 [0.34-0.34],0.336355553,0.336355553,0.336355553,,2025-12-19T14:24:05Z,2012,01/01/2012,31/12/2012,,
3640754,MALARIA_EST_INCIDENCE,COUNTRY,EGY,EMR,Eastern Mediterranean,YEAR,2001,,,,,,,,,0 [0-0],0,0,0,,2025-12-19T14:24:05Z,2001,01/01/2001,31/12/2001,,
3645734,MALARIA_EST_INCIDENCE,COUNTRY,SEN,AFR,Africa,YEAR,2023,,,,,,,,,34.69 [24.55-49.28],34.68756564,24.54720139,49.28468689,,2025-12-19T14:24:05Z,2023,01/01/2023,31/12/2023,,
3647456,MALARIA_EST_INCIDENCE,COUNTRY,PRY,AMR,Americas,YEAR,2008,,,,,,,,,1.64 [1.64-1.64],1.637900321,1.637900321,1.637900321,,2025-12-19T14:24:05Z,2008,01/01/2008,31/12/2008,,
3653231,MALARIA_EST_INCIDENCE,COUNTRY,AFG,EMR,Eastern Mediterranean,YEAR,2012,,,,,,,,,9.35 [5.15-15.09],9.351786144,5.152789537,15.09431295,,2025-12-19T14:24:05Z,2012,01/01/2012,31/12/2012,,
3653607,MALARIA_EST_INCIDENCE,COUNTRY,PER,AMR,Americas,YEAR,2002,,,,,,,,,12.03 [9.77-14.41],12.03240988,9.774448297,14.41197848,,2025-12-19T14:24:05Z,2002,01/01/2002,31/12/2002,,
3664833,MALARIA_EST_INCIDENCE,REGION,SEAR,,,YEAR,2021,,,,,,,,,2.53 [1.52-3.75],2.528216908,1.521491458,3.747262597,,2025-12-19T14:24:05Z,2021,01/01/2021,31/12/2021,,
3677598,MALARIA_EST_INCIDENCE,COUNTRY,AGO,AFR,Africa,YEAR,2009,,,,,,,,,193.51 [145.83-251.33],193.5096554,145.8346734,251.3287609,,2025-12-19T14:24:05Z,2009,01/01/2009,31/12/2009,,
3678159,MALARIA_EST_INCIDENCE,REGION,WPR,,,YEAR,2006,,,,,,,,,4.17 [3.10-5.49],4.172691189,3.104803983,5.485829258,,2025-12-19T14:24:05Z,2006,01/01/2006,31/12/2006,,
3690357,MALARIA_EST_INCIDENCE,COUNTRY,MLI,AFR,Africa,YEAR,2001,,,,,,,,,396.22 [267.92-571.15],396.2160633,267.9238501,571.1547242,,2025-12-19T14:24:05Z,2001,01/01/2001,31/12/2001,,
3691218,MALARIA_EST_INCIDENCE,COUNTRY,MWI,AFR,Africa,YEAR,2005,,,,,,,,,373.65 [295.89-460.11],373.6485527,295.8926092,460.1105383,,2025-12-19T14:24:05Z,2005,01/01/2005,31/12/2005,,
3691485,MALARIA_EST_INCIDENCE,COUNTRY,GTM,AMR,Americas,YEAR,2000,,,,,,,,,7.21 [6.30-8.61],7.210715833,6.304552299,8.607324908,,2025-12-19T14:24:05Z,2000,01/01/2000,31/12/2000,,
3691902,MALARIA_EST_INCIDENCE,COUNTRY,NAM,AFR,Africa,YEAR,2003,,,,,,,,,44.39 [18.69-91.50],44.39199835,18.69008651,91.49542111,,2025-12-19T14:24:05Z,2003,01/01/2003,31/12/2003,,
3704862,MALARIA_EST_INCIDENCE,COUNTRY,ETH,AFR,Africa,YEAR,2024,,,,,,,,,138.50 [76.56-207.60],138.4950248,76.56462664,207.5954257,,2025-12-19T14:24:05Z,2024,01/01/2024,31/12/2024,,
3709711,MALARIA_EST_INCIDENCE,COUNTRY,SYR,EMR,Eastern Mediterranean,YEAR,2012,,,,,,,,,0 [0-0],0,0,0,,2025-12-19T14:24:05Z,2012,01/01/2012,31/12/2012,,
3710516,MALARIA_EST_INCIDENCE,COUNTRY,KAZ,EUR,Europe,YEAR,2013,,,,,,,,,0 [0-0],0,0,0,,2025-12-19T14:24:05Z,2013,01/01/2013,31/12/2013,,
3717725,MALARIA_EST_INCIDENCE,COUNTRY,ZAF,AFR,Africa,YEAR,2000,,,,,,,,,3.86 [2.80-5.52],3.859650536,2.802180081,5.518693817,,2025-12-19T14:24:05Z,2000,01/01/2000,31/12/2000,,
3722314,MALARIA_EST_INCIDENCE,COUNTRY,OMN,EMR,Eastern Mediterranean,YEAR,2023,,,,,,,,,0 [0-0],0,0,0,,2025-12-19T14:24:05Z,2023,01/01/2023,31/12/2023,,
3723135,MALARIA_EST_INCIDENCE,COUNTRY,VUT,WPR,Western Pacific,YEAR,2014,,,,,,,,,9.91 [7.32-13.76],9.910121081,7.316351508,13.7643666,,2025-12-19T14:24:05Z,2014,01/01/2014,31/12/2014,,
3728496,MALARIA_EST_INCIDENCE,COUNTRY,GUY,AMR,Americas,YEAR,2017,,,,,,,,,32.75 [24.60-44.84],32.74914832,24.59920778,44.83687236,,2025-12-19T14:24:05Z,2017,01/01/2017,31/12/2017,,
3754136,MALARIA_EST_INCIDENCE,COUNTRY,NIC,AMR,Americas,YEAR,2009,,,,,,,,,0.16 [0.13-0.18],0.155088344,0.128967409,0.183414065,,2025-12-19T14:24:05Z,2009,01/01/2009,31/12/2009,,
3766998,MALARIA_EST_INCIDENCE,COUNTRY,PRY,AMR,Americas,YEAR,2022,,,,,,,,,0 [0-0],0,0,0,,2025-12-19T14:24:05Z,2022,01/01/2022,31/12/2022,,
3798073,MALARIA_EST_INCIDENCE,COUNTRY,GEO,EUR,Europe,YEAR,2012,,,,,,,,,0 [0-0],0,0,0,,2025-12-19T14:24:05Z,2012,01/01/2012,31/12/2012,,
3804474,MALARIA_EST_INCIDENCE,COUNTRY,SLB,WPR,Western Pacific,YEAR,2013,,,,,,,,,91.15 [68.54-126.40],91.15357516,68.53508943,126.3955551,,2025-12-19T14:24:05Z,2013,01/01/2013,31/12/2013,,
3805862,MALARIA_EST_INCIDENCE,COUNTRY,ARG,AMR,Americas,YEAR,2020,,,,,,,,,0 [0-0],0,0,0,,2025-12-19T14:24:05Z,2020,01/01/2020,31/12/2020,,
3810612,MALARIA_EST_INCIDENCE,COUNTRY,MYS,WPR,Western Pacific,YEAR,2014,,,,,,,,,0.49 [0.49-0.49],0.485403288,0.485403288,0.485403288,,2025-12-19T14:24:05Z,2014,01/01/2014,31/12/2014,,
3818658,MALARIA_EST_INCIDENCE,COUNTRY,BRA,AMR,Americas,YEAR,2000,,,,,,,,,21.54 [18.20-25.10],21.53558919,18.20435971,25.10045092,,2025-12-19T14:24:05Z,2000,01/01/2000,31/12/2000,,
3830962,MALARIA_EST_INCIDENCE,COUNTRY,VEN,AMR,Americas,YEAR,2009,,,,,,,,,2.95 [2.63-3.42],2.948629345,2.627442753,3.421025759,,2025-12-19T14:24:05Z,2009,01/01/2009,31/12/2009,,
3842021,MALARIA_EST_INCIDENCE,COUNTRY,CRI,AMR,Americas,YEAR,2013,,,,,,,,,0 [0-0],0,0,0,,2025-12-19T14:24:05Z,2013,01/01/2013,31/12/2013,,
3842547,MALARIA_EST_INCIDENCE,COUNTRY,MOZ,AFR,Africa,YEAR,2005,,,,,,,,,442.25 [357.70-542.24],442.2485402,357.7040924,542.2442333,,2025-12-19T14:24:05Z,2005,01/01/2005,31/12/2005,,
3849699,MALARIA_EST_INCIDENCE,COUNTRY,ARM,EUR,Europe,YEAR,2000,,,,,,,,,0.05 [0.05-0.05],0.045110935,0.045110935,0.045110935,,2025-12-19T14:24:05Z,2000,01/01/2000,31/12/2000,,
3854801,MALARIA_EST_INCIDENCE,COUNTRY,PER,AMR,Americas,YEAR,2004,,,,,,,,,10.55 [8.96-12.22],10.54800404,8.963138708,12.21869125,,2025-12-19T14:24:05Z,2004,01/01/2004,31/12/2004,,
3881590,MALARIA_EST_INCIDENCE,COUNTRY,SSD,AFR,Africa,YEAR,2005,,,,,,,,,305.86 [210.06-430.86],305.8574786,210.063236,430.8555847,,2025-12-19T14:24:05Z,2005,01/01/2005,31/12/2005,,
3894150,MALARIA_EST_INCIDENCE,COUNTRY,THA,SEAR,South-East Asia,YEAR,2011,,,,,,,,,1.90 [1.90-1.90],1.901288045,1.901288045,1.901288045,,2025-12-19T14:24:05Z,2011,01/01/2011,31/12/2011,,
3894256,MALARIA_EST_INCIDENCE,COUNTRY,HND,AMR,Americas,YEAR,2022,,,,,,,,,0.37 [0.37-0.37],0.372856589,0.372856589,0.372856589,,2025-12-19T14:24:05Z,2022,01/01/2022,31/12/2022,,
3905986,MALARIA_EST_INCIDENCE,COUNTRY,KGZ,EUR,Europe,YEAR,2012,,,,,,,,,0 [0-0],0,0,0,,2025-12-19T14:24:05Z,2012,01/01/2012,31/12/2012,,
3912662,MALARIA_EST_INCIDENCE,COUNTRY,PNG,WPR,Western Pacific,YEAR,2013,,,,,,,,,171.06 [92.68-269.26],171.0552607,92.67944199,269.2553546,,2025-12-19T14:24:05Z,2013,01/01/2013,31/12/2013,,
3918316,MALARIA_EST_INCIDENCE,REGION,EUR,,,YEAR,2022,,,,,,,,,0 [0-0],0,0,0,,2025-12-19T14:24:05Z,2022,01/01/2022,31/12/2022,,
3931270,MALARIA_EST_INCIDENCE,COUNTRY,PNG,WPR,Western Pacific,YEAR,2010,,,,,,,,,141.39 [50.67-252.07],141.387404,50.67197675,252.070656,,2025-12-19T14:24:05Z,2010,01/01/2010,31/12/2010,,
3945313,MALARIA_EST_INCIDENCE,REGION,EMR,,,YEAR,2011,,,,,,,,,10.20 [7.72-14.52],10.19618539,7.72477873,14.51673008,,2025-12-19T14:24:05Z,2011,01/01/2011,31/12/2011,,
3956148,MALARIA_EST_INCIDENCE,COUNTRY,ETH,AFR,Africa,YEAR,2006,,,,,,,,,138.01 [42.83-429.14],138.0126193,42.8293296,429.1419782,,2025-12-19T14:24:05Z,2006,01/01/2006,31/12/2006,,
3963041,MALARIA_EST_INCIDENCE,COUNTRY,IRQ,EMR,Eastern Mediterranean,YEAR,2018,,,,,,,,,0 [0-0],0,0,0,,2025-12-19T14:24:05Z,2018,01/01/2018,31/12/2018,,
3969927,MALARIA_EST_INCIDENCE,COUNTRY,CMR,AFR,Africa,YEAR,2011,,,,,,,,,266.60 [202.73-342.42],266.5984688,202.7275689,342.4175982,,2025-12-19T14:24:05Z,2011,01/01/2011,31/12/2011,,
3982817,MALARIA_EST_INCIDENCE,COUNTRY,SWZ,AFR,Africa,YEAR,2006,,,,,,,,,0.51 [0.51-0.51],0.510469566,0.510469566,0.510469566,,2025-12-19T14:24:05Z,2006,01/01/2006,31/12/2006,,
3987489,MALARIA_EST_INCIDENCE,COUNTRY,COG,AFR,Africa,YEAR,2004,,,,,,,,,325.79 [209.03-481.02],325.7928501,209.0279379,481.0163231,,2025-12-19T14:24:05Z,2004,01/01/2004,31/12/2004,,
4026752,MALARIA_EST_INCIDENCE,COUNTRY,CIV,AFR,Africa,YEAR,2015,,,,,,,,,242.12 [160.04-353.24],242.1159469,160.0412309,353.2421994,,2025-12-19T14:24:05Z,2015,01/01/2015,31/12/2015,,
4032538,MALARIA_EST_INCIDENCE,COUNTRY,ZWE,AFR,Africa,YEAR,2007,,,,,,,,,167.62 [72.05-292.20],167.623628,72.05225565,292.2019071,,2025-12-19T14:24:05Z,2007,01/01/2007,31/12/2007,,
4038318,MALARIA_EST_INCIDENCE,COUNTRY,HTI,AMR,Americas,YEAR,2003,,,,,,,,,9.71 [5.56-15.75],9.713682618,5.562693898,15.75156716,,2025-12-19T14:24:05Z,2003,01/01/2003,31/12/2003,,
4046156,MALARIA_EST_INCIDENCE,REGION,AMR,,,YEAR,2009,,,,,,,,,5.15 [4.75-5.63],5.147885642,4.751886679,5.633457641,,2025-12-19T14:24:05Z,2009,01/01/2009,31/12/2009,,
4090587,MALARIA_EST_INCIDENCE,COUNTRY,GIN,AFR,Africa,YEAR,2010,,,,,,,,,415.74 [334.45-513.74],415.7379999,334.45243,513.7436411,,2025-12-19T14:24:05Z,2010,01/01/2010,31/12/2010,,
4090616,MALARIA_EST_INCIDENCE,COUNTRY,ERI,AFR,Africa,YEAR,2022,,,,,,,,,40.89 [26.27-56.84],40.89284861,26.26540316,56.84008286,,2025-12-19T14:24:05Z,2022,01/01/2022,31/12/2022,,
4090780,MALARIA_EST_INCIDENCE,REGION,EUR,,,YEAR,2021,,,,,,,,,0 [0-0],0,0,0,,2025-12-19T14:24:05Z,2021,01/01/2021,31/12/2021,,
4109252,MALARIA_EST_INCIDENCE,COUNTRY,BFA,AFR,Africa,YEAR,2023,,,,,,,,,353.49 [233.73-508.23],353.4888665,233.727555,508.228683,,2025-12-19T14:24:05Z,2023,01/01/2023,31/12/2023,,
4115578,MALARIA_EST_INCIDENCE,COUNTRY,ECU,AMR,Americas,YEAR,2019,,,,,,,,,0.18 [0.18-0.18],0.183481757,0.183481757,0.183481757,,2025-12-19T14:24:05Z,2019,01/01/2019,31/12/2019,,
4121366,MALARIA_EST_INCIDENCE,COUNTRY,UZB,EUR,Europe,YEAR,2002,,,,,,,,,2.91 [2.91-2.91],2.913500532,2.913500532,2.913500532,,2025-12-19T14:24:05Z,2002,01/01/2002,31/12/2002,,
4128061,MALARIA_EST_INCIDENCE,COUNTRY,KEN,AFR,Africa,YEAR,2002,,,,,,,,,227.55 [180.62-284.76],227.5544802,180.6156988,284.756045,,2025-12-19T14:24:05Z,2002,01/01/2002,31/12/2002,,
4140850,MALARIA_EST_INCIDENCE,COUNTRY,MAR,EMR,Eastern Mediterranean,YEAR,2006,,,,,,,,,0 [0-0],0,0,0,,2025-12-19T14:24:05Z,2006,01/01/2006,31/12/2006,,
4147328,MALARIA_EST_INCIDENCE,COUNTRY,MYS,WPR,Western Pacific,YEAR,2020,,,,,,,,,0 [0-0],0,0,0,,2025-12-19T14:24:05Z,2020,01/01/2020,31/12/2020,,
4160349,MALARIA_EST_INCIDENCE,COUNTRY,UGA,AFR,Africa,YEAR,2010,,,,,,,,,405.97 [322.43-503.83],405.9743691,322.4331323,503.8304448,,2025-12-19T14:24:05Z,2010,01/01/2010,31/12/2010,,
4160573,MALARIA_EST_INCIDENCE,COUNTRY,STP,AFR,Africa,YEAR,2004,,,,,,,,,294.77 [294.77-294.77],294.7655433,294.7655433,294.7655433,,2025-12-19T14:24:05Z,2004,01/01/2004,31/12/2004,,
4172486,MALARIA_EST_INCIDENCE,COUNTRY,ARM,EUR,Europe,YEAR,2010,,,,,,,,,0 [0-0],0,0,0,,2025-12-19T14:24:05Z,2010,01/01/2010,31/12/2010,,
4185326,MALARIA_EST_INCIDENCE,COUNTRY,CPV,AFR,Africa,YEAR,2000,,,,,,,,,1.22 [1.22-1.22],1.22176783,1.22176783,1.22176783,,2025-12-19T14:24:05Z,2000,01/01/2000,31/12/2000,,
4190714,MALARIA_EST_INCIDENCE,COUNTRY,CHN,WPR,Western Pacific,YEAR,2018,,,,,,,,,0 [0-0],0,0,0,,2025-12-19T14:24:05Z,2018,01/01/2018,31/12/2018,,
4204366,MALARIA_EST_INCIDENCE,COUNTRY,AZE,EUR,Europe,YEAR,2000,,,,,,,,,8.12 [8.12-8.12],8.116157856,8.116157856,8.116157856,,2025-12-19T14:24:05Z,2000,01/01/2000,31/12/2000,,
4210116,MALARIA_EST_INCIDENCE,COUNTRY,MYS,WPR,Western Pacific,YEAR,2015,,,,,,,,,0.19 [0.19-0.19],0.193706771,0.193706771,0.193706771,,2025-12-19T14:24:05Z,2015,01/01/2015,31/12/2015,,
4210327,MALARIA_EST_INCIDENCE,COUNTRY,AGO,AFR,Africa,YEAR,2024,,,,,,,,,258.90 [160.27-392.13],258.8999127,160.2673501,392.1348707,,2025-12-19T14:24:05Z,2024,01/01/2024,31/12/2024,,
4224223,MALARIA_EST_INCIDENCE,REGION,EMR,,,YEAR,2004,,,,,,,,,13.76 [11.21-23.26],13.75895681,11.21067902,23.25838693,,2025-12-19T14:24:05Z,2004,01/01/2004,31/12/2004,,
4227954,MALARIA_EST_INCIDENCE,COUNTRY,PNG,WPR,Western Pacific,YEAR,2001,,,,,,,,,252.00 [88.96-450.06],251.9979715,88.9586641,450.0615657,,2025-12-19T14:24:05Z,2001,01/01/2001,31/12/2001,,
4228313,MALARIA_EST_INCIDENCE,COUNTRY,COD,AFR,Africa,YEAR,2006,,,,,,,,,464.80 [376.07-568.57],464.8020197,376.065307,568.5721926,,2025-12-19T14:24:05Z,2006,01/01/2006,31/12/2006,,
4236227,MALARIA_EST_INCIDENCE,COUNTRY,MMR,SEAR,South-East Asia,YEAR,2002,,,,,,,,,34.40 [24.01-50.58],34.40253513,24.00830973,50.57807393,,2025-12-19T14:24:05Z,2002,01/01/2002,31/12/2002,,
4266106,MALARIA_EST_INCIDENCE,COUNTRY,UZB,EUR,Europe,YEAR,2000,,,,,,,,,5.08 [5.08-5.08],5.083309799,5.083309799,5.083309799,,2025-12-19T14:24:05Z,2000,01/01/2000,31/12/2000,,
4266848,MALARIA_EST_INCIDENCE,COUNTRY,KGZ,EUR,Europe,YEAR,2008,,,,,,,,,0 [0-0],0.004319483,0.004319483,0.004319483,,2025-12-19T14:24:05Z,2008,01/01/2008,31/12/2008,,
4279666,MALARIA_EST_INCIDENCE,COUNTRY,ARG,AMR,Americas,YEAR,2021,,,,,,,,,0 [0-0],0,0,0,,2025-12-19T14:24:05Z,2021,01/01/2021,31/12/2021,,
4291497,MALARIA_EST_INCIDENCE,COUNTRY,BFA,AFR,Africa,YEAR,2014,,,,,,,,,446.14 [358.46-548.60],446.1424833,358.4627996,548.5989643,,2025-12-19T14:24:05Z,2014,01/01/2014,31/12/2014,,
4292827,MALARIA_EST_INCIDENCE,COUNTRY,ZMB,AFR,Africa,YEAR,2015,,,,,,,,,237.78 [190.23-294.08],237.7809668,190.2345423,294.0828767,,2025-12-19T14:24:05Z,2015,01/01/2015,31/12/2015,,
4293204,MALARIA_EST_INCIDENCE,COUNTRY,GNB,AFR,Africa,YEAR,2000,,,,,,,,,396.46 [249.99-600.10],396.463223,249.9885806,600.1003045,,2025-12-19T14:24:05Z,2000,01/01/2000,31/12/2000,,
4317406,MALARIA_EST_INCIDENCE,COUNTRY,KGZ,EUR,Europe,YEAR,2006,,,,,,,,,0.08 [0.08-0.08],0.077178621,0.077178621,0.077178621,,2025-12-19T14:24:05Z,2006,01/01/2006,31/12/2006,,
4331162,MALARIA_EST_INCIDENCE,COUNTRY,YEM,EMR,Eastern Mediterranean,YEAR,2010,,,,,,,,,65.73 [37.18-123.67],65.73160639,37.18001768,123.6722882,,2025-12-19T14:24:05Z,2010,01/01/2010,31/12/2010,,
4342039,MALARIA_EST_INCIDENCE,COUNTRY,CHN,WPR,Western Pacific,YEAR,2002,,,,,,,,,0.05 [0.05-0.05],0.047417894,0.047417894,0.047417894,,2025-12-19T14:24:05Z,2002,01/01/2002,31/12/2002,,
4342557,MALARIA_EST_INCIDENCE,COUNTRY,TGO,AFR,Africa,YEAR,2012,,,,,,,,,336.21 [266.72-418.40],336.2069791,266.7199041,418.3951107,,2025-12-19T14:24:05Z,2012,01/01/2012,31/12/2012,,
4344046,MALARIA_EST_INCIDENCE,COUNTRY,PRY,AMR,Americas,YEAR,2011,,,,,,,,,0 [0-0],0.004777237,0.004777237,0.004777237,,2025-12-19T14:24:05Z,2011,01/01/2011,31/12/2011,,
4348904,MALARIA_EST_INCIDENCE,COUNTRY,BFA,AFR,Africa,YEAR,2006,,,,,,,,,511.16 [401.58-640.89],511.160343,401.5846851,640.8883596,,2025-12-19T14:24:05Z,2006,01/01/2006,31/12/2006,,
4350074,MALARIA_EST_INCIDENCE,COUNTRY,VNM,WPR,Western Pacific,YEAR,2019,,,,,,,,,0.05 [0.05-0.06],0.053842714,0.049611817,0.060293787,,2025-12-19T14:24:05Z,2019,01/01/2019,31/12/2019,,
4361833,MALARIA_EST_INCIDENCE,COUNTRY,SYR,EMR,Eastern Mediterranean,YEAR,2017,,,,,,,,,0 [0-0],0,0,0,,2025-12-19T14:24:05Z,2017,01/01/2017,31/12/2017,,
4374915,MALARIA_EST_INCIDENCE,COUNTRY,IND,SEAR,South-East Asia,YEAR,2021,,,,,,,,,2.50 [1.43-3.62],2.49527384,1.425776282,3.620464024,,2025-12-19T14:24:05Z,2021,01/01/2021,31/12/2021,,
4375119,MALARIA_EST_INCIDENCE,COUNTRY,ARE,EMR,Eastern Mediterranean,YEAR,2019,,,,,,,,,0 [0-0],0,0,0,,2025-12-19T14:24:05Z,2019,01/01/2019,31/12/2019,,
4387497,MALARIA_EST_INCIDENCE,COUNTRY,MEX,AMR,Americas,YEAR,2007,,,,,,,,,1.02 [1.02-1.02],1.02384372,1.02384372,1.02384372,,2025-12-19T14:24:05Z,2007,01/01/2007,31/12/2007,,
4406563,MALARIA_EST_INCIDENCE,COUNTRY,ETH,AFR,Africa,YEAR,2005,,,,,,,,,149.48 [54.05-439.87],149.4778211,54.05003265,439.8651266,,2025-12-19T14:24:05Z,2005,01/01/2005,31/12/2005,,
4425090,MALARIA_EST_INCIDENCE,COUNTRY,GEO,EUR,Europe,YEAR,2010,,,,,,,,,0 [0-0],0,0,0,,2025-12-19T14:24:05Z,2010,01/01/2010,31/12/2010,,
4426253,MALARIA_EST_INCIDENCE,COUNTRY,MMR,SEAR,South-East Asia,YEAR,2021,,,,,,,,,6.30 [3.80-26.62],6.296093257,3.801431337,26.62444099,,2025-12-19T14:24:05Z,2021,01/01/2021,31/12/2021,,
4432051,MALARIA_EST_INCIDENCE,COUNTRY,TLS,SEAR,South-East Asia,YEAR,2003,,,,,,,,,78.30 [65.94-91.38],78.3040387,65.94439954,91.38031104,,2025-12-19T14:24:05Z,2003,01/01/2003,31/12/2003,,
4444240,MALARIA_EST_INCIDENCE,COUNTRY,BTN,SEAR,South-East Asia,YEAR,2009,,,,,,,,,2.06 [2.06-2.06],2.058218171,2.058218171,2.058218171,,2025-12-19T14:24:05Z,2009,01/01/2009,31/12/2009,,
4444503,MALARIA_EST_INCIDENCE,REGION,SEAR,,,YEAR,2000,,,,,,,,,21.88 [17.56-27.38],21.87914071,17.56264342,27.37565245,,2025-12-19T14:24:05Z,2000,01/01/2000,31/12/2000,,
4445325,MALARIA_EST_INCIDENCE,COUNTRY,COL,AMR,Americas,YEAR,2000,,,,,,,,,24.35 [17.81-31.20],24.34909615,17.80939599,31.19676813,,2025-12-19T14:24:05Z,2000,01/01/2000,31/12/2000,,
4456700,MALARIA_EST_INCIDENCE,COUNTRY,SUR,AMR,Americas,YEAR,2009,,,,,,,,,31.13 [31.13-31.13],31.12699915,31.12699915,31.12699915,,2025-12-19T14:24:05Z,2009,01/01/2009,31/12/2009,,
4468903,MALARIA_EST_INCIDENCE,COUNTRY,OMN,EMR,Eastern Mediterranean,YEAR,2020,,,,,,,,,0 [0-0],0,0,0,,2025-12-19T14:24:05Z,2020,01/01/2020,31/12/2020,,
4469414,MALARIA_EST_INCIDENCE,COUNTRY,SLB,WPR,Western Pacific,YEAR,2006,,,,,,,,,579.21 [301.03-961.46],579.2096195,301.0339506,961.4615032,,2025-12-19T14:24:05Z,2006,01/01/2006,31/12/2006,,
4476456,MALARIA_EST_INCIDENCE,COUNTRY,GTM,AMR,Americas,YEAR,2013,,,,,,,,,0.63 [0.56-0.73],0.626968801,0.558011272,0.727522269,,2025-12-19T14:24:05Z,2013,01/01/2013,31/12/2013,,
4477187,MALARIA_EST_INCIDENCE,COUNTRY,CMR,AFR,Africa,YEAR,2022,,,,,,,,,265.03 [204.61-336.94],265.0342957,204.6063685,336.9445549,,2025-12-19T14:24:05Z,2022,01/01/2022,31/12/2022,,
4495201,MALARIA_EST_INCIDENCE,COUNTRY,MYS,WPR,Western Pacific,YEAR,2004,,,,,,,,,6.09 [6.09-6.09],6.091440902,6.091440902,6.091440902,,2025-12-19T14:24:05Z,2004,01/01/2004,31/12/2004,,
4515082,MALARIA_EST_INCIDENCE,REGION,EUR,,,YEAR,2016,,,,,,,,,0 [0-0],0,0,0,,2025-12-19T14:24:05Z,2016,01/01/2016,31/12/2016,,
4545171,MALARIA_EST_INCIDENCE,COUNTRY,MOZ,AFR,Africa,YEAR,2009,,,,,,,,,371.47 [304.93-446.81],371.4678946,304.9278017,446.8148193,,2025-12-19T14:24:05Z,2009,01/01/2009,31/12/2009,,
4559476,MALARIA_EST_INCIDENCE,COUNTRY,NIC,AMR,Americas,YEAR,2000,,,,,,,,,6.78 [5.67-7.94],6.77682409,5.671814652,7.942241902,,2025-12-19T14:24:05Z,2000,01/01/2000,31/12/2000,,
4564280,MALARIA_EST_INCIDENCE,COUNTRY,GIN,AFR,Africa,YEAR,2005,,,,,,,,,420.24 [300.26-571.14],420.2376765,300.2631885,571.1386435,,2025-12-19T14:24:05Z,2005,01/01/2005,31/12/2005,,
4564432,MALARIA_EST_INCIDENCE,COUNTRY,BEN,AFR,Africa,YEAR,2021,,,,,,,,,378.20 [277.28-502.20],378.2004988,277.2783139,502.1958182,,2025-12-19T14:24:05Z,2021,01/01/2021,31/12/2021,,
4576826,MALARIA_EST_INCIDENCE,COUNTRY,GIN,AFR,Africa,YEAR,2000,,,,,,,,,415.77 [300.46-558.72],415.7749752,300.455075,558.7214467,,2025-12-19T14:24:05Z,2000,01/01/2000,31/12/2000,,
4585218,MALARIA_EST_INCIDENCE,COUNTRY,TGO,AFR,Africa,YEAR,2005,,,,,,,,,481.51 [381.39-598.54],481.5060181,381.3894282,598.5438473,,2025-12-19T14:24:05Z,2005,01/01/2005,31/12/2005,,
4590894,MALARIA_EST_INCIDENCE,COUNTRY,SOM,EMR,Eastern Mediterranean,YEAR,2012,,,,,,,,,34.13 [24.67-46.20],34.12868465,24.67299393,46.20349751,,2025-12-19T14:24:05Z,2012,01/01/2012,31/12/2012,,
4610105,MALARIA_EST_INCIDENCE,COUNTRY,LBR,AFR,Africa,YEAR,2011,,,,,,,,,299.38 [224.06-393.18],299.3768564,224.0637803,393.177491,,2025-12-19T14:24:05Z,2011,01/01/2011,31/12/2011,,
4621798,MALARIA_EST_INCIDENCE,COUNTRY,SLE,AFR,Africa,YEAR,2018,,,,,,,,,340.61 [236.46-480.13],340.6108335,236.4564039,480.1315642,,2025-12-19T14:24:05Z,2018,01/01/2018,31/12/2018,,
4623354,MALARIA_EST_INCIDENCE,COUNTRY,CIV,AFR,Africa,YEAR,2008,,,,,,,,,392.97 [321.49-479.78],392.9658771,321.4918256,479.7827417,,2025-12-19T14:24:05Z,2008,01/01/2008,31/12/2008,,
4629169,MALARIA_EST_INCIDENCE,GLOBAL,GLOBAL,,,YEAR,2024,,,,,,,,,63.95 [58.12-71.06],63.95164214,58.119393,71.0639049,,2025-12-19T14:24:05Z,2024,01/01/2024,31/12/2024,,
4642239,MALARIA_EST_INCIDENCE,COUNTRY,PRY,AMR,Americas,YEAR,2018,,,,,,,,,0 [0-0],0,0,0,,2025-12-19T14:24:05Z,2018,01/01/2018,31/12/2018,,
4648219,MALARIA_EST_INCIDENCE,COUNTRY,ZWE,AFR,Africa,YEAR,2005,,,,,,,,,102.59 [22.92-253.02],102.5884477,22.92300518,253.0204839,,2025-12-19T14:24:05Z,2005,01/01/2005,31/12/2005,,
4665579,MALARIA_EST_INCIDENCE,COUNTRY,HND,AMR,Americas,YEAR,2016,,,,,,,,,0.66 [0.51-0.81],0.657069603,0.510571936,0.811431697,,2025-12-19T14:24:05Z,2016,01/01/2016,31/12/2016,,
4678441,MALARIA_EST_INCIDENCE,COUNTRY,SUR,AMR,Americas,YEAR,2004,,,,,,,,,110.37 [110.37-110.37],110.3733565,110.3733565,110.3733565,,2025-12-19T14:24:05Z,2004,01/01/2004,31/12/2004,,
4685417,MALARIA_EST_INCIDENCE,COUNTRY,MDG,AFR,Africa,YEAR,2001,,,,,,,,,65.26 [8.80-139.09],65.25567901,8.799441482,139.0854244,,2025-12-19T14:24:05Z,2001,01/01/2001,31/12/2001,,
4692158,MALARIA_EST_INCIDENCE,REGION,EMR,,,YEAR,2023,,,,,,,,,20.31 [16.11-26.12],20.31461168,16.10544719,26.12041077,,2025-12-19T14:24:05Z,2023,01/01/2023,31/12/2023,,
4717328,MALARIA_EST_INCIDENCE,COUNTRY,MRT,AFR,Africa,YEAR,2002,,,,,,,,,92.59 [41.00-174.76],92.58635812,40.99860735,174.7559476,,2025-12-19T14:24:05Z,2002,01/01/2002,31/12/2002,,
4729480,MALARIA_EST_INCIDENCE,COUNTRY,TJK,EUR,Europe,YEAR,2004,,,,,,,,,1.58 [1.58-1.58],1.581981286,1.581981286,1.581981286,,2025-12-19T14:24:05Z,2004,01/01/2004,31/12/2004,,
4735322,MALARIA_EST_INCIDENCE,COUNTRY,PRY,AMR,Americas,YEAR,2017,,,,,,,,,0 [0-0],0,0,0,,2025-12-19T14:24:05Z,2017,01/01/2017,31/12/2017,,
4737117,MALARIA_EST_INCIDENCE,COUNTRY,SOM,EMR,Eastern Mediterranean,YEAR,2015,,,,,,,,,55.22 [36.24-80.19],55.21532867,36.24470494,80.18549228,,2025-12-19T14:24:05Z,2015,01/01/2015,31/12/2015,,
4741999,MALARIA_EST_INCIDENCE,COUNTRY,TJK,EUR,Europe,YEAR,2003,,,,,,,,,2.44 [2.44-2.44],2.44068699,2.44068699,2.44068699,,2025-12-19T14:24:05Z,2003,01/01/2003,31/12/2003,,
4743753,MALARIA_EST_INCIDENCE,COUNTRY,PER,AMR,Americas,YEAR,2024,,,,,,,,,3.25 [2.66-3.86],3.245010697,2.658076056,3.860218547,,2025-12-19T14:24:05Z,2024,01/01/2024,31/12/2024,,
4743779,MALARIA_EST_INCIDENCE,REGION,WPR,,,YEAR,2000,,,,,,,,,4.53 [3.31-5.97],4.525419118,3.30711326,5.969717744,,2025-12-19T14:24:05Z,2000,01/01/2000,31/12/2000,,
4767028,MALARIA_EST_INCIDENCE,REGION,WPR,,,YEAR,2002,,,,,,,,,3.78 [2.76-5.06],3.784183508,2.762896094,5.057297526,,2025-12-19T14:24:05Z,2002,01/01/2002,31/12/2002,,
4788115,MALARIA_EST_INCIDENCE,COUNTRY,BLZ,AMR,Americas,YEAR,2006,,,,,,,,,4.25 [4.25-4.25],4.24897803,4.24897803,4.24897803,,2025-12-19T14:24:05Z,2006,01/01/2006,31/12/2006,,
4800234,MALARIA_EST_INCIDENCE,COUNTRY,VNM,WPR,Western Pacific,YEAR,2007,,,,,,,,,0.45 [0.39-0.54],0.454630432,0.394454605,0.543846503,,2025-12-19T14:24:05Z,2007,01/01/2007,31/12/2007,,
4800240,MALARIA_EST_INCIDENCE,GLOBAL,GLOBAL,,,YEAR,2009,,,,,,,,,68.73 [63.81-74.98],68.73492218,63.81002613,74.98306893,,2025-12-19T14:24:05Z,2009,01/01/2009,31/12/2009,,
4824303,MALARIA_EST_INCIDENCE,COUNTRY,PER,AMR,Americas,YEAR,2022,,,,,,,,,2.72 [2.23-3.23],2.718322812,2.227058599,3.229135903,,2025-12-19T14:24:05Z,2022,01/01/2022,31/12/2022,,
4824415,MALARIA_EST_INCIDENCE,REGION,EUR,,,YEAR,2014,,,,,,,,,0 [0-0],5.9e-5,5.9e-5,5.9e-5,,2025-12-19T14:24:05Z,2014,01/01/2014,31/12/2014,,
4830611,MALARIA_EST_INCIDENCE,COUNTRY,ERI,AFR,Africa,YEAR,2009,,,,,,,,,9.58 [6.10-13.51],9.576558623,6.097195699,13.5105882,,2025-12-19T14:24:05Z,2009,01/01/2009,31/12/2009,,
4844194,MALARIA_EST_INCIDENCE,COUNTRY,PRK,SEAR,South-East Asia,YEAR,2015,,,,,,,,,0.70 [0.70-0.70],0.702321853,0.702321853,0.702321853,,2025-12-19T14:24:05Z,2015,01/01/2015,31/12/2015,,
4870172,MALARIA_EST_INCIDENCE,COUNTRY,PER,AMR,Americas,YEAR,2015,,,,,,,,,7.26 [5.94-8.70],7.26401765,5.937366406,8.698284125,,2025-12-19T14:24:05Z,2015,01/01/2015,31/12/2015,,
4876435,MALARIA_EST_INCIDENCE,COUNTRY,NER,AFR,Africa,YEAR,2022,,,,,,,,,305.14 [177.37-490.05],305.1436384,177.367875,490.0496625,,2025-12-19T14:24:05Z,2022,01/01/2022,31/12/2022,,
4881842,MALARIA_EST_INCIDENCE,COUNTRY,HTI,AMR,Americas,YEAR,2015,,,,,,,,,3.42 [2.27-4.62],3.423326527,2.273206878,4.619831532,,2025-12-19T14:24:05Z,2015,01/01/2015,31/12/2015,,
4901600,MALARIA_EST_INCIDENCE,REGION,EMR,,,YEAR,2005,,,,,,,,,13.94 [11.11-24.43],13.93767965,11.10945853,24.42937584,,2025-12-19T14:24:05Z,2005,01/01/2005,31/12/2005,,
4913963,MALARIA_EST_INCIDENCE,COUNTRY,KOR,WPR,Western Pacific,YEAR,2017,,,,,,,,,0.12 [0.12-0.12],0.120975417,0.120975417,0.120975417,,2025-12-19T14:24:05Z,2017,01/01/2017,31/12/2017,,
4914539,MALARIA_EST_INCIDENCE,COUNTRY,PRK,SEAR,South-East Asia,YEAR,2022,,,,,,,,,0.21 [0.21-0.21],0.207523081,0.207523081,0.207523081,,2025-12-19T14:24:05Z,2022,01/01/2022,31/12/2022,,
4952168,MALARIA_EST_INCIDENCE,COUNTRY,SSD,AFR,Africa,YEAR,2023,,,,,,,,,264.93 [167.24-395.13],264.9337207,167.2379128,395.1279977,,2025-12-19T14:24:05Z,2023,01/01/2023,31/12/2023,,
4957035,MALARIA_EST_INCIDENCE,REGION,AMR,,,YEAR,2019,,,,,,,,,6.00 [5.53-6.59],6.004723684,5.528244962,6.58807226,,2025-12-19T14:24:05Z,2019,01/01/2019,31/12/2019,,
4958104,MALARIA_EST_INCIDENCE,COUNTRY,GUF,AMR,Americas,YEAR,2000,,,,,,,,,49.83 [43.62-59.40],49.82670928,43.61524958,59.40411622,,2025-12-19T14:24:05Z,2000,01/01/2000,31/12/2000,,
4958361,MALARIA_EST_INCIDENCE,COUNTRY,KGZ,EUR,Europe,YEAR,2013,,,,,,,,,0 [0-0],0,0,0,,2025-12-19T14:24:05Z,2013,01/01/2013,31/12/2013,,
4983782,MALARIA_EST_INCIDENCE,COUNTRY,LKA,SEAR,South-East Asia,YEAR,2008,,,,,,,,,0.14 [0.14-0.14],0.136782587,0.136782587,0.136782587,,2025-12-19T14:24:05Z,2008,01/01/2008,31/12/2008,,
4983783,MALARIA_EST_INCIDENCE,COUNTRY,AGO,AFR,Africa,YEAR,2003,,,,,,,,,319.29 [221.66-445.10],319.2875031,221.664606,445.1004926,,2025-12-19T14:24:05Z,2003,01/01/2003,31/12/2003,,
5002111,MALARIA_EST_INCIDENCE,COUNTRY,SEN,AFR,Africa,YEAR,2012,,,,,,,,,53.04 [36.79-71.90],53.04235891,36.79315546,71.89512463,,2025-12-19T14:24:05Z,2012,01/01/2012,31/12/2012,,
5002297,MALARIA_EST_INCIDENCE,COUNTRY,TZA,AFR,Africa,YEAR,2001,,,,,,,,,318.45 [245.41-406.72],318.4528321,245.4118415,406.7167273,,2025-12-19T14:24:05Z,2001,01/01/2001,31/12/2001,,
5003593,MALARIA_EST_INCIDENCE,COUNTRY,SSD,AFR,Africa,YEAR,2020,,,,,,,,,281.60 [183.47-420.86],281.6038036,183.4669117,420.8643584,,2025-12-19T14:24:05Z,2020,01/01/2020,31/12/2020,,
5028112,MALARIA_EST_INCIDENCE,COUNTRY,NAM,AFR,Africa,YEAR,2019,,,,,,,,,2.71 [1.92-3.84],2.711721004,1.924097955,3.841101705,,2025-12-19T14:24:05Z,2019,01/01/2019,31/12/2019,,
5035127,MALARIA_EST_INCIDENCE,REGION,AMR,,,YEAR,2008,,,,,,,,,5.28 [4.87-5.77],5.28025762,4.874600753,5.770551576,,2025-12-19T14:24:05Z,2008,01/01/2008,31/12/2008,,
5039680,MALARIA_EST_INCIDENCE,COUNTRY,PRY,AMR,Americas,YEAR,2001,,,,,,,,,14.49 [14.49-14.49],14.48949431,14.48949431,14.48949431,,2025-12-19T14:24:05Z,2001,01/01/2001,31/12/2001,,
5039764,MALARIA_EST_INCIDENCE,COUNTRY,BEN,AFR,Africa,YEAR,2005,,,,,,,,,510.17 [408.52-627.84],510.1660392,408.5204524,627.8446348,,2025-12-19T14:24:05Z,2005,01/01/2005,31/12/2005,,
5041474,MALARIA_EST_INCIDENCE,COUNTRY,NAM,AFR,Africa,YEAR,2006,,,,,,,,,43.12 [25.86-71.66],43.12043819,25.86481538,71.66472177,,2025-12-19T14:24:05Z,2006,01/01/2006,31/12/2006,,
5041559,MALARIA_EST_INCIDENCE,COUNTRY,IRN,EMR,Eastern Mediterranean,YEAR,2019,,,,,,,,,0 [0-0],0,0,0,,2025-12-19T14:24:05Z,2019,01/01/2019,31/12/2019,,
5046520,MALARIA_EST_INCIDENCE,COUNTRY,VEN,AMR,Americas,YEAR,2008,,,,,,,,,2.67 [2.38-3.10],2.672161272,2.381286943,3.098078414,,2025-12-19T14:24:05Z,2008,01/01/2008,31/12/2008,,
5046719,MALARIA_EST_INCIDENCE,COUNTRY,DJI,EMR,Eastern Mediterranean,YEAR,2017,,,,,,,,,18.72 [18.72-18.72],18.72207017,18.72207017,18.72207017,,2025-12-19T14:24:05Z,2017,01/01/2017,31/12/2017,,
5052632,MALARIA_EST_INCIDENCE,COUNTRY,LKA,SEAR,South-East Asia,YEAR,2021,,,,,,,,,0 [0-0],0,0,0,,2025-12-19T14:24:05Z,2021,01/01/2021,31/12/2021,,
5066175,MALARIA_EST_INCIDENCE,COUNTRY,CPV,AFR,Africa,YEAR,2024,,,,,,,,,0.14 [0.14-0.14],0.139226778,0.139226778,0.139226778,,2025-12-19T14:24:05Z,2024,01/01/2024,31/12/2024,,
5079301,MALARIA_EST_INCIDENCE,COUNTRY,VNM,WPR,Western Pacific,YEAR,2014,,,,,,,,,0.28 [0.26-0.32],0.282091038,0.2600536,0.317389418,,2025-12-19T14:24:05Z,2014,01/01/2014,31/12/2014,,
5092331,MALARIA_EST_INCIDENCE,COUNTRY,STP,AFR,Africa,YEAR,2023,,,,,,,,,10.17 [10.17-10.17],10.17018162,10.17018162,10.17018162,,2025-12-19T14:24:05Z,2023,01/01/2023,31/12/2023,,
5096974,MALARIA_EST_INCIDENCE,COUNTRY,TJK,EUR,Europe,YEAR,2019,,,,,,,,,0 [0-0],0,0,0,,2025-12-19T14:24:05Z,2019,01/01/2019,31/12/2019,,
5104137,MALARIA_EST_INCIDENCE,COUNTRY,NAM,AFR,Africa,YEAR,2009,,,,,,,,,3.68 [0.48-10.97],3.679959926,0.479689569,10.97074408,,2025-12-19T14:24:05Z,2009,01/01/2009,31/12/2009,,
5122902,MALARIA_EST_INCIDENCE,COUNTRY,KGZ,EUR,Europe,YEAR,2011,,,,,,,,,0 [0-0],0,0,0,,2025-12-19T14:24:05Z,2011,01/01/2011,31/12/2011,,
5128541,MALARIA_EST_INCIDENCE,COUNTRY,ARE,EMR,Eastern Mediterranean,YEAR,2020,,,,,,,,,0 [0-0],0,0,0,,2025-12-19T14:24:05Z,2020,01/01/2020,31/12/2020,,
5134722,MALARIA_EST_INCIDENCE,COUNTRY,SLV,AMR,Americas,YEAR,2015,,,,,,,,,0 [0-0],0.003983156,0.003983156,0.003983156,,2025-12-19T14:24:05Z,2015,01/01/2015,31/12/2015,,
5135715,MALARIA_EST_INCIDENCE,COUNTRY,SSD,AFR,Africa,YEAR,2016,,,,,,,,,265.71 [187.72-367.61],265.7058078,187.7183613,367.6104228,,2025-12-19T14:24:05Z,2016,01/01/2016,31/12/2016,,
5140465,MALARIA_EST_INCIDENCE,COUNTRY,MYS,WPR,Western Pacific,YEAR,2016,,,,,,,,,0.21 [0.21-0.21],0.209187417,0.209187417,0.209187417,,2025-12-19T14:24:05Z,2016,01/01/2016,31/12/2016,,
5173092,MALARIA_EST_INCIDENCE,COUNTRY,MWI,AFR,Africa,YEAR,2016,,,,,,,,,260.92 [199.78-337.04],260.9226051,199.7808687,337.0372148,,2025-12-19T14:24:05Z,2016,01/01/2016,31/12/2016,,
5179058,MALARIA_EST_INCIDENCE,COUNTRY,KEN,AFR,Africa,YEAR,2017,,,,,,,,,76.85 [55.22-104.53],76.8492024,55.21773652,104.5301108,,2025-12-19T14:24:05Z,2017,01/01/2017,31/12/2017,,
5180068,MALARIA_EST_INCIDENCE,COUNTRY,PER,AMR,Americas,YEAR,2003,,,,,,,,,10.32 [8.58-12.18],10.32225856,8.584778527,12.18463574,,2025-12-19T14:24:05Z,2003,01/01/2003,31/12/2003,,
5191613,MALARIA_EST_INCIDENCE,COUNTRY,KGZ,EUR,Europe,YEAR,2003,,,,,,,,,0.11 [0.11-0.11],0.114552718,0.114552718,0.114552718,,2025-12-19T14:24:05Z,2003,01/01/2003,31/12/2003,,
5191681,MALARIA_EST_INCIDENCE,COUNTRY,BRA,AMR,Americas,YEAR,2005,,,,,,,,,17.56 [16.62-18.88],17.55792031,16.62457533,18.87684146,,2025-12-19T14:24:05Z,2005,01/01/2005,31/12/2005,,
5192039,MALARIA_EST_INCIDENCE,COUNTRY,IND,SEAR,South-East Asia,YEAR,2007,,,,,,,,,14.90 [11.27-20.01],14.90204722,11.27463044,20.00979171,,2025-12-19T14:24:05Z,2007,01/01/2007,31/12/2007,,
5210246,MALARIA_EST_INCIDENCE,COUNTRY,PRK,SEAR,South-East Asia,YEAR,2013,,,,,,,,,1.45 [1.45-1.45],1.454938758,1.454938758,1.454938758,,2025-12-19T14:24:05Z,2013,01/01/2013,31/12/2013,,
5216521,MALARIA_EST_INCIDENCE,COUNTRY,TGO,AFR,Africa,YEAR,2001,,,,,,,,,441.75 [311.26-602.61],441.7516109,311.2610239,602.6139476,,2025-12-19T14:24:05Z,2001,01/01/2001,31/12/2001,,
5229420,MALARIA_EST_INCIDENCE,COUNTRY,GNB,AFR,Africa,YEAR,2009,,,,,,,,,106.34 [73.31-149.63],106.3426663,73.30872386,149.6314803,,2025-12-19T14:24:05Z,2009,01/01/2009,31/12/2009,,
5229456,MALARIA_EST_INCIDENCE,COUNTRY,NER,AFR,Africa,YEAR,2020,,,,,,,,,330.78 [193.21-537.73],330.7829924,193.2123207,537.7292184,,2025-12-19T14:24:05Z,2020,01/01/2020,31/12/2020,,
5230335,MALARIA_EST_INCIDENCE,COUNTRY,PNG,WPR,Western Pacific,YEAR,2011,,,,,,,,,114.39 [41.48-202.67],114.3929788,41.47868029,202.6733554,,2025-12-19T14:24:05Z,2011,01/01/2011,31/12/2011,,
5230364,MALARIA_EST_INCIDENCE,COUNTRY,MYS,WPR,Western Pacific,YEAR,2022,,,,,,,,,0 [0-0],0,0,0,,2025-12-19T14:24:05Z,2022,01/01/2022,31/12/2022,,
5236066,MALARIA_EST_INCIDENCE,COUNTRY,MDG,AFR,Africa,YEAR,2002,,,,,,,,,51.20 [1.27-116.87],51.1976897,1.267039045,116.8657745,,2025-12-19T14:24:05Z,2002,01/01/2002,31/12/2002,,
5236817,MALARIA_EST_INCIDENCE,COUNTRY,TCD,AFR,Africa,YEAR,2008,,,,,,,,,237.86 [162.60-335.50],237.8555199,162.6035824,335.5025712,,2025-12-19T14:24:05Z,2008,01/01/2008,31/12/2008,,
5243284,MALARIA_EST_INCIDENCE,COUNTRY,SLE,AFR,Africa,YEAR,2003,,,,,,,,,414.30 [281.61-588.19],414.2987013,281.6093412,588.1885483,,2025-12-19T14:24:05Z,2003,01/01/2003,31/12/2003,,
5254420,MALARIA_EST_INCIDENCE,COUNTRY,PHL,WPR,Western Pacific,YEAR,2019,,,,,,,,,0.21 [0.15-0.28],0.210482043,0.148855868,0.281622361,,2025-12-19T14:24:05Z,2019,01/01/2019,31/12/2019,,
5254556,MALARIA_EST_INCIDENCE,COUNTRY,BOL,AMR,Americas,YEAR,2004,,,,,,,,,4.84 [3.78-5.95],4.838939888,3.778981912,5.945099609,,2025-12-19T14:24:05Z,2004,01/01/2004,31/12/2004,,
5255583,MALARIA_EST_INCIDENCE,COUNTRY,CAF,AFR,Africa,YEAR,2012,,,,,,,,,434.79 [260.72-681.95],434.7887851,260.7197635,681.9502996,,2025-12-19T14:24:05Z,2012,01/01/2012,31/12/2012,,
5261623,MALARIA_EST_INCIDENCE,COUNTRY,NIC,AMR,Americas,YEAR,2008,,,,,,,,,0.20 [0.16-0.23],0.196641766,0.16321776,0.231690869,,2025-12-19T14:24:05Z,2008,01/01/2008,31/12/2008,,
5280384,MALARIA_EST_INCIDENCE,REGION,AMR,,,YEAR,2023,,,,,,,,,3.71 [3.41-4.03],3.710195533,3.405477306,4.034180193,,2025-12-19T14:24:05Z,2023,01/01/2023,31/12/2023,,
5292131,MALARIA_EST_INCIDENCE,COUNTRY,BDI,AFR,Africa,YEAR,2019,,,,,,,,,345.28 [268.37-440.40],345.2803742,268.3678277,440.3950043,,2025-12-19T14:24:05Z,2019,01/01/2019,31/12/2019,,
5293396,MALARIA_EST_INCIDENCE,COUNTRY,TLS,SEAR,South-East Asia,YEAR,2005,,,,,,,,,172.38 [118.29-234.32],172.3835205,118.2905779,234.317913,,2025-12-19T14:24:05Z,2005,01/01/2005,31/12/2005,,
5299070,MALARIA_EST_INCIDENCE,COUNTRY,CRI,AMR,Americas,YEAR,2000,,,,,,,,,1.36 [1.36-1.36],1.363364601,1.363364601,1.363364601,,2025-12-19T14:24:05Z,2000,01/01/2000,31/12/2000,,
5300426,MALARIA_EST_INCIDENCE,COUNTRY,VNM,WPR,Western Pacific,YEAR,2002,,,,,,,,,2.26 [1.80-2.96],2.264278202,1.803582052,2.959163015,,2025-12-19T14:24:05Z,2002,01/01/2002,31/12/2002,,
5305484,MALARIA_EST_INCIDENCE,COUNTRY,BFA,AFR,Africa,YEAR,2008,,,,,,,,,549.65 [443.01-674.70],549.647587,443.0091788,674.6998167,,2025-12-19T14:24:05Z,2008,01/01/2008,31/12/2008,,
5306146,MALARIA_EST_INCIDENCE,REGION,SEAR,,,YEAR,2012,,,,,,,,,8.94 [7.34-11.02],8.939819432,7.337344643,11.0173653,,2025-12-19T14:24:05Z,2012,01/01/2012,31/12/2012,,
5312387,MALARIA_EST_INCIDENCE,COUNTRY,PHL,WPR,Western Pacific,YEAR,2006,,,,,,,,,1.98 [1.40-2.64],1.982548843,1.397175469,2.635239136,,2025-12-19T14:24:05Z,2006,01/01/2006,31/12/2006,,
5331159,MALARIA_EST_INCIDENCE,COUNTRY,PAK,EMR,Eastern Mediterranean,YEAR,2024,,,,,,,,,12.77 [10.11-17.18],12.77160652,10.11061848,17.17651291,,2025-12-19T14:24:05Z,2024,01/01/2024,31/12/2024,,
5343551,MALARIA_EST_INCIDENCE,COUNTRY,KGZ,EUR,Europe,YEAR,2014,,,,,,,,,0 [0-0],0,0,0,,2025-12-19T14:24:05Z,2014,01/01/2014,31/12/2014,,
5344071,MALARIA_EST_INCIDENCE,COUNTRY,SWZ,AFR,Africa,YEAR,2023,,,,,,,,,1.73 [1.73-1.73],1.73274008,1.73274008,1.73274008,,2025-12-19T14:24:05Z,2023,01/01/2023,31/12/2023,,
5344402,MALARIA_EST_INCIDENCE,REGION,WPR,,,YEAR,2012,,,,,,,,,3.58 [2.70-4.98],3.576713972,2.704137311,4.979765124,,2025-12-19T14:24:05Z,2012,01/01/2012,31/12/2012,,
5349019,MALARIA_EST_INCIDENCE,REGION,SEAR,,,YEAR,2015,,,,,,,,,6.22 [5.11-7.44],6.215834157,5.112549242,7.439053504,,2025-12-19T14:24:05Z,2015,01/01/2015,31/12/2015,,
5356351,MALARIA_EST_INCIDENCE,COUNTRY,BWA,AFR,Africa,YEAR,2006,,,,,,,,,3.86 [2.57-6.28],3.864766175,2.572467383,6.277971879,,2025-12-19T14:24:05Z,2006,01/01/2006,31/12/2006,,
5362726,MALARIA_EST_INCIDENCE,COUNTRY,LKA,SEAR,South-East Asia,YEAR,2015,,,,,,,,,0 [0-0],0,0,0,,2025-12-19T14:24:05Z,2015,01/01/2015,31/12/2015,,
5363920,MALARIA_EST_INCIDENCE,COUNTRY,SLB,WPR,Western Pacific,YEAR,2018,,,,,,,,,125.88 [105.50-150.43],125.884426,105.4980064,150.4250302,,2025-12-19T14:24:05Z,2018,01/01/2018,31/12/2018,,
5388135,MALARIA_EST_INCIDENCE,COUNTRY,BTN,SEAR,South-East Asia,YEAR,2004,,,,,,,,,5.55 [5.55-5.55],5.546300182,5.546300182,5.546300182,,2025-12-19T14:24:05Z,2004,01/01/2004,31/12/2004,,
5389325,MALARIA_EST_INCIDENCE,COUNTRY,SSD,AFR,Africa,YEAR,2018,,,,,,,,,276.30 [185.43-395.54],276.3027121,185.4328598,395.5390494,,2025-12-19T14:24:05Z,2018,01/01/2018,31/12/2018,,
5395458,MALARIA_EST_INCIDENCE,COUNTRY,ZMB,AFR,Africa,YEAR,2023,,,,,,,,,252.08 [203.34-308.71],252.0788372,203.3412778,308.7081924,,2025-12-19T14:24:05Z,2023,01/01/2023,31/12/2023,,
5406948,MALARIA_EST_INCIDENCE,COUNTRY,NPL,SEAR,South-East Asia,YEAR,2001,,,,,,,,,7.70 [2.99-16.60],7.698936231,2.993551875,16.59930086,,2025-12-19T14:24:05Z,2001,01/01/2001,31/12/2001,,
5413116,MALARIA_EST_INCIDENCE,COUNTRY,PNG,WPR,Western Pacific,YEAR,2012,,,,,,,,,154.67 [50.50-317.26],154.6660909,50.49661321,317.255667,,2025-12-19T14:24:05Z,2012,01/01/2012,31/12/2012,,
5438339,MALARIA_EST_INCIDENCE,COUNTRY,BOL,AMR,Americas,YEAR,2022,,,,,,,,,2.55 [1.99-3.14],2.55281854,1.988846773,3.139974105,,2025-12-19T14:24:05Z,2022,01/01/2022,31/12/2022,,
5451706,MALARIA_EST_INCIDENCE,COUNTRY,NIC,AMR,Americas,YEAR,2007,,,,,,,,,0.35 [0.29-0.42],0.354929971,0.294775853,0.418391533,,2025-12-19T14:24:05Z,2007,01/01/2007,31/12/2007,,
5452546,MALARIA_EST_INCIDENCE,COUNTRY,TJK,EUR,Europe,YEAR,2015,,,,,,,,,0 [0-0],0,0,0,,2025-12-19T14:24:05Z,2015,01/01/2015,31/12/2015,,
5459069,MALARIA_EST_INCIDENCE,COUNTRY,AFG,EMR,Eastern Mediterranean,YEAR,2004,,,,,,,,,39.41 [26.40-58.93],39.41327514,26.39863434,58.92526626,,2025-12-19T14:24:05Z,2004,01/01/2004,31/12/2004,,
5483009,MALARIA_EST_INCIDENCE,COUNTRY,MRT,AFR,Africa,YEAR,2018,,,,,,,,,79.68 [31.38-157.21],79.68121244,31.37889796,157.209583,,2025-12-19T14:24:05Z,2018,01/01/2018,31/12/2018,,
5489872,MALARIA_EST_INCIDENCE,COUNTRY,MYT,AFR,Africa,YEAR,2008,,,,,,,,,4.58 [4.58-4.58],4.582378671,4.582378671,4.582378671,,2025-12-19T14:24:05Z,2008,01/01/2008,31/12/2008,,
5495544,MALARIA_EST_INCIDENCE,COUNTRY,IDN,WPR,Western Pacific,YEAR,2023,,,,,,,,,1.81 [1.69-1.97],1.814463104,1.691520816,1.968353231,,2025-12-19T14:24:05Z,2023,01/01/2023,31/12/2023,,
5502019,MALARIA_EST_INCIDENCE,COUNTRY,ECU,AMR,Americas,YEAR,2015,,,,,,,,,0.07 [0.07-0.07],0.068018584000000007,0.068018584000000007,0.068018584000000007,,2025-12-19T14:24:05Z,2015,01/01/2015,31/12/2015,,
5509463,MALARIA_EST_INCIDENCE,COUNTRY,ARM,EUR,Europe,YEAR,2024,,,,,,,,,0 [0-0],0,0,0,,2025-12-19T14:24:05Z,2024,01/01/2024,31/12/2024,,
5521833,MALARIA_EST_INCIDENCE,COUNTRY,MDG,AFR,Africa,YEAR,2008,,,,,,,,,29.90 [15.56-52.07],29.89838385,15.55862714,52.06768691,,2025-12-19T14:24:05Z,2008,01/01/2008,31/12/2008,,
5533922,MALARIA_EST_INCIDENCE,COUNTRY,PRK,SEAR,South-East Asia,YEAR,2006,,,,,,,,,0.72 [0.72-0.72],0.721046409,0.721046409,0.721046409,,2025-12-19T14:24:05Z,2006,01/01/2006,31/12/2006,,
5566147,MALARIA_EST_INCIDENCE,COUNTRY,EGY,EMR,Eastern Mediterranean,YEAR,2012,,,,,,,,,0 [0-0],0,0,0,,2025-12-19T14:24:05Z,2012,01/01/2012,31/12/2012,,
5577398,MALARIA_EST_INCIDENCE,COUNTRY,TUR,EUR,Europe,YEAR,2004,,,,,,,,,1.19 [1.19-1.19],1.189183855,1.189183855,1.189183855,,2025-12-19T14:24:05Z,2004,01/01/2004,31/12/2004,,
5590150,MALARIA_EST_INCIDENCE,COUNTRY,ECU,AMR,Americas,YEAR,2012,,,,,,,,,0.06 [0.06-0.06],0.061644722,0.061644722,0.061644722,,2025-12-19T14:24:05Z,2012,01/01/2012,31/12/2012,,
5591567,MALARIA_EST_INCIDENCE,COUNTRY,UZB,EUR,Europe,YEAR,2024,,,,,,,,,0 [0-0],0,0,0,,2025-12-19T14:24:05Z,2024,01/01/2024,31/12/2024,,
5596406,MALARIA_EST_INCIDENCE,COUNTRY,LKA,SEAR,South-East Asia,YEAR,2016,,,,,,,,,0 [0-0],0,0,0,,2025-12-19T14:24:05Z,2016,01/01/2016,31/12/2016,,
5603075,MALARIA_EST_INCIDENCE,COUNTRY,HTI,AMR,Americas,YEAR,2022,,,,,,,,,2.55 [1.68-3.53],2.552261721,1.678023782,3.534701506,,2025-12-19T14:24:05Z,2022,01/01/2022,31/12/2022,,
5615734,MALARIA_EST_INCIDENCE,COUNTRY,SEN,AFR,Africa,YEAR,2024,,,,,,,,,36.78 [28.91-45.34],36.78065012,28.9143721,45.3384837,,2025-12-19T14:24:05Z,2024,01/01/2024,31/12/2024,,
5635291,MALARIA_EST_INCIDENCE,COUNTRY,TGO,AFR,Africa,YEAR,2019,,,,,,,,,289.98 [212.56-386.60],289.97805519999997,212.5595322,386.5965097,,2025-12-19T14:24:05Z,2019,01/01/2019,31/12/2019,,
5641140,MALARIA_EST_INCIDENCE,REGION,WPR,,,YEAR,2017,,,,,,,,,2.28 [1.85-2.79],2.27550759,1.85010576,2.791261791,,2025-12-19T14:24:05Z,2017,01/01/2017,31/12/2017,,
5641210,MALARIA_EST_INCIDENCE,COUNTRY,KOR,WPR,Western Pacific,YEAR,2021,,,,,,,,,0.08 [0.08-0.08],0.075494843,0.075494843,0.075494843,,2025-12-19T14:24:05Z,2021,01/01/2021,31/12/2021,,
5660377,MALARIA_EST_INCIDENCE,COUNTRY,LBR,AFR,Africa,YEAR,2023,,,,,,,,,179.32 [122.62-253.00],179.3212163,122.6212951,253.0031143,,2025-12-19T14:24:05Z,2023,01/01/2023,31/12/2023,,
5672950,MALARIA_EST_INCIDENCE,COUNTRY,ARG,AMR,Americas,YEAR,2014,,,,,,,,,0 [0-0],0,0,0,,2025-12-19T14:24:05Z,2014,01/01/2014,31/12/2014,,
5685860,MALARIA_EST_INCIDENCE,COUNTRY,SWZ,AFR,Africa,YEAR,2022,,,,,,,,,0.63 [0.63-0.63],0.627021705,0.627021705,0.627021705,,2025-12-19T14:24:05Z,2022,01/01/2022,31/12/2022,,
5737300,MALARIA_EST_INCIDENCE,COUNTRY,YEM,EMR,Eastern Mediterranean,YEAR,2016,,,,,,,,,32.76 [22.44-48.17],32.76087837,22.4378591,48.17302862,,2025-12-19T14:24:05Z,2016,01/01/2016,31/12/2016,,
5742815,MALARIA_EST_INCIDENCE,COUNTRY,PNG,WPR,Western Pacific,YEAR,2006,,,,,,,,,219.58 [77.74-388.30],219.5824664,77.73678739,388.2967617,,2025-12-19T14:24:05Z,2006,01/01/2006,31/12/2006,,
5744054,MALARIA_EST_INCIDENCE,COUNTRY,GTM,AMR,Americas,YEAR,2024,,,,,,,,,0.21 [0.21-0.21],0.210502408,0.210502408,0.210502408,,2025-12-19T14:24:05Z,2024,01/01/2024,31/12/2024,,
5755756,MALARIA_EST_INCIDENCE,COUNTRY,GIN,AFR,Africa,YEAR,2023,,,,,,,,,285.50 [200.07-392.00],285.502144,200.0749351,392.0042914,,2025-12-19T14:24:05Z,2023,01/01/2023,31/12/2023,,
5756732,MALARIA_EST_INCIDENCE,COUNTRY,LKA,SEAR,South-East Asia,YEAR,2017,,,,,,,,,0 [0-0],0,0,0,,2025-12-19T14:24:05Z,2017,01/01/2017,31/12/2017,,
5780169,MALARIA_EST_INCIDENCE,COUNTRY,GAB,AFR,Africa,YEAR,2002,,,,,,,,,323.31 [211.78-474.68],323.31253,211.7777584,474.6782107,,2025-12-19T14:24:05Z,2002,01/01/2002,31/12/2002,,
5781882,MALARIA_EST_INCIDENCE,COUNTRY,BDI,AFR,Africa,YEAR,2006,,,,,,,,,287.78 [211.23-381.68],287.7828189,211.2257623,381.6777913,,2025-12-19T14:24:05Z,2006,01/01/2006,31/12/2006,,
5788051,MALARIA_EST_INCIDENCE,COUNTRY,BEN,AFR,Africa,YEAR,2002,,,,,,,,,453.46 [342.68-589.41],453.4631693,342.6814225,589.4120014,,2025-12-19T14:24:05Z,2002,01/01/2002,31/12/2002,,
5793021,MALARIA_EST_INCIDENCE,COUNTRY,LKA,SEAR,South-East Asia,YEAR,2011,,,,,,,,,0.03 [0.03-0.03],0.025661821,0.025661821,0.025661821,,2025-12-19T14:24:05Z,2011,01/01/2011,31/12/2011,,
5793652,MALARIA_EST_INCIDENCE,COUNTRY,SLB,WPR,Western Pacific,YEAR,2020,,,,,,,,,154.70 [134.87-182.74],154.6957953,134.8694395,182.7399115,,2025-12-19T14:24:05Z,2020,01/01/2020,31/12/2020,,
5794252,MALARIA_EST_INCIDENCE,COUNTRY,GIN,AFR,Africa,YEAR,2015,,,,,,,,,384.39 [290.82-503.77],384.3909316,290.8155386,503.7725831,,2025-12-19T14:24:05Z,2015,01/01/2015,31/12/2015,,
5799211,MALARIA_EST_INCIDENCE,COUNTRY,THA,SEAR,South-East Asia,YEAR,2015,,,,,,,,,1.31 [1.31-1.31],1.306905269,1.306905269,1.306905269,,2025-12-19T14:24:05Z,2015,01/01/2015,31/12/2015,,
5812882,MALARIA_EST_INCIDENCE,COUNTRY,IRQ,EMR,Eastern Mediterranean,YEAR,2001,,,,,,,,,0.39 [0.39-0.39],0.38617476,0.38617476,0.38617476,,2025-12-19T14:24:05Z,2001,01/01/2001,31/12/2001,,
5824460,MALARIA_EST_INCIDENCE,COUNTRY,MRT,AFR,Africa,YEAR,2008,,,,,,,,,65.48 [15.80-131.24],65.48082034,15.79969076,131.2378348,,2025-12-19T14:24:05Z,2008,01/01/2008,31/12/2008,,
5825220,MALARIA_EST_INCIDENCE,COUNTRY,MYS,WPR,Western Pacific,YEAR,2008,,,,,,,,,5.51 [5.51-5.51],5.505068,5.505068,5.505068,,2025-12-19T14:24:05Z,2008,01/01/2008,31/12/2008,,
5832660,MALARIA_EST_INCIDENCE,COUNTRY,SOM,EMR,Eastern Mediterranean,YEAR,2008,,,,,,,,,60.03 [43.08-81.74],60.0317206,43.08291658,81.74214042,,2025-12-19T14:24:05Z,2008,01/01/2008,31/12/2008,,
5851250,MALARIA_EST_INCIDENCE,COUNTRY,THA,SEAR,South-East Asia,YEAR,2012,,,,,,,,,3.56 [3.56-3.56],3.559070515,3.559070515,3.559070515,,2025-12-19T14:24:05Z,2012,01/01/2012,31/12/2012,,
5883030,MALARIA_EST_INCIDENCE,COUNTRY,COD,AFR,Africa,YEAR,2024,,,,,,,,,321.89 [243.10-416.93],321.8929684,243.1034179,416.9310771,,2025-12-19T14:24:05Z,2024,01/01/2024,31/12/2024,,
5906986,MALARIA_EST_INCIDENCE,COUNTRY,SEN,AFR,Africa,YEAR,2011,,,,,,,,,48.31 [34.05-64.26],48.30951649,34.05249182,64.26115311,,2025-12-19T14:24:05Z,2011,01/01/2011,31/12/2011,,
5911825,MALARIA_EST_INCIDENCE,COUNTRY,CIV,AFR,Africa,YEAR,2017,,,,,,,,,268.54 [171.20-402.78],268.5383373,171.1950758,402.779656,,2025-12-19T14:24:05Z,2017,01/01/2017,31/12/2017,,
5923443,MALARIA_EST_INCIDENCE,COUNTRY,GMB,AFR,Africa,YEAR,2006,,,,,,,,,261.65 [194.17-341.43],261.6460917,194.169244,341.4297999,,2025-12-19T14:24:05Z,2006,01/01/2006,31/12/2006,,
5937577,MALARIA_EST_INCIDENCE,COUNTRY,GHA,AFR,Africa,YEAR,2007,,,,,,,,,305.83 [242.24-382.59],305.8306689,242.2376815,382.5878472,,2025-12-19T14:24:05Z,2007,01/01/2007,31/12/2007,,
5948998,MALARIA_EST_INCIDENCE,COUNTRY,IRN,EMR,Eastern Mediterranean,YEAR,2004,,,,,,,,,19.27 [19.27-19.27],19.26765888,19.26765888,19.26765888,,2025-12-19T14:24:05Z,2004,01/01/2004,31/12/2004,,
5954884,MALARIA_EST_INCIDENCE,COUNTRY,AZE,EUR,Europe,YEAR,2019,,,,,,,,,0 [0-0],0,0,0,,2025-12-19T14:24:05Z,2019,01/01/2019,31/12/2019,,
5973876,MALARIA_EST_INCIDENCE,COUNTRY,TUR,EUR,Europe,YEAR,2011,,,,,,,,,0 [0-0],0,0,0,,2025-12-19T14:24:05Z,2011,01/01/2011,31/12/2011,,
5981153,MALARIA_EST_INCIDENCE,COUNTRY,THA,SEAR,South-East Asia,YEAR,2016,,,,,,,,,0.90 [0.90-0.90],0.898086717,0.898086717,0.898086717,,2025-12-19T14:24:05Z,2016,01/01/2016,31/12/2016,,
5987557,MALARIA_EST_INCIDENCE,COUNTRY,SLE,AFR,Africa,YEAR,2014,,,,,,,,,380.30 [302.14-470.54],380.2951696,302.1368568,470.535503,,2025-12-19T14:24:05Z,2014,01/01/2014,31/12/2014,,
6005915,MALARIA_EST_INCIDENCE,COUNTRY,EGY,EMR,Eastern Mediterranean,YEAR,2011,,,,,,,,,0 [0-0],0,0,0,,2025-12-19T14:24:05Z,2011,01/01/2011,31/12/2011,,
6019740,MALARIA_EST_INCIDENCE,COUNTRY,IND,SEAR,South-East Asia,YEAR,2016,,,,,,,,,6.29 [4.91-7.89],6.291016141,4.906470437,7.892215887,,2025-12-19T14:24:05Z,2016,01/01/2016,31/12/2016,,
6030990,MALARIA_EST_INCIDENCE,COUNTRY,TGO,AFR,Africa,YEAR,2014,,,,,,,,,368.98 [301.92-446.05],368.9771092,301.9169148,446.0527304,,2025-12-19T14:24:05Z,2014,01/01/2014,31/12/2014,,
6031395,MALARIA_EST_INCIDENCE,COUNTRY,TGO,AFR,Africa,YEAR,2003,,,,,,,,,466.21 [360.64-590.75],466.2088634,360.6381861,590.7484845,,2025-12-19T14:24:05Z,2003,01/01/2003,31/12/2003,,
6037898,MALARIA_EST_INCIDENCE,COUNTRY,MRT,AFR,Africa,YEAR,2007,,,,,,,,,75.80 [20.66-156.34],75.79971801,20.65972553,156.336688,,2025-12-19T14:24:05Z,2007,01/01/2007,31/12/2007,,
6038742,MALARIA_EST_INCIDENCE,COUNTRY,CPV,AFR,Africa,YEAR,2002,,,,,,,,,0.63 [0.63-0.63],0.625869836,0.625869836,0.625869836,,2025-12-19T14:24:05Z,2002,01/01/2002,31/12/2002,,
6049164,MALARIA_EST_INCIDENCE,COUNTRY,CRI,AMR,Americas,YEAR,2017,,,,,,,,,0.01 [0.01-0.01],0.006978322,0.006978322,0.006978322,,2025-12-19T14:24:05Z,2017,01/01/2017,31/12/2017,,
6050737,MALARIA_EST_INCIDENCE,COUNTRY,PHL,WPR,Western Pacific,YEAR,2008,,,,,,,,,1.39 [0.92-1.91],1.386974256,0.924023435,1.911165248,,2025-12-19T14:24:05Z,2008,01/01/2008,31/12/2008,,
6062431,MALARIA_EST_INCIDENCE,COUNTRY,PAK,EMR,Eastern Mediterranean,YEAR,2002,,,,,,,,,6.02 [2.22-14.84],6.022002706,2.219950622,14.84194755,,2025-12-19T14:24:05Z,2002,01/01/2002,31/12/2002,,
6074068,MALARIA_EST_INCIDENCE,COUNTRY,TLS,SEAR,South-East Asia,YEAR,2023,,,,,,,,,0 [0-0],0,0,0,,2025-12-19T14:24:05Z,2023,01/01/2023,31/12/2023,,
6105394,MALARIA_EST_INCIDENCE,COUNTRY,UGA,AFR,Africa,YEAR,2015,,,,,,,,,288.70 [219.84-371.34],288.695679,219.8383888,371.3419041,,2025-12-19T14:24:05Z,2015,01/01/2015,31/12/2015,,
6106031,MALARIA_EST_INCIDENCE,COUNTRY,BOL,AMR,Americas,YEAR,2012,,,,,,,,,2.11 [1.65-2.59],2.106187218,1.645872749,2.590612375,,2025-12-19T14:24:05Z,2012,01/01/2012,31/12/2012,,
6107021,MALARIA_EST_INCIDENCE,COUNTRY,TZA,AFR,Africa,YEAR,2008,,,,,,,,,174.56 [129.92-229.07],174.5592652,129.9198366,229.0725002,,2025-12-19T14:24:05Z,2008,01/01/2008,31/12/2008,,
6112354,MALARIA_EST_INCIDENCE,COUNTRY,GTM,AMR,Americas,YEAR,2019,,,,,,,,,0.19 [0.17-0.22],0.18780976,0.166974494,0.216310375,,2025-12-19T14:24:05Z,2019,01/01/2019,31/12/2019,,
6119073,MALARIA_EST_INCIDENCE,COUNTRY,SWZ,AFR,Africa,YEAR,2024,,,,,,,,,0.55 [0.55-0.55],0.554613638,0.554613638,0.554613638,,2025-12-19T14:24:05Z,2024,01/01/2024,31/12/2024,,
6124344,MALARIA_EST_INCIDENCE,COUNTRY,EGY,EMR,Eastern Mediterranean,YEAR,2004,,,,,,,,,0 [0-0],0,0,0,,2025-12-19T14:24:05Z,2004,01/01/2004,31/12/2004,,
6145125,MALARIA_EST_INCIDENCE,COUNTRY,AFG,EMR,Eastern Mediterranean,YEAR,2021,,,,,,,,,6.26 [4.82-7.93],6.256812709,4.817815726,7.93026127,,2025-12-19T14:24:05Z,2021,01/01/2021,31/12/2021,,
6157850,MALARIA_EST_INCIDENCE,COUNTRY,BGD,SEAR,South-East Asia,YEAR,2002,,,,,,,,,6.62 [2.86-10.55],6.616747199,2.860930696,10.5526138,,2025-12-19T14:24:05Z,2002,01/01/2002,31/12/2002,,
6168928,MALARIA_EST_INCIDENCE,COUNTRY,PNG,WPR,Western Pacific,YEAR,2007,,,,,,,,,179.69 [58.81-327.80],179.6925443,58.80775817,327.8008382,,2025-12-19T14:24:05Z,2007,01/01/2007,31/12/2007,,
6169343,MALARIA_EST_INCIDENCE,COUNTRY,DZA,AFR,Africa,YEAR,2000,,,,,,,,,0.02 [0.02-0.02],0.018729748,0.018729748,0.018729748,,2025-12-19T14:24:05Z,2000,01/01/2000,31/12/2000,,
6175852,MALARIA_EST_INCIDENCE,COUNTRY,TKM,EUR,Europe,YEAR,2007,,,,,,,,,0 [0-0],0,0,0,,2025-12-19T14:24:05Z,2007,01/01/2007,31/12/2007,,
6176251,MALARIA_EST_INCIDENCE,COUNTRY,CIV,AFR,Africa,YEAR,2018,,,,,,,,,280.22 [189.92-400.78],280.2152564,189.9177108,400.7790158,,2025-12-19T14:24:05Z,2018,01/01/2018,31/12/2018,,
6181647,MALARIA_EST_INCIDENCE,COUNTRY,PRK,SEAR,South-East Asia,YEAR,2003,,,,,,,,,1.76 [1.76-1.76],1.756047629,1.756047629,1.756047629,,2025-12-19T14:24:05Z,2003,01/01/2003,31/12/2003,,
6183129,MALARIA_EST_INCIDENCE,COUNTRY,IDN,WPR,Western Pacific,YEAR,2013,,,,,,,,,5.98 [5.39-6.67],5.978218713,5.392015452,6.666647587,,2025-12-19T14:24:05Z,2013,01/01/2013,31/12/2013,,
6187987,MALARIA_EST_INCIDENCE,COUNTRY,KEN,AFR,Africa,YEAR,2023,,,,,,,,,73.77 [37.32-132.86],73.77391808,37.32295217,132.8598883,,2025-12-19T14:24:05Z,2023,01/01/2023,31/12/2023,,
6193362,MALARIA_EST_INCIDENCE,REGION,AMR,,,YEAR,2007,,,,,,,,,7.60 [6.96-8.24],7.596013219,6.963924794,8.243630018,,2025-12-19T14:24:05Z,2007,01/01/2007,31/12/2007,,
6194622,MALARIA_EST_INCIDENCE,COUNTRY,MLI,AFR,Africa,YEAR,2006,,,,,,,,,395.08 [274.75-561.08],395.0790964,274.7501775,561.0821548,,2025-12-19T14:24:05Z,2006,01/01/2006,31/12/2006,,
6206583,MALARIA_EST_INCIDENCE,COUNTRY,GNB,AFR,Africa,YEAR,2018,,,,,,,,,71.68 [25.72-161.78],71.68055637,25.72401357,161.7821318,,2025-12-19T14:24:05Z,2018,01/01/2018,31/12/2018,,
6206820,MALARIA_EST_INCIDENCE,COUNTRY,NIC,AMR,Americas,YEAR,2005,,,,,,,,,1.79 [1.49-2.11],1.789386716,1.487326666,2.109102388,,2025-12-19T14:24:05Z,2005,01/01/2005,31/12/2005,,
6218778,MALARIA_EST_INCIDENCE,COUNTRY,GHA,AFR,Africa,YEAR,2014,,,,,,,,,313.81 [250.85-387.80],313.806791,250.8492332,387.7960094,,2025-12-19T14:24:05Z,2014,01/01/2014,31/12/2014,,
6231194,MALARIA_EST_INCIDENCE,COUNTRY,MRT,AFR,Africa,YEAR,2001,,,,,,,,,93.67 [46.07-172.81],93.67360035,46.0701112,172.8064469,,2025-12-19T14:24:05Z,2001,01/01/2001,31/12/2001,,
6231472,MALARIA_EST_INCIDENCE,COUNTRY,TCD,AFR,Africa,YEAR,2019,,,,,,,,,217.22 [136.75-327.52],217.2197469,136.7474702,327.5177126,,2025-12-19T14:24:05Z,2019,01/01/2019,31/12/2019,,
6237279,MALARIA_EST_INCIDENCE,COUNTRY,BRA,AMR,Americas,YEAR,2002,,,,,,,,,11.24 [10.02-12.59],11.23737923,10.01989391,12.59331861,,2025-12-19T14:24:05Z,2002,01/01/2002,31/12/2002,,
6243034,MALARIA_EST_INCIDENCE,COUNTRY,HND,AMR,Americas,YEAR,2023,,,,,,,,,0.27 [0.27-0.27],0.268509805,0.268509805,0.268509805,,2025-12-19T14:24:05Z,2023,01/01/2023,31/12/2023,,
6262163,MALARIA_EST_INCIDENCE,REGION,AFR,,,YEAR,2019,,,,,,,,,231.56 [212.77-253.63],231.5638835,212.7716348,253.6312709,,2025-12-19T14:24:05Z,2019,01/01/2019,31/12/2019,,
6262994,MALARIA_EST_INCIDENCE,COUNTRY,GMB,AFR,Africa,YEAR,2002,,,,,,,,,293.32 [217.50-379.81],293.322029,217.5025933,379.8107822,,2025-12-19T14:24:05Z,2002,01/01/2002,31/12/2002,,
6269366,MALARIA_EST_INCIDENCE,COUNTRY,VNM,WPR,Western Pacific,YEAR,2003,,,,,,,,,1.65 [1.33-2.12],1.647269907,1.331209629,2.119220273,,2025-12-19T14:24:05Z,2003,01/01/2003,31/12/2003,,
6274510,MALARIA_EST_INCIDENCE,REGION,EUR,,,YEAR,2002,,,,,,,,,0.68 [0.68-0.68],0.678677341,0.678677341,0.678677341,,2025-12-19T14:24:05Z,2002,01/01/2002,31/12/2002,,
6281209,MALARIA_EST_INCIDENCE,REGION,EUR,,,YEAR,2019,,,,,,,,,0 [0-0],0,0,0,,2025-12-19T14:24:05Z,2019,01/01/2019,31/12/2019,,
6295143,MALARIA_EST_INCIDENCE,COUNTRY,NGA,AFR,Africa,YEAR,2021,,,,,,,,,299.27 [217.44-407.25],299.2711055,217.4433874,407.2521096,,2025-12-19T14:24:05Z,2021,01/01/2021,31/12/2021,,
6300662,MALARIA_EST_INCIDENCE,COUNTRY,ZWE,AFR,Africa,YEAR,2003,,,,,,,,,102.59 [23.63-256.36],102.5885322,23.63039956,256.3588104,,2025-12-19T14:24:05Z,2003,01/01/2003,31/12/2003,,
6301099,MALARIA_EST_INCIDENCE,COUNTRY,AZE,EUR,Europe,YEAR,2005,,,,,,,,,1.22 [1.22-1.22],1.223854028,1.223854028,1.223854028,,2025-12-19T14:24:05Z,2005,01/01/2005,31/12/2005,,
6301245,MALARIA_EST_INCIDENCE,COUNTRY,NGA,AFR,Africa,YEAR,2002,,,,,,,,,381.75 [296.16-485.34],381.7466329,296.1644731,485.3366436,,2025-12-19T14:24:05Z,2002,01/01/2002,31/12/2002,,
6313251,MALARIA_EST_INCIDENCE,COUNTRY,BTN,SEAR,South-East Asia,YEAR,2000,,,,,,,,,13.44 [13.44-13.44],13.43739104,13.43739104,13.43739104,,2025-12-19T14:24:05Z,2000,01/01/2000,31/12/2000,,
6320256,MALARIA_EST_INCIDENCE,COUNTRY,TJK,EUR,Europe,YEAR,2021,,,,,,,,,0 [0-0],0,0,0,,2025-12-19T14:24:05Z,2021,01/01/2021,31/12/2021,,
6337696,MALARIA_EST_INCIDENCE,COUNTRY,GAB,AFR,Africa,YEAR,2023,,,,,,,,,191.30 [120.24-287.91],191.3028395,120.2440108,287.906262,,2025-12-19T14:24:05Z,2023,01/01/2023,31/12/2023,,
6343763,MALARIA_EST_INCIDENCE,COUNTRY,VEN,AMR,Americas,YEAR,2023,,,,,,,,,9.53 [8.47-10.99],9.526991659,8.474288444,10.98661899,,2025-12-19T14:24:05Z,2023,01/01/2023,31/12/2023,,
6344541,MALARIA_EST_INCIDENCE,COUNTRY,MOZ,AFR,Africa,YEAR,2006,,,,,,,,,417.42 [341.03-508.22],417.4201232,341.0304768,508.2158786,,2025-12-19T14:24:05Z,2006,01/01/2006,31/12/2006,,
6356166,MALARIA_EST_INCIDENCE,COUNTRY,GMB,AFR,Africa,YEAR,2017,,,,,,,,,63.21 [47.25-80.74],63.21308827,47.24979496,80.74040993,,2025-12-19T14:24:05Z,2017,01/01/2017,31/12/2017,,
6357200,MALARIA_EST_INCIDENCE,COUNTRY,KOR,WPR,Western Pacific,YEAR,2007,,,,,,,,,0.66 [0.66-0.66],0.660347259,0.660347259,0.660347259,,2025-12-19T14:24:05Z,2007,01/01/2007,31/12/2007,,
6395051,MALARIA_EST_INCIDENCE,COUNTRY,CPV,AFR,Africa,YEAR,2011,,,,,,,,,0.05 [0.05-0.05],0.052641078,0.052641078,0.052641078,,2025-12-19T14:24:05Z,2011,01/01/2011,31/12/2011,,
6413456,MALARIA_EST_INCIDENCE,COUNTRY,MEX,AMR,Americas,YEAR,2018,,,,,,,,,0.31 [0.31-0.31],0.30784237,0.30784237,0.30784237,,2025-12-19T14:24:05Z,2018,01/01/2018,31/12/2018,,
6414557,MALARIA_EST_INCIDENCE,COUNTRY,AFG,EMR,Eastern Mediterranean,YEAR,2000,,,,,,,,,84.48 [54.26-130.12],84.47579881,54.25512883,130.1220417,,2025-12-19T14:24:05Z,2000,01/01/2000,31/12/2000,,
6452063,MALARIA_EST_INCIDENCE,COUNTRY,CMR,AFR,Africa,YEAR,2005,,,,,,,,,435.58 [346.03-541.68],435.5784389,346.0327475,541.6784917,,2025-12-19T14:24:05Z,2005,01/01/2005,31/12/2005,,
6463782,MALARIA_EST_INCIDENCE,COUNTRY,OMN,EMR,Eastern Mediterranean,YEAR,2010,,,,,,,,,0 [0-0],0,0,0,,2025-12-19T14:24:05Z,2010,01/01/2010,31/12/2010,,
6476206,MALARIA_EST_INCIDENCE,COUNTRY,EGY,EMR,Eastern Mediterranean,YEAR,2016,,,,,,,,,0 [0-0],0,0,0,,2025-12-19T14:24:05Z,2016,01/01/2016,31/12/2016,,
6484236,MALARIA_EST_INCIDENCE,COUNTRY,STP,AFR,Africa,YEAR,2007,,,,,,,,,14.27 [14.27-14.27],14.26643646,14.26643646,14.26643646,,2025-12-19T14:24:05Z,2007,01/01/2007,31/12/2007,,
6488813,MALARIA_EST_INCIDENCE,COUNTRY,ZMB,AFR,Africa,YEAR,2003,,,,,,,,,348.03 [274.61-435.46],348.025214,274.6051543,435.4637871,,2025-12-19T14:24:05Z,2003,01/01/2003,31/12/2003,,
6495682,MALARIA_EST_INCIDENCE,COUNTRY,TCD,AFR,Africa,YEAR,2003,,,,,,,,,240.34 [135.94-398.57],240.3368691,135.944008,398.5661062,,2025-12-19T14:24:05Z,2003,01/01/2003,31/12/2003,,
6514254,MALARIA_EST_INCIDENCE,REGION,WPR,,,YEAR,2003,,,,,,,,,3.95 [2.91-5.21],3.952624372,2.912394754,5.206198868,,2025-12-19T14:24:05Z,2003,01/01/2003,31/12/2003,,
6514722,MALARIA_EST_INCIDENCE,COUNTRY,NPL,SEAR,South-East Asia,YEAR,2020,,,,,,,,,0.01 [0.01-0.01],0.010817477,0.00915325,0.012719451,,2025-12-19T14:24:05Z,2020,01/01/2020,31/12/2020,,
6539801,MALARIA_EST_INCIDENCE,COUNTRY,COD,AFR,Africa,YEAR,2005,,,,,,,,,468.33 [377.39-580.34],468.3312791,377.3933457,580.3412609,,2025-12-19T14:24:05Z,2005,01/01/2005,31/12/2005,,
6540043,MALARIA_EST_INCIDENCE,COUNTRY,TLS,SEAR,South-East Asia,YEAR,2011,,,,,,,,,29.52 [23.69-36.09],29.52421085,23.68973625,36.08944032,,2025-12-19T14:24:05Z,2011,01/01/2011,31/12/2011,,
6540566,MALARIA_EST_INCIDENCE,REGION,SEAR,,,YEAR,2004,,,,,,,,,21.61 [17.01-27.92],21.60854382,17.00654275,27.91768932,,2025-12-19T14:24:05Z,2004,01/01/2004,31/12/2004,,
6541145,MALARIA_EST_INCIDENCE,COUNTRY,TJK,EUR,Europe,YEAR,2014,,,,,,,,,0 [0-0],7.10698e-4,7.10698e-4,7.10698e-4,,2025-12-19T14:24:05Z,2014,01/01/2014,31/12/2014,,
6552734,MALARIA_EST_INCIDENCE,COUNTRY,PAK,EMR,Eastern Mediterranean,YEAR,2003,,,,,,,,,5.63 [2.42-13.15],5.628739646,2.417253952,13.15360448,,2025-12-19T14:24:05Z,2003,01/01/2003,31/12/2003,,
6577770,MALARIA_EST_INCIDENCE,COUNTRY,BOL,AMR,Americas,YEAR,2006,,,,,,,,,5.96 [4.66-7.33],5.959204612,4.66164464,7.327822693,,2025-12-19T14:24:05Z,2006,01/01/2006,31/12/2006,,
6578513,MALARIA_EST_INCIDENCE,COUNTRY,TJK,EUR,Europe,YEAR,2012,,,,,,,,,0.01 [0.01-0.01],0.010460626,0.010460626,0.010460626,,2025-12-19T14:24:05Z,2012,01/01/2012,31/12/2012,,
6585374,MALARIA_EST_INCIDENCE,COUNTRY,RWA,AFR,Africa,YEAR,2010,,,,,,,,,104.65 [72.46-138.21],104.653206,72.4594824,138.2102399,,2025-12-19T14:24:05Z,2010,01/01/2010,31/12/2010,,
6604284,MALARIA_EST_INCIDENCE,COUNTRY,MMR,SEAR,South-East Asia,YEAR,2012,,,,,,,,,40.40 [28.88-58.38],40.40306568,28.87589751,58.376515,,2025-12-19T14:24:05Z,2012,01/01/2012,31/12/2012,,
6615874,MALARIA_EST_INCIDENCE,COUNTRY,AZE,EUR,Europe,YEAR,2009,,,,,,,,,0.37 [0.37-0.37],0.374882849,0.374882849,0.374882849,,2025-12-19T14:24:05Z,2009,01/01/2009,31/12/2009,,
6629460,MALARIA_EST_INCIDENCE,COUNTRY,GUY,AMR,Americas,YEAR,2000,,,,,,,,,43.97 [36.10-52.68],43.96782561,36.09550856,52.68000031,,2025-12-19T14:24:05Z,2000,01/01/2000,31/12/2000,,
6673410,MALARIA_EST_INCIDENCE,COUNTRY,TKM,EUR,Europe,YEAR,2015,,,,,,,,,0 [0-0],0,0,0,,2025-12-19T14:24:05Z,2015,01/01/2015,31/12/2015,,
6678954,MALARIA_EST_INCIDENCE,COUNTRY,CIV,AFR,Africa,YEAR,2016,,,,,,,,,258.10 [161.17-392.05],258.1034563,161.1700234,392.0457757,,2025-12-19T14:24:05Z,2016,01/01/2016,31/12/2016,,
6698120,MALARIA_EST_INCIDENCE,COUNTRY,BGD,SEAR,South-East Asia,YEAR,2005,,,,,,,,,6.62 [2.93-10.57],6.616736101,2.930785459,10.57164573,,2025-12-19T14:24:05Z,2005,01/01/2005,31/12/2005,,
6706197,MALARIA_EST_INCIDENCE,COUNTRY,UGA,AFR,Africa,YEAR,2017,,,,,,,,,276.51 [209.79-355.52],276.5116787,209.7878924,355.5238913,,2025-12-19T14:24:05Z,2017,01/01/2017,31/12/2017,,
6711054,MALARIA_EST_INCIDENCE,COUNTRY,GMB,AFR,Africa,YEAR,2007,,,,,,,,,254.15 [187.91-327.88],254.1521475,187.9148537,327.8753554,,2025-12-19T14:24:05Z,2007,01/01/2007,31/12/2007,,
6723516,MALARIA_EST_INCIDENCE,COUNTRY,AFG,EMR,Eastern Mediterranean,YEAR,2001,,,,,,,,,83.83 [54.22-128.14],83.83453346,54.22209176,128.1355109,,2025-12-19T14:24:05Z,2001,01/01/2001,31/12/2001,,
6723842,MALARIA_EST_INCIDENCE,COUNTRY,CAF,AFR,Africa,YEAR,2001,,,,,,,,,438.51 [270.65-683.07],438.5066209,270.6491691,683.0693022,,2025-12-19T14:24:05Z,2001,01/01/2001,31/12/2001,,
6730622,MALARIA_EST_INCIDENCE,COUNTRY,MAR,EMR,Eastern Mediterranean,YEAR,2013,,,,,,,,,0 [0-0],0,0,0,,2025-12-19T14:24:05Z,2013,01/01/2013,31/12/2013,,
6756072,MALARIA_EST_INCIDENCE,COUNTRY,COD,AFR,Africa,YEAR,2007,,,,,,,,,448.32 [363.61-546.92],448.3178588,363.6136564,546.9200484,,2025-12-19T14:24:05Z,2007,01/01/2007,31/12/2007,,
6762473,MALARIA_EST_INCIDENCE,COUNTRY,UZB,EUR,Europe,YEAR,2016,,,,,,,,,0 [0-0],0,0,0,,2025-12-19T14:24:05Z,2016,01/01/2016,31/12/2016,,
6781067,MALARIA_EST_INCIDENCE,COUNTRY,KOR,WPR,Western Pacific,YEAR,2000,,,,,,,,,1.28 [1.28-1.28],1.277772381,1.277772381,1.277772381,,2025-12-19T14:24:05Z,2000,01/01/2000,31/12/2000,,
6781525,MALARIA_EST_INCIDENCE,COUNTRY,STP,AFR,Africa,YEAR,2019,,,,,,,,,11.47 [11.47-11.47],11.46715903,11.46715903,11.46715903,,2025-12-19T14:24:05Z,2019,01/01/2019,31/12/2019,,
6794008,MALARIA_EST_INCIDENCE,COUNTRY,CMR,AFR,Africa,YEAR,2024,,,,,,,,,260.46 [190.29-349.40],260.4594815,190.286276,349.3959259,,2025-12-19T14:24:05Z,2024,01/01/2024,31/12/2024,,
6817479,MALARIA_EST_INCIDENCE,COUNTRY,MRT,AFR,Africa,YEAR,2000,,,,,,,,,96.39 [48.58-171.78],96.39398785,48.58296017,171.7810637,,2025-12-19T14:24:05Z,2000,01/01/2000,31/12/2000,,
6825913,MALARIA_EST_INCIDENCE,COUNTRY,GNB,AFR,Africa,YEAR,2008,,,,,,,,,87.50 [64.50-115.34],87.50085682,64.49893619,115.3426388,,2025-12-19T14:24:05Z,2008,01/01/2008,31/12/2008,,
6836760,MALARIA_EST_INCIDENCE,COUNTRY,GIN,AFR,Africa,YEAR,2016,,,,,,,,,366.52 [270.17-488.50],366.519838,270.165762,488.5022091,,2025-12-19T14:24:05Z,2016,01/01/2016,31/12/2016,,
6843122,MALARIA_EST_INCIDENCE,COUNTRY,PAN,AMR,Americas,YEAR,2002,,,,,,,,,1.13 [1.09-1.20],1.127030611,1.085059094,1.200957714,,2025-12-19T14:24:05Z,2002,01/01/2002,31/12/2002,,
6849496,MALARIA_EST_INCIDENCE,REGION,EUR,,,YEAR,2015,,,,,,,,,0 [0-0],0,0,0,,2025-12-19T14:24:05Z,2015,01/01/2015,31/12/2015,,
6861861,MALARIA_EST_INCIDENCE,COUNTRY,GNQ,AFR,Africa,YEAR,2006,,,,,,,,,356.69 [264.13-474.24],356.6865217,264.1301297,474.2419798,,2025-12-19T14:24:05Z,2006,01/01/2006,31/12/2006,,
6868420,MALARIA_EST_INCIDENCE,COUNTRY,ETH,AFR,Africa,YEAR,2023,,,,,,,,,109.24 [60.35-164.11],109.2392957,60.34529487,164.109707,,2025-12-19T14:24:05Z,2023,01/01/2023,31/12/2023,,
6870117,MALARIA_EST_INCIDENCE,COUNTRY,CAF,AFR,Africa,YEAR,2005,,,,,,,,,465.26 [296.28-700.84],465.2595942,296.2773823,700.8383269,,2025-12-19T14:24:05Z,2005,01/01/2005,31/12/2005,,
6894586,MALARIA_EST_INCIDENCE,COUNTRY,RWA,AFR,Africa,YEAR,2008,,,,,,,,,69.73 [42.93-102.11],69.73095799,42.93131063,102.1095405,,2025-12-19T14:24:05Z,2008,01/01/2008,31/12/2008,,
6914091,MALARIA_EST_INCIDENCE,COUNTRY,SLV,AMR,Americas,YEAR,2023,,,,,,,,,0 [0-0],0,0,0,,2025-12-19T14:24:05Z,2023,01/01/2023,31/12/2023,,
6925048,MALARIA_EST_INCIDENCE,COUNTRY,NER,AFR,Africa,YEAR,2013,,,,,,,,,416.72 [273.00-613.37],416.7241634,272.9954992,613.3699305,,2025-12-19T14:24:05Z,2013,01/01/2013,31/12/2013,,
6963412,MALARIA_EST_INCIDENCE,COUNTRY,IDN,WPR,Western Pacific,YEAR,2022,,,,,,,,,1.99 [1.86-2.16],1.990589065,1.857767167,2.161556804,,2025-12-19T14:24:05Z,2022,01/01/2022,31/12/2022,,
6964243,MALARIA_EST_INCIDENCE,COUNTRY,SWZ,AFR,Africa,YEAR,2003,,,,,,,,,1.15 [1.15-1.15],1.145053503,1.145053503,1.145053503,,2025-12-19T14:24:05Z,2003,01/01/2003,31/12/2003,,
6970238,MALARIA_EST_INCIDENCE,COUNTRY,SDN,EMR,Eastern Mediterranean,YEAR,2016,,,,,,,,,50.43 [39.33-63.94],50.433942,39.32593425,63.94268373,,2025-12-19T14:24:05Z,2016,01/01/2016,31/12/2016,,
6982430,MALARIA_EST_INCIDENCE,COUNTRY,VUT,WPR,Western Pacific,YEAR,2010,,,,,,,,,88.03 [64.62-123.78],88.02629204,64.62494806,123.7755355,,2025-12-19T14:24:05Z,2010,01/01/2010,31/12/2010,,
6982532,MALARIA_EST_INCIDENCE,COUNTRY,BRA,AMR,Americas,YEAR,2020,,,,,,,,,3.95 [3.53-4.27],3.945238308,3.531701608,4.270394735,,2025-12-19T14:24:05Z,2020,01/01/2020,31/12/2020,,
6988466,MALARIA_EST_INCIDENCE,COUNTRY,MYS,WPR,Western Pacific,YEAR,2003,,,,,,,,,6.42 [6.42-6.42],6.420282338,6.420282338,6.420282338,,2025-12-19T14:24:05Z,2003,01/01/2003,31/12/2003,,
6988512,MALARIA_EST_INCIDENCE,COUNTRY,NER,AFR,Africa,YEAR,2015,,,,,,,,,404.90 [257.92-606.60],404.9041255,257.9195449,606.6006765,,2025-12-19T14:24:05Z,2015,01/01/2015,31/12/2015,,
6988948,MALARIA_EST_INCIDENCE,COUNTRY,BDI,AFR,Africa,YEAR,2008,,,,,,,,,288.77 [205.41-394.87],288.7748443,205.4149001,394.8712336,,2025-12-19T14:24:05Z,2008,01/01/2008,31/12/2008,,
6995048,MALARIA_EST_INCIDENCE,COUNTRY,CPV,AFR,Africa,YEAR,2015,,,,,,,,,0.05 [0.05-0.05],0.052543874,0.052543874,0.052543874,,2025-12-19T14:24:05Z,2015,01/01/2015,31/12/2015,,
6995849,MALARIA_EST_INCIDENCE,COUNTRY,ZMB,AFR,Africa,YEAR,2013,,,,,,,,,228.03 [177.38-287.93],228.0255656,177.3817168,287.9333781,,2025-12-19T14:24:05Z,2013,01/01/2013,31/12/2013,,
7002048,MALARIA_EST_INCIDENCE,COUNTRY,BWA,AFR,Africa,YEAR,2003,,,,,,,,,1.58 [0.64-3.83],1.583314717,0.636192672,3.828347109,,2025-12-19T14:24:05Z,2003,01/01/2003,31/12/2003,,
7002910,MALARIA_EST_INCIDENCE,COUNTRY,ZMB,AFR,Africa,YEAR,2009,,,,,,,,,166.78 [129.92-210.05],166.7844419,129.9155995,210.0495527,,2025-12-19T14:24:05Z,2009,01/01/2009,31/12/2009,,
7007687,MALARIA_EST_INCIDENCE,COUNTRY,GTM,AMR,Americas,YEAR,2020,,,,,,,,,0.09 [0.08-0.11],0.094631985,0.084252993,0.108674151,,2025-12-19T14:24:05Z,2020,01/01/2020,31/12/2020,,
7014783,MALARIA_EST_INCIDENCE,COUNTRY,ZAF,AFR,Africa,YEAR,2021,,,,,,,,,0.48 [0.48-0.48],0.483231603,0.483231603,0.483231603,,2025-12-19T14:24:05Z,2021,01/01/2021,31/12/2021,,
7028050,MALARIA_EST_INCIDENCE,COUNTRY,GUY,AMR,Americas,YEAR,2001,,,,,,,,,49.67 [40.68-59.44],49.67317526,40.67722116,59.44498657,,2025-12-19T14:24:05Z,2001,01/01/2001,31/12/2001,,
7028137,MALARIA_EST_INCIDENCE,COUNTRY,MYT,AFR,Africa,YEAR,2010,,,,,,,,,5.19 [5.19-5.19],5.193723703,5.193723703,5.193723703,,2025-12-19T14:24:05Z,2010,01/01/2010,31/12/2010,,
7033233,MALARIA_EST_INCIDENCE,COUNTRY,DOM,AMR,Americas,YEAR,2014,,,,,,,,,0.10 [0.08-0.12],0.099612847,0.084829315,0.115452346,,2025-12-19T14:24:05Z,2014,01/01/2014,31/12/2014,,
7034557,MALARIA_EST_INCIDENCE,COUNTRY,CHN,WPR,Western Pacific,YEAR,2006,,,,,,,,,0.06 [0.06-0.06],0.064188413,0.064188413,0.064188413,,2025-12-19T14:24:05Z,2006,01/01/2006,31/12/2006,,
7046901,MALARIA_EST_INCIDENCE,COUNTRY,CHN,WPR,Western Pacific,YEAR,2007,,,,,,,,,0.05 [0.05-0.05],0.052849349,0.052849349,0.052849349,,2025-12-19T14:24:05Z,2007,01/01/2007,31/12/2007,,
7052163,MALARIA_EST_INCIDENCE,COUNTRY,NGA,AFR,Africa,YEAR,2008,,,,,,,,,402.01 [328.56-486.99],402.0148632,328.5585303,486.985995,,2025-12-19T14:24:05Z,2008,01/01/2008,31/12/2008,,
7058063,MALARIA_EST_INCIDENCE,COUNTRY,ETH,AFR,Africa,YEAR,2008,,,,,,,,,96.30 [34.88-283.27],96.30427143,34.87723006,283.2731495,,2025-12-19T14:24:05Z,2008,01/01/2008,31/12/2008,,
7072129,MALARIA_EST_INCIDENCE,COUNTRY,PRY,AMR,Americas,YEAR,2020,,,,,,,,,0 [0-0],0,0,0,,2025-12-19T14:24:05Z,2020,01/01/2020,31/12/2020,,
7078504,MALARIA_EST_INCIDENCE,COUNTRY,IRN,EMR,Eastern Mediterranean,YEAR,2021,,,,,,,,,0 [0-0],0,0,0,,2025-12-19T14:24:05Z,2021,01/01/2021,31/12/2021,,
7090183,MALARIA_EST_INCIDENCE,COUNTRY,NIC,AMR,Americas,YEAR,2021,,,,,,,,,5.04 [4.19-5.94],5.037647682,4.18888605,5.93874479,,2025-12-19T14:24:05Z,2021,01/01/2021,31/12/2021,,
7095234,MALARIA_EST_INCIDENCE,COUNTRY,NAM,AFR,Africa,YEAR,2005,,,,,,,,,41.83 [21.71-76.90],41.83477752,21.70979465,76.90092852,,2025-12-19T14:24:05Z,2005,01/01/2005,31/12/2005,,
7096608,MALARIA_EST_INCIDENCE,REGION,SEAR,,,YEAR,2020,,,,,,,,,2.41 [1.55-3.37],2.414264814,1.549427482,3.365362595,,2025-12-19T14:24:05Z,2020,01/01/2020,31/12/2020,,
7096620,MALARIA_EST_INCIDENCE,COUNTRY,ZAF,AFR,Africa,YEAR,2005,,,,,,,,,1.57 [1.57-1.57],1.566982279,1.566982279,1.566982279,,2025-12-19T14:24:05Z,2005,01/01/2005,31/12/2005,,
7108112,MALARIA_EST_INCIDENCE,COUNTRY,SWZ,AFR,Africa,YEAR,2018,,,,,,,,,2.10 [2.10-2.10],2.09593645,2.09593645,2.09593645,,2025-12-19T14:24:05Z,2018,01/01/2018,31/12/2018,,
7115234,MALARIA_EST_INCIDENCE,COUNTRY,ARM,EUR,Europe,YEAR,2011,,,,,,,,,0 [0-0],0,0,0,,2025-12-19T14:24:05Z,2011,01/01/2011,31/12/2011,,
7115995,MALARIA_EST_INCIDENCE,COUNTRY,ZAF,AFR,Africa,YEAR,2020,,,,,,,,,0.74 [0.74-0.74],0.736926125,0.736926125,0.736926125,,2025-12-19T14:24:05Z,2020,01/01/2020,31/12/2020,,
7120712,MALARIA_EST_INCIDENCE,COUNTRY,MYS,WPR,Western Pacific,YEAR,2017,,,,,,,,,0.07 [0.07-0.07],0.06567637,0.06567637,0.06567637,,2025-12-19T14:24:05Z,2017,01/01/2017,31/12/2017,,
7120788,MALARIA_EST_INCIDENCE,COUNTRY,ZMB,AFR,Africa,YEAR,2020,,,,,,,,,234.25 [185.90-291.20],234.2474145,185.8957748,291.2029474,,2025-12-19T14:24:05Z,2020,01/01/2020,31/12/2020,,
7120870,MALARIA_EST_INCIDENCE,COUNTRY,TKM,EUR,Europe,YEAR,2016,,,,,,,,,0 [0-0],0,0,0,,2025-12-19T14:24:05Z,2016,01/01/2016,31/12/2016,,
7127196,MALARIA_EST_INCIDENCE,COUNTRY,SOM,EMR,Eastern Mediterranean,YEAR,2009,,,,,,,,,38.10 [26.89-52.69],38.09675968,26.88551927,52.68639621,,2025-12-19T14:24:05Z,2009,01/01/2009,31/12/2009,,
7140629,MALARIA_EST_INCIDENCE,COUNTRY,NER,AFR,Africa,YEAR,2024,,,,,,,,,305.14 [177.23-499.52],305.143644,177.2341506,499.5178214,,2025-12-19T14:24:05Z,2024,01/01/2024,31/12/2024,,
7148306,MALARIA_EST_INCIDENCE,COUNTRY,MOZ,AFR,Africa,YEAR,2016,,,,,,,,,345.21 [279.35-422.47],345.2099754,279.345388,422.4710114,,2025-12-19T14:24:05Z,2016,01/01/2016,31/12/2016,,
7159024,MALARIA_EST_INCIDENCE,COUNTRY,VUT,WPR,Western Pacific,YEAR,2017,,,,,,,,,9.28 [6.48-13.45],9.281633855,6.480896351,13.45388087,,2025-12-19T14:24:05Z,2017,01/01/2017,31/12/2017,,
7173470,MALARIA_EST_INCIDENCE,COUNTRY,GNB,AFR,Africa,YEAR,2004,,,,,,,,,121.23 [54.18-236.84],121.2304437,54.18170858,236.8437871,,2025-12-19T14:24:05Z,2004,01/01/2004,31/12/2004,,
7191395,MALARIA_EST_INCIDENCE,GLOBAL,GLOBAL,,,YEAR,2008,,,,,,,,,68.44 [63.73-74.24],68.43515298,63.73220834,74.24364979,,2025-12-19T14:24:05Z,2008,01/01/2008,31/12/2008,,
7210167,MALARIA_EST_INCIDENCE,REGION,EMR,,,YEAR,2006,,,,,,,,,13.58 [10.69-25.20],13.58326499,10.6856347,25.20214462,,2025-12-19T14:24:05Z,2006,01/01/2006,31/12/2006,,
7216391,MALARIA_EST_INCIDENCE,COUNTRY,SAU,EMR,Eastern Mediterranean,YEAR,2022,,,,,,,,,0 [0-0],0,0,0,,2025-12-19T14:24:05Z,2022,01/01/2022,31/12/2022,,
7228624,MALARIA_EST_INCIDENCE,COUNTRY,HND,AMR,Americas,YEAR,2013,,,,,,,,,0.90 [0.71-1.11],0.903388477,0.705547146,1.109923401,,2025-12-19T14:24:05Z,2013,01/01/2013,31/12/2013,,
7234937,MALARIA_EST_INCIDENCE,COUNTRY,NER,AFR,Africa,YEAR,2008,,,,,,,,,351.76 [244.47-490.27],351.7614407,244.4717712,490.2716452,,2025-12-19T14:24:05Z,2008,01/01/2008,31/12/2008,,
7241320,MALARIA_EST_INCIDENCE,COUNTRY,SLV,AMR,Americas,YEAR,2009,,,,,,,,,0.02 [0.02-0.02],0.017103763,0.017103763,0.017103763,,2025-12-19T14:24:05Z,2009,01/01/2009,31/12/2009,,
7241605,MALARIA_EST_INCIDENCE,COUNTRY,IND,SEAR,South-East Asia,YEAR,2020,,,,,,,,,2.53 [1.57-3.53],2.532348445,1.572472651,3.529135848,,2025-12-19T14:24:05Z,2020,01/01/2020,31/12/2020,,
7248299,MALARIA_EST_INCIDENCE,COUNTRY,GUY,AMR,Americas,YEAR,2019,,,,,,,,,32.25 [27.24-37.67],32.25347143,27.2414615,37.66926882,,2025-12-19T14:24:05Z,2019,01/01/2019,31/12/2019,,
7255736,MALARIA_EST_INCIDENCE,COUNTRY,IRN,EMR,Eastern Mediterranean,YEAR,2006,,,,,,,,,21.23 [21.23-21.23],21.23071133,21.23071133,21.23071133,,2025-12-19T14:24:05Z,2006,01/01/2006,31/12/2006,,
7261604,MALARIA_EST_INCIDENCE,COUNTRY,TGO,AFR,Africa,YEAR,2023,,,,,,,,,264.80 [192.53-353.85],264.7971586,192.527036,353.8538076,,2025-12-19T14:24:05Z,2023,01/01/2023,31/12/2023,,
7267622,MALARIA_EST_INCIDENCE,COUNTRY,AGO,AFR,Africa,YEAR,2000,,,,,,,,,326.54 [224.19-457.14],326.5394321,224.1922441,457.1383678,,2025-12-19T14:24:05Z,2000,01/01/2000,31/12/2000,,
7287471,MALARIA_EST_INCIDENCE,COUNTRY,UZB,EUR,Europe,YEAR,2012,,,,,,,,,0 [0-0],0,0,0,,2025-12-19T14:24:05Z,2012,01/01/2012,31/12/2012,,
7305537,MALARIA_EST_INCIDENCE,COUNTRY,SLE,AFR,Africa,YEAR,2006,,,,,,,,,397.65 [278.93-552.78],397.648239,278.9301775,552.7834776,,2025-12-19T14:24:05Z,2006,01/01/2006,31/12/2006,,
7311202,MALARIA_EST_INCIDENCE,COUNTRY,SDN,EMR,Eastern Mediterranean,YEAR,2003,,,,,,,,,60.42 [41.62-84.80],60.42416662,41.61871716,84.79969585,,2025-12-19T14:24:05Z,2003,01/01/2003,31/12/2003,,
7311565,MALARIA_EST_INCIDENCE,COUNTRY,MRT,AFR,Africa,YEAR,2023,,,,,,,,,42.86 [18.46-80.66],42.86421682,18.46426369,80.65564135,,2025-12-19T14:24:05Z,2023,01/01/2023,31/12/2023,,
7312902,MALARIA_EST_INCIDENCE,COUNTRY,KOR,WPR,Western Pacific,YEAR,2009,,,,,,,,,0.26 [0.26-0.26],0.26425226,0.26425226,0.26425226,,2025-12-19T14:24:05Z,2009,01/01/2009,31/12/2009,,
7317508,MALARIA_EST_INCIDENCE,COUNTRY,OMN,EMR,Eastern Mediterranean,YEAR,2006,,,,,,,,,0 [0-0],0,0,0,,2025-12-19T14:24:05Z,2006,01/01/2006,31/12/2006,,
7318313,MALARIA_EST_INCIDENCE,COUNTRY,GUF,AMR,Americas,YEAR,2015,,,,,,,,,3.13 [2.78-3.60],3.134902594,2.782056415,3.596316829,,2025-12-19T14:24:05Z,2015,01/01/2015,31/12/2015,,
7318478,MALARIA_EST_INCIDENCE,COUNTRY,IDN,WPR,Western Pacific,YEAR,2012,,,,,,,,,7.11 [6.41-7.93],7.111327619,6.409019503,7.934621502,,2025-12-19T14:24:05Z,2012,01/01/2012,31/12/2012,,
7330237,MALARIA_EST_INCIDENCE,COUNTRY,EGY,EMR,Eastern Mediterranean,YEAR,2021,,,,,,,,,0 [0-0],0,0,0,,2025-12-19T14:24:05Z,2021,01/01/2021,31/12/2021,,
7330958,MALARIA_EST_INCIDENCE,COUNTRY,LAO,WPR,Western Pacific,YEAR,2014,,,,,,,,,25.16 [18.15-33.04],25.16413167,18.15121759,33.036739,,2025-12-19T14:24:05Z,2014,01/01/2014,31/12/2014,,
7355342,MALARIA_EST_INCIDENCE,COUNTRY,IRN,EMR,Eastern Mediterranean,YEAR,2000,,,,,,,,,29.07 [29.07-29.07],29.07389985,29.07389985,29.07389985,,2025-12-19T14:24:05Z,2000,01/01/2000,31/12/2000,,
7356188,MALARIA_EST_INCIDENCE,COUNTRY,ARG,AMR,Americas,YEAR,2024,,,,,,,,,0 [0-0],0,0,0,,2025-12-19T14:24:05Z,2024,01/01/2024,31/12/2024,,
7362050,MALARIA_EST_INCIDENCE,COUNTRY,SOM,EMR,Eastern Mediterranean,YEAR,2005,,,,,,,,,131.66 [95.94-175.09],131.65727,95.94125098,175.0934779,,2025-12-19T14:24:05Z,2005,01/01/2005,31/12/2005,,
7367558,MALARIA_EST_INCIDENCE,COUNTRY,SAU,EMR,Eastern Mediterranean,YEAR,2005,,,,,,,,,0.48 [0.48-0.48],0.480343343,0.480343343,0.480343343,,2025-12-19T14:24:05Z,2005,01/01/2005,31/12/2005,,
7368753,MALARIA_EST_INCIDENCE,COUNTRY,HTI,AMR,Americas,YEAR,2009,,,,,,,,,9.71 [5.54-15.82],9.713793619,5.541844536,15.81563303,,2025-12-19T14:24:05Z,2009,01/01/2009,31/12/2009,,
7399128,MALARIA_EST_INCIDENCE,COUNTRY,AFG,EMR,Eastern Mediterranean,YEAR,2007,,,,,,,,,22.63 [11.91-38.77],22.62627923,11.9064867,38.77185278,,2025-12-19T14:24:05Z,2007,01/01/2007,31/12/2007,,
7425536,MALARIA_EST_INCIDENCE,COUNTRY,COD,AFR,Africa,YEAR,2016,,,,,,,,,310.28 [237.68-399.35],310.2763857,237.6846296,399.3548054,,2025-12-19T14:24:05Z,2016,01/01/2016,31/12/2016,,
7444972,MALARIA_EST_INCIDENCE,COUNTRY,MMR,SEAR,South-East Asia,YEAR,2007,,,,,,,,,30.65 [22.51-43.84],30.65204333,22.508208840000002,43.83543409,,2025-12-19T14:24:05Z,2007,01/01/2007,31/12/2007,,
7475770,MALARIA_EST_INCIDENCE,COUNTRY,UGA,AFR,Africa,YEAR,2014,,,,,,,,,292.11 [227.88-370.00],292.1084447,227.8836365,370.0019258,,2025-12-19T14:24:05Z,2014,01/01/2014,31/12/2014,,
7496068,MALARIA_EST_INCIDENCE,COUNTRY,TLS,SEAR,South-East Asia,YEAR,2002,,,,,,,,,126.21 [85.56-171.23],126.2094004,85.55661445,171.2277894,,2025-12-19T14:24:05Z,2002,01/01/2002,31/12/2002,,
7508454,MALARIA_EST_INCIDENCE,COUNTRY,KOR,WPR,Western Pacific,YEAR,2004,,,,,,,,,0.26 [0.26-0.26],0.258775996,0.258775996,0.258775996,,2025-12-19T14:24:05Z,2004,01/01/2004,31/12/2004,,
7526374,MALARIA_EST_INCIDENCE,REGION,WPR,,,YEAR,2010,,,,,,,,,3.83 [3.08-4.74],3.826968433,3.080759818,4.740165605,,2025-12-19T14:24:05Z,2010,01/01/2010,31/12/2010,,
7527185,MALARIA_EST_INCIDENCE,COUNTRY,KGZ,EUR,Europe,YEAR,2009,,,,,,,,,0 [0-0],2.37505e-4,2.37505e-4,2.37505e-4,,2025-12-19T14:24:05Z,2009,01/01/2009,31/12/2009,,
7533361,MALARIA_EST_INCIDENCE,COUNTRY,GTM,AMR,Americas,YEAR,2010,,,,,,,,,0.86 [0.71-1.10],0.864940002,0.712561472,1.100361634,,2025-12-19T14:24:05Z,2010,01/01/2010,31/12/2010,,
7534328,MALARIA_EST_INCIDENCE,COUNTRY,TUR,EUR,Europe,YEAR,2018,,,,,,,,,0 [0-0],0,0,0,,2025-12-19T14:24:05Z,2018,01/01/2018,31/12/2018,,
7545036,MALARIA_EST_INCIDENCE,COUNTRY,SOM,EMR,Eastern Mediterranean,YEAR,2023,,,,,,,,,54.37 [30.00-91.77],54.37496238,30.0025996,91.77170228,,2025-12-19T14:24:05Z,2023,01/01/2023,31/12/2023,,
7558890,MALARIA_EST_INCIDENCE,COUNTRY,IDN,WPR,Western Pacific,YEAR,2018,,,,,,,,,2.45 [2.24-2.70],2.454130282,2.24239539,2.702899001,,2025-12-19T14:24:05Z,2018,01/01/2018,31/12/2018,,
7570355,MALARIA_EST_INCIDENCE,COUNTRY,KHM,WPR,Western Pacific,YEAR,2014,,,,,,,,,21.95 [18.99-25.74],21.95272015,18.9878672,25.73811022,,2025-12-19T14:24:05Z,2014,01/01/2014,31/12/2014,,
7571500,MALARIA_EST_INCIDENCE,COUNTRY,GIN,AFR,Africa,YEAR,2024,,,,,,,,,286.08 [198.11-400.65],286.0836671,198.1127817,400.6536778,,2025-12-19T14:24:05Z,2024,01/01/2024,31/12/2024,,
7572037,MALARIA_EST_INCIDENCE,COUNTRY,IND,SEAR,South-East Asia,YEAR,2006,,,,,,,,,16.50 [12.48-22.10],16.5020288,12.48367725,22.10195303,,2025-12-19T14:24:05Z,2006,01/01/2006,31/12/2006,,
7590216,MALARIA_EST_INCIDENCE,COUNTRY,GTM,AMR,Americas,YEAR,2002,,,,,,,,,4.57 [4.02-5.40],4.565817899,4.017761294,5.400299456,,2025-12-19T14:24:05Z,2002,01/01/2002,31/12/2002,,
7596038,MALARIA_EST_INCIDENCE,COUNTRY,ERI,AFR,Africa,YEAR,2015,,,,,,,,,20.61 [13.25-28.72],20.61473248,13.24500587,28.72362863,,2025-12-19T14:24:05Z,2015,01/01/2015,31/12/2015,,
7609298,MALARIA_EST_INCIDENCE,COUNTRY,SLV,AMR,Americas,YEAR,2004,,,,,,,,,0.09 [0.09-0.09],0.091882509,0.091882509,0.091882509,,2025-12-19T14:24:05Z,2004,01/01/2004,31/12/2004,,
7609342,MALARIA_EST_INCIDENCE,COUNTRY,IRQ,EMR,Eastern Mediterranean,YEAR,2006,,,,,,,,,0.01 [0.01-0.01],0.00645136,0.00645136,0.00645136,,2025-12-19T14:24:05Z,2006,01/01/2006,31/12/2006,,
7614987,MALARIA_EST_INCIDENCE,COUNTRY,SOM,EMR,Eastern Mediterranean,YEAR,2018,,,,,,,,,56.16 [34.80-85.50],56.16008971,34.80077089,85.49966814,,2025-12-19T14:24:05Z,2018,01/01/2018,31/12/2018,,
7621297,MALARIA_EST_INCIDENCE,REGION,AFR,,,YEAR,2003,,,,,,,,,343.74 [317.31-376.88],343.7359351,317.30882,376.8830509,,2025-12-19T14:24:05Z,2003,01/01/2003,31/12/2003,,
7622095,MALARIA_EST_INCIDENCE,COUNTRY,COM,AFR,Africa,YEAR,2024,,,,,,,,,62.79 [62.79-62.79],62.78703204,62.78703204,62.78703204,,2025-12-19T14:24:05Z,2024,01/01/2024,31/12/2024,,
7628306,MALARIA_EST_INCIDENCE,COUNTRY,TZA,AFR,Africa,YEAR,2024,,,,,,,,,136.73 [97.07-188.54],136.7250515,97.06692146,188.5383449,,2025-12-19T14:24:05Z,2024,01/01/2024,31/12/2024,,
7633010,MALARIA_EST_INCIDENCE,COUNTRY,GUY,AMR,Americas,YEAR,2020,,,,,,,,,27.36 [23.23-31.82],27.3603961,23.2327448,31.82127505,,2025-12-19T14:24:05Z,2020,01/01/2020,31/12/2020,,
7646024,MALARIA_EST_INCIDENCE,COUNTRY,GUF,AMR,Americas,YEAR,2005,,,,,,,,,35.85 [31.84-41.98],35.84533386,31.83650421,41.97899276,,2025-12-19T14:24:05Z,2005,01/01/2005,31/12/2005,,
7647017,MALARIA_EST_INCIDENCE,COUNTRY,BLZ,AMR,Americas,YEAR,2024,,,,,,,,,0 [0-0],0,0,0,,2025-12-19T14:24:05Z,2024,01/01/2024,31/12/2024,,
7658282,MALARIA_EST_INCIDENCE,COUNTRY,AGO,AFR,Africa,YEAR,2022,,,,,,,,,260.09 [161.38-393.05],260.0909908,161.3792134,393.0457942,,2025-12-19T14:24:05Z,2022,01/01/2022,31/12/2022,,
7659227,MALARIA_EST_INCIDENCE,COUNTRY,UGA,AFR,Africa,YEAR,2012,,,,,,,,,349.79 [277.81-434.96],349.7942202,277.8102825,434.964086,,2025-12-19T14:24:05Z,2012,01/01/2012,31/12/2012,,
7677764,MALARIA_EST_INCIDENCE,COUNTRY,SOM,EMR,Eastern Mediterranean,YEAR,2017,,,,,,,,,54.91 [30.92-88.62],54.91012748,30.92041607,88.62493832,,2025-12-19T14:24:05Z,2017,01/01/2017,31/12/2017,,
7723081,MALARIA_EST_INCIDENCE,COUNTRY,CIV,AFR,Africa,YEAR,2020,,,,,,,,,295.66 [221.83-384.99],295.6638508,221.8251167,384.9875952,,2025-12-19T14:24:05Z,2020,01/01/2020,31/12/2020,,
7723445,MALARIA_EST_INCIDENCE,COUNTRY,SUR,AMR,Americas,YEAR,2002,,,,,,,,,175.03 [175.03-175.03],175.0340878,175.0340878,175.0340878,,2025-12-19T14:24:05Z,2002,01/01/2002,31/12/2002,,
7728086,MALARIA_EST_INCIDENCE,COUNTRY,MEX,AMR,Americas,YEAR,2006,,,,,,,,,1.11 [1.11-1.11],1.105649323,1.105649323,1.105649323,,2025-12-19T14:24:05Z,2006,01/01/2006,31/12/2006,,
7741660,MALARIA_EST_INCIDENCE,COUNTRY,HND,AMR,Americas,YEAR,2017,,,,,,,,,0.20 [0.16-0.25],0.201152939,0.155326454,0.248706553,,2025-12-19T14:24:05Z,2017,01/01/2017,31/12/2017,,
7746760,MALARIA_EST_INCIDENCE,COUNTRY,GIN,AFR,Africa,YEAR,2008,,,,,,,,,378.78 [276.56-508.88],378.7805455,276.5605444,508.8838659,,2025-12-19T14:24:05Z,2008,01/01/2008,31/12/2008,,
7778988,MALARIA_EST_INCIDENCE,COUNTRY,ERI,AFR,Africa,YEAR,2006,,,,,,,,,6.08 [3.84-8.55],6.080261823,3.844263847,8.553840537,,2025-12-19T14:24:05Z,2006,01/01/2006,31/12/2006,,
7780061,MALARIA_EST_INCIDENCE,COUNTRY,AZE,EUR,Europe,YEAR,2003,,,,,,,,,2.48 [2.48-2.48],2.484317744,2.484317744,2.484317744,,2025-12-19T14:24:05Z,2003,01/01/2003,31/12/2003,,
7810716,MALARIA_EST_INCIDENCE,COUNTRY,ARE,EMR,Eastern Mediterranean,YEAR,2013,,,,,,,,,0 [0-0],0,0,0,,2025-12-19T14:24:05Z,2013,01/01/2013,31/12/2013,,
7816793,MALARIA_EST_INCIDENCE,COUNTRY,NER,AFR,Africa,YEAR,2003,,,,,,,,,298.92 [177.08-475.60],298.9205894,177.0768116,475.5981253,,2025-12-19T14:24:05Z,2003,01/01/2003,31/12/2003,,
7849238,MALARIA_EST_INCIDENCE,COUNTRY,COG,AFR,Africa,YEAR,2005,,,,,,,,,309.02 [192.67-468.92],309.0220656,192.6722483,468.9215338,,2025-12-19T14:24:05Z,2005,01/01/2005,31/12/2005,,
7860395,MALARIA_EST_INCIDENCE,COUNTRY,PHL,WPR,Western Pacific,YEAR,2015,,,,,,,,,0.46 [0.32-0.61],0.456527913,0.32395706,0.612036006,,2025-12-19T14:24:05Z,2015,01/01/2015,31/12/2015,,
7862350,MALARIA_EST_INCIDENCE,COUNTRY,VNM,WPR,Western Pacific,YEAR,2020,,,,,,,,,0.02 [0.02-0.03],0.022923696,0.021097201,0.025510739,,2025-12-19T14:24:05Z,2020,01/01/2020,31/12/2020,,
7867437,MALARIA_EST_INCIDENCE,COUNTRY,KEN,AFR,Africa,YEAR,2011,,,,,,,,,82.58 [61.28-109.72],82.58194793,61.28061473,109.7169587,,2025-12-19T14:24:05Z,2011,01/01/2011,31/12/2011,,
7875175,MALARIA_EST_INCIDENCE,COUNTRY,ARM,EUR,Europe,YEAR,2023,,,,,,,,,0 [0-0],0,0,0,,2025-12-19T14:24:05Z,2023,01/01/2023,31/12/2023,,
7886771,MALARIA_EST_INCIDENCE,COUNTRY,ARM,EUR,Europe,YEAR,2004,,,,,,,,,0.02 [0.02-0.02],0.01554983,0.01554983,0.01554983,,2025-12-19T14:24:05Z,2004,01/01/2004,31/12/2004,,
7899286,MALARIA_EST_INCIDENCE,COUNTRY,SUR,AMR,Americas,YEAR,2013,,,,,,,,,6.25 [6.25-6.25],6.246727904,6.246727904,6.246727904,,2025-12-19T14:24:05Z,2013,01/01/2013,31/12/2013,,
7911981,MALARIA_EST_INCIDENCE,REGION,EMR,,,YEAR,2015,,,,,,,,,8.97 [7.36-11.48],8.969635576,7.355633732,11.47688535,,2025-12-19T14:24:05Z,2015,01/01/2015,31/12/2015,,
7924350,MALARIA_EST_INCIDENCE,COUNTRY,SLB,WPR,Western Pacific,YEAR,2004,,,,,,,,,718.98 [399.59-1 162.74],718.9803858,399.5882851,1162.740229,,2025-12-19T14:24:05Z,2004,01/01/2004,31/12/2004,,
7930350,MALARIA_EST_INCIDENCE,COUNTRY,PRK,SEAR,South-East Asia,YEAR,2008,,,,,,,,,1.72 [1.72-1.72],1.715778072,1.715778072,1.715778072,,2025-12-19T14:24:05Z,2008,01/01/2008,31/12/2008,,
7930768,MALARIA_EST_INCIDENCE,COUNTRY,IRQ,EMR,Eastern Mediterranean,YEAR,2005,,,,,,,,,0.01 [0.01-0.01],0.012726891,0.012726891,0.012726891,,2025-12-19T14:24:05Z,2005,01/01/2005,31/12/2005,,
7937133,MALARIA_EST_INCIDENCE,COUNTRY,SOM,EMR,Eastern Mediterranean,YEAR,2011,,,,,,,,,33.62 [23.79-46.35],33.62164675,23.78744586,46.35468097,,2025-12-19T14:24:05Z,2011,01/01/2011,31/12/2011,,
7938620,MALARIA_EST_INCIDENCE,COUNTRY,BGD,SEAR,South-East Asia,YEAR,2010,,,,,,,,,4.23 [3.60-4.89],4.225303083,3.599908601,4.8939111,,2025-12-19T14:24:05Z,2010,01/01/2010,31/12/2010,,
7956443,MALARIA_EST_INCIDENCE,COUNTRY,PAK,EMR,Eastern Mediterranean,YEAR,2012,,,,,,,,,8.09 [3.82-16.36],8.094528935,3.824681037,16.36085543,,2025-12-19T14:24:05Z,2012,01/01/2012,31/12/2012,,
7982678,MALARIA_EST_INCIDENCE,COUNTRY,SSD,AFR,Africa,YEAR,2011,,,,,,,,,281.33 [213.69-363.03],281.3275987,213.686242,363.0265946,,2025-12-19T14:24:05Z,2011,01/01/2011,31/12/2011,,
7983045,MALARIA_EST_INCIDENCE,COUNTRY,PNG,WPR,Western Pacific,YEAR,2005,,,,,,,,,216.27 [71.52-392.90],216.2664543,71.51642733,392.8964352,,2025-12-19T14:24:05Z,2005,01/01/2005,31/12/2005,,
7995179,MALARIA_EST_INCIDENCE,COUNTRY,CAF,AFR,Africa,YEAR,2007,,,,,,,,,467.59 [313.59-672.26],467.5929972,313.591581,672.2612133,,2025-12-19T14:24:05Z,2007,01/01/2007,31/12/2007,,
8007729,MALARIA_EST_INCIDENCE,COUNTRY,OMN,EMR,Eastern Mediterranean,YEAR,2017,,,,,,,,,0 [0-0],0,0,0,,2025-12-19T14:24:05Z,2017,01/01/2017,31/12/2017,,
8008036,MALARIA_EST_INCIDENCE,COUNTRY,ARM,EUR,Europe,YEAR,2013,,,,,,,,,0 [0-0],0,0,0,,2025-12-19T14:24:05Z,2013,01/01/2013,31/12/2013,,
8012869,MALARIA_EST_INCIDENCE,COUNTRY,NGA,AFR,Africa,YEAR,2024,,,,,,,,,294.25 [211.03-397.36],294.2517937,211.0299542,397.3596962,,2025-12-19T14:24:05Z,2024,01/01/2024,31/12/2024,,
8013971,MALARIA_EST_INCIDENCE,COUNTRY,PRK,SEAR,South-East Asia,YEAR,2002,,,,,,,,,10.56 [10.56-10.56],10.56054134,10.56054134,10.56054134,,2025-12-19T14:24:05Z,2002,01/01/2002,31/12/2002,,
8014131,MALARIA_EST_INCIDENCE,COUNTRY,PAK,EMR,Eastern Mediterranean,YEAR,2020,,,,,,,,,2.35 [1.86-3.14],2.350049646,1.859134656,3.137038049,,2025-12-19T14:24:05Z,2020,01/01/2020,31/12/2020,,
8014876,MALARIA_EST_INCIDENCE,COUNTRY,BEN,AFR,Africa,YEAR,2019,,,,,,,,,399.91 [307.59-511.29],399.9118393,307.5886116,511.2915724,,2025-12-19T14:24:05Z,2019,01/01/2019,31/12/2019,,
8033876,MALARIA_EST_INCIDENCE,COUNTRY,MYT,AFR,Africa,YEAR,2005,,,,,,,,,12.65 [12.65-12.65],12.65438348,12.65438348,12.65438348,,2025-12-19T14:24:05Z,2005,01/01/2005,31/12/2005,,
8052783,MALARIA_EST_INCIDENCE,COUNTRY,ETH,AFR,Africa,YEAR,2010,,,,,,,,,153.84 [50.22-439.98],153.8421519,50.22238099,439.9762831,,2025-12-19T14:24:05Z,2010,01/01/2010,31/12/2010,,
8070699,MALARIA_EST_INCIDENCE,COUNTRY,PRY,AMR,Americas,YEAR,2009,,,,,,,,,0.39 [0.39-0.39],0.391841853,0.391841853,0.391841853,,2025-12-19T14:24:05Z,2009,01/01/2009,31/12/2009,,
8071527,MALARIA_EST_INCIDENCE,COUNTRY,ZAF,AFR,Africa,YEAR,2023,,,,,,,,,0.84 [0.84-0.84],0.837019584,0.837019584,0.837019584,,2025-12-19T14:24:05Z,2023,01/01/2023,31/12/2023,,
8089931,MALARIA_EST_INCIDENCE,COUNTRY,SLB,WPR,Western Pacific,YEAR,2008,,,,,,,,,184.87 [133.03-264.84],184.8692282,133.0331228,264.8412653,,2025-12-19T14:24:05Z,2008,01/01/2008,31/12/2008,,
8096499,MALARIA_EST_INCIDENCE,COUNTRY,MYT,AFR,Africa,YEAR,2014,,,,,,,,,0.02 [0.02-0.02],0.019278967,0.019278967,0.019278967,,2025-12-19T14:24:05Z,2014,01/01/2014,31/12/2014,,
8114501,MALARIA_EST_INCIDENCE,COUNTRY,SEN,AFR,Africa,YEAR,2014,,,,,,,,,37.65 [27.60-48.88],37.64684834,27.60235918,48.8834626,,2025-12-19T14:24:05Z,2014,01/01/2014,31/12/2014,,
8127564,MALARIA_EST_INCIDENCE,COUNTRY,SUR,AMR,Americas,YEAR,2003,,,,,,,,,146.82 [146.82-146.82],146.8240705,146.8240705,146.8240705,,2025-12-19T14:24:05Z,2003,01/01/2003,31/12/2003,,
8128278,MALARIA_EST_INCIDENCE,REGION,WPR,,,YEAR,2014,,,,,,,,,3.19 [2.50-4.11],3.190725174,2.499132926,4.106482936,,2025-12-19T14:24:05Z,2014,01/01/2014,31/12/2014,,
8128450,MALARIA_EST_INCIDENCE,COUNTRY,COL,AMR,Americas,YEAR,2006,,,,,,,,,17.50 [13.49-21.69],17.50199812,13.49453752,21.68854372,,2025-12-19T14:24:05Z,2006,01/01/2006,31/12/2006,,
8146381,MALARIA_EST_INCIDENCE,COUNTRY,ZWE,AFR,Africa,YEAR,2001,,,,,,,,,102.59 [23.31-254.01],102.5885441,23.31272638,254.0148332,,2025-12-19T14:24:05Z,2001,01/01/2001,31/12/2001,,
8173039,MALARIA_EST_INCIDENCE,COUNTRY,IDN,WPR,Western Pacific,YEAR,2010,,,,,,,,,8.09 [7.28-9.01],8.085326715,7.275902467,9.007090293,,2025-12-19T14:24:05Z,2010,01/01/2010,31/12/2010,,
8198379,MALARIA_EST_INCIDENCE,COUNTRY,NPL,SEAR,South-East Asia,YEAR,2017,,,,,,,,,0.33 [0.27-0.42],0.330675026,0.265646368,0.422750811,,2025-12-19T14:24:05Z,2017,01/01/2017,31/12/2017,,
8229346,MALARIA_EST_INCIDENCE,COUNTRY,GAB,AFR,Africa,YEAR,2011,,,,,,,,,195.40 [95.28-358.71],195.4007443,95.28496047,358.7107544,,2025-12-19T14:24:05Z,2011,01/01/2011,31/12/2011,,
8234576,MALARIA_EST_INCIDENCE,COUNTRY,PNG,WPR,Western Pacific,YEAR,2004,,,,,,,,,269.94 [89.70-481.05],269.9440475,89.70019316,481.0450027,,2025-12-19T14:24:05Z,2004,01/01/2004,31/12/2004,,
8235400,MALARIA_EST_INCIDENCE,COUNTRY,PRY,AMR,Americas,YEAR,2024,,,,,,,,,0 [0-0],0,0,0,,2025-12-19T14:24:05Z,2024,01/01/2024,31/12/2024,,
8241160,MALARIA_EST_INCIDENCE,COUNTRY,ARG,AMR,Americas,YEAR,2017,,,,,,,,,0 [0-0],0,0,0,,2025-12-19T14:24:05Z,2017,01/01/2017,31/12/2017,,
8242587,MALARIA_EST_INCIDENCE,COUNTRY,IRQ,EMR,Eastern Mediterranean,YEAR,2015,,,,,,,,,0 [0-0],0,0,0,,2025-12-19T14:24:05Z,2015,01/01/2015,31/12/2015,,
8253667,MALARIA_EST_INCIDENCE,REGION,EUR,,,YEAR,2017,,,,,,,,,0 [0-0],0,0,0,,2025-12-19T14:24:05Z,2017,01/01/2017,31/12/2017,,
8292797,MALARIA_EST_INCIDENCE,COUNTRY,TKM,EUR,Europe,YEAR,2001,,,,,,,,,0.03 [0.03-0.03],0.026324362,0.026324362,0.026324362,,2025-12-19T14:24:05Z,2001,01/01/2001,31/12/2001,,
8311953,MALARIA_EST_INCIDENCE,COUNTRY,BLZ,AMR,Americas,YEAR,2002,,,,,,,,,6.42 [6.42-6.42],6.419655241,6.419655241,6.419655241,,2025-12-19T14:24:05Z,2002,01/01/2002,31/12/2002,,
8318508,MALARIA_EST_INCIDENCE,COUNTRY,PRK,SEAR,South-East Asia,YEAR,2004,,,,,,,,,1.67 [1.67-1.67],1.669149773,1.669149773,1.669149773,,2025-12-19T14:24:05Z,2004,01/01/2004,31/12/2004,,
8360863,MALARIA_EST_INCIDENCE,COUNTRY,SLE,AFR,Africa,YEAR,2007,,,,,,,,,405.15 [293.98-548.47],405.146006,293.9828175,548.4656532,,2025-12-19T14:24:05Z,2007,01/01/2007,31/12/2007,,
8368164,MALARIA_EST_INCIDENCE,COUNTRY,GAB,AFR,Africa,YEAR,2015,,,,,,,,,185.36 [108.84-293.27],185.3606266,108.8378722,293.2672347,,2025-12-19T14:24:05Z,2015,01/01/2015,31/12/2015,,
8387454,MALARIA_EST_INCIDENCE,COUNTRY,EGY,EMR,Eastern Mediterranean,YEAR,2000,,,,,,,,,0 [0-0],0,0,0,,2025-12-19T14:24:05Z,2000,01/01/2000,31/12/2000,,
8406404,MALARIA_EST_INCIDENCE,COUNTRY,GUF,AMR,Americas,YEAR,2013,,,,,,,,,7.32 [6.51-8.49],7.315523899,6.509031996,8.493323246,,2025-12-19T14:24:05Z,2013,01/01/2013,31/12/2013,,
8406750,MALARIA_EST_INCIDENCE,COUNTRY,CIV,AFR,Africa,YEAR,2007,,,,,,,,,391.51 [318.50-476.51],391.5072534,318.50056,476.5061488,,2025-12-19T14:24:05Z,2007,01/01/2007,31/12/2007,,
8419114,MALARIA_EST_INCIDENCE,COUNTRY,PAN,AMR,Americas,YEAR,2018,,,,,,,,,0.28 [0.25-0.31],0.282545965,0.253181238,0.305106669,,2025-12-19T14:24:05Z,2018,01/01/2018,31/12/2018,,
8431426,MALARIA_EST_INCIDENCE,COUNTRY,PHL,WPR,Western Pacific,YEAR,2023,,,,,,,,,0.23 [0.16-0.31],0.232524024,0.16316273,0.312475246,,2025-12-19T14:24:05Z,2023,01/01/2023,31/12/2023,,
8444120,MALARIA_EST_INCIDENCE,REGION,AMR,,,YEAR,2016,,,,,,,,,4.74 [4.38-5.15],4.739182446,4.381513511,5.152762735,,2025-12-19T14:24:05Z,2016,01/01/2016,31/12/2016,,
8445046,MALARIA_EST_INCIDENCE,COUNTRY,STP,AFR,Africa,YEAR,2010,,,,,,,,,17.30 [17.30-17.30],17.3045401,17.3045401,17.3045401,,2025-12-19T14:24:05Z,2010,01/01/2010,31/12/2010,,
8449532,MALARIA_EST_INCIDENCE,COUNTRY,GEO,EUR,Europe,YEAR,2009,,,,,,,,,0.03 [0.03-0.03],0.025517365,0.025517365,0.025517365,,2025-12-19T14:24:05Z,2009,01/01/2009,31/12/2009,,
8450959,MALARIA_EST_INCIDENCE,COUNTRY,MAR,EMR,Eastern Mediterranean,YEAR,2016,,,,,,,,,0 [0-0],0,0,0,,2025-12-19T14:24:05Z,2016,01/01/2016,31/12/2016,,
8462370,MALARIA_EST_INCIDENCE,COUNTRY,VEN,AMR,Americas,YEAR,2019,,,,,,,,,32.26 [28.71-37.24],32.26404168,28.71416947,37.24276385,,2025-12-19T14:24:05Z,2019,01/01/2019,31/12/2019,,
8475009,MALARIA_EST_INCIDENCE,COUNTRY,COD,AFR,Africa,YEAR,2015,,,,,,,,,303.04 [233.90-385.04],303.0394902,233.8963868,385.0363682,,2025-12-19T14:24:05Z,2015,01/01/2015,31/12/2015,,
8476240,MALARIA_EST_INCIDENCE,COUNTRY,KOR,WPR,Western Pacific,YEAR,2003,,,,,,,,,0.35 [0.35-0.35],0.352075517,0.352075517,0.352075517,,2025-12-19T14:24:05Z,2003,01/01/2003,31/12/2003,,
8482768,MALARIA_EST_INCIDENCE,REGION,SEAR,,,YEAR,2006,,,,,,,,,16.32 [12.63-21.68],16.32042175,12.63179531,21.68291454,,2025-12-19T14:24:05Z,2006,01/01/2006,31/12/2006,,
8513441,MALARIA_EST_INCIDENCE,COUNTRY,RWA,AFR,Africa,YEAR,2013,,,,,,,,,109.49 [91.25-128.83],109.4911902,91.24748723,128.8294035,,2025-12-19T14:24:05Z,2013,01/01/2013,31/12/2013,,
8525598,MALARIA_EST_INCIDENCE,COUNTRY,MEX,AMR,Americas,YEAR,2009,,,,,,,,,1.14 [1.14-1.14],1.138395734,1.138395734,1.138395734,,2025-12-19T14:24:05Z,2009,01/01/2009,31/12/2009,,
8539226,MALARIA_EST_INCIDENCE,COUNTRY,NAM,AFR,Africa,YEAR,2002,,,,,,,,,46.92 [21.81-92.50],46.92486955,21.81081535,92.50003666,,2025-12-19T14:24:05Z,2002,01/01/2002,31/12/2002,,
8551609,MALARIA_EST_INCIDENCE,COUNTRY,HTI,AMR,Americas,YEAR,2001,,,,,,,,,9.71 [5.56-15.82],9.713706169,5.56349066,15.82485361,,2025-12-19T14:24:05Z,2001,01/01/2001,31/12/2001,,
8558587,MALARIA_EST_INCIDENCE,COUNTRY,MRT,AFR,Africa,YEAR,2012,,,,,,,,,24.34 [1.52-59.42],24.33632842,1.52469554,59.41856998,,2025-12-19T14:24:05Z,2012,01/01/2012,31/12/2012,,
8577775,MALARIA_EST_INCIDENCE,COUNTRY,KGZ,EUR,Europe,YEAR,2019,,,,,,,,,0 [0-0],0,0,0,,2025-12-19T14:24:05Z,2019,01/01/2019,31/12/2019,,
8590659,MALARIA_EST_INCIDENCE,COUNTRY,SAU,EMR,Eastern Mediterranean,YEAR,2012,,,,,,,,,0.03 [0.03-0.03],0.028256833,0.028256833,0.028256833,,2025-12-19T14:24:05Z,2012,01/01/2012,31/12/2012,,
8609336,MALARIA_EST_INCIDENCE,COUNTRY,GUF,AMR,Americas,YEAR,2006,,,,,,,,,41.09 [36.39-48.31],41.08767541,36.39292017,48.30971677,,2025-12-19T14:24:05Z,2006,01/01/2006,31/12/2006,,
8633076,MALARIA_EST_INCIDENCE,COUNTRY,BGD,SEAR,South-East Asia,YEAR,2000,,,,,,,,,6.62 [2.92-10.53],6.616747152,2.920827105,10.53252946,,2025-12-19T14:24:05Z,2000,01/01/2000,31/12/2000,,
8639854,MALARIA_EST_INCIDENCE,COUNTRY,VUT,WPR,Western Pacific,YEAR,2004,,,,,,,,,148.56 [103.82-201.62],148.5579284,103.823325,201.6184113,,2025-12-19T14:24:05Z,2004,01/01/2004,31/12/2004,,
8640284,MALARIA_EST_INCIDENCE,COUNTRY,TCD,AFR,Africa,YEAR,2006,,,,,,,,,242.20 [149.04-370.04],242.1988353,149.0358822,370.0353063,,2025-12-19T14:24:05Z,2006,01/01/2006,31/12/2006,,
8659321,MALARIA_EST_INCIDENCE,COUNTRY,BTN,SEAR,South-East Asia,YEAR,2011,,,,,,,,,0.37 [0.37-0.37],0.369567454,0.369567454,0.369567454,,2025-12-19T14:24:05Z,2011,01/01/2011,31/12/2011,,
8664861,MALARIA_EST_INCIDENCE,COUNTRY,GHA,AFR,Africa,YEAR,2015,,,,,,,,,275.99 [216.12-347.18],275.9898421,216.12485,347.17583080000003,,2025-12-19T14:24:05Z,2015,01/01/2015,31/12/2015,,
8666182,MALARIA_EST_INCIDENCE,COUNTRY,GEO,EUR,Europe,YEAR,2008,,,,,,,,,0.15 [0.15-0.15],0.15224176,0.15224176,0.15224176,,2025-12-19T14:24:05Z,2008,01/01/2008,31/12/2008,,
8671011,MALARIA_EST_INCIDENCE,COUNTRY,GNB,AFR,Africa,YEAR,2006,,,,,,,,,78.21 [44.88-128.27],78.21228261,44.87872553,128.2737359,,2025-12-19T14:24:05Z,2006,01/01/2006,31/12/2006,,
8677375,MALARIA_EST_INCIDENCE,COUNTRY,COM,AFR,Africa,YEAR,2015,,,,,,,,,2.59 [2.59-2.59],2.592605844,2.592605844,2.592605844,,2025-12-19T14:24:05Z,2015,01/01/2015,31/12/2015,,
8703557,MALARIA_EST_INCIDENCE,COUNTRY,TKM,EUR,Europe,YEAR,2009,,,,,,,,,0 [0-0],0,0,0,,2025-12-19T14:24:05Z,2009,01/01/2009,31/12/2009,,
8715369,MALARIA_EST_INCIDENCE,COUNTRY,LAO,WPR,Western Pacific,YEAR,2007,,,,,,,,,14.50 [9.34-21.13],14.49824944,9.344092887,21.13294071,,2025-12-19T14:24:05Z,2007,01/01/2007,31/12/2007,,
8722450,MALARIA_EST_INCIDENCE,COUNTRY,COG,AFR,Africa,YEAR,2017,,,,,,,,,235.90 [149.08-362.82],235.8956093,149.0836031,362.8150877,,2025-12-19T14:24:05Z,2017,01/01/2017,31/12/2017,,
8741277,MALARIA_EST_INCIDENCE,COUNTRY,NAM,AFR,Africa,YEAR,2000,,,,,,,,,53.57 [21.24-107.13],53.56998125,21.23768055,107.1270603,,2025-12-19T14:24:05Z,2000,01/01/2000,31/12/2000,,
8759473,MALARIA_EST_INCIDENCE,COUNTRY,SLV,AMR,Americas,YEAR,2001,,,,,,,,,0.30 [0.30-0.30],0.29879919,0.29879919,0.29879919,,2025-12-19T14:24:05Z,2001,01/01/2001,31/12/2001,,
8784165,MALARIA_EST_INCIDENCE,REGION,SEAR,,,YEAR,2010,,,,,,,,,13.48 [10.79-17.03],13.48164383,10.78732152,17.03473353,,2025-12-19T14:24:05Z,2010,01/01/2010,31/12/2010,,
8790426,MALARIA_EST_INCIDENCE,COUNTRY,SOM,EMR,Eastern Mediterranean,YEAR,2007,,,,,,,,,95.90 [70.82-127.03],95.9033987,70.8226574,127.0293739,,2025-12-19T14:24:05Z,2007,01/01/2007,31/12/2007,,
8796977,MALARIA_EST_INCIDENCE,COUNTRY,COD,AFR,Africa,YEAR,2020,,,,,,,,,338.92 [258.76-435.74],338.9196758,258.7575559,435.739004,,2025-12-19T14:24:05Z,2020,01/01/2020,31/12/2020,,
8797348,MALARIA_EST_INCIDENCE,COUNTRY,SAU,EMR,Eastern Mediterranean,YEAR,2006,,,,,,,,,0.56 [0.56-0.56],0.555386072,0.555386072,0.555386072,,2025-12-19T14:24:05Z,2006,01/01/2006,31/12/2006,,
8815750,MALARIA_EST_INCIDENCE,REGION,EMR,,,YEAR,2020,,,,,,,,,10.63 [7.99-14.48],10.63454652,7.990098727,14.47826974,,2025-12-19T14:24:05Z,2020,01/01/2020,31/12/2020,,
8840994,MALARIA_EST_INCIDENCE,COUNTRY,TZA,AFR,Africa,YEAR,2019,,,,,,,,,116.09 [84.37-155.88],116.092398,84.37270759,155.8788917,,2025-12-19T14:24:05Z,2019,01/01/2019,31/12/2019,,
8847473,MALARIA_EST_INCIDENCE,COUNTRY,STP,AFR,Africa,YEAR,2012,,,,,,,,,66.25 [66.25-66.25],66.24823822,66.24823822,66.24823822,,2025-12-19T14:24:05Z,2012,01/01/2012,31/12/2012,,
8853534,MALARIA_EST_INCIDENCE,COUNTRY,SYR,EMR,Eastern Mediterranean,YEAR,2024,,,,,,,,,0 [0-0],0,0,0,,2025-12-19T14:24:05Z,2024,01/01/2024,31/12/2024,,
8854585,MALARIA_EST_INCIDENCE,COUNTRY,CPV,AFR,Africa,YEAR,2006,,,,,,,,,0.63 [0.63-0.63],0.627013301,0.627013301,0.627013301,,2025-12-19T14:24:05Z,2006,01/01/2006,31/12/2006,,
8859514,MALARIA_EST_INCIDENCE,REGION,AFR,,,YEAR,2004,,,,,,,,,335.90 [306.48-379.98],335.8954466,306.4758994,379.9836977,,2025-12-19T14:24:05Z,2004,01/01/2004,31/12/2004,,
8892085,MALARIA_EST_INCIDENCE,COUNTRY,COL,AMR,Americas,YEAR,2011,,,,,,,,,8.99 [6.84-11.24],8.994987537,6.843478434,11.23970749,,2025-12-19T14:24:05Z,2011,01/01/2011,31/12/2011,,
8898965,MALARIA_EST_INCIDENCE,COUNTRY,PRK,SEAR,South-East Asia,YEAR,2011,,,,,,,,,1.71 [1.71-1.71],1.708181629,1.708181629,1.708181629,,2025-12-19T14:24:05Z,2011,01/01/2011,31/12/2011,,
8942351,MALARIA_EST_INCIDENCE,COUNTRY,GEO,EUR,Europe,YEAR,2020,,,,,,,,,0 [0-0],0,0,0,,2025-12-19T14:24:05Z,2020,01/01/2020,31/12/2020,,
8948956,MALARIA_EST_INCIDENCE,COUNTRY,COG,AFR,Africa,YEAR,2019,,,,,,,,,245.94 [149.24-383.25],245.939714,149.2441684,383.2523229,,2025-12-19T14:24:05Z,2019,01/01/2019,31/12/2019,,
8950328,MALARIA_EST_INCIDENCE,COUNTRY,SOM,EMR,Eastern Mediterranean,YEAR,2024,,,,,,,,,53.28 [28.54-92.17],53.27749777,28.53836423,92.16872705,,2025-12-19T14:24:05Z,2024,01/01/2024,31/12/2024,,
8955837,MALARIA_EST_INCIDENCE,COUNTRY,COG,AFR,Africa,YEAR,2006,,,,,,,,,286.84 [184.47-426.94],286.8445871,184.4742638,426.943792,,2025-12-19T14:24:05Z,2006,01/01/2006,31/12/2006,,
8955972,MALARIA_EST_INCIDENCE,COUNTRY,NPL,SEAR,South-East Asia,YEAR,2007,,,,,,,,,5.42 [2.27-11.55],5.417258051,2.267288631,11.55354158,,2025-12-19T14:24:05Z,2007,01/01/2007,31/12/2007,,
8956185,MALARIA_EST_INCIDENCE,COUNTRY,RWA,AFR,Africa,YEAR,2016,,,,,,,,,410.08 [301.64-523.29],410.0814628,301.6446975,523.2871498,,2025-12-19T14:24:05Z,2016,01/01/2016,31/12/2016,,
8975746,MALARIA_EST_INCIDENCE,COUNTRY,ARG,AMR,Americas,YEAR,2010,,,,,,,,,0.26 [0.26-0.26],0.261573413,0.261573413,0.261573413,,2025-12-19T14:24:05Z,2010,01/01/2010,31/12/2010,,
9018352,MALARIA_EST_INCIDENCE,COUNTRY,CRI,AMR,Americas,YEAR,2009,,,,,,,,,0.17 [0.17-0.17],0.166357022,0.166357022,0.166357022,,2025-12-19T14:24:05Z,2009,01/01/2009,31/12/2009,,
9019365,MALARIA_EST_INCIDENCE,COUNTRY,PAK,EMR,Eastern Mediterranean,YEAR,2021,,,,,,,,,2.15 [1.70-2.88],2.148534645,1.702309217,2.878700171,,2025-12-19T14:24:05Z,2021,01/01/2021,31/12/2021,,
9019911,MALARIA_EST_INCIDENCE,COUNTRY,STP,AFR,Africa,YEAR,2018,,,,,,,,,13.97 [13.97-13.97],13.97327142,13.97327142,13.97327142,,2025-12-19T14:24:05Z,2018,01/01/2018,31/12/2018,,
9024702,MALARIA_EST_INCIDENCE,COUNTRY,PAN,AMR,Americas,YEAR,2010,,,,,,,,,0.18 [0.17-0.19],0.18098669,0.173994023,0.192915358,,2025-12-19T14:24:05Z,2010,01/01/2010,31/12/2010,,
9038684,MALARIA_EST_INCIDENCE,COUNTRY,GHA,AFR,Africa,YEAR,2004,,,,,,,,,340.21 [270.23-421.71],340.2108385,270.2306782,421.7074095,,2025-12-19T14:24:05Z,2004,01/01/2004,31/12/2004,,
9043596,MALARIA_EST_INCIDENCE,COUNTRY,BDI,AFR,Africa,YEAR,2018,,,,,,,,,350.82 [280.48-432.22],350.8209405,280.4832304,432.224157,,2025-12-19T14:24:05Z,2018,01/01/2018,31/12/2018,,
9043814,MALARIA_EST_INCIDENCE,COUNTRY,MYT,AFR,Africa,YEAR,2013,,,,,,,,,0.02 [0.02-0.02],0.020057364,0.020057364,0.020057364,,2025-12-19T14:24:05Z,2013,01/01/2013,31/12/2013,,
9050494,MALARIA_EST_INCIDENCE,COUNTRY,STP,AFR,Africa,YEAR,2003,,,,,,,,,277.32 [277.32-277.32],277.3219603,277.3219603,277.3219603,,2025-12-19T14:24:05Z,2003,01/01/2003,31/12/2003,,
9051507,MALARIA_EST_INCIDENCE,COUNTRY,VEN,AMR,Americas,YEAR,2011,,,,,,,,,3.67 [3.28-4.25],3.670694849,3.276385539,4.254690989,,2025-12-19T14:24:05Z,2011,01/01/2011,31/12/2011,,
9051536,MALARIA_EST_INCIDENCE,COUNTRY,SYR,EMR,Eastern Mediterranean,YEAR,2006,,,,,,,,,0 [0-0],0,0,0,,2025-12-19T14:24:05Z,2006,01/01/2006,31/12/2006,,
9051959,MALARIA_EST_INCIDENCE,COUNTRY,COD,AFR,Africa,YEAR,2001,,,,,,,,,457.60 [365.02-564.20],457.5992747,365.0188061,564.2021858,,2025-12-19T14:24:05Z,2001,01/01/2001,31/12/2001,,
9069424,MALARIA_EST_INCIDENCE,COUNTRY,HND,AMR,Americas,YEAR,2024,,,,,,,,,0.23 [0.23-0.23],0.233736308,0.233736308,0.233736308,,2025-12-19T14:24:05Z,2024,01/01/2024,31/12/2024,,
9070146,MALARIA_EST_INCIDENCE,COUNTRY,PRY,AMR,Americas,YEAR,2002,,,,,,,,,14.65 [14.65-14.65],14.65098967,14.65098967,14.65098967,,2025-12-19T14:24:05Z,2002,01/01/2002,31/12/2002,,
9089953,MALARIA_EST_INCIDENCE,COUNTRY,MOZ,AFR,Africa,YEAR,2024,,,,,,,,,295.10 [223.27-377.47],295.0966751,223.2721708,377.4653984,,2025-12-19T14:24:05Z,2024,01/01/2024,31/12/2024,,
9108810,MALARIA_EST_INCIDENCE,COUNTRY,ERI,AFR,Africa,YEAR,2017,,,,,,,,,36.80 [23.52-50.98],36.79848601,23.51739348,50.98045549,,2025-12-19T14:24:05Z,2017,01/01/2017,31/12/2017,,
9109188,MALARIA_EST_INCIDENCE,COUNTRY,MDG,AFR,Africa,YEAR,2023,,,,,,,,,200.02 [127.93-279.28],200.0243173,127.9292177,279.2842485,,2025-12-19T14:24:05Z,2023,01/01/2023,31/12/2023,,
9113414,MALARIA_EST_INCIDENCE,COUNTRY,CAF,AFR,Africa,YEAR,2024,,,,,,,,,343.84 [168.82-638.28],343.843732,168.8237721,638.2811303,,2025-12-19T14:24:05Z,2024,01/01/2024,31/12/2024,,
9139831,MALARIA_EST_INCIDENCE,COUNTRY,MMR,SEAR,South-East Asia,YEAR,2003,,,,,,,,,34.40 [23.93-50.69],34.40252307,23.93264197,50.68856917,,2025-12-19T14:24:05Z,2003,01/01/2003,31/12/2003,,
9139979,MALARIA_EST_INCIDENCE,COUNTRY,LBR,AFR,Africa,YEAR,2002,,,,,,,,,415.53 [279.07-590.70],415.531826,279.0662409,590.7022904,,2025-12-19T14:24:05Z,2002,01/01/2002,31/12/2002,,
9158800,MALARIA_EST_INCIDENCE,COUNTRY,OMN,EMR,Eastern Mediterranean,YEAR,2000,,,,,,,,,0 [0-0],0.002629122,0.002629122,0.002629122,,2025-12-19T14:24:05Z,2000,01/01/2000,31/12/2000,,
9172055,MALARIA_EST_INCIDENCE,COUNTRY,GIN,AFR,Africa,YEAR,2011,,,,,,,,,428.78 [351.15-516.53],428.7812206,351.1515055,516.5255011,,2025-12-19T14:24:05Z,2011,01/01/2011,31/12/2011,,
9172365,MALARIA_EST_INCIDENCE,COUNTRY,CIV,AFR,Africa,YEAR,2006,,,,,,,,,425.61 [348.36-514.70],425.6100779,348.3638378,514.7028039,,2025-12-19T14:24:05Z,2006,01/01/2006,31/12/2006,,
9176589,MALARIA_EST_INCIDENCE,COUNTRY,OMN,EMR,Eastern Mediterranean,YEAR,2002,,,,,,,,,0 [0-0],0.00256724,0.00256724,0.00256724,,2025-12-19T14:24:05Z,2002,01/01/2002,31/12/2002,,
9190872,MALARIA_EST_INCIDENCE,COUNTRY,HTI,AMR,Americas,YEAR,2013,,,,,,,,,6.85 [4.18-10.59],6.849002334,4.180066536,10.58965573,,2025-12-19T14:24:05Z,2013,01/01/2013,31/12/2013,,
9202744,MALARIA_EST_INCIDENCE,COUNTRY,MOZ,AFR,Africa,YEAR,2017,,,,,,,,,333.74 [266.40-411.46],333.7416332,266.4037467,411.458819,,2025-12-19T14:24:05Z,2017,01/01/2017,31/12/2017,,
9228696,MALARIA_EST_INCIDENCE,COUNTRY,COG,AFR,Africa,YEAR,2013,,,,,,,,,218.19 [138.12-325.41],218.1901172,138.1235795,325.4109243,,2025-12-19T14:24:05Z,2013,01/01/2013,31/12/2013,,
9241286,MALARIA_EST_INCIDENCE,COUNTRY,CMR,AFR,Africa,YEAR,2002,,,,,,,,,437.17 [348.22-542.53],437.1739656,348.2198848,542.5315603,,2025-12-19T14:24:05Z,2002,01/01/2002,31/12/2002,,
9259698,MALARIA_EST_INCIDENCE,COUNTRY,TLS,SEAR,South-East Asia,YEAR,2006,,,,,,,,,178.86 [110.37-254.52],178.8626649,110.3692387,254.5226282,,2025-12-19T14:24:05Z,2006,01/01/2006,31/12/2006,,
9260270,MALARIA_EST_INCIDENCE,COUNTRY,MAR,EMR,Eastern Mediterranean,YEAR,2011,,,,,,,,,0 [0-0],0,0,0,,2025-12-19T14:24:05Z,2011,01/01/2011,31/12/2011,,
9278304,MALARIA_EST_INCIDENCE,COUNTRY,STP,AFR,Africa,YEAR,2015,,,,,,,,,10.27 [10.27-10.27],10.26506433,10.26506433,10.26506433,,2025-12-19T14:24:05Z,2015,01/01/2015,31/12/2015,,
9279229,MALARIA_EST_INCIDENCE,COUNTRY,TCD,AFR,Africa,YEAR,2022,,,,,,,,,209.09 [123.96-330.32],209.093854,123.9588102,330.3249113,,2025-12-19T14:24:05Z,2022,01/01/2022,31/12/2022,,
9279761,MALARIA_EST_INCIDENCE,COUNTRY,DOM,AMR,Americas,YEAR,2005,,,,,,,,,0.97 [0.79-1.16],0.974153829,0.794870165,1.160128651,,2025-12-19T14:24:05Z,2005,01/01/2005,31/12/2005,,
9285732,MALARIA_EST_INCIDENCE,COUNTRY,HND,AMR,Americas,YEAR,2008,,,,,,,,,1.62 [1.22-2.02],1.617707622,1.224882027,2.020178013,,2025-12-19T14:24:05Z,2008,01/01/2008,31/12/2008,,
9299078,MALARIA_EST_INCIDENCE,COUNTRY,BLZ,AMR,Americas,YEAR,2018,,,,,,,,,0.01 [0.01-0.01],0.011434844,0.011434844,0.011434844,,2025-12-19T14:24:05Z,2018,01/01/2018,31/12/2018,,
9304583,MALARIA_EST_INCIDENCE,COUNTRY,BLZ,AMR,Americas,YEAR,2009,,,,,,,,,1.19 [1.19-1.19],1.186817059,1.186817059,1.186817059,,2025-12-19T14:24:05Z,2009,01/01/2009,31/12/2009,,
9310507,MALARIA_EST_INCIDENCE,COUNTRY,IRQ,EMR,Eastern Mediterranean,YEAR,2004,,,,,,,,,0.04 [0.04-0.04],0.043234209,0.043234209,0.043234209,,2025-12-19T14:24:05Z,2004,01/01/2004,31/12/2004,,
9311474,MALARIA_EST_INCIDENCE,COUNTRY,AFG,EMR,Eastern Mediterranean,YEAR,2013,,,,,,,,,11.45 [5.86-18.28],11.45327126,5.861166532,18.28055387,,2025-12-19T14:24:05Z,2013,01/01/2013,31/12/2013,,
9317574,MALARIA_EST_INCIDENCE,COUNTRY,ARG,AMR,Americas,YEAR,2018,,,,,,,,,0 [0-0],0,0,0,,2025-12-19T14:24:05Z,2018,01/01/2018,31/12/2018,,
9323005,MALARIA_EST_INCIDENCE,COUNTRY,SDN,EMR,Eastern Mediterranean,YEAR,2023,,,,,,,,,97.57 [57.40-156.01],97.57329677,57.39505681,156.0096704,,2025-12-19T14:24:05Z,2023,01/01/2023,31/12/2023,,
9323944,MALARIA_EST_INCIDENCE,REGION,AFR,,,YEAR,2013,,,,,,,,,253.96 [235.43-275.48],253.9642765,235.4323621,275.4846589,,2025-12-19T14:24:05Z,2013,01/01/2013,31/12/2013,,
9349216,MALARIA_EST_INCIDENCE,COUNTRY,HND,AMR,Americas,YEAR,2011,,,,,,,,,1.33 [1.04-1.62],1.327419901,1.041874029,1.620721659,,2025-12-19T14:24:05Z,2011,01/01/2011,31/12/2011,,
9361349,MALARIA_EST_INCIDENCE,COUNTRY,KEN,AFR,Africa,YEAR,2004,,,,,,,,,184.42 [139.17-240.19],184.4205943,139.1703736,240.19308,,2025-12-19T14:24:05Z,2004,01/01/2004,31/12/2004,,
9362264,MALARIA_EST_INCIDENCE,COUNTRY,ARM,EUR,Europe,YEAR,2002,,,,,,,,,0.02 [0.02-0.02],0.017017767,0.017017767,0.017017767,,2025-12-19T14:24:05Z,2002,01/01/2002,31/12/2002,,
9387465,MALARIA_EST_INCIDENCE,COUNTRY,SSD,AFR,Africa,YEAR,2013,,,,,,,,,276.10 [209.07-358.61],276.1013856,209.065503,358.6147059,,2025-12-19T14:24:05Z,2013,01/01/2013,31/12/2013,,
9392605,MALARIA_EST_INCIDENCE,COUNTRY,SOM,EMR,Eastern Mediterranean,YEAR,2000,,,,,,,,,133.15 [77.62-218.23],133.1487967,77.61684026,218.2294526,,2025-12-19T14:24:05Z,2000,01/01/2000,31/12/2000,,
9400411,MALARIA_EST_INCIDENCE,COUNTRY,CHN,WPR,Western Pacific,YEAR,2010,,,,,,,,,0.01 [0.01-0.01],0.008827951,0.008827951,0.008827951,,2025-12-19T14:24:05Z,2010,01/01/2010,31/12/2010,,
9412997,MALARIA_EST_INCIDENCE,COUNTRY,TKM,EUR,Europe,YEAR,2012,,,,,,,,,0 [0-0],0,0,0,,2025-12-19T14:24:05Z,2012,01/01/2012,31/12/2012,,
